plant_id,animal,common,group,rank,family,order,category,raw,part,stage,use,evidence,scope,weight,sources,citations,urls
CAND0929,,Wrens,Birds,broad_guild,,,Bird direct food,nectar,flower nectar,,Food,C - documented broad bird group,Audubon ZIP 78666 / Hays context,0.26,Central Texas Bird Audubon interactions,National Audubon Society,https://www.audubon.org/native-plants
CAND0929,,Jays,Birds,broad_guild,,,Bird direct food,nectar,flower nectar,,Food,C - documented broad bird group,Audubon ZIP 78666 / Hays context,0.26,Central Texas Bird Audubon interactions,National Audubon Society,https://www.audubon.org/native-plants
CAND0929,,Mockingbirds,Birds,broad_guild,,,Bird direct food,fruit,fruit,,Food,C - documented broad bird group,Audubon ZIP 78666 / Hays context,0.26,Central Texas Bird Audubon interactions,National Audubon Society,https://www.audubon.org/native-plants
CAND0929,,Mockingbirds,Birds,broad_guild,,,Bird direct food,seed/grain,seed/grain,,Food,C - documented broad bird group,Audubon ZIP 78666 / Hays context,0.26,Central Texas Bird Audubon interactions,National Audubon Society,https://www.audubon.org/native-plants
CAND0929,,Mockingbirds,Birds,broad_guild,,,Bird direct food,nectar,flower nectar,,Food,C - documented broad bird group,Audubon ZIP 78666 / Hays context,0.26,Central Texas Bird Audubon interactions,National Audubon Society,https://www.audubon.org/native-plants
CAND0929,,Nuthatches,Birds,broad_guild,,,Bird direct food,fruit,fruit,,Food,C - documented broad bird group,Audubon ZIP 78666 / Hays context,0.26,Central Texas Bird Audubon interactions,National Audubon Society,https://www.audubon.org/native-plants
CAND0929,,Nuthatches,Birds,broad_guild,,,Bird direct food,seed/grain,seed/grain,,Food,C - documented broad bird group,Audubon ZIP 78666 / Hays context,0.26,Central Texas Bird Audubon interactions,National Audubon Society,https://www.audubon.org/native-plants
CAND0929,,Waxwings,Birds,broad_guild,,,Bird direct food,nectar,flower nectar,,Food,C - documented broad bird group,Audubon ZIP 78666 / Hays context,0.26,Central Texas Bird Audubon interactions,National Audubon Society,https://www.audubon.org/native-plants
CAND0929,,Warblers,Birds,broad_guild,,,Bird direct food,seed/grain,seed/grain,,Food,C - documented broad bird group,Audubon ZIP 78666 / Hays context,0.26,Central Texas Bird Audubon interactions,National Audubon Society,https://www.audubon.org/native-plants
CAND0929,,Warblers,Birds,broad_guild,,,Bird direct food,nectar,flower nectar,,Food,C - documented broad bird group,Audubon ZIP 78666 / Hays context,0.26,Central Texas Bird Audubon interactions,National Audubon Society,https://www.audubon.org/native-plants
CAND0929,,Waxwings,Birds,broad_guild,,,Bird direct food,fruit,fruit,,Food,C - documented broad bird group,Audubon ZIP 78666 / Hays context,0.26,Central Texas Bird Audubon interactions,National Audubon Society,https://www.audubon.org/native-plants
CAND0929,,Waxwings,Birds,broad_guild,,,Bird direct food,seed/grain,seed/grain,,Food,C - documented broad bird group,Audubon ZIP 78666 / Hays context,0.26,Central Texas Bird Audubon interactions,National Audubon Society,https://www.audubon.org/native-plants
CAND0929,,Jays,Birds,broad_guild,,,Bird direct food,fruit,fruit,,Food,C - documented broad bird group,Audubon ZIP 78666 / Hays context,0.26,Central Texas Bird Audubon interactions,National Audubon Society,https://www.audubon.org/native-plants
CAND0929,,Jays,Birds,broad_guild,,,Bird direct food,seed/grain,seed/grain,,Food,C - documented broad bird group,Audubon ZIP 78666 / Hays context,0.26,Central Texas Bird Audubon interactions,National Audubon Society,https://www.audubon.org/native-plants
CAND0929,,Wrens,Birds,broad_guild,,,Bird direct food,seed/grain,seed/grain,,Food,C - documented broad bird group,Audubon ZIP 78666 / Hays context,0.26,Central Texas Bird Audubon interactions,National Audubon Society,https://www.audubon.org/native-plants
CAND0929,,Thrushes,Birds,broad_guild,,,Bird direct food,seed/grain,seed/grain,,Food,C - documented broad bird group,Audubon ZIP 78666 / Hays context,0.26,Central Texas Bird Audubon interactions,National Audubon Society,https://www.audubon.org/native-plants
CAND0929,,Vireos,Birds,broad_guild,,,Bird direct food,nectar,flower nectar,,Food,C - documented broad bird group,Audubon ZIP 78666 / Hays context,0.26,Central Texas Bird Audubon interactions,National Audubon Society,https://www.audubon.org/native-plants
CAND0929,,Warblers,Birds,broad_guild,,,Bird direct food,fruit,fruit,,Food,C - documented broad bird group,Audubon ZIP 78666 / Hays context,0.26,Central Texas Bird Audubon interactions,National Audubon Society,https://www.audubon.org/native-plants
CAND0929,,Wood Warblers,Birds,broad_guild,,,Bird direct food,fruit,fruit,,Food,C - documented broad bird group,Audubon ZIP 78666 / Hays context,0.26,Central Texas Bird Audubon interactions,National Audubon Society,https://www.audubon.org/native-plants
CAND0929,,Wood Warblers,Birds,broad_guild,,,Bird direct food,seed/grain,seed/grain,,Food,C - documented broad bird group,Audubon ZIP 78666 / Hays context,0.26,Central Texas Bird Audubon interactions,National Audubon Society,https://www.audubon.org/native-plants
CAND0929,,Wood Warblers,Birds,broad_guild,,,Bird direct food,nectar,flower nectar,,Food,C - documented broad bird group,Audubon ZIP 78666 / Hays context,0.26,Central Texas Bird Audubon interactions,National Audubon Society,https://www.audubon.org/native-plants
CAND0929,,Woodpeckers,Birds,broad_guild,,,Bird direct food,fruit,fruit,,Food,C - documented broad bird group,Audubon ZIP 78666 / Hays context,0.26,Central Texas Bird Audubon interactions,National Audubon Society,https://www.audubon.org/native-plants
CAND0929,,Woodpeckers,Birds,broad_guild,,,Bird direct food,seed/grain,seed/grain,,Food,C - documented broad bird group,Audubon ZIP 78666 / Hays context,0.26,Central Texas Bird Audubon interactions,National Audubon Society,https://www.audubon.org/native-plants
CAND0929,,Woodpeckers,Birds,broad_guild,,,Bird direct food,nectar,flower nectar,,Food,C - documented broad bird group,Audubon ZIP 78666 / Hays context,0.26,Central Texas Bird Audubon interactions,National Audubon Society,https://www.audubon.org/native-plants
CAND0929,,Wrens,Birds,broad_guild,,,Bird direct food,fruit,fruit,,Food,C - documented broad bird group,Audubon ZIP 78666 / Hays context,0.26,Central Texas Bird Audubon interactions,National Audubon Society,https://www.audubon.org/native-plants
CAND0929,,Cardinals,Birds,broad_guild,,,Bird direct food,seed/grain,seed/grain,,Food,C - documented broad bird group,Audubon ZIP 78666 / Hays context,0.26,Central Texas Bird Audubon interactions,National Audubon Society,https://www.audubon.org/native-plants
CAND0929,,Cardinals,Birds,broad_guild,,,Bird direct food,nectar,flower nectar,,Food,C - documented broad bird group,Audubon ZIP 78666 / Hays context,0.26,Central Texas Bird Audubon interactions,National Audubon Society,https://www.audubon.org/native-plants
CAND0929,,Chickadees,Birds,broad_guild,,,Bird direct food,fruit,fruit,,Food,C - documented broad bird group,Audubon ZIP 78666 / Hays context,0.26,Central Texas Bird Audubon interactions,National Audubon Society,https://www.audubon.org/native-plants
CAND0929,,Chickadees,Birds,broad_guild,,,Bird direct food,seed/grain,seed/grain,,Food,C - documented broad bird group,Audubon ZIP 78666 / Hays context,0.26,Central Texas Bird Audubon interactions,National Audubon Society,https://www.audubon.org/native-plants
CAND0929,,Chickadees,Birds,broad_guild,,,Bird direct food,nectar,flower nectar,,Food,C - documented broad bird group,Audubon ZIP 78666 / Hays context,0.26,Central Texas Bird Audubon interactions,National Audubon Society,https://www.audubon.org/native-plants
CAND0929,,Crows,Birds,broad_guild,,,Bird direct food,fruit,fruit,,Food,C - documented broad bird group,Audubon ZIP 78666 / Hays context,0.26,Central Texas Bird Audubon interactions,National Audubon Society,https://www.audubon.org/native-plants
CAND0929,,Vireos,Birds,broad_guild,,,Bird direct food,fruit,fruit,,Food,C - documented broad bird group,Audubon ZIP 78666 / Hays context,0.26,Central Texas Bird Audubon interactions,National Audubon Society,https://www.audubon.org/native-plants
CAND0929,,Vireos,Birds,broad_guild,,,Bird direct food,seed/grain,seed/grain,,Food,C - documented broad bird group,Audubon ZIP 78666 / Hays context,0.26,Central Texas Bird Audubon interactions,National Audubon Society,https://www.audubon.org/native-plants
CAND0929,,Buntings,Birds,broad_guild,,,Bird direct food,nectar,flower nectar,,Food,C - documented broad bird group,Audubon ZIP 78666 / Hays context,0.26,Central Texas Bird Audubon interactions,National Audubon Society,https://www.audubon.org/native-plants
CAND0929,,Cardinals,Birds,broad_guild,,,Bird direct food,fruit,fruit,,Food,C - documented broad bird group,Audubon ZIP 78666 / Hays context,0.26,Central Texas Bird Audubon interactions,National Audubon Society,https://www.audubon.org/native-plants
CAND0929,,Hummingbirds,Birds,broad_guild,,,Bird direct food,seed/grain,seed/grain,,Food,C - documented broad bird group,Audubon ZIP 78666 / Hays context,0.26,Central Texas Bird Audubon interactions,National Audubon Society,https://www.audubon.org/native-plants
CAND0929,,Hummingbirds,Birds,broad_guild,,,Bird direct food,nectar,flower nectar,,Food,C - documented broad bird group,Audubon ZIP 78666 / Hays context,0.26,Central Texas Bird Audubon interactions,National Audubon Society,https://www.audubon.org/native-plants
CAND0929,,Grosbeaks,Birds,broad_guild,,,Bird direct food,fruit,fruit,,Food,C - documented broad bird group,Audubon ZIP 78666 / Hays context,0.26,Central Texas Bird Audubon interactions,National Audubon Society,https://www.audubon.org/native-plants
CAND0929,,Sparrows,Birds,broad_guild,,,Bird direct food,seed/grain,seed/grain,,Food,C - documented broad bird group,Audubon ZIP 78666 / Hays context,0.26,Central Texas Bird Audubon interactions,National Audubon Society,https://www.audubon.org/native-plants
CAND0929,,Sparrows,Birds,broad_guild,,,Bird direct food,nectar,flower nectar,,Food,C - documented broad bird group,Audubon ZIP 78666 / Hays context,0.26,Central Texas Bird Audubon interactions,National Audubon Society,https://www.audubon.org/native-plants
CAND0929,,Thrashers,Birds,broad_guild,,,Bird direct food,fruit,fruit,,Food,C - documented broad bird group,Audubon ZIP 78666 / Hays context,0.26,Central Texas Bird Audubon interactions,National Audubon Society,https://www.audubon.org/native-plants
CAND0929,,Thrushes,Birds,broad_guild,,,Bird direct food,fruit,fruit,,Food,C - documented broad bird group,Audubon ZIP 78666 / Hays context,0.26,Central Texas Bird Audubon interactions,National Audubon Society,https://www.audubon.org/native-plants
CAND0929,,Orioles,Birds,broad_guild,,,Bird direct food,seed/grain,seed/grain,,Food,C - documented broad bird group,Audubon ZIP 78666 / Hays context,0.26,Central Texas Bird Audubon interactions,National Audubon Society,https://www.audubon.org/native-plants
CAND0929,,Grosbeaks,Birds,broad_guild,,,Bird direct food,seed/grain,seed/grain,,Food,C - documented broad bird group,Audubon ZIP 78666 / Hays context,0.26,Central Texas Bird Audubon interactions,National Audubon Society,https://www.audubon.org/native-plants
CAND0929,,Grosbeaks,Birds,broad_guild,,,Bird direct food,nectar,flower nectar,,Food,C - documented broad bird group,Audubon ZIP 78666 / Hays context,0.26,Central Texas Bird Audubon interactions,National Audubon Society,https://www.audubon.org/native-plants
CAND0929,,Hummingbirds,Birds,broad_guild,,,Bird direct food,fruit,fruit,,Food,C - documented broad bird group,Audubon ZIP 78666 / Hays context,0.26,Central Texas Bird Audubon interactions,National Audubon Society,https://www.audubon.org/native-plants
CAND0929,,Thrushes,Birds,broad_guild,,,Bird direct food,nectar,flower nectar,,Food,C - documented broad bird group,Audubon ZIP 78666 / Hays context,0.26,Central Texas Bird Audubon interactions,National Audubon Society,https://www.audubon.org/native-plants
CAND0929,,Titmice,Birds,broad_guild,,,Bird direct food,fruit,fruit,,Food,C - documented broad bird group,Audubon ZIP 78666 / Hays context,0.26,Central Texas Bird Audubon interactions,National Audubon Society,https://www.audubon.org/native-plants
CAND0929,,Titmice,Birds,broad_guild,,,Bird direct food,seed/grain,seed/grain,,Food,C - documented broad bird group,Audubon ZIP 78666 / Hays context,0.26,Central Texas Bird Audubon interactions,National Audubon Society,https://www.audubon.org/native-plants
CAND0929,,Titmice,Birds,broad_guild,,,Bird direct food,nectar,flower nectar,,Food,C - documented broad bird group,Audubon ZIP 78666 / Hays context,0.26,Central Texas Bird Audubon interactions,National Audubon Society,https://www.audubon.org/native-plants
CAND0929,,Nuthatches,Birds,broad_guild,,,Bird direct food,nectar,flower nectar,,Food,C - documented broad bird group,Audubon ZIP 78666 / Hays context,0.26,Central Texas Bird Audubon interactions,National Audubon Society,https://www.audubon.org/native-plants
CAND0929,,Orioles,Birds,broad_guild,,,Bird direct food,fruit,fruit,,Food,C - documented broad bird group,Audubon ZIP 78666 / Hays context,0.26,Central Texas Bird Audubon interactions,National Audubon Society,https://www.audubon.org/native-plants
CAND0929,,Orioles,Birds,broad_guild,,,Bird direct food,nectar,flower nectar,,Food,C - documented broad bird group,Audubon ZIP 78666 / Hays context,0.26,Central Texas Bird Audubon interactions,National Audubon Society,https://www.audubon.org/native-plants
CAND0929,,Sparrows,Birds,broad_guild,,,Bird direct food,fruit,fruit,,Food,C - documented broad bird group,Audubon ZIP 78666 / Hays context,0.26,Central Texas Bird Audubon interactions,National Audubon Society,https://www.audubon.org/native-plants
CAND0929,,Finches,Birds,broad_guild,,,Bird direct food,nectar,flower nectar,,Food,C - documented broad bird group,Audubon ZIP 78666 / Hays context,0.26,Central Texas Bird Audubon interactions,National Audubon Society,https://www.audubon.org/native-plants
CAND0929,,Finches,Birds,broad_guild,,,Bird direct food,seed/grain,seed/grain,,Food,C - documented broad bird group,Audubon ZIP 78666 / Hays context,0.26,Central Texas Bird Audubon interactions,National Audubon Society,https://www.audubon.org/native-plants
CAND0929,,Buntings,Birds,broad_guild,,,Bird direct food,fruit,fruit,,Food,C - documented broad bird group,Audubon ZIP 78666 / Hays context,0.26,Central Texas Bird Audubon interactions,National Audubon Society,https://www.audubon.org/native-plants
CAND0929,,Buntings,Birds,broad_guild,,,Bird direct food,seed/grain,seed/grain,,Food,C - documented broad bird group,Audubon ZIP 78666 / Hays context,0.26,Central Texas Bird Audubon interactions,National Audubon Society,https://www.audubon.org/native-plants
CAND0929,,Thrashers,Birds,broad_guild,,,Bird direct food,seed/grain,seed/grain,,Food,C - documented broad bird group,Audubon ZIP 78666 / Hays context,0.26,Central Texas Bird Audubon interactions,National Audubon Society,https://www.audubon.org/native-plants
CAND0929,,Thrashers,Birds,broad_guild,,,Bird direct food,nectar,flower nectar,,Food,C - documented broad bird group,Audubon ZIP 78666 / Hays context,0.26,Central Texas Bird Audubon interactions,National Audubon Society,https://www.audubon.org/native-plants
CAND0929,,Crows,Birds,broad_guild,,,Bird direct food,seed/grain,seed/grain,,Food,C - documented broad bird group,Audubon ZIP 78666 / Hays context,0.26,Central Texas Bird Audubon interactions,National Audubon Society,https://www.audubon.org/native-plants
CAND0929,,Crows,Birds,broad_guild,,,Bird direct food,nectar,flower nectar,,Food,C - documented broad bird group,Audubon ZIP 78666 / Hays context,0.26,Central Texas Bird Audubon interactions,National Audubon Society,https://www.audubon.org/native-plants
CAND0929,,Finches,Birds,broad_guild,,,Bird direct food,fruit,fruit,,Food,C - documented broad bird group,Audubon ZIP 78666 / Hays context,0.26,Central Texas Bird Audubon interactions,National Audubon Society,https://www.audubon.org/native-plants
CAND0930,,Buntings,Birds,broad_guild,,,Bird direct food,fruit,fruit,,Food,C - documented broad bird group,Audubon ZIP 78666 / Hays context,0.26,Central Texas Bird Audubon interactions,National Audubon Society,https://www.audubon.org/native-plants
CAND0930,,Buntings,Birds,broad_guild,,,Bird direct food,seed/grain,seed/grain,,Food,C - documented broad bird group,Audubon ZIP 78666 / Hays context,0.26,Central Texas Bird Audubon interactions,National Audubon Society,https://www.audubon.org/native-plants
CAND0930,,Buntings,Birds,broad_guild,,,Bird direct food,nectar,flower nectar,,Food,C - documented broad bird group,Audubon ZIP 78666 / Hays context,0.26,Central Texas Bird Audubon interactions,National Audubon Society,https://www.audubon.org/native-plants
CAND0930,,Cardinals,Birds,broad_guild,,,Bird direct food,fruit,fruit,,Food,C - documented broad bird group,Audubon ZIP 78666 / Hays context,0.26,Central Texas Bird Audubon interactions,National Audubon Society,https://www.audubon.org/native-plants
CAND0930,,Cardinals,Birds,broad_guild,,,Bird direct food,seed/grain,seed/grain,,Food,C - documented broad bird group,Audubon ZIP 78666 / Hays context,0.26,Central Texas Bird Audubon interactions,National Audubon Society,https://www.audubon.org/native-plants
CAND0930,,Cardinals,Birds,broad_guild,,,Bird direct food,nectar,flower nectar,,Food,C - documented broad bird group,Audubon ZIP 78666 / Hays context,0.26,Central Texas Bird Audubon interactions,National Audubon Society,https://www.audubon.org/native-plants
CAND0930,,Orioles,Birds,broad_guild,,,Bird direct food,seed/grain,seed/grain,,Food,C - documented broad bird group,Audubon ZIP 78666 / Hays context,0.26,Central Texas Bird Audubon interactions,National Audubon Society,https://www.audubon.org/native-plants
CAND0930,,Wrens,Birds,broad_guild,,,Bird direct food,fruit,fruit,,Food,C - documented broad bird group,Audubon ZIP 78666 / Hays context,0.26,Central Texas Bird Audubon interactions,National Audubon Society,https://www.audubon.org/native-plants
CAND0930,,Grosbeaks,Birds,broad_guild,,,Bird direct food,nectar,flower nectar,,Food,C - documented broad bird group,Audubon ZIP 78666 / Hays context,0.26,Central Texas Bird Audubon interactions,National Audubon Society,https://www.audubon.org/native-plants
CAND0930,,Hummingbirds,Birds,broad_guild,,,Bird direct food,fruit,fruit,,Food,C - documented broad bird group,Audubon ZIP 78666 / Hays context,0.26,Central Texas Bird Audubon interactions,National Audubon Society,https://www.audubon.org/native-plants
CAND0930,,Hummingbirds,Birds,broad_guild,,,Bird direct food,seed/grain,seed/grain,,Food,C - documented broad bird group,Audubon ZIP 78666 / Hays context,0.26,Central Texas Bird Audubon interactions,National Audubon Society,https://www.audubon.org/native-plants
CAND0930,,Hummingbirds,Birds,broad_guild,,,Bird direct food,nectar,flower nectar,,Food,C - documented broad bird group,Audubon ZIP 78666 / Hays context,0.26,Central Texas Bird Audubon interactions,National Audubon Society,https://www.audubon.org/native-plants
CAND0930,,Jays,Birds,broad_guild,,,Bird direct food,fruit,fruit,,Food,C - documented broad bird group,Audubon ZIP 78666 / Hays context,0.26,Central Texas Bird Audubon interactions,National Audubon Society,https://www.audubon.org/native-plants
CAND0930,,Jays,Birds,broad_guild,,,Bird direct food,seed/grain,seed/grain,,Food,C - documented broad bird group,Audubon ZIP 78666 / Hays context,0.26,Central Texas Bird Audubon interactions,National Audubon Society,https://www.audubon.org/native-plants
CAND0930,,Thrushes,Birds,broad_guild,,,Bird direct food,fruit,fruit,,Food,C - documented broad bird group,Audubon ZIP 78666 / Hays context,0.26,Central Texas Bird Audubon interactions,National Audubon Society,https://www.audubon.org/native-plants
CAND0930,,Mockingbirds,Birds,broad_guild,,,Bird direct food,seed/grain,seed/grain,,Food,C - documented broad bird group,Audubon ZIP 78666 / Hays context,0.26,Central Texas Bird Audubon interactions,National Audubon Society,https://www.audubon.org/native-plants
CAND0930,,Mockingbirds,Birds,broad_guild,,,Bird direct food,nectar,flower nectar,,Food,C - documented broad bird group,Audubon ZIP 78666 / Hays context,0.26,Central Texas Bird Audubon interactions,National Audubon Society,https://www.audubon.org/native-plants
CAND0930,,Nuthatches,Birds,broad_guild,,,Bird direct food,fruit,fruit,,Food,C - documented broad bird group,Audubon ZIP 78666 / Hays context,0.26,Central Texas Bird Audubon interactions,National Audubon Society,https://www.audubon.org/native-plants
CAND0930,,Nuthatches,Birds,broad_guild,,,Bird direct food,seed/grain,seed/grain,,Food,C - documented broad bird group,Audubon ZIP 78666 / Hays context,0.26,Central Texas Bird Audubon interactions,National Audubon Society,https://www.audubon.org/native-plants
CAND0930,,Nuthatches,Birds,broad_guild,,,Bird direct food,nectar,flower nectar,,Food,C - documented broad bird group,Audubon ZIP 78666 / Hays context,0.26,Central Texas Bird Audubon interactions,National Audubon Society,https://www.audubon.org/native-plants
CAND0930,,Orioles,Birds,broad_guild,,,Bird direct food,fruit,fruit,,Food,C - documented broad bird group,Audubon ZIP 78666 / Hays context,0.26,Central Texas Bird Audubon interactions,National Audubon Society,https://www.audubon.org/native-plants
CAND0930,,Vireos,Birds,broad_guild,,,Bird direct food,nectar,flower nectar,,Food,C - documented broad bird group,Audubon ZIP 78666 / Hays context,0.26,Central Texas Bird Audubon interactions,National Audubon Society,https://www.audubon.org/native-plants
CAND0930,,Grosbeaks,Birds,broad_guild,,,Bird direct food,seed/grain,seed/grain,,Food,C - documented broad bird group,Audubon ZIP 78666 / Hays context,0.26,Central Texas Bird Audubon interactions,National Audubon Society,https://www.audubon.org/native-plants
CAND0930,,Sparrows,Birds,broad_guild,,,Bird direct food,seed/grain,seed/grain,,Food,C - documented broad bird group,Audubon ZIP 78666 / Hays context,0.26,Central Texas Bird Audubon interactions,National Audubon Society,https://www.audubon.org/native-plants
CAND0930,,Sparrows,Birds,broad_guild,,,Bird direct food,nectar,flower nectar,,Food,C - documented broad bird group,Audubon ZIP 78666 / Hays context,0.26,Central Texas Bird Audubon interactions,National Audubon Society,https://www.audubon.org/native-plants
CAND0930,,Thrashers,Birds,broad_guild,,,Bird direct food,fruit,fruit,,Food,C - documented broad bird group,Audubon ZIP 78666 / Hays context,0.26,Central Texas Bird Audubon interactions,National Audubon Society,https://www.audubon.org/native-plants
CAND0930,,Thrashers,Birds,broad_guild,,,Bird direct food,seed/grain,seed/grain,,Food,C - documented broad bird group,Audubon ZIP 78666 / Hays context,0.26,Central Texas Bird Audubon interactions,National Audubon Society,https://www.audubon.org/native-plants
CAND0930,,Thrashers,Birds,broad_guild,,,Bird direct food,nectar,flower nectar,,Food,C - documented broad bird group,Audubon ZIP 78666 / Hays context,0.26,Central Texas Bird Audubon interactions,National Audubon Society,https://www.audubon.org/native-plants
CAND0930,,Mockingbirds,Birds,broad_guild,,,Bird direct food,fruit,fruit,,Food,C - documented broad bird group,Audubon ZIP 78666 / Hays context,0.26,Central Texas Bird Audubon interactions,National Audubon Society,https://www.audubon.org/native-plants
CAND0930,,Orioles,Birds,broad_guild,,,Bird direct food,nectar,flower nectar,,Food,C - documented broad bird group,Audubon ZIP 78666 / Hays context,0.26,Central Texas Bird Audubon interactions,National Audubon Society,https://www.audubon.org/native-plants
CAND0930,,Sparrows,Birds,broad_guild,,,Bird direct food,fruit,fruit,,Food,C - documented broad bird group,Audubon ZIP 78666 / Hays context,0.26,Central Texas Bird Audubon interactions,National Audubon Society,https://www.audubon.org/native-plants
CAND0930,,Chickadees,Birds,broad_guild,,,Bird direct food,fruit,fruit,,Food,C - documented broad bird group,Audubon ZIP 78666 / Hays context,0.26,Central Texas Bird Audubon interactions,National Audubon Society,https://www.audubon.org/native-plants
CAND0930,,Waxwings,Birds,broad_guild,,,Bird direct food,seed/grain,seed/grain,,Food,C - documented broad bird group,Audubon ZIP 78666 / Hays context,0.26,Central Texas Bird Audubon interactions,National Audubon Society,https://www.audubon.org/native-plants
CAND0930,,Jays,Birds,broad_guild,,,Bird direct food,nectar,flower nectar,,Food,C - documented broad bird group,Audubon ZIP 78666 / Hays context,0.26,Central Texas Bird Audubon interactions,National Audubon Society,https://www.audubon.org/native-plants
CAND0930,,Crows,Birds,broad_guild,,,Bird direct food,fruit,fruit,,Food,C - documented broad bird group,Audubon ZIP 78666 / Hays context,0.26,Central Texas Bird Audubon interactions,National Audubon Society,https://www.audubon.org/native-plants
CAND0930,,Crows,Birds,broad_guild,,,Bird direct food,seed/grain,seed/grain,,Food,C - documented broad bird group,Audubon ZIP 78666 / Hays context,0.26,Central Texas Bird Audubon interactions,National Audubon Society,https://www.audubon.org/native-plants
CAND0930,,Crows,Birds,broad_guild,,,Bird direct food,nectar,flower nectar,,Food,C - documented broad bird group,Audubon ZIP 78666 / Hays context,0.26,Central Texas Bird Audubon interactions,National Audubon Society,https://www.audubon.org/native-plants
CAND0930,,Finches,Birds,broad_guild,,,Bird direct food,fruit,fruit,,Food,C - documented broad bird group,Audubon ZIP 78666 / Hays context,0.26,Central Texas Bird Audubon interactions,National Audubon Society,https://www.audubon.org/native-plants
CAND0930,,Finches,Birds,broad_guild,,,Bird direct food,seed/grain,seed/grain,,Food,C - documented broad bird group,Audubon ZIP 78666 / Hays context,0.26,Central Texas Bird Audubon interactions,National Audubon Society,https://www.audubon.org/native-plants
CAND0930,,Finches,Birds,broad_guild,,,Bird direct food,nectar,flower nectar,,Food,C - documented broad bird group,Audubon ZIP 78666 / Hays context,0.26,Central Texas Bird Audubon interactions,National Audubon Society,https://www.audubon.org/native-plants
CAND0930,,Grosbeaks,Birds,broad_guild,,,Bird direct food,fruit,fruit,,Food,C - documented broad bird group,Audubon ZIP 78666 / Hays context,0.26,Central Texas Bird Audubon interactions,National Audubon Society,https://www.audubon.org/native-plants
CAND0930,,Chickadees,Birds,broad_guild,,,Bird direct food,seed/grain,seed/grain,,Food,C - documented broad bird group,Audubon ZIP 78666 / Hays context,0.26,Central Texas Bird Audubon interactions,National Audubon Society,https://www.audubon.org/native-plants
CAND0930,,Chickadees,Birds,broad_guild,,,Bird direct food,nectar,flower nectar,,Food,C - documented broad bird group,Audubon ZIP 78666 / Hays context,0.26,Central Texas Bird Audubon interactions,National Audubon Society,https://www.audubon.org/native-plants
CAND0930,,Wood Warblers,Birds,broad_guild,,,Bird direct food,fruit,fruit,,Food,C - documented broad bird group,Audubon ZIP 78666 / Hays context,0.26,Central Texas Bird Audubon interactions,National Audubon Society,https://www.audubon.org/native-plants
CAND0930,,Wood Warblers,Birds,broad_guild,,,Bird direct food,seed/grain,seed/grain,,Food,C - documented broad bird group,Audubon ZIP 78666 / Hays context,0.26,Central Texas Bird Audubon interactions,National Audubon Society,https://www.audubon.org/native-plants
CAND0930,,Wood Warblers,Birds,broad_guild,,,Bird direct food,nectar,flower nectar,,Food,C - documented broad bird group,Audubon ZIP 78666 / Hays context,0.26,Central Texas Bird Audubon interactions,National Audubon Society,https://www.audubon.org/native-plants
CAND0930,,Woodpeckers,Birds,broad_guild,,,Bird direct food,nectar,flower nectar,,Food,C - documented broad bird group,Audubon ZIP 78666 / Hays context,0.26,Central Texas Bird Audubon interactions,National Audubon Society,https://www.audubon.org/native-plants
CAND0930,,Woodpeckers,Birds,broad_guild,,,Bird direct food,fruit,fruit,,Food,C - documented broad bird group,Audubon ZIP 78666 / Hays context,0.26,Central Texas Bird Audubon interactions,National Audubon Society,https://www.audubon.org/native-plants
CAND0930,,Woodpeckers,Birds,broad_guild,,,Bird direct food,seed/grain,seed/grain,,Food,C - documented broad bird group,Audubon ZIP 78666 / Hays context,0.26,Central Texas Bird Audubon interactions,National Audubon Society,https://www.audubon.org/native-plants
CAND0930,,Thrushes,Birds,broad_guild,,,Bird direct food,nectar,flower nectar,,Food,C - documented broad bird group,Audubon ZIP 78666 / Hays context,0.26,Central Texas Bird Audubon interactions,National Audubon Society,https://www.audubon.org/native-plants
CAND0930,,Titmice,Birds,broad_guild,,,Bird direct food,fruit,fruit,,Food,C - documented broad bird group,Audubon ZIP 78666 / Hays context,0.26,Central Texas Bird Audubon interactions,National Audubon Society,https://www.audubon.org/native-plants
CAND0930,,Titmice,Birds,broad_guild,,,Bird direct food,seed/grain,seed/grain,,Food,C - documented broad bird group,Audubon ZIP 78666 / Hays context,0.26,Central Texas Bird Audubon interactions,National Audubon Society,https://www.audubon.org/native-plants
CAND0930,,Titmice,Birds,broad_guild,,,Bird direct food,nectar,flower nectar,,Food,C - documented broad bird group,Audubon ZIP 78666 / Hays context,0.26,Central Texas Bird Audubon interactions,National Audubon Society,https://www.audubon.org/native-plants
CAND0930,,Vireos,Birds,broad_guild,,,Bird direct food,fruit,fruit,,Food,C - documented broad bird group,Audubon ZIP 78666 / Hays context,0.26,Central Texas Bird Audubon interactions,National Audubon Society,https://www.audubon.org/native-plants
CAND0930,,Vireos,Birds,broad_guild,,,Bird direct food,seed/grain,seed/grain,,Food,C - documented broad bird group,Audubon ZIP 78666 / Hays context,0.26,Central Texas Bird Audubon interactions,National Audubon Society,https://www.audubon.org/native-plants
CAND0930,,Wrens,Birds,broad_guild,,,Bird direct food,seed/grain,seed/grain,,Food,C - documented broad bird group,Audubon ZIP 78666 / Hays context,0.26,Central Texas Bird Audubon interactions,National Audubon Society,https://www.audubon.org/native-plants
CAND0930,,Wrens,Birds,broad_guild,,,Bird direct food,nectar,flower nectar,,Food,C - documented broad bird group,Audubon ZIP 78666 / Hays context,0.26,Central Texas Bird Audubon interactions,National Audubon Society,https://www.audubon.org/native-plants
CAND0930,,Warblers,Birds,broad_guild,,,Bird direct food,seed/grain,seed/grain,,Food,C - documented broad bird group,Audubon ZIP 78666 / Hays context,0.26,Central Texas Bird Audubon interactions,National Audubon Society,https://www.audubon.org/native-plants
CAND0930,,Warblers,Birds,broad_guild,,,Bird direct food,nectar,flower nectar,,Food,C - documented broad bird group,Audubon ZIP 78666 / Hays context,0.26,Central Texas Bird Audubon interactions,National Audubon Society,https://www.audubon.org/native-plants
CAND0930,,Waxwings,Birds,broad_guild,,,Bird direct food,fruit,fruit,,Food,C - documented broad bird group,Audubon ZIP 78666 / Hays context,0.26,Central Texas Bird Audubon interactions,National Audubon Society,https://www.audubon.org/native-plants
CAND0930,,Warblers,Birds,broad_guild,,,Bird direct food,fruit,fruit,,Food,C - documented broad bird group,Audubon ZIP 78666 / Hays context,0.26,Central Texas Bird Audubon interactions,National Audubon Society,https://www.audubon.org/native-plants
CAND0930,,Waxwings,Birds,broad_guild,,,Bird direct food,nectar,flower nectar,,Food,C - documented broad bird group,Audubon ZIP 78666 / Hays context,0.26,Central Texas Bird Audubon interactions,National Audubon Society,https://www.audubon.org/native-plants
CAND0930,,Thrushes,Birds,broad_guild,,,Bird direct food,seed/grain,seed/grain,,Food,C - documented broad bird group,Audubon ZIP 78666 / Hays context,0.26,Central Texas Bird Audubon interactions,National Audubon Society,https://www.audubon.org/native-plants
CAND2073,,Thrushes,Birds,broad_guild,,,Bird direct food,fruit,fruit,,Food,C - documented broad bird group,Audubon ZIP 78666 / Hays context,0.26,Central Texas Bird Audubon interactions,National Audubon Society,https://www.audubon.org/native-plants
CAND2073,,Thrushes,Birds,broad_guild,,,Bird direct food,seed/grain,seed/grain,,Food,C - documented broad bird group,Audubon ZIP 78666 / Hays context,0.26,Central Texas Bird Audubon interactions,National Audubon Society,https://www.audubon.org/native-plants
CAND2073,,Thrushes,Birds,broad_guild,,,Bird direct food,nectar,flower nectar,,Food,C - documented broad bird group,Audubon ZIP 78666 / Hays context,0.26,Central Texas Bird Audubon interactions,National Audubon Society,https://www.audubon.org/native-plants
CAND2073,,Titmice,Birds,broad_guild,,,Bird direct food,fruit,fruit,,Food,C - documented broad bird group,Audubon ZIP 78666 / Hays context,0.26,Central Texas Bird Audubon interactions,National Audubon Society,https://www.audubon.org/native-plants
CAND2073,,Nuthatches,Birds,broad_guild,,,Bird direct food,seed/grain,seed/grain,,Food,C - documented broad bird group,Audubon ZIP 78666 / Hays context,0.26,Central Texas Bird Audubon interactions,National Audubon Society,https://www.audubon.org/native-plants
CAND2073,,Vireos,Birds,broad_guild,,,Bird direct food,nectar,flower nectar,,Food,C - documented broad bird group,Audubon ZIP 78666 / Hays context,0.26,Central Texas Bird Audubon interactions,National Audubon Society,https://www.audubon.org/native-plants
CAND2073,,Orioles,Birds,broad_guild,,,Bird direct food,fruit,fruit,,Food,C - documented broad bird group,Audubon ZIP 78666 / Hays context,0.26,Central Texas Bird Audubon interactions,National Audubon Society,https://www.audubon.org/native-plants
CAND2073,,Vireos,Birds,broad_guild,,,Bird direct food,seed/grain,seed/grain,,Food,C - documented broad bird group,Audubon ZIP 78666 / Hays context,0.26,Central Texas Bird Audubon interactions,National Audubon Society,https://www.audubon.org/native-plants
CAND2073,,Wrens,Birds,broad_guild,,,Bird direct food,nectar,flower nectar,,Food,C - documented broad bird group,Audubon ZIP 78666 / Hays context,0.26,Central Texas Bird Audubon interactions,National Audubon Society,https://www.audubon.org/native-plants
CAND2073,,Warblers,Birds,broad_guild,,,Bird direct food,fruit,fruit,,Food,C - documented broad bird group,Audubon ZIP 78666 / Hays context,0.26,Central Texas Bird Audubon interactions,National Audubon Society,https://www.audubon.org/native-plants
CAND2073,,Warblers,Birds,broad_guild,,,Bird direct food,seed/grain,seed/grain,,Food,C - documented broad bird group,Audubon ZIP 78666 / Hays context,0.26,Central Texas Bird Audubon interactions,National Audubon Society,https://www.audubon.org/native-plants
CAND2073,,Warblers,Birds,broad_guild,,,Bird direct food,nectar,flower nectar,,Food,C - documented broad bird group,Audubon ZIP 78666 / Hays context,0.26,Central Texas Bird Audubon interactions,National Audubon Society,https://www.audubon.org/native-plants
CAND2073,,Wood Warblers,Birds,broad_guild,,,Bird direct food,seed/grain,seed/grain,,Food,C - documented broad bird group,Audubon ZIP 78666 / Hays context,0.26,Central Texas Bird Audubon interactions,National Audubon Society,https://www.audubon.org/native-plants
CAND2073,,Thrashers,Birds,broad_guild,,,Bird direct food,seed/grain,seed/grain,,Food,C - documented broad bird group,Audubon ZIP 78666 / Hays context,0.26,Central Texas Bird Audubon interactions,National Audubon Society,https://www.audubon.org/native-plants
CAND2073,,Thrashers,Birds,broad_guild,,,Bird direct food,nectar,flower nectar,,Food,C - documented broad bird group,Audubon ZIP 78666 / Hays context,0.26,Central Texas Bird Audubon interactions,National Audubon Society,https://www.audubon.org/native-plants
CAND2073,,Waxwings,Birds,broad_guild,,,Bird direct food,nectar,flower nectar,,Food,C - documented broad bird group,Audubon ZIP 78666 / Hays context,0.26,Central Texas Bird Audubon interactions,National Audubon Society,https://www.audubon.org/native-plants
CAND2073,,Wood Warblers,Birds,broad_guild,,,Bird direct food,fruit,fruit,,Food,C - documented broad bird group,Audubon ZIP 78666 / Hays context,0.26,Central Texas Bird Audubon interactions,National Audubon Society,https://www.audubon.org/native-plants
CAND2073,,Wood Warblers,Birds,broad_guild,,,Bird direct food,nectar,flower nectar,,Food,C - documented broad bird group,Audubon ZIP 78666 / Hays context,0.26,Central Texas Bird Audubon interactions,National Audubon Society,https://www.audubon.org/native-plants
CAND2073,,Woodpeckers,Birds,broad_guild,,,Bird direct food,fruit,fruit,,Food,C - documented broad bird group,Audubon ZIP 78666 / Hays context,0.26,Central Texas Bird Audubon interactions,National Audubon Society,https://www.audubon.org/native-plants
CAND2073,,Woodpeckers,Birds,broad_guild,,,Bird direct food,seed/grain,seed/grain,,Food,C - documented broad bird group,Audubon ZIP 78666 / Hays context,0.26,Central Texas Bird Audubon interactions,National Audubon Society,https://www.audubon.org/native-plants
CAND2073,,Titmice,Birds,broad_guild,,,Bird direct food,seed/grain,seed/grain,,Food,C - documented broad bird group,Audubon ZIP 78666 / Hays context,0.26,Central Texas Bird Audubon interactions,National Audubon Society,https://www.audubon.org/native-plants
CAND2073,,Titmice,Birds,broad_guild,,,Bird direct food,nectar,flower nectar,,Food,C - documented broad bird group,Audubon ZIP 78666 / Hays context,0.26,Central Texas Bird Audubon interactions,National Audubon Society,https://www.audubon.org/native-plants
CAND2073,,Vireos,Birds,broad_guild,,,Bird direct food,fruit,fruit,,Food,C - documented broad bird group,Audubon ZIP 78666 / Hays context,0.26,Central Texas Bird Audubon interactions,National Audubon Society,https://www.audubon.org/native-plants
CAND2073,,Woodpeckers,Birds,broad_guild,,,Bird direct food,nectar,flower nectar,,Food,C - documented broad bird group,Audubon ZIP 78666 / Hays context,0.26,Central Texas Bird Audubon interactions,National Audubon Society,https://www.audubon.org/native-plants
CAND2073,,Wrens,Birds,broad_guild,,,Bird direct food,fruit,fruit,,Food,C - documented broad bird group,Audubon ZIP 78666 / Hays context,0.26,Central Texas Bird Audubon interactions,National Audubon Society,https://www.audubon.org/native-plants
CAND2073,,Wrens,Birds,broad_guild,,,Bird direct food,seed/grain,seed/grain,,Food,C - documented broad bird group,Audubon ZIP 78666 / Hays context,0.26,Central Texas Bird Audubon interactions,National Audubon Society,https://www.audubon.org/native-plants
CAND2073,,Waxwings,Birds,broad_guild,,,Bird direct food,fruit,fruit,,Food,C - documented broad bird group,Audubon ZIP 78666 / Hays context,0.26,Central Texas Bird Audubon interactions,National Audubon Society,https://www.audubon.org/native-plants
CAND2073,,Waxwings,Birds,broad_guild,,,Bird direct food,seed/grain,seed/grain,,Food,C - documented broad bird group,Audubon ZIP 78666 / Hays context,0.26,Central Texas Bird Audubon interactions,National Audubon Society,https://www.audubon.org/native-plants
CAND2073,,Cardinals,Birds,broad_guild,,,Bird direct food,nectar,flower nectar,,Food,C - documented broad bird group,Audubon ZIP 78666 / Hays context,0.26,Central Texas Bird Audubon interactions,National Audubon Society,https://www.audubon.org/native-plants
CAND2073,,Chickadees,Birds,broad_guild,,,Bird direct food,fruit,fruit,,Food,C - documented broad bird group,Audubon ZIP 78666 / Hays context,0.26,Central Texas Bird Audubon interactions,National Audubon Society,https://www.audubon.org/native-plants
CAND2073,,Chickadees,Birds,broad_guild,,,Bird direct food,seed/grain,seed/grain,,Food,C - documented broad bird group,Audubon ZIP 78666 / Hays context,0.26,Central Texas Bird Audubon interactions,National Audubon Society,https://www.audubon.org/native-plants
CAND2073,,Chickadees,Birds,broad_guild,,,Bird direct food,nectar,flower nectar,,Food,C - documented broad bird group,Audubon ZIP 78666 / Hays context,0.26,Central Texas Bird Audubon interactions,National Audubon Society,https://www.audubon.org/native-plants
CAND2073,,Crows,Birds,broad_guild,,,Bird direct food,fruit,fruit,,Food,C - documented broad bird group,Audubon ZIP 78666 / Hays context,0.26,Central Texas Bird Audubon interactions,National Audubon Society,https://www.audubon.org/native-plants
CAND2073,,Crows,Birds,broad_guild,,,Bird direct food,seed/grain,seed/grain,,Food,C - documented broad bird group,Audubon ZIP 78666 / Hays context,0.26,Central Texas Bird Audubon interactions,National Audubon Society,https://www.audubon.org/native-plants
CAND2073,,Grosbeaks,Birds,broad_guild,,,Bird direct food,fruit,fruit,,Food,C - documented broad bird group,Audubon ZIP 78666 / Hays context,0.26,Central Texas Bird Audubon interactions,National Audubon Society,https://www.audubon.org/native-plants
CAND2073,,Grosbeaks,Birds,broad_guild,,,Bird direct food,seed/grain,seed/grain,,Food,C - documented broad bird group,Audubon ZIP 78666 / Hays context,0.26,Central Texas Bird Audubon interactions,National Audubon Society,https://www.audubon.org/native-plants
CAND2073,,Grosbeaks,Birds,broad_guild,,,Bird direct food,nectar,flower nectar,,Food,C - documented broad bird group,Audubon ZIP 78666 / Hays context,0.26,Central Texas Bird Audubon interactions,National Audubon Society,https://www.audubon.org/native-plants
CAND2073,,Hummingbirds,Birds,broad_guild,,,Bird direct food,fruit,fruit,,Food,C - documented broad bird group,Audubon ZIP 78666 / Hays context,0.26,Central Texas Bird Audubon interactions,National Audubon Society,https://www.audubon.org/native-plants
CAND2073,,Hummingbirds,Birds,broad_guild,,,Bird direct food,seed/grain,seed/grain,,Food,C - documented broad bird group,Audubon ZIP 78666 / Hays context,0.26,Central Texas Bird Audubon interactions,National Audubon Society,https://www.audubon.org/native-plants
CAND2073,,Jays,Birds,broad_guild,,,Bird direct food,fruit,fruit,,Food,C - documented broad bird group,Audubon ZIP 78666 / Hays context,0.26,Central Texas Bird Audubon interactions,National Audubon Society,https://www.audubon.org/native-plants
CAND2073,,Finches,Birds,broad_guild,,,Bird direct food,seed/grain,seed/grain,,Food,C - documented broad bird group,Audubon ZIP 78666 / Hays context,0.26,Central Texas Bird Audubon interactions,National Audubon Society,https://www.audubon.org/native-plants
CAND2073,,Jays,Birds,broad_guild,,,Bird direct food,nectar,flower nectar,,Food,C - documented broad bird group,Audubon ZIP 78666 / Hays context,0.26,Central Texas Bird Audubon interactions,National Audubon Society,https://www.audubon.org/native-plants
CAND2073,,Mockingbirds,Birds,broad_guild,,,Bird direct food,fruit,fruit,,Food,C - documented broad bird group,Audubon ZIP 78666 / Hays context,0.26,Central Texas Bird Audubon interactions,National Audubon Society,https://www.audubon.org/native-plants
CAND2073,,Mockingbirds,Birds,broad_guild,,,Bird direct food,seed/grain,seed/grain,,Food,C - documented broad bird group,Audubon ZIP 78666 / Hays context,0.26,Central Texas Bird Audubon interactions,National Audubon Society,https://www.audubon.org/native-plants
CAND2073,,Mockingbirds,Birds,broad_guild,,,Bird direct food,nectar,flower nectar,,Food,C - documented broad bird group,Audubon ZIP 78666 / Hays context,0.26,Central Texas Bird Audubon interactions,National Audubon Society,https://www.audubon.org/native-plants
CAND2073,,Nuthatches,Birds,broad_guild,,,Bird direct food,fruit,fruit,,Food,C - documented broad bird group,Audubon ZIP 78666 / Hays context,0.26,Central Texas Bird Audubon interactions,National Audubon Society,https://www.audubon.org/native-plants
CAND2073,,Finches,Birds,broad_guild,,,Bird direct food,fruit,fruit,,Food,C - documented broad bird group,Audubon ZIP 78666 / Hays context,0.26,Central Texas Bird Audubon interactions,National Audubon Society,https://www.audubon.org/native-plants
CAND2073,,Nuthatches,Birds,broad_guild,,,Bird direct food,nectar,flower nectar,,Food,C - documented broad bird group,Audubon ZIP 78666 / Hays context,0.26,Central Texas Bird Audubon interactions,National Audubon Society,https://www.audubon.org/native-plants
CAND2073,,Finches,Birds,broad_guild,,,Bird direct food,nectar,flower nectar,,Food,C - documented broad bird group,Audubon ZIP 78666 / Hays context,0.26,Central Texas Bird Audubon interactions,National Audubon Society,https://www.audubon.org/native-plants
CAND2073,,Orioles,Birds,broad_guild,,,Bird direct food,seed/grain,seed/grain,,Food,C - documented broad bird group,Audubon ZIP 78666 / Hays context,0.26,Central Texas Bird Audubon interactions,National Audubon Society,https://www.audubon.org/native-plants
CAND2073,,Orioles,Birds,broad_guild,,,Bird direct food,nectar,flower nectar,,Food,C - documented broad bird group,Audubon ZIP 78666 / Hays context,0.26,Central Texas Bird Audubon interactions,National Audubon Society,https://www.audubon.org/native-plants
CAND2073,,Sparrows,Birds,broad_guild,,,Bird direct food,fruit,fruit,,Food,C - documented broad bird group,Audubon ZIP 78666 / Hays context,0.26,Central Texas Bird Audubon interactions,National Audubon Society,https://www.audubon.org/native-plants
CAND2073,,Sparrows,Birds,broad_guild,,,Bird direct food,seed/grain,seed/grain,,Food,C - documented broad bird group,Audubon ZIP 78666 / Hays context,0.26,Central Texas Bird Audubon interactions,National Audubon Society,https://www.audubon.org/native-plants
CAND2073,,Hummingbirds,Birds,broad_guild,,,Bird direct food,nectar,flower nectar,,Food,C - documented broad bird group,Audubon ZIP 78666 / Hays context,0.26,Central Texas Bird Audubon interactions,National Audubon Society,https://www.audubon.org/native-plants
CAND2073,,Thrashers,Birds,broad_guild,,,Bird direct food,fruit,fruit,,Food,C - documented broad bird group,Audubon ZIP 78666 / Hays context,0.26,Central Texas Bird Audubon interactions,National Audubon Society,https://www.audubon.org/native-plants
CAND2073,,Jays,Birds,broad_guild,,,Bird direct food,seed/grain,seed/grain,,Food,C - documented broad bird group,Audubon ZIP 78666 / Hays context,0.26,Central Texas Bird Audubon interactions,National Audubon Society,https://www.audubon.org/native-plants
CAND2073,,Crows,Birds,broad_guild,,,Bird direct food,nectar,flower nectar,,Food,C - documented broad bird group,Audubon ZIP 78666 / Hays context,0.26,Central Texas Bird Audubon interactions,National Audubon Society,https://www.audubon.org/native-plants
CAND2073,,Buntings,Birds,broad_guild,,,Bird direct food,fruit,fruit,,Food,C - documented broad bird group,Audubon ZIP 78666 / Hays context,0.26,Central Texas Bird Audubon interactions,National Audubon Society,https://www.audubon.org/native-plants
CAND2073,,Buntings,Birds,broad_guild,,,Bird direct food,seed/grain,seed/grain,,Food,C - documented broad bird group,Audubon ZIP 78666 / Hays context,0.26,Central Texas Bird Audubon interactions,National Audubon Society,https://www.audubon.org/native-plants
CAND2073,,Buntings,Birds,broad_guild,,,Bird direct food,nectar,flower nectar,,Food,C - documented broad bird group,Audubon ZIP 78666 / Hays context,0.26,Central Texas Bird Audubon interactions,National Audubon Society,https://www.audubon.org/native-plants
CAND2073,,Cardinals,Birds,broad_guild,,,Bird direct food,fruit,fruit,,Food,C - documented broad bird group,Audubon ZIP 78666 / Hays context,0.26,Central Texas Bird Audubon interactions,National Audubon Society,https://www.audubon.org/native-plants
CAND2073,,Cardinals,Birds,broad_guild,,,Bird direct food,seed/grain,seed/grain,,Food,C - documented broad bird group,Audubon ZIP 78666 / Hays context,0.26,Central Texas Bird Audubon interactions,National Audubon Society,https://www.audubon.org/native-plants
CAND2073,,Sparrows,Birds,broad_guild,,,Bird direct food,nectar,flower nectar,,Food,C - documented broad bird group,Audubon ZIP 78666 / Hays context,0.26,Central Texas Bird Audubon interactions,National Audubon Society,https://www.audubon.org/native-plants
CAND2525,,Crows,Birds,broad_guild,,,Bird direct food,fruit,fruit,,Food,C - documented broad bird group,Audubon ZIP 78666 / Hays context,0.26,Central Texas Bird Audubon interactions,National Audubon Society,https://www.audubon.org/native-plants
CAND2525,,Finches,Birds,broad_guild,,,Bird direct food,nectar,flower nectar,,Food,C - documented broad bird group,Audubon ZIP 78666 / Hays context,0.26,Central Texas Bird Audubon interactions,National Audubon Society,https://www.audubon.org/native-plants
CAND2525,,Chickadees,Birds,broad_guild,,,Bird direct food,fruit,fruit,,Food,C - documented broad bird group,Audubon ZIP 78666 / Hays context,0.26,Central Texas Bird Audubon interactions,National Audubon Society,https://www.audubon.org/native-plants
CAND2525,,Grosbeaks,Birds,broad_guild,,,Bird direct food,fruit,fruit,,Food,C - documented broad bird group,Audubon ZIP 78666 / Hays context,0.26,Central Texas Bird Audubon interactions,National Audubon Society,https://www.audubon.org/native-plants
CAND2525,,Grosbeaks,Birds,broad_guild,,,Bird direct food,seed/grain,seed/grain,,Food,C - documented broad bird group,Audubon ZIP 78666 / Hays context,0.26,Central Texas Bird Audubon interactions,National Audubon Society,https://www.audubon.org/native-plants
CAND2525,,Grosbeaks,Birds,broad_guild,,,Bird direct food,nectar,flower nectar,,Food,C - documented broad bird group,Audubon ZIP 78666 / Hays context,0.26,Central Texas Bird Audubon interactions,National Audubon Society,https://www.audubon.org/native-plants
CAND2525,,Cardinals,Birds,broad_guild,,,Bird direct food,fruit,fruit,,Food,C - documented broad bird group,Audubon ZIP 78666 / Hays context,0.26,Central Texas Bird Audubon interactions,National Audubon Society,https://www.audubon.org/native-plants
CAND2525,,Cardinals,Birds,broad_guild,,,Bird direct food,seed/grain,seed/grain,,Food,C - documented broad bird group,Audubon ZIP 78666 / Hays context,0.26,Central Texas Bird Audubon interactions,National Audubon Society,https://www.audubon.org/native-plants
CAND2525,,Cardinals,Birds,broad_guild,,,Bird direct food,nectar,flower nectar,,Food,C - documented broad bird group,Audubon ZIP 78666 / Hays context,0.26,Central Texas Bird Audubon interactions,National Audubon Society,https://www.audubon.org/native-plants
CAND2525,,Chickadees,Birds,broad_guild,,,Bird direct food,seed/grain,seed/grain,,Food,C - documented broad bird group,Audubon ZIP 78666 / Hays context,0.26,Central Texas Bird Audubon interactions,National Audubon Society,https://www.audubon.org/native-plants
CAND2525,,Chickadees,Birds,broad_guild,,,Bird direct food,nectar,flower nectar,,Food,C - documented broad bird group,Audubon ZIP 78666 / Hays context,0.26,Central Texas Bird Audubon interactions,National Audubon Society,https://www.audubon.org/native-plants
CAND2525,,Jays,Birds,broad_guild,,,Bird direct food,nectar,flower nectar,,Food,C - documented broad bird group,Audubon ZIP 78666 / Hays context,0.26,Central Texas Bird Audubon interactions,National Audubon Society,https://www.audubon.org/native-plants
CAND2525,,Mockingbirds,Birds,broad_guild,,,Bird direct food,fruit,fruit,,Food,C - documented broad bird group,Audubon ZIP 78666 / Hays context,0.26,Central Texas Bird Audubon interactions,National Audubon Society,https://www.audubon.org/native-plants
CAND2525,,Thrushes,Birds,broad_guild,,,Bird direct food,nectar,flower nectar,,Food,C - documented broad bird group,Audubon ZIP 78666 / Hays context,0.26,Central Texas Bird Audubon interactions,National Audubon Society,https://www.audubon.org/native-plants
CAND2525,,Crows,Birds,broad_guild,,,Bird direct food,seed/grain,seed/grain,,Food,C - documented broad bird group,Audubon ZIP 78666 / Hays context,0.26,Central Texas Bird Audubon interactions,National Audubon Society,https://www.audubon.org/native-plants
CAND2525,,Crows,Birds,broad_guild,,,Bird direct food,nectar,flower nectar,,Food,C - documented broad bird group,Audubon ZIP 78666 / Hays context,0.26,Central Texas Bird Audubon interactions,National Audubon Society,https://www.audubon.org/native-plants
CAND2525,,Finches,Birds,broad_guild,,,Bird direct food,fruit,fruit,,Food,C - documented broad bird group,Audubon ZIP 78666 / Hays context,0.26,Central Texas Bird Audubon interactions,National Audubon Society,https://www.audubon.org/native-plants
CAND2525,,Finches,Birds,broad_guild,,,Bird direct food,seed/grain,seed/grain,,Food,C - documented broad bird group,Audubon ZIP 78666 / Hays context,0.26,Central Texas Bird Audubon interactions,National Audubon Society,https://www.audubon.org/native-plants
CAND2525,,Sparrows,Birds,broad_guild,,,Bird direct food,fruit,fruit,,Food,C - documented broad bird group,Audubon ZIP 78666 / Hays context,0.26,Central Texas Bird Audubon interactions,National Audubon Society,https://www.audubon.org/native-plants
CAND2525,,Orioles,Birds,broad_guild,,,Bird direct food,seed/grain,seed/grain,,Food,C - documented broad bird group,Audubon ZIP 78666 / Hays context,0.26,Central Texas Bird Audubon interactions,National Audubon Society,https://www.audubon.org/native-plants
CAND2525,,Orioles,Birds,broad_guild,,,Bird direct food,nectar,flower nectar,,Food,C - documented broad bird group,Audubon ZIP 78666 / Hays context,0.26,Central Texas Bird Audubon interactions,National Audubon Society,https://www.audubon.org/native-plants
CAND2525,,Warblers,Birds,broad_guild,,,Bird direct food,seed/grain,seed/grain,,Food,C - documented broad bird group,Audubon ZIP 78666 / Hays context,0.26,Central Texas Bird Audubon interactions,National Audubon Society,https://www.audubon.org/native-plants
CAND2525,,Hummingbirds,Birds,broad_guild,,,Bird direct food,fruit,fruit,,Food,C - documented broad bird group,Audubon ZIP 78666 / Hays context,0.26,Central Texas Bird Audubon interactions,National Audubon Society,https://www.audubon.org/native-plants
CAND2525,,Hummingbirds,Birds,broad_guild,,,Bird direct food,seed/grain,seed/grain,,Food,C - documented broad bird group,Audubon ZIP 78666 / Hays context,0.26,Central Texas Bird Audubon interactions,National Audubon Society,https://www.audubon.org/native-plants
CAND2525,,Hummingbirds,Birds,broad_guild,,,Bird direct food,nectar,flower nectar,,Food,C - documented broad bird group,Audubon ZIP 78666 / Hays context,0.26,Central Texas Bird Audubon interactions,National Audubon Society,https://www.audubon.org/native-plants
CAND2525,,Jays,Birds,broad_guild,,,Bird direct food,fruit,fruit,,Food,C - documented broad bird group,Audubon ZIP 78666 / Hays context,0.26,Central Texas Bird Audubon interactions,National Audubon Society,https://www.audubon.org/native-plants
CAND2525,,Jays,Birds,broad_guild,,,Bird direct food,seed/grain,seed/grain,,Food,C - documented broad bird group,Audubon ZIP 78666 / Hays context,0.26,Central Texas Bird Audubon interactions,National Audubon Society,https://www.audubon.org/native-plants
CAND2525,,Thrashers,Birds,broad_guild,,,Bird direct food,nectar,flower nectar,,Food,C - documented broad bird group,Audubon ZIP 78666 / Hays context,0.26,Central Texas Bird Audubon interactions,National Audubon Society,https://www.audubon.org/native-plants
CAND2525,,Thrushes,Birds,broad_guild,,,Bird direct food,fruit,fruit,,Food,C - documented broad bird group,Audubon ZIP 78666 / Hays context,0.26,Central Texas Bird Audubon interactions,National Audubon Society,https://www.audubon.org/native-plants
CAND2525,,Thrushes,Birds,broad_guild,,,Bird direct food,seed/grain,seed/grain,,Food,C - documented broad bird group,Audubon ZIP 78666 / Hays context,0.26,Central Texas Bird Audubon interactions,National Audubon Society,https://www.audubon.org/native-plants
CAND2525,,Mockingbirds,Birds,broad_guild,,,Bird direct food,nectar,flower nectar,,Food,C - documented broad bird group,Audubon ZIP 78666 / Hays context,0.26,Central Texas Bird Audubon interactions,National Audubon Society,https://www.audubon.org/native-plants
CAND2525,,Nuthatches,Birds,broad_guild,,,Bird direct food,fruit,fruit,,Food,C - documented broad bird group,Audubon ZIP 78666 / Hays context,0.26,Central Texas Bird Audubon interactions,National Audubon Society,https://www.audubon.org/native-plants
CAND2525,,Nuthatches,Birds,broad_guild,,,Bird direct food,seed/grain,seed/grain,,Food,C - documented broad bird group,Audubon ZIP 78666 / Hays context,0.26,Central Texas Bird Audubon interactions,National Audubon Society,https://www.audubon.org/native-plants
CAND2525,,Nuthatches,Birds,broad_guild,,,Bird direct food,nectar,flower nectar,,Food,C - documented broad bird group,Audubon ZIP 78666 / Hays context,0.26,Central Texas Bird Audubon interactions,National Audubon Society,https://www.audubon.org/native-plants
CAND2525,,Orioles,Birds,broad_guild,,,Bird direct food,fruit,fruit,,Food,C - documented broad bird group,Audubon ZIP 78666 / Hays context,0.26,Central Texas Bird Audubon interactions,National Audubon Society,https://www.audubon.org/native-plants
CAND2525,,Vireos,Birds,broad_guild,,,Bird direct food,seed/grain,seed/grain,,Food,C - documented broad bird group,Audubon ZIP 78666 / Hays context,0.26,Central Texas Bird Audubon interactions,National Audubon Society,https://www.audubon.org/native-plants
CAND2525,,Vireos,Birds,broad_guild,,,Bird direct food,nectar,flower nectar,,Food,C - documented broad bird group,Audubon ZIP 78666 / Hays context,0.26,Central Texas Bird Audubon interactions,National Audubon Society,https://www.audubon.org/native-plants
CAND2525,,Warblers,Birds,broad_guild,,,Bird direct food,fruit,fruit,,Food,C - documented broad bird group,Audubon ZIP 78666 / Hays context,0.26,Central Texas Bird Audubon interactions,National Audubon Society,https://www.audubon.org/native-plants
CAND2525,,Waxwings,Birds,broad_guild,,,Bird direct food,fruit,fruit,,Food,C - documented broad bird group,Audubon ZIP 78666 / Hays context,0.26,Central Texas Bird Audubon interactions,National Audubon Society,https://www.audubon.org/native-plants
CAND2525,,Sparrows,Birds,broad_guild,,,Bird direct food,seed/grain,seed/grain,,Food,C - documented broad bird group,Audubon ZIP 78666 / Hays context,0.26,Central Texas Bird Audubon interactions,National Audubon Society,https://www.audubon.org/native-plants
CAND2525,,Sparrows,Birds,broad_guild,,,Bird direct food,nectar,flower nectar,,Food,C - documented broad bird group,Audubon ZIP 78666 / Hays context,0.26,Central Texas Bird Audubon interactions,National Audubon Society,https://www.audubon.org/native-plants
CAND2525,,Thrashers,Birds,broad_guild,,,Bird direct food,fruit,fruit,,Food,C - documented broad bird group,Audubon ZIP 78666 / Hays context,0.26,Central Texas Bird Audubon interactions,National Audubon Society,https://www.audubon.org/native-plants
CAND2525,,Thrashers,Birds,broad_guild,,,Bird direct food,seed/grain,seed/grain,,Food,C - documented broad bird group,Audubon ZIP 78666 / Hays context,0.26,Central Texas Bird Audubon interactions,National Audubon Society,https://www.audubon.org/native-plants
CAND2525,,Wood Warblers,Birds,broad_guild,,,Bird direct food,seed/grain,seed/grain,,Food,C - documented broad bird group,Audubon ZIP 78666 / Hays context,0.26,Central Texas Bird Audubon interactions,National Audubon Society,https://www.audubon.org/native-plants
CAND2525,,Wood Warblers,Birds,broad_guild,,,Bird direct food,nectar,flower nectar,,Food,C - documented broad bird group,Audubon ZIP 78666 / Hays context,0.26,Central Texas Bird Audubon interactions,National Audubon Society,https://www.audubon.org/native-plants
CAND2525,,Woodpeckers,Birds,broad_guild,,,Bird direct food,fruit,fruit,,Food,C - documented broad bird group,Audubon ZIP 78666 / Hays context,0.26,Central Texas Bird Audubon interactions,National Audubon Society,https://www.audubon.org/native-plants
CAND2525,,Woodpeckers,Birds,broad_guild,,,Bird direct food,nectar,flower nectar,,Food,C - documented broad bird group,Audubon ZIP 78666 / Hays context,0.26,Central Texas Bird Audubon interactions,National Audubon Society,https://www.audubon.org/native-plants
CAND2525,,Titmice,Birds,broad_guild,,,Bird direct food,fruit,fruit,,Food,C - documented broad bird group,Audubon ZIP 78666 / Hays context,0.26,Central Texas Bird Audubon interactions,National Audubon Society,https://www.audubon.org/native-plants
CAND2525,,Titmice,Birds,broad_guild,,,Bird direct food,seed/grain,seed/grain,,Food,C - documented broad bird group,Audubon ZIP 78666 / Hays context,0.26,Central Texas Bird Audubon interactions,National Audubon Society,https://www.audubon.org/native-plants
CAND2525,,Titmice,Birds,broad_guild,,,Bird direct food,nectar,flower nectar,,Food,C - documented broad bird group,Audubon ZIP 78666 / Hays context,0.26,Central Texas Bird Audubon interactions,National Audubon Society,https://www.audubon.org/native-plants
CAND2525,,Vireos,Birds,broad_guild,,,Bird direct food,fruit,fruit,,Food,C - documented broad bird group,Audubon ZIP 78666 / Hays context,0.26,Central Texas Bird Audubon interactions,National Audubon Society,https://www.audubon.org/native-plants
CAND2525,,Mockingbirds,Birds,broad_guild,,,Bird direct food,seed/grain,seed/grain,,Food,C - documented broad bird group,Audubon ZIP 78666 / Hays context,0.26,Central Texas Bird Audubon interactions,National Audubon Society,https://www.audubon.org/native-plants
CAND2525,,Wrens,Birds,broad_guild,,,Bird direct food,fruit,fruit,,Food,C - documented broad bird group,Audubon ZIP 78666 / Hays context,0.26,Central Texas Bird Audubon interactions,National Audubon Society,https://www.audubon.org/native-plants
CAND2525,,Wrens,Birds,broad_guild,,,Bird direct food,seed/grain,seed/grain,,Food,C - documented broad bird group,Audubon ZIP 78666 / Hays context,0.26,Central Texas Bird Audubon interactions,National Audubon Society,https://www.audubon.org/native-plants
CAND2525,,Wrens,Birds,broad_guild,,,Bird direct food,nectar,flower nectar,,Food,C - documented broad bird group,Audubon ZIP 78666 / Hays context,0.26,Central Texas Bird Audubon interactions,National Audubon Society,https://www.audubon.org/native-plants
CAND2525,,Warblers,Birds,broad_guild,,,Bird direct food,nectar,flower nectar,,Food,C - documented broad bird group,Audubon ZIP 78666 / Hays context,0.26,Central Texas Bird Audubon interactions,National Audubon Society,https://www.audubon.org/native-plants
CAND2525,,Waxwings,Birds,broad_guild,,,Bird direct food,seed/grain,seed/grain,,Food,C - documented broad bird group,Audubon ZIP 78666 / Hays context,0.26,Central Texas Bird Audubon interactions,National Audubon Society,https://www.audubon.org/native-plants
CAND2525,,Waxwings,Birds,broad_guild,,,Bird direct food,nectar,flower nectar,,Food,C - documented broad bird group,Audubon ZIP 78666 / Hays context,0.26,Central Texas Bird Audubon interactions,National Audubon Society,https://www.audubon.org/native-plants
CAND2525,,Wood Warblers,Birds,broad_guild,,,Bird direct food,fruit,fruit,,Food,C - documented broad bird group,Audubon ZIP 78666 / Hays context,0.26,Central Texas Bird Audubon interactions,National Audubon Society,https://www.audubon.org/native-plants
CAND2525,,Woodpeckers,Birds,broad_guild,,,Bird direct food,seed/grain,seed/grain,,Food,C - documented broad bird group,Audubon ZIP 78666 / Hays context,0.26,Central Texas Bird Audubon interactions,National Audubon Society,https://www.audubon.org/native-plants
CAND3254,,Woodpeckers,Birds,broad_guild,,,Bird direct food,nectar,flower nectar,,Food,C - documented broad bird group,Audubon ZIP 78666 / Hays context,0.26,Central Texas Bird Audubon interactions,National Audubon Society,https://www.audubon.org/native-plants
CAND3254,,Wrens,Birds,broad_guild,,,Bird direct food,fruit,fruit,,Food,C - documented broad bird group,Audubon ZIP 78666 / Hays context,0.26,Central Texas Bird Audubon interactions,National Audubon Society,https://www.audubon.org/native-plants
CAND3254,,Wrens,Birds,broad_guild,,,Bird direct food,seed/grain,seed/grain,,Food,C - documented broad bird group,Audubon ZIP 78666 / Hays context,0.26,Central Texas Bird Audubon interactions,National Audubon Society,https://www.audubon.org/native-plants
CAND3254,,Wrens,Birds,broad_guild,,,Bird direct food,nectar,flower nectar,,Food,C - documented broad bird group,Audubon ZIP 78666 / Hays context,0.26,Central Texas Bird Audubon interactions,National Audubon Society,https://www.audubon.org/native-plants
CAND3254,,Warblers,Birds,broad_guild,,,Bird direct food,fruit,fruit,,Food,C - documented broad bird group,Audubon ZIP 78666 / Hays context,0.26,Central Texas Bird Audubon interactions,National Audubon Society,https://www.audubon.org/native-plants
CAND3254,,Warblers,Birds,broad_guild,,,Bird direct food,seed/grain,seed/grain,,Food,C - documented broad bird group,Audubon ZIP 78666 / Hays context,0.26,Central Texas Bird Audubon interactions,National Audubon Society,https://www.audubon.org/native-plants
CAND3254,,Waxwings,Birds,broad_guild,,,Bird direct food,fruit,fruit,,Food,C - documented broad bird group,Audubon ZIP 78666 / Hays context,0.26,Central Texas Bird Audubon interactions,National Audubon Society,https://www.audubon.org/native-plants
CAND3254,,Waxwings,Birds,broad_guild,,,Bird direct food,seed/grain,seed/grain,,Food,C - documented broad bird group,Audubon ZIP 78666 / Hays context,0.26,Central Texas Bird Audubon interactions,National Audubon Society,https://www.audubon.org/native-plants
CAND3254,,Titmice,Birds,broad_guild,,,Bird direct food,nectar,flower nectar,,Food,C - documented broad bird group,Audubon ZIP 78666 / Hays context,0.26,Central Texas Bird Audubon interactions,National Audubon Society,https://www.audubon.org/native-plants
CAND3254,,Vireos,Birds,broad_guild,,,Bird direct food,fruit,fruit,,Food,C - documented broad bird group,Audubon ZIP 78666 / Hays context,0.26,Central Texas Bird Audubon interactions,National Audubon Society,https://www.audubon.org/native-plants
CAND3254,,Vireos,Birds,broad_guild,,,Bird direct food,seed/grain,seed/grain,,Food,C - documented broad bird group,Audubon ZIP 78666 / Hays context,0.26,Central Texas Bird Audubon interactions,National Audubon Society,https://www.audubon.org/native-plants
CAND3254,,Vireos,Birds,broad_guild,,,Bird direct food,nectar,flower nectar,,Food,C - documented broad bird group,Audubon ZIP 78666 / Hays context,0.26,Central Texas Bird Audubon interactions,National Audubon Society,https://www.audubon.org/native-plants
CAND3254,,Jays,Birds,broad_guild,,,Bird direct food,nectar,flower nectar,,Food,C - documented broad bird group,Audubon ZIP 78666 / Hays context,0.26,Central Texas Bird Audubon interactions,National Audubon Society,https://www.audubon.org/native-plants
CAND3254,,Mockingbirds,Birds,broad_guild,,,Bird direct food,nectar,flower nectar,,Food,C - documented broad bird group,Audubon ZIP 78666 / Hays context,0.26,Central Texas Bird Audubon interactions,National Audubon Society,https://www.audubon.org/native-plants
CAND3254,,Hummingbirds,Birds,broad_guild,,,Bird direct food,fruit,fruit,,Food,C - documented broad bird group,Audubon ZIP 78666 / Hays context,0.26,Central Texas Bird Audubon interactions,National Audubon Society,https://www.audubon.org/native-plants
CAND3254,,Wood Warblers,Birds,broad_guild,,,Bird direct food,nectar,flower nectar,,Food,C - documented broad bird group,Audubon ZIP 78666 / Hays context,0.26,Central Texas Bird Audubon interactions,National Audubon Society,https://www.audubon.org/native-plants
CAND3254,,Woodpeckers,Birds,broad_guild,,,Bird direct food,fruit,fruit,,Food,C - documented broad bird group,Audubon ZIP 78666 / Hays context,0.26,Central Texas Bird Audubon interactions,National Audubon Society,https://www.audubon.org/native-plants
CAND3254,,Thrushes,Birds,broad_guild,,,Bird direct food,seed/grain,seed/grain,,Food,C - documented broad bird group,Audubon ZIP 78666 / Hays context,0.26,Central Texas Bird Audubon interactions,National Audubon Society,https://www.audubon.org/native-plants
CAND3254,,Thrushes,Birds,broad_guild,,,Bird direct food,nectar,flower nectar,,Food,C - documented broad bird group,Audubon ZIP 78666 / Hays context,0.26,Central Texas Bird Audubon interactions,National Audubon Society,https://www.audubon.org/native-plants
CAND3254,,Titmice,Birds,broad_guild,,,Bird direct food,seed/grain,seed/grain,,Food,C - documented broad bird group,Audubon ZIP 78666 / Hays context,0.26,Central Texas Bird Audubon interactions,National Audubon Society,https://www.audubon.org/native-plants
CAND3254,,Orioles,Birds,broad_guild,,,Bird direct food,fruit,fruit,,Food,C - documented broad bird group,Audubon ZIP 78666 / Hays context,0.26,Central Texas Bird Audubon interactions,National Audubon Society,https://www.audubon.org/native-plants
CAND3254,,Orioles,Birds,broad_guild,,,Bird direct food,seed/grain,seed/grain,,Food,C - documented broad bird group,Audubon ZIP 78666 / Hays context,0.26,Central Texas Bird Audubon interactions,National Audubon Society,https://www.audubon.org/native-plants
CAND3254,,Grosbeaks,Birds,broad_guild,,,Bird direct food,seed/grain,seed/grain,,Food,C - documented broad bird group,Audubon ZIP 78666 / Hays context,0.26,Central Texas Bird Audubon interactions,National Audubon Society,https://www.audubon.org/native-plants
CAND3254,,Grosbeaks,Birds,broad_guild,,,Bird direct food,nectar,flower nectar,,Food,C - documented broad bird group,Audubon ZIP 78666 / Hays context,0.26,Central Texas Bird Audubon interactions,National Audubon Society,https://www.audubon.org/native-plants
CAND3254,,Hummingbirds,Birds,broad_guild,,,Bird direct food,seed/grain,seed/grain,,Food,C - documented broad bird group,Audubon ZIP 78666 / Hays context,0.26,Central Texas Bird Audubon interactions,National Audubon Society,https://www.audubon.org/native-plants
CAND3254,,Hummingbirds,Birds,broad_guild,,,Bird direct food,nectar,flower nectar,,Food,C - documented broad bird group,Audubon ZIP 78666 / Hays context,0.26,Central Texas Bird Audubon interactions,National Audubon Society,https://www.audubon.org/native-plants
CAND3254,,Jays,Birds,broad_guild,,,Bird direct food,fruit,fruit,,Food,C - documented broad bird group,Audubon ZIP 78666 / Hays context,0.26,Central Texas Bird Audubon interactions,National Audubon Society,https://www.audubon.org/native-plants
CAND3254,,Jays,Birds,broad_guild,,,Bird direct food,seed/grain,seed/grain,,Food,C - documented broad bird group,Audubon ZIP 78666 / Hays context,0.26,Central Texas Bird Audubon interactions,National Audubon Society,https://www.audubon.org/native-plants
CAND3254,,Waxwings,Birds,broad_guild,,,Bird direct food,nectar,flower nectar,,Food,C - documented broad bird group,Audubon ZIP 78666 / Hays context,0.26,Central Texas Bird Audubon interactions,National Audubon Society,https://www.audubon.org/native-plants
CAND3254,,Wood Warblers,Birds,broad_guild,,,Bird direct food,fruit,fruit,,Food,C - documented broad bird group,Audubon ZIP 78666 / Hays context,0.26,Central Texas Bird Audubon interactions,National Audubon Society,https://www.audubon.org/native-plants
CAND3254,,Wood Warblers,Birds,broad_guild,,,Bird direct food,seed/grain,seed/grain,,Food,C - documented broad bird group,Audubon ZIP 78666 / Hays context,0.26,Central Texas Bird Audubon interactions,National Audubon Society,https://www.audubon.org/native-plants
CAND3254,,Woodpeckers,Birds,broad_guild,,,Bird direct food,seed/grain,seed/grain,,Food,C - documented broad bird group,Audubon ZIP 78666 / Hays context,0.26,Central Texas Bird Audubon interactions,National Audubon Society,https://www.audubon.org/native-plants
CAND3254,,Warblers,Birds,broad_guild,,,Bird direct food,nectar,flower nectar,,Food,C - documented broad bird group,Audubon ZIP 78666 / Hays context,0.26,Central Texas Bird Audubon interactions,National Audubon Society,https://www.audubon.org/native-plants
CAND3254,,Nuthatches,Birds,broad_guild,,,Bird direct food,fruit,fruit,,Food,C - documented broad bird group,Audubon ZIP 78666 / Hays context,0.26,Central Texas Bird Audubon interactions,National Audubon Society,https://www.audubon.org/native-plants
CAND3254,,Nuthatches,Birds,broad_guild,,,Bird direct food,seed/grain,seed/grain,,Food,C - documented broad bird group,Audubon ZIP 78666 / Hays context,0.26,Central Texas Bird Audubon interactions,National Audubon Society,https://www.audubon.org/native-plants
CAND3254,,Nuthatches,Birds,broad_guild,,,Bird direct food,nectar,flower nectar,,Food,C - documented broad bird group,Audubon ZIP 78666 / Hays context,0.26,Central Texas Bird Audubon interactions,National Audubon Society,https://www.audubon.org/native-plants
CAND3254,,Chickadees,Birds,broad_guild,,,Bird direct food,seed/grain,seed/grain,,Food,C - documented broad bird group,Audubon ZIP 78666 / Hays context,0.26,Central Texas Bird Audubon interactions,National Audubon Society,https://www.audubon.org/native-plants
CAND3254,,Crows,Birds,broad_guild,,,Bird direct food,seed/grain,seed/grain,,Food,C - documented broad bird group,Audubon ZIP 78666 / Hays context,0.26,Central Texas Bird Audubon interactions,National Audubon Society,https://www.audubon.org/native-plants
CAND3254,,Buntings,Birds,broad_guild,,,Bird direct food,nectar,flower nectar,,Food,C - documented broad bird group,Audubon ZIP 78666 / Hays context,0.26,Central Texas Bird Audubon interactions,National Audubon Society,https://www.audubon.org/native-plants
CAND3254,,Finches,Birds,broad_guild,,,Bird direct food,nectar,flower nectar,,Food,C - documented broad bird group,Audubon ZIP 78666 / Hays context,0.26,Central Texas Bird Audubon interactions,National Audubon Society,https://www.audubon.org/native-plants
CAND3254,,Grosbeaks,Birds,broad_guild,,,Bird direct food,fruit,fruit,,Food,C - documented broad bird group,Audubon ZIP 78666 / Hays context,0.26,Central Texas Bird Audubon interactions,National Audubon Society,https://www.audubon.org/native-plants
CAND3254,,Buntings,Birds,broad_guild,,,Bird direct food,fruit,fruit,,Food,C - documented broad bird group,Audubon ZIP 78666 / Hays context,0.26,Central Texas Bird Audubon interactions,National Audubon Society,https://www.audubon.org/native-plants
CAND3254,,Buntings,Birds,broad_guild,,,Bird direct food,seed/grain,seed/grain,,Food,C - documented broad bird group,Audubon ZIP 78666 / Hays context,0.26,Central Texas Bird Audubon interactions,National Audubon Society,https://www.audubon.org/native-plants
CAND3254,,Cardinals,Birds,broad_guild,,,Bird direct food,fruit,fruit,,Food,C - documented broad bird group,Audubon ZIP 78666 / Hays context,0.26,Central Texas Bird Audubon interactions,National Audubon Society,https://www.audubon.org/native-plants
CAND3254,,Cardinals,Birds,broad_guild,,,Bird direct food,seed/grain,seed/grain,,Food,C - documented broad bird group,Audubon ZIP 78666 / Hays context,0.26,Central Texas Bird Audubon interactions,National Audubon Society,https://www.audubon.org/native-plants
CAND3254,,Cardinals,Birds,broad_guild,,,Bird direct food,nectar,flower nectar,,Food,C - documented broad bird group,Audubon ZIP 78666 / Hays context,0.26,Central Texas Bird Audubon interactions,National Audubon Society,https://www.audubon.org/native-plants
CAND3254,,Chickadees,Birds,broad_guild,,,Bird direct food,fruit,fruit,,Food,C - documented broad bird group,Audubon ZIP 78666 / Hays context,0.26,Central Texas Bird Audubon interactions,National Audubon Society,https://www.audubon.org/native-plants
CAND3254,,Mockingbirds,Birds,broad_guild,,,Bird direct food,seed/grain,seed/grain,,Food,C - documented broad bird group,Audubon ZIP 78666 / Hays context,0.26,Central Texas Bird Audubon interactions,National Audubon Society,https://www.audubon.org/native-plants
CAND3254,,Titmice,Birds,broad_guild,,,Bird direct food,fruit,fruit,,Food,C - documented broad bird group,Audubon ZIP 78666 / Hays context,0.26,Central Texas Bird Audubon interactions,National Audubon Society,https://www.audubon.org/native-plants
CAND3254,,Sparrows,Birds,broad_guild,,,Bird direct food,seed/grain,seed/grain,,Food,C - documented broad bird group,Audubon ZIP 78666 / Hays context,0.26,Central Texas Bird Audubon interactions,National Audubon Society,https://www.audubon.org/native-plants
CAND3254,,Chickadees,Birds,broad_guild,,,Bird direct food,nectar,flower nectar,,Food,C - documented broad bird group,Audubon ZIP 78666 / Hays context,0.26,Central Texas Bird Audubon interactions,National Audubon Society,https://www.audubon.org/native-plants
CAND3254,,Crows,Birds,broad_guild,,,Bird direct food,fruit,fruit,,Food,C - documented broad bird group,Audubon ZIP 78666 / Hays context,0.26,Central Texas Bird Audubon interactions,National Audubon Society,https://www.audubon.org/native-plants
CAND3254,,Crows,Birds,broad_guild,,,Bird direct food,nectar,flower nectar,,Food,C - documented broad bird group,Audubon ZIP 78666 / Hays context,0.26,Central Texas Bird Audubon interactions,National Audubon Society,https://www.audubon.org/native-plants
CAND3254,,Finches,Birds,broad_guild,,,Bird direct food,fruit,fruit,,Food,C - documented broad bird group,Audubon ZIP 78666 / Hays context,0.26,Central Texas Bird Audubon interactions,National Audubon Society,https://www.audubon.org/native-plants
CAND3254,,Finches,Birds,broad_guild,,,Bird direct food,seed/grain,seed/grain,,Food,C - documented broad bird group,Audubon ZIP 78666 / Hays context,0.26,Central Texas Bird Audubon interactions,National Audubon Society,https://www.audubon.org/native-plants
CAND3254,,Orioles,Birds,broad_guild,,,Bird direct food,nectar,flower nectar,,Food,C - documented broad bird group,Audubon ZIP 78666 / Hays context,0.26,Central Texas Bird Audubon interactions,National Audubon Society,https://www.audubon.org/native-plants
CAND3254,,Sparrows,Birds,broad_guild,,,Bird direct food,fruit,fruit,,Food,C - documented broad bird group,Audubon ZIP 78666 / Hays context,0.26,Central Texas Bird Audubon interactions,National Audubon Society,https://www.audubon.org/native-plants
CAND3254,,Sparrows,Birds,broad_guild,,,Bird direct food,nectar,flower nectar,,Food,C - documented broad bird group,Audubon ZIP 78666 / Hays context,0.26,Central Texas Bird Audubon interactions,National Audubon Society,https://www.audubon.org/native-plants
CAND3254,,Thrashers,Birds,broad_guild,,,Bird direct food,fruit,fruit,,Food,C - documented broad bird group,Audubon ZIP 78666 / Hays context,0.26,Central Texas Bird Audubon interactions,National Audubon Society,https://www.audubon.org/native-plants
CAND3254,,Thrashers,Birds,broad_guild,,,Bird direct food,seed/grain,seed/grain,,Food,C - documented broad bird group,Audubon ZIP 78666 / Hays context,0.26,Central Texas Bird Audubon interactions,National Audubon Society,https://www.audubon.org/native-plants
CAND3254,,Thrashers,Birds,broad_guild,,,Bird direct food,nectar,flower nectar,,Food,C - documented broad bird group,Audubon ZIP 78666 / Hays context,0.26,Central Texas Bird Audubon interactions,National Audubon Society,https://www.audubon.org/native-plants
CAND3254,,Thrushes,Birds,broad_guild,,,Bird direct food,fruit,fruit,,Food,C - documented broad bird group,Audubon ZIP 78666 / Hays context,0.26,Central Texas Bird Audubon interactions,National Audubon Society,https://www.audubon.org/native-plants
CAND3254,,Mockingbirds,Birds,broad_guild,,,Bird direct food,fruit,fruit,,Food,C - documented broad bird group,Audubon ZIP 78666 / Hays context,0.26,Central Texas Bird Audubon interactions,National Audubon Society,https://www.audubon.org/native-plants
CAND3765,,Cardinals,Birds,broad_guild,,,Bird direct food,seed/grain,seed/grain,,Food,C - documented broad bird group,Audubon ZIP 78666 / Hays context,0.26,Central Texas Bird Audubon interactions,National Audubon Society,https://www.audubon.org/native-plants
CAND3765,,Cardinals,Birds,broad_guild,,,Bird direct food,nectar,flower nectar,,Food,C - documented broad bird group,Audubon ZIP 78666 / Hays context,0.26,Central Texas Bird Audubon interactions,National Audubon Society,https://www.audubon.org/native-plants
CAND3765,,Chickadees,Birds,broad_guild,,,Bird direct food,fruit,fruit,,Food,C - documented broad bird group,Audubon ZIP 78666 / Hays context,0.26,Central Texas Bird Audubon interactions,National Audubon Society,https://www.audubon.org/native-plants
CAND3765,,Chickadees,Birds,broad_guild,,,Bird direct food,seed/grain,seed/grain,,Food,C - documented broad bird group,Audubon ZIP 78666 / Hays context,0.26,Central Texas Bird Audubon interactions,National Audubon Society,https://www.audubon.org/native-plants
CAND3765,,Chickadees,Birds,broad_guild,,,Bird direct food,nectar,flower nectar,,Food,C - documented broad bird group,Audubon ZIP 78666 / Hays context,0.26,Central Texas Bird Audubon interactions,National Audubon Society,https://www.audubon.org/native-plants
CAND3765,,Cardinals,Birds,broad_guild,,,Bird direct food,fruit,fruit,,Food,C - documented broad bird group,Audubon ZIP 78666 / Hays context,0.26,Central Texas Bird Audubon interactions,National Audubon Society,https://www.audubon.org/native-plants
CAND3765,,Thrushes,Birds,broad_guild,,,Bird direct food,fruit,fruit,,Food,C - documented broad bird group,Audubon ZIP 78666 / Hays context,0.26,Central Texas Bird Audubon interactions,National Audubon Society,https://www.audubon.org/native-plants
CAND3765,,Thrushes,Birds,broad_guild,,,Bird direct food,seed/grain,seed/grain,,Food,C - documented broad bird group,Audubon ZIP 78666 / Hays context,0.26,Central Texas Bird Audubon interactions,National Audubon Society,https://www.audubon.org/native-plants
CAND3765,,Thrushes,Birds,broad_guild,,,Bird direct food,nectar,flower nectar,,Food,C - documented broad bird group,Audubon ZIP 78666 / Hays context,0.26,Central Texas Bird Audubon interactions,National Audubon Society,https://www.audubon.org/native-plants
CAND3765,,Buntings,Birds,broad_guild,,,Bird direct food,fruit,fruit,,Food,C - documented broad bird group,Audubon ZIP 78666 / Hays context,0.26,Central Texas Bird Audubon interactions,National Audubon Society,https://www.audubon.org/native-plants
CAND3765,,Hummingbirds,Birds,broad_guild,,,Bird direct food,fruit,fruit,,Food,C - documented broad bird group,Audubon ZIP 78666 / Hays context,0.26,Central Texas Bird Audubon interactions,National Audubon Society,https://www.audubon.org/native-plants
CAND3765,,Buntings,Birds,broad_guild,,,Bird direct food,nectar,flower nectar,,Food,C - documented broad bird group,Audubon ZIP 78666 / Hays context,0.26,Central Texas Bird Audubon interactions,National Audubon Society,https://www.audubon.org/native-plants
CAND3765,,Crows,Birds,broad_guild,,,Bird direct food,fruit,fruit,,Food,C - documented broad bird group,Audubon ZIP 78666 / Hays context,0.26,Central Texas Bird Audubon interactions,National Audubon Society,https://www.audubon.org/native-plants
CAND3765,,Mockingbirds,Birds,broad_guild,,,Bird direct food,fruit,fruit,,Food,C - documented broad bird group,Audubon ZIP 78666 / Hays context,0.26,Central Texas Bird Audubon interactions,National Audubon Society,https://www.audubon.org/native-plants
CAND3765,,Mockingbirds,Birds,broad_guild,,,Bird direct food,seed/grain,seed/grain,,Food,C - documented broad bird group,Audubon ZIP 78666 / Hays context,0.26,Central Texas Bird Audubon interactions,National Audubon Society,https://www.audubon.org/native-plants
CAND3765,,Titmice,Birds,broad_guild,,,Bird direct food,fruit,fruit,,Food,C - documented broad bird group,Audubon ZIP 78666 / Hays context,0.26,Central Texas Bird Audubon interactions,National Audubon Society,https://www.audubon.org/native-plants
CAND3765,,Crows,Birds,broad_guild,,,Bird direct food,nectar,flower nectar,,Food,C - documented broad bird group,Audubon ZIP 78666 / Hays context,0.26,Central Texas Bird Audubon interactions,National Audubon Society,https://www.audubon.org/native-plants
CAND3765,,Finches,Birds,broad_guild,,,Bird direct food,fruit,fruit,,Food,C - documented broad bird group,Audubon ZIP 78666 / Hays context,0.26,Central Texas Bird Audubon interactions,National Audubon Society,https://www.audubon.org/native-plants
CAND3765,,Finches,Birds,broad_guild,,,Bird direct food,seed/grain,seed/grain,,Food,C - documented broad bird group,Audubon ZIP 78666 / Hays context,0.26,Central Texas Bird Audubon interactions,National Audubon Society,https://www.audubon.org/native-plants
CAND3765,,Finches,Birds,broad_guild,,,Bird direct food,nectar,flower nectar,,Food,C - documented broad bird group,Audubon ZIP 78666 / Hays context,0.26,Central Texas Bird Audubon interactions,National Audubon Society,https://www.audubon.org/native-plants
CAND3765,,Grosbeaks,Birds,broad_guild,,,Bird direct food,fruit,fruit,,Food,C - documented broad bird group,Audubon ZIP 78666 / Hays context,0.26,Central Texas Bird Audubon interactions,National Audubon Society,https://www.audubon.org/native-plants
CAND3765,,Orioles,Birds,broad_guild,,,Bird direct food,nectar,flower nectar,,Food,C - documented broad bird group,Audubon ZIP 78666 / Hays context,0.26,Central Texas Bird Audubon interactions,National Audubon Society,https://www.audubon.org/native-plants
CAND3765,,Sparrows,Birds,broad_guild,,,Bird direct food,fruit,fruit,,Food,C - documented broad bird group,Audubon ZIP 78666 / Hays context,0.26,Central Texas Bird Audubon interactions,National Audubon Society,https://www.audubon.org/native-plants
CAND3765,,Warblers,Birds,broad_guild,,,Bird direct food,nectar,flower nectar,,Food,C - documented broad bird group,Audubon ZIP 78666 / Hays context,0.26,Central Texas Bird Audubon interactions,National Audubon Society,https://www.audubon.org/native-plants
CAND3765,,Hummingbirds,Birds,broad_guild,,,Bird direct food,seed/grain,seed/grain,,Food,C - documented broad bird group,Audubon ZIP 78666 / Hays context,0.26,Central Texas Bird Audubon interactions,National Audubon Society,https://www.audubon.org/native-plants
CAND3765,,Hummingbirds,Birds,broad_guild,,,Bird direct food,nectar,flower nectar,,Food,C - documented broad bird group,Audubon ZIP 78666 / Hays context,0.26,Central Texas Bird Audubon interactions,National Audubon Society,https://www.audubon.org/native-plants
CAND3765,,Jays,Birds,broad_guild,,,Bird direct food,fruit,fruit,,Food,C - documented broad bird group,Audubon ZIP 78666 / Hays context,0.26,Central Texas Bird Audubon interactions,National Audubon Society,https://www.audubon.org/native-plants
CAND3765,,Jays,Birds,broad_guild,,,Bird direct food,seed/grain,seed/grain,,Food,C - documented broad bird group,Audubon ZIP 78666 / Hays context,0.26,Central Texas Bird Audubon interactions,National Audubon Society,https://www.audubon.org/native-plants
CAND3765,,Jays,Birds,broad_guild,,,Bird direct food,nectar,flower nectar,,Food,C - documented broad bird group,Audubon ZIP 78666 / Hays context,0.26,Central Texas Bird Audubon interactions,National Audubon Society,https://www.audubon.org/native-plants
CAND3765,,Warblers,Birds,broad_guild,,,Bird direct food,fruit,fruit,,Food,C - documented broad bird group,Audubon ZIP 78666 / Hays context,0.26,Central Texas Bird Audubon interactions,National Audubon Society,https://www.audubon.org/native-plants
CAND3765,,Warblers,Birds,broad_guild,,,Bird direct food,seed/grain,seed/grain,,Food,C - documented broad bird group,Audubon ZIP 78666 / Hays context,0.26,Central Texas Bird Audubon interactions,National Audubon Society,https://www.audubon.org/native-plants
CAND3765,,Woodpeckers,Birds,broad_guild,,,Bird direct food,seed/grain,seed/grain,,Food,C - documented broad bird group,Audubon ZIP 78666 / Hays context,0.26,Central Texas Bird Audubon interactions,National Audubon Society,https://www.audubon.org/native-plants
CAND3765,,Nuthatches,Birds,broad_guild,,,Bird direct food,fruit,fruit,,Food,C - documented broad bird group,Audubon ZIP 78666 / Hays context,0.26,Central Texas Bird Audubon interactions,National Audubon Society,https://www.audubon.org/native-plants
CAND3765,,Nuthatches,Birds,broad_guild,,,Bird direct food,seed/grain,seed/grain,,Food,C - documented broad bird group,Audubon ZIP 78666 / Hays context,0.26,Central Texas Bird Audubon interactions,National Audubon Society,https://www.audubon.org/native-plants
CAND3765,,Nuthatches,Birds,broad_guild,,,Bird direct food,nectar,flower nectar,,Food,C - documented broad bird group,Audubon ZIP 78666 / Hays context,0.26,Central Texas Bird Audubon interactions,National Audubon Society,https://www.audubon.org/native-plants
CAND3765,,Orioles,Birds,broad_guild,,,Bird direct food,fruit,fruit,,Food,C - documented broad bird group,Audubon ZIP 78666 / Hays context,0.26,Central Texas Bird Audubon interactions,National Audubon Society,https://www.audubon.org/native-plants
CAND3765,,Orioles,Birds,broad_guild,,,Bird direct food,seed/grain,seed/grain,,Food,C - documented broad bird group,Audubon ZIP 78666 / Hays context,0.26,Central Texas Bird Audubon interactions,National Audubon Society,https://www.audubon.org/native-plants
CAND3765,,Buntings,Birds,broad_guild,,,Bird direct food,seed/grain,seed/grain,,Food,C - documented broad bird group,Audubon ZIP 78666 / Hays context,0.26,Central Texas Bird Audubon interactions,National Audubon Society,https://www.audubon.org/native-plants
CAND3765,,Sparrows,Birds,broad_guild,,,Bird direct food,nectar,flower nectar,,Food,C - documented broad bird group,Audubon ZIP 78666 / Hays context,0.26,Central Texas Bird Audubon interactions,National Audubon Society,https://www.audubon.org/native-plants
CAND3765,,Thrashers,Birds,broad_guild,,,Bird direct food,fruit,fruit,,Food,C - documented broad bird group,Audubon ZIP 78666 / Hays context,0.26,Central Texas Bird Audubon interactions,National Audubon Society,https://www.audubon.org/native-plants
CAND3765,,Thrashers,Birds,broad_guild,,,Bird direct food,seed/grain,seed/grain,,Food,C - documented broad bird group,Audubon ZIP 78666 / Hays context,0.26,Central Texas Bird Audubon interactions,National Audubon Society,https://www.audubon.org/native-plants
CAND3765,,Thrashers,Birds,broad_guild,,,Bird direct food,nectar,flower nectar,,Food,C - documented broad bird group,Audubon ZIP 78666 / Hays context,0.26,Central Texas Bird Audubon interactions,National Audubon Society,https://www.audubon.org/native-plants
CAND3765,,Waxwings,Birds,broad_guild,,,Bird direct food,nectar,flower nectar,,Food,C - documented broad bird group,Audubon ZIP 78666 / Hays context,0.26,Central Texas Bird Audubon interactions,National Audubon Society,https://www.audubon.org/native-plants
CAND3765,,Wood Warblers,Birds,broad_guild,,,Bird direct food,fruit,fruit,,Food,C - documented broad bird group,Audubon ZIP 78666 / Hays context,0.26,Central Texas Bird Audubon interactions,National Audubon Society,https://www.audubon.org/native-plants
CAND3765,,Wood Warblers,Birds,broad_guild,,,Bird direct food,seed/grain,seed/grain,,Food,C - documented broad bird group,Audubon ZIP 78666 / Hays context,0.26,Central Texas Bird Audubon interactions,National Audubon Society,https://www.audubon.org/native-plants
CAND3765,,Wood Warblers,Birds,broad_guild,,,Bird direct food,nectar,flower nectar,,Food,C - documented broad bird group,Audubon ZIP 78666 / Hays context,0.26,Central Texas Bird Audubon interactions,National Audubon Society,https://www.audubon.org/native-plants
CAND3765,,Woodpeckers,Birds,broad_guild,,,Bird direct food,fruit,fruit,,Food,C - documented broad bird group,Audubon ZIP 78666 / Hays context,0.26,Central Texas Bird Audubon interactions,National Audubon Society,https://www.audubon.org/native-plants
CAND3765,,Titmice,Birds,broad_guild,,,Bird direct food,seed/grain,seed/grain,,Food,C - documented broad bird group,Audubon ZIP 78666 / Hays context,0.26,Central Texas Bird Audubon interactions,National Audubon Society,https://www.audubon.org/native-plants
CAND3765,,Titmice,Birds,broad_guild,,,Bird direct food,nectar,flower nectar,,Food,C - documented broad bird group,Audubon ZIP 78666 / Hays context,0.26,Central Texas Bird Audubon interactions,National Audubon Society,https://www.audubon.org/native-plants
CAND3765,,Vireos,Birds,broad_guild,,,Bird direct food,fruit,fruit,,Food,C - documented broad bird group,Audubon ZIP 78666 / Hays context,0.26,Central Texas Bird Audubon interactions,National Audubon Society,https://www.audubon.org/native-plants
CAND3765,,Woodpeckers,Birds,broad_guild,,,Bird direct food,nectar,flower nectar,,Food,C - documented broad bird group,Audubon ZIP 78666 / Hays context,0.26,Central Texas Bird Audubon interactions,National Audubon Society,https://www.audubon.org/native-plants
CAND3765,,Wrens,Birds,broad_guild,,,Bird direct food,fruit,fruit,,Food,C - documented broad bird group,Audubon ZIP 78666 / Hays context,0.26,Central Texas Bird Audubon interactions,National Audubon Society,https://www.audubon.org/native-plants
CAND3765,,Wrens,Birds,broad_guild,,,Bird direct food,seed/grain,seed/grain,,Food,C - documented broad bird group,Audubon ZIP 78666 / Hays context,0.26,Central Texas Bird Audubon interactions,National Audubon Society,https://www.audubon.org/native-plants
CAND3765,,Wrens,Birds,broad_guild,,,Bird direct food,nectar,flower nectar,,Food,C - documented broad bird group,Audubon ZIP 78666 / Hays context,0.26,Central Texas Bird Audubon interactions,National Audubon Society,https://www.audubon.org/native-plants
CAND3765,,Waxwings,Birds,broad_guild,,,Bird direct food,fruit,fruit,,Food,C - documented broad bird group,Audubon ZIP 78666 / Hays context,0.26,Central Texas Bird Audubon interactions,National Audubon Society,https://www.audubon.org/native-plants
CAND3765,,Waxwings,Birds,broad_guild,,,Bird direct food,seed/grain,seed/grain,,Food,C - documented broad bird group,Audubon ZIP 78666 / Hays context,0.26,Central Texas Bird Audubon interactions,National Audubon Society,https://www.audubon.org/native-plants
CAND3765,,Grosbeaks,Birds,broad_guild,,,Bird direct food,seed/grain,seed/grain,,Food,C - documented broad bird group,Audubon ZIP 78666 / Hays context,0.26,Central Texas Bird Audubon interactions,National Audubon Society,https://www.audubon.org/native-plants
CAND3765,,Grosbeaks,Birds,broad_guild,,,Bird direct food,nectar,flower nectar,,Food,C - documented broad bird group,Audubon ZIP 78666 / Hays context,0.26,Central Texas Bird Audubon interactions,National Audubon Society,https://www.audubon.org/native-plants
CAND3765,,Sparrows,Birds,broad_guild,,,Bird direct food,seed/grain,seed/grain,,Food,C - documented broad bird group,Audubon ZIP 78666 / Hays context,0.26,Central Texas Bird Audubon interactions,National Audubon Society,https://www.audubon.org/native-plants
CAND3765,,Mockingbirds,Birds,broad_guild,,,Bird direct food,nectar,flower nectar,,Food,C - documented broad bird group,Audubon ZIP 78666 / Hays context,0.26,Central Texas Bird Audubon interactions,National Audubon Society,https://www.audubon.org/native-plants
CAND3765,,Crows,Birds,broad_guild,,,Bird direct food,seed/grain,seed/grain,,Food,C - documented broad bird group,Audubon ZIP 78666 / Hays context,0.26,Central Texas Bird Audubon interactions,National Audubon Society,https://www.audubon.org/native-plants
CAND3765,,Vireos,Birds,broad_guild,,,Bird direct food,seed/grain,seed/grain,,Food,C - documented broad bird group,Audubon ZIP 78666 / Hays context,0.26,Central Texas Bird Audubon interactions,National Audubon Society,https://www.audubon.org/native-plants
CAND3765,,Vireos,Birds,broad_guild,,,Bird direct food,nectar,flower nectar,,Food,C - documented broad bird group,Audubon ZIP 78666 / Hays context,0.26,Central Texas Bird Audubon interactions,National Audubon Society,https://www.audubon.org/native-plants
CAND3813,,Wrens,Birds,broad_guild,,,Bird direct food,fruit,fruit,,Food,C - documented broad bird group,Audubon ZIP 78666 / Hays context,0.14,Central Texas Bird Audubon interactions,National Audubon Society,https://www.audubon.org/native-plants
CAND3813,,Wrens,Birds,broad_guild,,,Bird direct food,seed/grain,seed/grain,,Food,C - documented broad bird group,Audubon ZIP 78666 / Hays context,0.14,Central Texas Bird Audubon interactions,National Audubon Society,https://www.audubon.org/native-plants
CAND3813,,Wrens,Birds,broad_guild,,,Bird direct food,nectar,flower nectar,,Food,C - documented broad bird group,Audubon ZIP 78666 / Hays context,0.14,Central Texas Bird Audubon interactions,National Audubon Society,https://www.audubon.org/native-plants
CAND3813,,Woodpeckers,Birds,broad_guild,,,Bird direct food,nectar,flower nectar,,Food,C - documented broad bird group,Audubon ZIP 78666 / Hays context,0.14,Central Texas Bird Audubon interactions,National Audubon Society,https://www.audubon.org/native-plants
CAND3813,,Woodpeckers,Birds,broad_guild,,,Bird direct food,seed/grain,seed/grain,,Food,C - documented broad bird group,Audubon ZIP 78666 / Hays context,0.14,Central Texas Bird Audubon interactions,National Audubon Society,https://www.audubon.org/native-plants
CAND3813,,Warblers,Birds,broad_guild,,,Bird direct food,nectar,flower nectar,,Food,C - documented broad bird group,Audubon ZIP 78666 / Hays context,0.14,Central Texas Bird Audubon interactions,National Audubon Society,https://www.audubon.org/native-plants
CAND3813,,Waxwings,Birds,broad_guild,,,Bird direct food,fruit,fruit,,Food,C - documented broad bird group,Audubon ZIP 78666 / Hays context,0.14,Central Texas Bird Audubon interactions,National Audubon Society,https://www.audubon.org/native-plants
CAND3813,,Waxwings,Birds,broad_guild,,,Bird direct food,seed/grain,seed/grain,,Food,C - documented broad bird group,Audubon ZIP 78666 / Hays context,0.14,Central Texas Bird Audubon interactions,National Audubon Society,https://www.audubon.org/native-plants
CAND3813,,Waxwings,Birds,broad_guild,,,Bird direct food,nectar,flower nectar,,Food,C - documented broad bird group,Audubon ZIP 78666 / Hays context,0.14,Central Texas Bird Audubon interactions,National Audubon Society,https://www.audubon.org/native-plants
CAND3813,,Wood Warblers,Birds,broad_guild,,,Bird direct food,fruit,fruit,,Food,C - documented broad bird group,Audubon ZIP 78666 / Hays context,0.14,Central Texas Bird Audubon interactions,National Audubon Society,https://www.audubon.org/native-plants
CAND3813,,Wood Warblers,Birds,broad_guild,,,Bird direct food,seed/grain,seed/grain,,Food,C - documented broad bird group,Audubon ZIP 78666 / Hays context,0.14,Central Texas Bird Audubon interactions,National Audubon Society,https://www.audubon.org/native-plants
CAND3813,,Wood Warblers,Birds,broad_guild,,,Bird direct food,nectar,flower nectar,,Food,C - documented broad bird group,Audubon ZIP 78666 / Hays context,0.14,Central Texas Bird Audubon interactions,National Audubon Society,https://www.audubon.org/native-plants
CAND3813,,Woodpeckers,Birds,broad_guild,,,Bird direct food,fruit,fruit,,Food,C - documented broad bird group,Audubon ZIP 78666 / Hays context,0.14,Central Texas Bird Audubon interactions,National Audubon Society,https://www.audubon.org/native-plants
CAND3813,,Vireos,Birds,broad_guild,,,Bird direct food,fruit,fruit,,Food,C - documented broad bird group,Audubon ZIP 78666 / Hays context,0.14,Central Texas Bird Audubon interactions,National Audubon Society,https://www.audubon.org/native-plants
CAND3813,,Vireos,Birds,broad_guild,,,Bird direct food,seed/grain,seed/grain,,Food,C - documented broad bird group,Audubon ZIP 78666 / Hays context,0.14,Central Texas Bird Audubon interactions,National Audubon Society,https://www.audubon.org/native-plants
CAND3813,,Vireos,Birds,broad_guild,,,Bird direct food,nectar,flower nectar,,Food,C - documented broad bird group,Audubon ZIP 78666 / Hays context,0.14,Central Texas Bird Audubon interactions,National Audubon Society,https://www.audubon.org/native-plants
CAND3813,,Warblers,Birds,broad_guild,,,Bird direct food,fruit,fruit,,Food,C - documented broad bird group,Audubon ZIP 78666 / Hays context,0.14,Central Texas Bird Audubon interactions,National Audubon Society,https://www.audubon.org/native-plants
CAND3813,,Warblers,Birds,broad_guild,,,Bird direct food,seed/grain,seed/grain,,Food,C - documented broad bird group,Audubon ZIP 78666 / Hays context,0.14,Central Texas Bird Audubon interactions,National Audubon Society,https://www.audubon.org/native-plants
CAND3813,,Thrashers,Birds,broad_guild,,,Bird direct food,seed/grain,seed/grain,,Food,C - documented broad bird group,Audubon ZIP 78666 / Hays context,0.14,Central Texas Bird Audubon interactions,National Audubon Society,https://www.audubon.org/native-plants
CAND3813,,Thrashers,Birds,broad_guild,,,Bird direct food,nectar,flower nectar,,Food,C - documented broad bird group,Audubon ZIP 78666 / Hays context,0.14,Central Texas Bird Audubon interactions,National Audubon Society,https://www.audubon.org/native-plants
CAND3813,,Thrushes,Birds,broad_guild,,,Bird direct food,fruit,fruit,,Food,C - documented broad bird group,Audubon ZIP 78666 / Hays context,0.14,Central Texas Bird Audubon interactions,National Audubon Society,https://www.audubon.org/native-plants
CAND3813,,Thrushes,Birds,broad_guild,,,Bird direct food,seed/grain,seed/grain,,Food,C - documented broad bird group,Audubon ZIP 78666 / Hays context,0.14,Central Texas Bird Audubon interactions,National Audubon Society,https://www.audubon.org/native-plants
CAND3813,,Thrushes,Birds,broad_guild,,,Bird direct food,nectar,flower nectar,,Food,C - documented broad bird group,Audubon ZIP 78666 / Hays context,0.14,Central Texas Bird Audubon interactions,National Audubon Society,https://www.audubon.org/native-plants
CAND3813,,Titmice,Birds,broad_guild,,,Bird direct food,fruit,fruit,,Food,C - documented broad bird group,Audubon ZIP 78666 / Hays context,0.14,Central Texas Bird Audubon interactions,National Audubon Society,https://www.audubon.org/native-plants
CAND3813,,Titmice,Birds,broad_guild,,,Bird direct food,seed/grain,seed/grain,,Food,C - documented broad bird group,Audubon ZIP 78666 / Hays context,0.14,Central Texas Bird Audubon interactions,National Audubon Society,https://www.audubon.org/native-plants
CAND3813,,Titmice,Birds,broad_guild,,,Bird direct food,nectar,flower nectar,,Food,C - documented broad bird group,Audubon ZIP 78666 / Hays context,0.14,Central Texas Bird Audubon interactions,National Audubon Society,https://www.audubon.org/native-plants
CAND3813,,Nuthatches,Birds,broad_guild,,,Bird direct food,nectar,flower nectar,,Food,C - documented broad bird group,Audubon ZIP 78666 / Hays context,0.14,Central Texas Bird Audubon interactions,National Audubon Society,https://www.audubon.org/native-plants
CAND3813,,Orioles,Birds,broad_guild,,,Bird direct food,fruit,fruit,,Food,C - documented broad bird group,Audubon ZIP 78666 / Hays context,0.14,Central Texas Bird Audubon interactions,National Audubon Society,https://www.audubon.org/native-plants
CAND3813,,Orioles,Birds,broad_guild,,,Bird direct food,seed/grain,seed/grain,,Food,C - documented broad bird group,Audubon ZIP 78666 / Hays context,0.14,Central Texas Bird Audubon interactions,National Audubon Society,https://www.audubon.org/native-plants
CAND3813,,Orioles,Birds,broad_guild,,,Bird direct food,nectar,flower nectar,,Food,C - documented broad bird group,Audubon ZIP 78666 / Hays context,0.14,Central Texas Bird Audubon interactions,National Audubon Society,https://www.audubon.org/native-plants
CAND3813,,Sparrows,Birds,broad_guild,,,Bird direct food,fruit,fruit,,Food,C - documented broad bird group,Audubon ZIP 78666 / Hays context,0.14,Central Texas Bird Audubon interactions,National Audubon Society,https://www.audubon.org/native-plants
CAND3813,,Sparrows,Birds,broad_guild,,,Bird direct food,seed/grain,seed/grain,,Food,C - documented broad bird group,Audubon ZIP 78666 / Hays context,0.14,Central Texas Bird Audubon interactions,National Audubon Society,https://www.audubon.org/native-plants
CAND3813,,Sparrows,Birds,broad_guild,,,Bird direct food,nectar,flower nectar,,Food,C - documented broad bird group,Audubon ZIP 78666 / Hays context,0.14,Central Texas Bird Audubon interactions,National Audubon Society,https://www.audubon.org/native-plants
CAND3813,,Thrashers,Birds,broad_guild,,,Bird direct food,fruit,fruit,,Food,C - documented broad bird group,Audubon ZIP 78666 / Hays context,0.14,Central Texas Bird Audubon interactions,National Audubon Society,https://www.audubon.org/native-plants
CAND3813,,Jays,Birds,broad_guild,,,Bird direct food,fruit,fruit,,Food,C - documented broad bird group,Audubon ZIP 78666 / Hays context,0.14,Central Texas Bird Audubon interactions,National Audubon Society,https://www.audubon.org/native-plants
CAND3813,,Jays,Birds,broad_guild,,,Bird direct food,seed/grain,seed/grain,,Food,C - documented broad bird group,Audubon ZIP 78666 / Hays context,0.14,Central Texas Bird Audubon interactions,National Audubon Society,https://www.audubon.org/native-plants
CAND3813,,Jays,Birds,broad_guild,,,Bird direct food,nectar,flower nectar,,Food,C - documented broad bird group,Audubon ZIP 78666 / Hays context,0.14,Central Texas Bird Audubon interactions,National Audubon Society,https://www.audubon.org/native-plants
CAND3813,,Mockingbirds,Birds,broad_guild,,,Bird direct food,fruit,fruit,,Food,C - documented broad bird group,Audubon ZIP 78666 / Hays context,0.14,Central Texas Bird Audubon interactions,National Audubon Society,https://www.audubon.org/native-plants
CAND3813,,Mockingbirds,Birds,broad_guild,,,Bird direct food,seed/grain,seed/grain,,Food,C - documented broad bird group,Audubon ZIP 78666 / Hays context,0.14,Central Texas Bird Audubon interactions,National Audubon Society,https://www.audubon.org/native-plants
CAND3813,,Mockingbirds,Birds,broad_guild,,,Bird direct food,nectar,flower nectar,,Food,C - documented broad bird group,Audubon ZIP 78666 / Hays context,0.14,Central Texas Bird Audubon interactions,National Audubon Society,https://www.audubon.org/native-plants
CAND3813,,Nuthatches,Birds,broad_guild,,,Bird direct food,fruit,fruit,,Food,C - documented broad bird group,Audubon ZIP 78666 / Hays context,0.14,Central Texas Bird Audubon interactions,National Audubon Society,https://www.audubon.org/native-plants
CAND3813,,Nuthatches,Birds,broad_guild,,,Bird direct food,seed/grain,seed/grain,,Food,C - documented broad bird group,Audubon ZIP 78666 / Hays context,0.14,Central Texas Bird Audubon interactions,National Audubon Society,https://www.audubon.org/native-plants
CAND3813,,Finches,Birds,broad_guild,,,Bird direct food,seed/grain,seed/grain,,Food,C - documented broad bird group,Audubon ZIP 78666 / Hays context,0.14,Central Texas Bird Audubon interactions,National Audubon Society,https://www.audubon.org/native-plants
CAND3813,,Finches,Birds,broad_guild,,,Bird direct food,nectar,flower nectar,,Food,C - documented broad bird group,Audubon ZIP 78666 / Hays context,0.14,Central Texas Bird Audubon interactions,National Audubon Society,https://www.audubon.org/native-plants
CAND3813,,Grosbeaks,Birds,broad_guild,,,Bird direct food,fruit,fruit,,Food,C - documented broad bird group,Audubon ZIP 78666 / Hays context,0.14,Central Texas Bird Audubon interactions,National Audubon Society,https://www.audubon.org/native-plants
CAND3813,,Grosbeaks,Birds,broad_guild,,,Bird direct food,seed/grain,seed/grain,,Food,C - documented broad bird group,Audubon ZIP 78666 / Hays context,0.14,Central Texas Bird Audubon interactions,National Audubon Society,https://www.audubon.org/native-plants
CAND3813,,Grosbeaks,Birds,broad_guild,,,Bird direct food,nectar,flower nectar,,Food,C - documented broad bird group,Audubon ZIP 78666 / Hays context,0.14,Central Texas Bird Audubon interactions,National Audubon Society,https://www.audubon.org/native-plants
CAND3813,,Hummingbirds,Birds,broad_guild,,,Bird direct food,fruit,fruit,,Food,C - documented broad bird group,Audubon ZIP 78666 / Hays context,0.14,Central Texas Bird Audubon interactions,National Audubon Society,https://www.audubon.org/native-plants
CAND3813,,Hummingbirds,Birds,broad_guild,,,Bird direct food,seed/grain,seed/grain,,Food,C - documented broad bird group,Audubon ZIP 78666 / Hays context,0.14,Central Texas Bird Audubon interactions,National Audubon Society,https://www.audubon.org/native-plants
CAND3813,,Hummingbirds,Birds,broad_guild,,,Bird direct food,nectar,flower nectar,,Food,C - documented broad bird group,Audubon ZIP 78666 / Hays context,0.14,Central Texas Bird Audubon interactions,National Audubon Society,https://www.audubon.org/native-plants
CAND3813,,Chickadees,Birds,broad_guild,,,Bird direct food,nectar,flower nectar,,Food,C - documented broad bird group,Audubon ZIP 78666 / Hays context,0.14,Central Texas Bird Audubon interactions,National Audubon Society,https://www.audubon.org/native-plants
CAND3813,,Crows,Birds,broad_guild,,,Bird direct food,fruit,fruit,,Food,C - documented broad bird group,Audubon ZIP 78666 / Hays context,0.14,Central Texas Bird Audubon interactions,National Audubon Society,https://www.audubon.org/native-plants
CAND3813,,Crows,Birds,broad_guild,,,Bird direct food,seed/grain,seed/grain,,Food,C - documented broad bird group,Audubon ZIP 78666 / Hays context,0.14,Central Texas Bird Audubon interactions,National Audubon Society,https://www.audubon.org/native-plants
CAND3813,,Crows,Birds,broad_guild,,,Bird direct food,nectar,flower nectar,,Food,C - documented broad bird group,Audubon ZIP 78666 / Hays context,0.14,Central Texas Bird Audubon interactions,National Audubon Society,https://www.audubon.org/native-plants
CAND3813,,Finches,Birds,broad_guild,,,Bird direct food,fruit,fruit,,Food,C - documented broad bird group,Audubon ZIP 78666 / Hays context,0.14,Central Texas Bird Audubon interactions,National Audubon Society,https://www.audubon.org/native-plants
CAND3813,,Buntings,Birds,broad_guild,,,Bird direct food,fruit,fruit,,Food,C - documented broad bird group,Audubon ZIP 78666 / Hays context,0.14,Central Texas Bird Audubon interactions,National Audubon Society,https://www.audubon.org/native-plants
CAND3813,,Buntings,Birds,broad_guild,,,Bird direct food,seed/grain,seed/grain,,Food,C - documented broad bird group,Audubon ZIP 78666 / Hays context,0.14,Central Texas Bird Audubon interactions,National Audubon Society,https://www.audubon.org/native-plants
CAND3813,,Buntings,Birds,broad_guild,,,Bird direct food,nectar,flower nectar,,Food,C - documented broad bird group,Audubon ZIP 78666 / Hays context,0.14,Central Texas Bird Audubon interactions,National Audubon Society,https://www.audubon.org/native-plants
CAND3813,,Cardinals,Birds,broad_guild,,,Bird direct food,fruit,fruit,,Food,C - documented broad bird group,Audubon ZIP 78666 / Hays context,0.14,Central Texas Bird Audubon interactions,National Audubon Society,https://www.audubon.org/native-plants
CAND3813,,Cardinals,Birds,broad_guild,,,Bird direct food,seed/grain,seed/grain,,Food,C - documented broad bird group,Audubon ZIP 78666 / Hays context,0.14,Central Texas Bird Audubon interactions,National Audubon Society,https://www.audubon.org/native-plants
CAND3813,,Cardinals,Birds,broad_guild,,,Bird direct food,nectar,flower nectar,,Food,C - documented broad bird group,Audubon ZIP 78666 / Hays context,0.14,Central Texas Bird Audubon interactions,National Audubon Society,https://www.audubon.org/native-plants
CAND3813,,Chickadees,Birds,broad_guild,,,Bird direct food,fruit,fruit,,Food,C - documented broad bird group,Audubon ZIP 78666 / Hays context,0.14,Central Texas Bird Audubon interactions,National Audubon Society,https://www.audubon.org/native-plants
CAND3813,,Chickadees,Birds,broad_guild,,,Bird direct food,seed/grain,seed/grain,,Food,C - documented broad bird group,Audubon ZIP 78666 / Hays context,0.14,Central Texas Bird Audubon interactions,National Audubon Society,https://www.audubon.org/native-plants
CAND3956,,Chickadees,Birds,broad_guild,,,Bird direct food,seed/grain,seed/grain,,Food,C - documented broad bird group,Audubon ZIP 78666 / Hays context,0.26,Central Texas Bird Audubon interactions,National Audubon Society,https://www.audubon.org/native-plants
CAND3956,,Wood Warblers,Birds,broad_guild,,,Bird direct food,nectar,flower nectar,,Food,C - documented broad bird group,Audubon ZIP 78666 / Hays context,0.26,Central Texas Bird Audubon interactions,National Audubon Society,https://www.audubon.org/native-plants
CAND3956,,Finches,Birds,broad_guild,,,Bird direct food,seed/grain,seed/grain,,Food,C - documented broad bird group,Audubon ZIP 78666 / Hays context,0.26,Central Texas Bird Audubon interactions,National Audubon Society,https://www.audubon.org/native-plants
CAND3956,,Cardinals,Birds,broad_guild,,,Bird direct food,nectar,flower nectar,,Food,C - documented broad bird group,Audubon ZIP 78666 / Hays context,0.26,Central Texas Bird Audubon interactions,National Audubon Society,https://www.audubon.org/native-plants
CAND3956,,Buntings,Birds,broad_guild,,,Bird direct food,seed/grain,seed/grain,,Food,C - documented broad bird group,Audubon ZIP 78666 / Hays context,0.26,Central Texas Bird Audubon interactions,National Audubon Society,https://www.audubon.org/native-plants
CAND3956,,Buntings,Birds,broad_guild,,,Bird direct food,nectar,flower nectar,,Food,C - documented broad bird group,Audubon ZIP 78666 / Hays context,0.26,Central Texas Bird Audubon interactions,National Audubon Society,https://www.audubon.org/native-plants
CAND3956,,Cardinals,Birds,broad_guild,,,Bird direct food,fruit,fruit,,Food,C - documented broad bird group,Audubon ZIP 78666 / Hays context,0.26,Central Texas Bird Audubon interactions,National Audubon Society,https://www.audubon.org/native-plants
CAND3956,,Cardinals,Birds,broad_guild,,,Bird direct food,seed/grain,seed/grain,,Food,C - documented broad bird group,Audubon ZIP 78666 / Hays context,0.26,Central Texas Bird Audubon interactions,National Audubon Society,https://www.audubon.org/native-plants
CAND3956,,Jays,Birds,broad_guild,,,Bird direct food,fruit,fruit,,Food,C - documented broad bird group,Audubon ZIP 78666 / Hays context,0.26,Central Texas Bird Audubon interactions,National Audubon Society,https://www.audubon.org/native-plants
CAND3956,,Chickadees,Birds,broad_guild,,,Bird direct food,fruit,fruit,,Food,C - documented broad bird group,Audubon ZIP 78666 / Hays context,0.26,Central Texas Bird Audubon interactions,National Audubon Society,https://www.audubon.org/native-plants
CAND3956,,Nuthatches,Birds,broad_guild,,,Bird direct food,fruit,fruit,,Food,C - documented broad bird group,Audubon ZIP 78666 / Hays context,0.26,Central Texas Bird Audubon interactions,National Audubon Society,https://www.audubon.org/native-plants
CAND3956,,Nuthatches,Birds,broad_guild,,,Bird direct food,seed/grain,seed/grain,,Food,C - documented broad bird group,Audubon ZIP 78666 / Hays context,0.26,Central Texas Bird Audubon interactions,National Audubon Society,https://www.audubon.org/native-plants
CAND3956,,Mockingbirds,Birds,broad_guild,,,Bird direct food,fruit,fruit,,Food,C - documented broad bird group,Audubon ZIP 78666 / Hays context,0.26,Central Texas Bird Audubon interactions,National Audubon Society,https://www.audubon.org/native-plants
CAND3956,,Mockingbirds,Birds,broad_guild,,,Bird direct food,seed/grain,seed/grain,,Food,C - documented broad bird group,Audubon ZIP 78666 / Hays context,0.26,Central Texas Bird Audubon interactions,National Audubon Society,https://www.audubon.org/native-plants
CAND3956,,Mockingbirds,Birds,broad_guild,,,Bird direct food,nectar,flower nectar,,Food,C - documented broad bird group,Audubon ZIP 78666 / Hays context,0.26,Central Texas Bird Audubon interactions,National Audubon Society,https://www.audubon.org/native-plants
CAND3956,,Woodpeckers,Birds,broad_guild,,,Bird direct food,nectar,flower nectar,,Food,C - documented broad bird group,Audubon ZIP 78666 / Hays context,0.26,Central Texas Bird Audubon interactions,National Audubon Society,https://www.audubon.org/native-plants
CAND3956,,Wrens,Birds,broad_guild,,,Bird direct food,fruit,fruit,,Food,C - documented broad bird group,Audubon ZIP 78666 / Hays context,0.26,Central Texas Bird Audubon interactions,National Audubon Society,https://www.audubon.org/native-plants
CAND3956,,Vireos,Birds,broad_guild,,,Bird direct food,fruit,fruit,,Food,C - documented broad bird group,Audubon ZIP 78666 / Hays context,0.26,Central Texas Bird Audubon interactions,National Audubon Society,https://www.audubon.org/native-plants
CAND3956,,Orioles,Birds,broad_guild,,,Bird direct food,fruit,fruit,,Food,C - documented broad bird group,Audubon ZIP 78666 / Hays context,0.26,Central Texas Bird Audubon interactions,National Audubon Society,https://www.audubon.org/native-plants
CAND3956,,Orioles,Birds,broad_guild,,,Bird direct food,seed/grain,seed/grain,,Food,C - documented broad bird group,Audubon ZIP 78666 / Hays context,0.26,Central Texas Bird Audubon interactions,National Audubon Society,https://www.audubon.org/native-plants
CAND3956,,Grosbeaks,Birds,broad_guild,,,Bird direct food,seed/grain,seed/grain,,Food,C - documented broad bird group,Audubon ZIP 78666 / Hays context,0.26,Central Texas Bird Audubon interactions,National Audubon Society,https://www.audubon.org/native-plants
CAND3956,,Grosbeaks,Birds,broad_guild,,,Bird direct food,nectar,flower nectar,,Food,C - documented broad bird group,Audubon ZIP 78666 / Hays context,0.26,Central Texas Bird Audubon interactions,National Audubon Society,https://www.audubon.org/native-plants
CAND3956,,Hummingbirds,Birds,broad_guild,,,Bird direct food,fruit,fruit,,Food,C - documented broad bird group,Audubon ZIP 78666 / Hays context,0.26,Central Texas Bird Audubon interactions,National Audubon Society,https://www.audubon.org/native-plants
CAND3956,,Sparrows,Birds,broad_guild,,,Bird direct food,seed/grain,seed/grain,,Food,C - documented broad bird group,Audubon ZIP 78666 / Hays context,0.26,Central Texas Bird Audubon interactions,National Audubon Society,https://www.audubon.org/native-plants
CAND3956,,Sparrows,Birds,broad_guild,,,Bird direct food,nectar,flower nectar,,Food,C - documented broad bird group,Audubon ZIP 78666 / Hays context,0.26,Central Texas Bird Audubon interactions,National Audubon Society,https://www.audubon.org/native-plants
CAND3956,,Thrashers,Birds,broad_guild,,,Bird direct food,fruit,fruit,,Food,C - documented broad bird group,Audubon ZIP 78666 / Hays context,0.26,Central Texas Bird Audubon interactions,National Audubon Society,https://www.audubon.org/native-plants
CAND3956,,Waxwings,Birds,broad_guild,,,Bird direct food,nectar,flower nectar,,Food,C - documented broad bird group,Audubon ZIP 78666 / Hays context,0.26,Central Texas Bird Audubon interactions,National Audubon Society,https://www.audubon.org/native-plants
CAND3956,,Thrashers,Birds,broad_guild,,,Bird direct food,nectar,flower nectar,,Food,C - documented broad bird group,Audubon ZIP 78666 / Hays context,0.26,Central Texas Bird Audubon interactions,National Audubon Society,https://www.audubon.org/native-plants
CAND3956,,Thrushes,Birds,broad_guild,,,Bird direct food,fruit,fruit,,Food,C - documented broad bird group,Audubon ZIP 78666 / Hays context,0.26,Central Texas Bird Audubon interactions,National Audubon Society,https://www.audubon.org/native-plants
CAND3956,,Woodpeckers,Birds,broad_guild,,,Bird direct food,fruit,fruit,,Food,C - documented broad bird group,Audubon ZIP 78666 / Hays context,0.26,Central Texas Bird Audubon interactions,National Audubon Society,https://www.audubon.org/native-plants
CAND3956,,Woodpeckers,Birds,broad_guild,,,Bird direct food,seed/grain,seed/grain,,Food,C - documented broad bird group,Audubon ZIP 78666 / Hays context,0.26,Central Texas Bird Audubon interactions,National Audubon Society,https://www.audubon.org/native-plants
CAND3956,,Finches,Birds,broad_guild,,,Bird direct food,nectar,flower nectar,,Food,C - documented broad bird group,Audubon ZIP 78666 / Hays context,0.26,Central Texas Bird Audubon interactions,National Audubon Society,https://www.audubon.org/native-plants
CAND3956,,Grosbeaks,Birds,broad_guild,,,Bird direct food,fruit,fruit,,Food,C - documented broad bird group,Audubon ZIP 78666 / Hays context,0.26,Central Texas Bird Audubon interactions,National Audubon Society,https://www.audubon.org/native-plants
CAND3956,,Buntings,Birds,broad_guild,,,Bird direct food,fruit,fruit,,Food,C - documented broad bird group,Audubon ZIP 78666 / Hays context,0.26,Central Texas Bird Audubon interactions,National Audubon Society,https://www.audubon.org/native-plants
CAND3956,,Vireos,Birds,broad_guild,,,Bird direct food,seed/grain,seed/grain,,Food,C - documented broad bird group,Audubon ZIP 78666 / Hays context,0.26,Central Texas Bird Audubon interactions,National Audubon Society,https://www.audubon.org/native-plants
CAND3956,,Vireos,Birds,broad_guild,,,Bird direct food,nectar,flower nectar,,Food,C - documented broad bird group,Audubon ZIP 78666 / Hays context,0.26,Central Texas Bird Audubon interactions,National Audubon Society,https://www.audubon.org/native-plants
CAND3956,,Orioles,Birds,broad_guild,,,Bird direct food,nectar,flower nectar,,Food,C - documented broad bird group,Audubon ZIP 78666 / Hays context,0.26,Central Texas Bird Audubon interactions,National Audubon Society,https://www.audubon.org/native-plants
CAND3956,,Sparrows,Birds,broad_guild,,,Bird direct food,fruit,fruit,,Food,C - documented broad bird group,Audubon ZIP 78666 / Hays context,0.26,Central Texas Bird Audubon interactions,National Audubon Society,https://www.audubon.org/native-plants
CAND3956,,Jays,Birds,broad_guild,,,Bird direct food,seed/grain,seed/grain,,Food,C - documented broad bird group,Audubon ZIP 78666 / Hays context,0.26,Central Texas Bird Audubon interactions,National Audubon Society,https://www.audubon.org/native-plants
CAND3956,,Jays,Birds,broad_guild,,,Bird direct food,nectar,flower nectar,,Food,C - documented broad bird group,Audubon ZIP 78666 / Hays context,0.26,Central Texas Bird Audubon interactions,National Audubon Society,https://www.audubon.org/native-plants
CAND3956,,Chickadees,Birds,broad_guild,,,Bird direct food,nectar,flower nectar,,Food,C - documented broad bird group,Audubon ZIP 78666 / Hays context,0.26,Central Texas Bird Audubon interactions,National Audubon Society,https://www.audubon.org/native-plants
CAND3956,,Crows,Birds,broad_guild,,,Bird direct food,fruit,fruit,,Food,C - documented broad bird group,Audubon ZIP 78666 / Hays context,0.26,Central Texas Bird Audubon interactions,National Audubon Society,https://www.audubon.org/native-plants
CAND3956,,Crows,Birds,broad_guild,,,Bird direct food,seed/grain,seed/grain,,Food,C - documented broad bird group,Audubon ZIP 78666 / Hays context,0.26,Central Texas Bird Audubon interactions,National Audubon Society,https://www.audubon.org/native-plants
CAND3956,,Crows,Birds,broad_guild,,,Bird direct food,nectar,flower nectar,,Food,C - documented broad bird group,Audubon ZIP 78666 / Hays context,0.26,Central Texas Bird Audubon interactions,National Audubon Society,https://www.audubon.org/native-plants
CAND3956,,Finches,Birds,broad_guild,,,Bird direct food,fruit,fruit,,Food,C - documented broad bird group,Audubon ZIP 78666 / Hays context,0.26,Central Texas Bird Audubon interactions,National Audubon Society,https://www.audubon.org/native-plants
CAND3956,,Nuthatches,Birds,broad_guild,,,Bird direct food,nectar,flower nectar,,Food,C - documented broad bird group,Audubon ZIP 78666 / Hays context,0.26,Central Texas Bird Audubon interactions,National Audubon Society,https://www.audubon.org/native-plants
CAND3956,,Warblers,Birds,broad_guild,,,Bird direct food,nectar,flower nectar,,Food,C - documented broad bird group,Audubon ZIP 78666 / Hays context,0.26,Central Texas Bird Audubon interactions,National Audubon Society,https://www.audubon.org/native-plants
CAND3956,,Waxwings,Birds,broad_guild,,,Bird direct food,fruit,fruit,,Food,C - documented broad bird group,Audubon ZIP 78666 / Hays context,0.26,Central Texas Bird Audubon interactions,National Audubon Society,https://www.audubon.org/native-plants
CAND3956,,Waxwings,Birds,broad_guild,,,Bird direct food,seed/grain,seed/grain,,Food,C - documented broad bird group,Audubon ZIP 78666 / Hays context,0.26,Central Texas Bird Audubon interactions,National Audubon Society,https://www.audubon.org/native-plants
CAND3956,,Wrens,Birds,broad_guild,,,Bird direct food,nectar,flower nectar,,Food,C - documented broad bird group,Audubon ZIP 78666 / Hays context,0.26,Central Texas Bird Audubon interactions,National Audubon Society,https://www.audubon.org/native-plants
CAND3956,,Thrushes,Birds,broad_guild,,,Bird direct food,nectar,flower nectar,,Food,C - documented broad bird group,Audubon ZIP 78666 / Hays context,0.26,Central Texas Bird Audubon interactions,National Audubon Society,https://www.audubon.org/native-plants
CAND3956,,Titmice,Birds,broad_guild,,,Bird direct food,fruit,fruit,,Food,C - documented broad bird group,Audubon ZIP 78666 / Hays context,0.26,Central Texas Bird Audubon interactions,National Audubon Society,https://www.audubon.org/native-plants
CAND3956,,Titmice,Birds,broad_guild,,,Bird direct food,seed/grain,seed/grain,,Food,C - documented broad bird group,Audubon ZIP 78666 / Hays context,0.26,Central Texas Bird Audubon interactions,National Audubon Society,https://www.audubon.org/native-plants
CAND3956,,Titmice,Birds,broad_guild,,,Bird direct food,nectar,flower nectar,,Food,C - documented broad bird group,Audubon ZIP 78666 / Hays context,0.26,Central Texas Bird Audubon interactions,National Audubon Society,https://www.audubon.org/native-plants
CAND3956,,Wrens,Birds,broad_guild,,,Bird direct food,seed/grain,seed/grain,,Food,C - documented broad bird group,Audubon ZIP 78666 / Hays context,0.26,Central Texas Bird Audubon interactions,National Audubon Society,https://www.audubon.org/native-plants
CAND3956,,Warblers,Birds,broad_guild,,,Bird direct food,fruit,fruit,,Food,C - documented broad bird group,Audubon ZIP 78666 / Hays context,0.26,Central Texas Bird Audubon interactions,National Audubon Society,https://www.audubon.org/native-plants
CAND3956,,Warblers,Birds,broad_guild,,,Bird direct food,seed/grain,seed/grain,,Food,C - documented broad bird group,Audubon ZIP 78666 / Hays context,0.26,Central Texas Bird Audubon interactions,National Audubon Society,https://www.audubon.org/native-plants
CAND3956,,Hummingbirds,Birds,broad_guild,,,Bird direct food,seed/grain,seed/grain,,Food,C - documented broad bird group,Audubon ZIP 78666 / Hays context,0.26,Central Texas Bird Audubon interactions,National Audubon Society,https://www.audubon.org/native-plants
CAND3956,,Hummingbirds,Birds,broad_guild,,,Bird direct food,nectar,flower nectar,,Food,C - documented broad bird group,Audubon ZIP 78666 / Hays context,0.26,Central Texas Bird Audubon interactions,National Audubon Society,https://www.audubon.org/native-plants
CAND3956,,Thrashers,Birds,broad_guild,,,Bird direct food,seed/grain,seed/grain,,Food,C - documented broad bird group,Audubon ZIP 78666 / Hays context,0.26,Central Texas Bird Audubon interactions,National Audubon Society,https://www.audubon.org/native-plants
CAND3956,,Wood Warblers,Birds,broad_guild,,,Bird direct food,fruit,fruit,,Food,C - documented broad bird group,Audubon ZIP 78666 / Hays context,0.26,Central Texas Bird Audubon interactions,National Audubon Society,https://www.audubon.org/native-plants
CAND3956,,Wood Warblers,Birds,broad_guild,,,Bird direct food,seed/grain,seed/grain,,Food,C - documented broad bird group,Audubon ZIP 78666 / Hays context,0.26,Central Texas Bird Audubon interactions,National Audubon Society,https://www.audubon.org/native-plants
CAND3956,,Thrushes,Birds,broad_guild,,,Bird direct food,seed/grain,seed/grain,,Food,C - documented broad bird group,Audubon ZIP 78666 / Hays context,0.26,Central Texas Bird Audubon interactions,National Audubon Society,https://www.audubon.org/native-plants
CAND4654,,Woodpeckers,Birds,broad_guild,,,Bird direct food,fruit,fruit,,Food,C - documented broad bird group,Audubon ZIP 78666 / Hays context,0.26,Central Texas Bird Audubon interactions,National Audubon Society,https://www.audubon.org/native-plants
CAND4654,,Vireos,Birds,broad_guild,,,Bird direct food,nectar,flower nectar,,Food,C - documented broad bird group,Audubon ZIP 78666 / Hays context,0.26,Central Texas Bird Audubon interactions,National Audubon Society,https://www.audubon.org/native-plants
CAND4654,,Wrens,Birds,broad_guild,,,Bird direct food,fruit,fruit,,Food,C - documented broad bird group,Audubon ZIP 78666 / Hays context,0.26,Central Texas Bird Audubon interactions,National Audubon Society,https://www.audubon.org/native-plants
CAND4654,,Wrens,Birds,broad_guild,,,Bird direct food,seed/grain,seed/grain,,Food,C - documented broad bird group,Audubon ZIP 78666 / Hays context,0.26,Central Texas Bird Audubon interactions,National Audubon Society,https://www.audubon.org/native-plants
CAND4654,,Wrens,Birds,broad_guild,,,Bird direct food,nectar,flower nectar,,Food,C - documented broad bird group,Audubon ZIP 78666 / Hays context,0.26,Central Texas Bird Audubon interactions,National Audubon Society,https://www.audubon.org/native-plants
CAND4654,,Vireos,Birds,broad_guild,,,Bird direct food,seed/grain,seed/grain,,Food,C - documented broad bird group,Audubon ZIP 78666 / Hays context,0.26,Central Texas Bird Audubon interactions,National Audubon Society,https://www.audubon.org/native-plants
CAND4654,,Waxwings,Birds,broad_guild,,,Bird direct food,seed/grain,seed/grain,,Food,C - documented broad bird group,Audubon ZIP 78666 / Hays context,0.26,Central Texas Bird Audubon interactions,National Audubon Society,https://www.audubon.org/native-plants
CAND4654,,Waxwings,Birds,broad_guild,,,Bird direct food,nectar,flower nectar,,Food,C - documented broad bird group,Audubon ZIP 78666 / Hays context,0.26,Central Texas Bird Audubon interactions,National Audubon Society,https://www.audubon.org/native-plants
CAND4654,,Wood Warblers,Birds,broad_guild,,,Bird direct food,fruit,fruit,,Food,C - documented broad bird group,Audubon ZIP 78666 / Hays context,0.26,Central Texas Bird Audubon interactions,National Audubon Society,https://www.audubon.org/native-plants
CAND4654,,Wood Warblers,Birds,broad_guild,,,Bird direct food,seed/grain,seed/grain,,Food,C - documented broad bird group,Audubon ZIP 78666 / Hays context,0.26,Central Texas Bird Audubon interactions,National Audubon Society,https://www.audubon.org/native-plants
CAND4654,,Waxwings,Birds,broad_guild,,,Bird direct food,fruit,fruit,,Food,C - documented broad bird group,Audubon ZIP 78666 / Hays context,0.26,Central Texas Bird Audubon interactions,National Audubon Society,https://www.audubon.org/native-plants
CAND4654,,Woodpeckers,Birds,broad_guild,,,Bird direct food,seed/grain,seed/grain,,Food,C - documented broad bird group,Audubon ZIP 78666 / Hays context,0.26,Central Texas Bird Audubon interactions,National Audubon Society,https://www.audubon.org/native-plants
CAND4654,,Woodpeckers,Birds,broad_guild,,,Bird direct food,nectar,flower nectar,,Food,C - documented broad bird group,Audubon ZIP 78666 / Hays context,0.26,Central Texas Bird Audubon interactions,National Audubon Society,https://www.audubon.org/native-plants
CAND4654,,Finches,Birds,broad_guild,,,Bird direct food,nectar,flower nectar,,Food,C - documented broad bird group,Audubon ZIP 78666 / Hays context,0.26,Central Texas Bird Audubon interactions,National Audubon Society,https://www.audubon.org/native-plants
CAND4654,,Warblers,Birds,broad_guild,,,Bird direct food,fruit,fruit,,Food,C - documented broad bird group,Audubon ZIP 78666 / Hays context,0.26,Central Texas Bird Audubon interactions,National Audubon Society,https://www.audubon.org/native-plants
CAND4654,,Warblers,Birds,broad_guild,,,Bird direct food,seed/grain,seed/grain,,Food,C - documented broad bird group,Audubon ZIP 78666 / Hays context,0.26,Central Texas Bird Audubon interactions,National Audubon Society,https://www.audubon.org/native-plants
CAND4654,,Warblers,Birds,broad_guild,,,Bird direct food,nectar,flower nectar,,Food,C - documented broad bird group,Audubon ZIP 78666 / Hays context,0.26,Central Texas Bird Audubon interactions,National Audubon Society,https://www.audubon.org/native-plants
CAND4654,,Hummingbirds,Birds,broad_guild,,,Bird direct food,fruit,fruit,,Food,C - documented broad bird group,Audubon ZIP 78666 / Hays context,0.26,Central Texas Bird Audubon interactions,National Audubon Society,https://www.audubon.org/native-plants
CAND4654,,Hummingbirds,Birds,broad_guild,,,Bird direct food,seed/grain,seed/grain,,Food,C - documented broad bird group,Audubon ZIP 78666 / Hays context,0.26,Central Texas Bird Audubon interactions,National Audubon Society,https://www.audubon.org/native-plants
CAND4654,,Hummingbirds,Birds,broad_guild,,,Bird direct food,nectar,flower nectar,,Food,C - documented broad bird group,Audubon ZIP 78666 / Hays context,0.26,Central Texas Bird Audubon interactions,National Audubon Society,https://www.audubon.org/native-plants
CAND4654,,Jays,Birds,broad_guild,,,Bird direct food,fruit,fruit,,Food,C - documented broad bird group,Audubon ZIP 78666 / Hays context,0.26,Central Texas Bird Audubon interactions,National Audubon Society,https://www.audubon.org/native-plants
CAND4654,,Thrashers,Birds,broad_guild,,,Bird direct food,nectar,flower nectar,,Food,C - documented broad bird group,Audubon ZIP 78666 / Hays context,0.26,Central Texas Bird Audubon interactions,National Audubon Society,https://www.audubon.org/native-plants
CAND4654,,Jays,Birds,broad_guild,,,Bird direct food,nectar,flower nectar,,Food,C - documented broad bird group,Audubon ZIP 78666 / Hays context,0.26,Central Texas Bird Audubon interactions,National Audubon Society,https://www.audubon.org/native-plants
CAND4654,,Grosbeaks,Birds,broad_guild,,,Bird direct food,fruit,fruit,,Food,C - documented broad bird group,Audubon ZIP 78666 / Hays context,0.26,Central Texas Bird Audubon interactions,National Audubon Society,https://www.audubon.org/native-plants
CAND4654,,Wood Warblers,Birds,broad_guild,,,Bird direct food,nectar,flower nectar,,Food,C - documented broad bird group,Audubon ZIP 78666 / Hays context,0.26,Central Texas Bird Audubon interactions,National Audubon Society,https://www.audubon.org/native-plants
CAND4654,,Mockingbirds,Birds,broad_guild,,,Bird direct food,seed/grain,seed/grain,,Food,C - documented broad bird group,Audubon ZIP 78666 / Hays context,0.26,Central Texas Bird Audubon interactions,National Audubon Society,https://www.audubon.org/native-plants
CAND4654,,Mockingbirds,Birds,broad_guild,,,Bird direct food,nectar,flower nectar,,Food,C - documented broad bird group,Audubon ZIP 78666 / Hays context,0.26,Central Texas Bird Audubon interactions,National Audubon Society,https://www.audubon.org/native-plants
CAND4654,,Nuthatches,Birds,broad_guild,,,Bird direct food,fruit,fruit,,Food,C - documented broad bird group,Audubon ZIP 78666 / Hays context,0.26,Central Texas Bird Audubon interactions,National Audubon Society,https://www.audubon.org/native-plants
CAND4654,,Nuthatches,Birds,broad_guild,,,Bird direct food,seed/grain,seed/grain,,Food,C - documented broad bird group,Audubon ZIP 78666 / Hays context,0.26,Central Texas Bird Audubon interactions,National Audubon Society,https://www.audubon.org/native-plants
CAND4654,,Nuthatches,Birds,broad_guild,,,Bird direct food,nectar,flower nectar,,Food,C - documented broad bird group,Audubon ZIP 78666 / Hays context,0.26,Central Texas Bird Audubon interactions,National Audubon Society,https://www.audubon.org/native-plants
CAND4654,,Orioles,Birds,broad_guild,,,Bird direct food,seed/grain,seed/grain,,Food,C - documented broad bird group,Audubon ZIP 78666 / Hays context,0.26,Central Texas Bird Audubon interactions,National Audubon Society,https://www.audubon.org/native-plants
CAND4654,,Grosbeaks,Birds,broad_guild,,,Bird direct food,seed/grain,seed/grain,,Food,C - documented broad bird group,Audubon ZIP 78666 / Hays context,0.26,Central Texas Bird Audubon interactions,National Audubon Society,https://www.audubon.org/native-plants
CAND4654,,Grosbeaks,Birds,broad_guild,,,Bird direct food,nectar,flower nectar,,Food,C - documented broad bird group,Audubon ZIP 78666 / Hays context,0.26,Central Texas Bird Audubon interactions,National Audubon Society,https://www.audubon.org/native-plants
CAND4654,,Orioles,Birds,broad_guild,,,Bird direct food,nectar,flower nectar,,Food,C - documented broad bird group,Audubon ZIP 78666 / Hays context,0.26,Central Texas Bird Audubon interactions,National Audubon Society,https://www.audubon.org/native-plants
CAND4654,,Sparrows,Birds,broad_guild,,,Bird direct food,fruit,fruit,,Food,C - documented broad bird group,Audubon ZIP 78666 / Hays context,0.26,Central Texas Bird Audubon interactions,National Audubon Society,https://www.audubon.org/native-plants
CAND4654,,Sparrows,Birds,broad_guild,,,Bird direct food,seed/grain,seed/grain,,Food,C - documented broad bird group,Audubon ZIP 78666 / Hays context,0.26,Central Texas Bird Audubon interactions,National Audubon Society,https://www.audubon.org/native-plants
CAND4654,,Sparrows,Birds,broad_guild,,,Bird direct food,nectar,flower nectar,,Food,C - documented broad bird group,Audubon ZIP 78666 / Hays context,0.26,Central Texas Bird Audubon interactions,National Audubon Society,https://www.audubon.org/native-plants
CAND4654,,Thrashers,Birds,broad_guild,,,Bird direct food,fruit,fruit,,Food,C - documented broad bird group,Audubon ZIP 78666 / Hays context,0.26,Central Texas Bird Audubon interactions,National Audubon Society,https://www.audubon.org/native-plants
CAND4654,,Thrashers,Birds,broad_guild,,,Bird direct food,seed/grain,seed/grain,,Food,C - documented broad bird group,Audubon ZIP 78666 / Hays context,0.26,Central Texas Bird Audubon interactions,National Audubon Society,https://www.audubon.org/native-plants
CAND4654,,Thrushes,Birds,broad_guild,,,Bird direct food,fruit,fruit,,Food,C - documented broad bird group,Audubon ZIP 78666 / Hays context,0.26,Central Texas Bird Audubon interactions,National Audubon Society,https://www.audubon.org/native-plants
CAND4654,,Mockingbirds,Birds,broad_guild,,,Bird direct food,fruit,fruit,,Food,C - documented broad bird group,Audubon ZIP 78666 / Hays context,0.26,Central Texas Bird Audubon interactions,National Audubon Society,https://www.audubon.org/native-plants
CAND4654,,Thrushes,Birds,broad_guild,,,Bird direct food,seed/grain,seed/grain,,Food,C - documented broad bird group,Audubon ZIP 78666 / Hays context,0.26,Central Texas Bird Audubon interactions,National Audubon Society,https://www.audubon.org/native-plants
CAND4654,,Thrushes,Birds,broad_guild,,,Bird direct food,nectar,flower nectar,,Food,C - documented broad bird group,Audubon ZIP 78666 / Hays context,0.26,Central Texas Bird Audubon interactions,National Audubon Society,https://www.audubon.org/native-plants
CAND4654,,Titmice,Birds,broad_guild,,,Bird direct food,fruit,fruit,,Food,C - documented broad bird group,Audubon ZIP 78666 / Hays context,0.26,Central Texas Bird Audubon interactions,National Audubon Society,https://www.audubon.org/native-plants
CAND4654,,Titmice,Birds,broad_guild,,,Bird direct food,seed/grain,seed/grain,,Food,C - documented broad bird group,Audubon ZIP 78666 / Hays context,0.26,Central Texas Bird Audubon interactions,National Audubon Society,https://www.audubon.org/native-plants
CAND4654,,Titmice,Birds,broad_guild,,,Bird direct food,nectar,flower nectar,,Food,C - documented broad bird group,Audubon ZIP 78666 / Hays context,0.26,Central Texas Bird Audubon interactions,National Audubon Society,https://www.audubon.org/native-plants
CAND4654,,Vireos,Birds,broad_guild,,,Bird direct food,fruit,fruit,,Food,C - documented broad bird group,Audubon ZIP 78666 / Hays context,0.26,Central Texas Bird Audubon interactions,National Audubon Society,https://www.audubon.org/native-plants
CAND4654,,Cardinals,Birds,broad_guild,,,Bird direct food,fruit,fruit,,Food,C - documented broad bird group,Audubon ZIP 78666 / Hays context,0.26,Central Texas Bird Audubon interactions,National Audubon Society,https://www.audubon.org/native-plants
CAND4654,,Cardinals,Birds,broad_guild,,,Bird direct food,seed/grain,seed/grain,,Food,C - documented broad bird group,Audubon ZIP 78666 / Hays context,0.26,Central Texas Bird Audubon interactions,National Audubon Society,https://www.audubon.org/native-plants
CAND4654,,Cardinals,Birds,broad_guild,,,Bird direct food,nectar,flower nectar,,Food,C - documented broad bird group,Audubon ZIP 78666 / Hays context,0.26,Central Texas Bird Audubon interactions,National Audubon Society,https://www.audubon.org/native-plants
CAND4654,,Chickadees,Birds,broad_guild,,,Bird direct food,fruit,fruit,,Food,C - documented broad bird group,Audubon ZIP 78666 / Hays context,0.26,Central Texas Bird Audubon interactions,National Audubon Society,https://www.audubon.org/native-plants
CAND4654,,Chickadees,Birds,broad_guild,,,Bird direct food,seed/grain,seed/grain,,Food,C - documented broad bird group,Audubon ZIP 78666 / Hays context,0.26,Central Texas Bird Audubon interactions,National Audubon Society,https://www.audubon.org/native-plants
CAND4654,,Buntings,Birds,broad_guild,,,Bird direct food,nectar,flower nectar,,Food,C - documented broad bird group,Audubon ZIP 78666 / Hays context,0.26,Central Texas Bird Audubon interactions,National Audubon Society,https://www.audubon.org/native-plants
CAND4654,,Finches,Birds,broad_guild,,,Bird direct food,fruit,fruit,,Food,C - documented broad bird group,Audubon ZIP 78666 / Hays context,0.26,Central Texas Bird Audubon interactions,National Audubon Society,https://www.audubon.org/native-plants
CAND4654,,Finches,Birds,broad_guild,,,Bird direct food,seed/grain,seed/grain,,Food,C - documented broad bird group,Audubon ZIP 78666 / Hays context,0.26,Central Texas Bird Audubon interactions,National Audubon Society,https://www.audubon.org/native-plants
CAND4654,,Orioles,Birds,broad_guild,,,Bird direct food,fruit,fruit,,Food,C - documented broad bird group,Audubon ZIP 78666 / Hays context,0.26,Central Texas Bird Audubon interactions,National Audubon Society,https://www.audubon.org/native-plants
CAND4654,,Buntings,Birds,broad_guild,,,Bird direct food,fruit,fruit,,Food,C - documented broad bird group,Audubon ZIP 78666 / Hays context,0.26,Central Texas Bird Audubon interactions,National Audubon Society,https://www.audubon.org/native-plants
CAND4654,,Buntings,Birds,broad_guild,,,Bird direct food,seed/grain,seed/grain,,Food,C - documented broad bird group,Audubon ZIP 78666 / Hays context,0.26,Central Texas Bird Audubon interactions,National Audubon Society,https://www.audubon.org/native-plants
CAND4654,,Jays,Birds,broad_guild,,,Bird direct food,seed/grain,seed/grain,,Food,C - documented broad bird group,Audubon ZIP 78666 / Hays context,0.26,Central Texas Bird Audubon interactions,National Audubon Society,https://www.audubon.org/native-plants
CAND4654,,Chickadees,Birds,broad_guild,,,Bird direct food,nectar,flower nectar,,Food,C - documented broad bird group,Audubon ZIP 78666 / Hays context,0.26,Central Texas Bird Audubon interactions,National Audubon Society,https://www.audubon.org/native-plants
CAND4654,,Crows,Birds,broad_guild,,,Bird direct food,fruit,fruit,,Food,C - documented broad bird group,Audubon ZIP 78666 / Hays context,0.26,Central Texas Bird Audubon interactions,National Audubon Society,https://www.audubon.org/native-plants
CAND4654,,Crows,Birds,broad_guild,,,Bird direct food,seed/grain,seed/grain,,Food,C - documented broad bird group,Audubon ZIP 78666 / Hays context,0.26,Central Texas Bird Audubon interactions,National Audubon Society,https://www.audubon.org/native-plants
CAND4654,,Crows,Birds,broad_guild,,,Bird direct food,nectar,flower nectar,,Food,C - documented broad bird group,Audubon ZIP 78666 / Hays context,0.26,Central Texas Bird Audubon interactions,National Audubon Society,https://www.audubon.org/native-plants
CAND5003,,Crows,Birds,broad_guild,,,Bird direct food,nectar,flower nectar,,Food,C - documented broad bird group,Audubon ZIP 78666 / Hays context,0.26,Central Texas Bird Audubon interactions,National Audubon Society,https://www.audubon.org/native-plants
CAND5003,,Finches,Birds,broad_guild,,,Bird direct food,fruit,fruit,,Food,C - documented broad bird group,Audubon ZIP 78666 / Hays context,0.26,Central Texas Bird Audubon interactions,National Audubon Society,https://www.audubon.org/native-plants
CAND5003,,Finches,Birds,broad_guild,,,Bird direct food,seed/grain,seed/grain,,Food,C - documented broad bird group,Audubon ZIP 78666 / Hays context,0.26,Central Texas Bird Audubon interactions,National Audubon Society,https://www.audubon.org/native-plants
CAND5003,,Grosbeaks,Birds,broad_guild,,,Bird direct food,seed/grain,seed/grain,,Food,C - documented broad bird group,Audubon ZIP 78666 / Hays context,0.26,Central Texas Bird Audubon interactions,National Audubon Society,https://www.audubon.org/native-plants
CAND5003,,Chickadees,Birds,broad_guild,,,Bird direct food,nectar,flower nectar,,Food,C - documented broad bird group,Audubon ZIP 78666 / Hays context,0.26,Central Texas Bird Audubon interactions,National Audubon Society,https://www.audubon.org/native-plants
CAND5003,,Buntings,Birds,broad_guild,,,Bird direct food,fruit,fruit,,Food,C - documented broad bird group,Audubon ZIP 78666 / Hays context,0.26,Central Texas Bird Audubon interactions,National Audubon Society,https://www.audubon.org/native-plants
CAND5003,,Hummingbirds,Birds,broad_guild,,,Bird direct food,fruit,fruit,,Food,C - documented broad bird group,Audubon ZIP 78666 / Hays context,0.26,Central Texas Bird Audubon interactions,National Audubon Society,https://www.audubon.org/native-plants
CAND5003,,Hummingbirds,Birds,broad_guild,,,Bird direct food,seed/grain,seed/grain,,Food,C - documented broad bird group,Audubon ZIP 78666 / Hays context,0.26,Central Texas Bird Audubon interactions,National Audubon Society,https://www.audubon.org/native-plants
CAND5003,,Hummingbirds,Birds,broad_guild,,,Bird direct food,nectar,flower nectar,,Food,C - documented broad bird group,Audubon ZIP 78666 / Hays context,0.26,Central Texas Bird Audubon interactions,National Audubon Society,https://www.audubon.org/native-plants
CAND5003,,Jays,Birds,broad_guild,,,Bird direct food,fruit,fruit,,Food,C - documented broad bird group,Audubon ZIP 78666 / Hays context,0.26,Central Texas Bird Audubon interactions,National Audubon Society,https://www.audubon.org/native-plants
CAND5003,,Chickadees,Birds,broad_guild,,,Bird direct food,fruit,fruit,,Food,C - documented broad bird group,Audubon ZIP 78666 / Hays context,0.26,Central Texas Bird Audubon interactions,National Audubon Society,https://www.audubon.org/native-plants
CAND5003,,Chickadees,Birds,broad_guild,,,Bird direct food,seed/grain,seed/grain,,Food,C - documented broad bird group,Audubon ZIP 78666 / Hays context,0.26,Central Texas Bird Audubon interactions,National Audubon Society,https://www.audubon.org/native-plants
CAND5003,,Crows,Birds,broad_guild,,,Bird direct food,fruit,fruit,,Food,C - documented broad bird group,Audubon ZIP 78666 / Hays context,0.26,Central Texas Bird Audubon interactions,National Audubon Society,https://www.audubon.org/native-plants
CAND5003,,Crows,Birds,broad_guild,,,Bird direct food,seed/grain,seed/grain,,Food,C - documented broad bird group,Audubon ZIP 78666 / Hays context,0.26,Central Texas Bird Audubon interactions,National Audubon Society,https://www.audubon.org/native-plants
CAND5003,,Grosbeaks,Birds,broad_guild,,,Bird direct food,nectar,flower nectar,,Food,C - documented broad bird group,Audubon ZIP 78666 / Hays context,0.26,Central Texas Bird Audubon interactions,National Audubon Society,https://www.audubon.org/native-plants
CAND5003,,Buntings,Birds,broad_guild,,,Bird direct food,seed/grain,seed/grain,,Food,C - documented broad bird group,Audubon ZIP 78666 / Hays context,0.26,Central Texas Bird Audubon interactions,National Audubon Society,https://www.audubon.org/native-plants
CAND5003,,Buntings,Birds,broad_guild,,,Bird direct food,nectar,flower nectar,,Food,C - documented broad bird group,Audubon ZIP 78666 / Hays context,0.26,Central Texas Bird Audubon interactions,National Audubon Society,https://www.audubon.org/native-plants
CAND5003,,Cardinals,Birds,broad_guild,,,Bird direct food,fruit,fruit,,Food,C - documented broad bird group,Audubon ZIP 78666 / Hays context,0.26,Central Texas Bird Audubon interactions,National Audubon Society,https://www.audubon.org/native-plants
CAND5003,,Cardinals,Birds,broad_guild,,,Bird direct food,seed/grain,seed/grain,,Food,C - documented broad bird group,Audubon ZIP 78666 / Hays context,0.26,Central Texas Bird Audubon interactions,National Audubon Society,https://www.audubon.org/native-plants
CAND5003,,Cardinals,Birds,broad_guild,,,Bird direct food,nectar,flower nectar,,Food,C - documented broad bird group,Audubon ZIP 78666 / Hays context,0.26,Central Texas Bird Audubon interactions,National Audubon Society,https://www.audubon.org/native-plants
CAND5003,,Mockingbirds,Birds,broad_guild,,,Bird direct food,seed/grain,seed/grain,,Food,C - documented broad bird group,Audubon ZIP 78666 / Hays context,0.26,Central Texas Bird Audubon interactions,National Audubon Society,https://www.audubon.org/native-plants
CAND5003,,Finches,Birds,broad_guild,,,Bird direct food,nectar,flower nectar,,Food,C - documented broad bird group,Audubon ZIP 78666 / Hays context,0.26,Central Texas Bird Audubon interactions,National Audubon Society,https://www.audubon.org/native-plants
CAND5003,,Grosbeaks,Birds,broad_guild,,,Bird direct food,fruit,fruit,,Food,C - documented broad bird group,Audubon ZIP 78666 / Hays context,0.26,Central Texas Bird Audubon interactions,National Audubon Society,https://www.audubon.org/native-plants
CAND5003,,Thrushes,Birds,broad_guild,,,Bird direct food,seed/grain,seed/grain,,Food,C - documented broad bird group,Audubon ZIP 78666 / Hays context,0.26,Central Texas Bird Audubon interactions,National Audubon Society,https://www.audubon.org/native-plants
CAND5003,,Thrushes,Birds,broad_guild,,,Bird direct food,nectar,flower nectar,,Food,C - documented broad bird group,Audubon ZIP 78666 / Hays context,0.26,Central Texas Bird Audubon interactions,National Audubon Society,https://www.audubon.org/native-plants
CAND5003,,Titmice,Birds,broad_guild,,,Bird direct food,seed/grain,seed/grain,,Food,C - documented broad bird group,Audubon ZIP 78666 / Hays context,0.26,Central Texas Bird Audubon interactions,National Audubon Society,https://www.audubon.org/native-plants
CAND5003,,Titmice,Birds,broad_guild,,,Bird direct food,nectar,flower nectar,,Food,C - documented broad bird group,Audubon ZIP 78666 / Hays context,0.26,Central Texas Bird Audubon interactions,National Audubon Society,https://www.audubon.org/native-plants
CAND5003,,Vireos,Birds,broad_guild,,,Bird direct food,fruit,fruit,,Food,C - documented broad bird group,Audubon ZIP 78666 / Hays context,0.26,Central Texas Bird Audubon interactions,National Audubon Society,https://www.audubon.org/native-plants
CAND5003,,Orioles,Birds,broad_guild,,,Bird direct food,fruit,fruit,,Food,C - documented broad bird group,Audubon ZIP 78666 / Hays context,0.26,Central Texas Bird Audubon interactions,National Audubon Society,https://www.audubon.org/native-plants
CAND5003,,Orioles,Birds,broad_guild,,,Bird direct food,seed/grain,seed/grain,,Food,C - documented broad bird group,Audubon ZIP 78666 / Hays context,0.26,Central Texas Bird Audubon interactions,National Audubon Society,https://www.audubon.org/native-plants
CAND5003,,Orioles,Birds,broad_guild,,,Bird direct food,nectar,flower nectar,,Food,C - documented broad bird group,Audubon ZIP 78666 / Hays context,0.26,Central Texas Bird Audubon interactions,National Audubon Society,https://www.audubon.org/native-plants
CAND5003,,Sparrows,Birds,broad_guild,,,Bird direct food,seed/grain,seed/grain,,Food,C - documented broad bird group,Audubon ZIP 78666 / Hays context,0.26,Central Texas Bird Audubon interactions,National Audubon Society,https://www.audubon.org/native-plants
CAND5003,,Mockingbirds,Birds,broad_guild,,,Bird direct food,nectar,flower nectar,,Food,C - documented broad bird group,Audubon ZIP 78666 / Hays context,0.26,Central Texas Bird Audubon interactions,National Audubon Society,https://www.audubon.org/native-plants
CAND5003,,Waxwings,Birds,broad_guild,,,Bird direct food,fruit,fruit,,Food,C - documented broad bird group,Audubon ZIP 78666 / Hays context,0.26,Central Texas Bird Audubon interactions,National Audubon Society,https://www.audubon.org/native-plants
CAND5003,,Waxwings,Birds,broad_guild,,,Bird direct food,seed/grain,seed/grain,,Food,C - documented broad bird group,Audubon ZIP 78666 / Hays context,0.26,Central Texas Bird Audubon interactions,National Audubon Society,https://www.audubon.org/native-plants
CAND5003,,Waxwings,Birds,broad_guild,,,Bird direct food,nectar,flower nectar,,Food,C - documented broad bird group,Audubon ZIP 78666 / Hays context,0.26,Central Texas Bird Audubon interactions,National Audubon Society,https://www.audubon.org/native-plants
CAND5003,,Thrashers,Birds,broad_guild,,,Bird direct food,nectar,flower nectar,,Food,C - documented broad bird group,Audubon ZIP 78666 / Hays context,0.26,Central Texas Bird Audubon interactions,National Audubon Society,https://www.audubon.org/native-plants
CAND5003,,Thrushes,Birds,broad_guild,,,Bird direct food,fruit,fruit,,Food,C - documented broad bird group,Audubon ZIP 78666 / Hays context,0.26,Central Texas Bird Audubon interactions,National Audubon Society,https://www.audubon.org/native-plants
CAND5003,,Thrashers,Birds,broad_guild,,,Bird direct food,fruit,fruit,,Food,C - documented broad bird group,Audubon ZIP 78666 / Hays context,0.26,Central Texas Bird Audubon interactions,National Audubon Society,https://www.audubon.org/native-plants
CAND5003,,Thrashers,Birds,broad_guild,,,Bird direct food,seed/grain,seed/grain,,Food,C - documented broad bird group,Audubon ZIP 78666 / Hays context,0.26,Central Texas Bird Audubon interactions,National Audubon Society,https://www.audubon.org/native-plants
CAND5003,,Jays,Birds,broad_guild,,,Bird direct food,seed/grain,seed/grain,,Food,C - documented broad bird group,Audubon ZIP 78666 / Hays context,0.26,Central Texas Bird Audubon interactions,National Audubon Society,https://www.audubon.org/native-plants
CAND5003,,Jays,Birds,broad_guild,,,Bird direct food,nectar,flower nectar,,Food,C - documented broad bird group,Audubon ZIP 78666 / Hays context,0.26,Central Texas Bird Audubon interactions,National Audubon Society,https://www.audubon.org/native-plants
CAND5003,,Mockingbirds,Birds,broad_guild,,,Bird direct food,fruit,fruit,,Food,C - documented broad bird group,Audubon ZIP 78666 / Hays context,0.26,Central Texas Bird Audubon interactions,National Audubon Society,https://www.audubon.org/native-plants
CAND5003,,Nuthatches,Birds,broad_guild,,,Bird direct food,fruit,fruit,,Food,C - documented broad bird group,Audubon ZIP 78666 / Hays context,0.26,Central Texas Bird Audubon interactions,National Audubon Society,https://www.audubon.org/native-plants
CAND5003,,Nuthatches,Birds,broad_guild,,,Bird direct food,seed/grain,seed/grain,,Food,C - documented broad bird group,Audubon ZIP 78666 / Hays context,0.26,Central Texas Bird Audubon interactions,National Audubon Society,https://www.audubon.org/native-plants
CAND5003,,Nuthatches,Birds,broad_guild,,,Bird direct food,nectar,flower nectar,,Food,C - documented broad bird group,Audubon ZIP 78666 / Hays context,0.26,Central Texas Bird Audubon interactions,National Audubon Society,https://www.audubon.org/native-plants
CAND5003,,Sparrows,Birds,broad_guild,,,Bird direct food,nectar,flower nectar,,Food,C - documented broad bird group,Audubon ZIP 78666 / Hays context,0.26,Central Texas Bird Audubon interactions,National Audubon Society,https://www.audubon.org/native-plants
CAND5003,,Wood Warblers,Birds,broad_guild,,,Bird direct food,seed/grain,seed/grain,,Food,C - documented broad bird group,Audubon ZIP 78666 / Hays context,0.26,Central Texas Bird Audubon interactions,National Audubon Society,https://www.audubon.org/native-plants
CAND5003,,Wood Warblers,Birds,broad_guild,,,Bird direct food,nectar,flower nectar,,Food,C - documented broad bird group,Audubon ZIP 78666 / Hays context,0.26,Central Texas Bird Audubon interactions,National Audubon Society,https://www.audubon.org/native-plants
CAND5003,,Woodpeckers,Birds,broad_guild,,,Bird direct food,fruit,fruit,,Food,C - documented broad bird group,Audubon ZIP 78666 / Hays context,0.26,Central Texas Bird Audubon interactions,National Audubon Society,https://www.audubon.org/native-plants
CAND5003,,Woodpeckers,Birds,broad_guild,,,Bird direct food,seed/grain,seed/grain,,Food,C - documented broad bird group,Audubon ZIP 78666 / Hays context,0.26,Central Texas Bird Audubon interactions,National Audubon Society,https://www.audubon.org/native-plants
CAND5003,,Woodpeckers,Birds,broad_guild,,,Bird direct food,nectar,flower nectar,,Food,C - documented broad bird group,Audubon ZIP 78666 / Hays context,0.26,Central Texas Bird Audubon interactions,National Audubon Society,https://www.audubon.org/native-plants
CAND5003,,Wrens,Birds,broad_guild,,,Bird direct food,nectar,flower nectar,,Food,C - documented broad bird group,Audubon ZIP 78666 / Hays context,0.26,Central Texas Bird Audubon interactions,National Audubon Society,https://www.audubon.org/native-plants
CAND5003,,Wood Warblers,Birds,broad_guild,,,Bird direct food,fruit,fruit,,Food,C - documented broad bird group,Audubon ZIP 78666 / Hays context,0.26,Central Texas Bird Audubon interactions,National Audubon Society,https://www.audubon.org/native-plants
CAND5003,,Wrens,Birds,broad_guild,,,Bird direct food,fruit,fruit,,Food,C - documented broad bird group,Audubon ZIP 78666 / Hays context,0.26,Central Texas Bird Audubon interactions,National Audubon Society,https://www.audubon.org/native-plants
CAND5003,,Wrens,Birds,broad_guild,,,Bird direct food,seed/grain,seed/grain,,Food,C - documented broad bird group,Audubon ZIP 78666 / Hays context,0.26,Central Texas Bird Audubon interactions,National Audubon Society,https://www.audubon.org/native-plants
CAND5003,,Vireos,Birds,broad_guild,,,Bird direct food,seed/grain,seed/grain,,Food,C - documented broad bird group,Audubon ZIP 78666 / Hays context,0.26,Central Texas Bird Audubon interactions,National Audubon Society,https://www.audubon.org/native-plants
CAND5003,,Vireos,Birds,broad_guild,,,Bird direct food,nectar,flower nectar,,Food,C - documented broad bird group,Audubon ZIP 78666 / Hays context,0.26,Central Texas Bird Audubon interactions,National Audubon Society,https://www.audubon.org/native-plants
CAND5003,,Warblers,Birds,broad_guild,,,Bird direct food,fruit,fruit,,Food,C - documented broad bird group,Audubon ZIP 78666 / Hays context,0.26,Central Texas Bird Audubon interactions,National Audubon Society,https://www.audubon.org/native-plants
CAND5003,,Warblers,Birds,broad_guild,,,Bird direct food,seed/grain,seed/grain,,Food,C - documented broad bird group,Audubon ZIP 78666 / Hays context,0.26,Central Texas Bird Audubon interactions,National Audubon Society,https://www.audubon.org/native-plants
CAND5003,,Sparrows,Birds,broad_guild,,,Bird direct food,fruit,fruit,,Food,C - documented broad bird group,Audubon ZIP 78666 / Hays context,0.26,Central Texas Bird Audubon interactions,National Audubon Society,https://www.audubon.org/native-plants
CAND5003,,Warblers,Birds,broad_guild,,,Bird direct food,nectar,flower nectar,,Food,C - documented broad bird group,Audubon ZIP 78666 / Hays context,0.26,Central Texas Bird Audubon interactions,National Audubon Society,https://www.audubon.org/native-plants
CAND5003,,Titmice,Birds,broad_guild,,,Bird direct food,fruit,fruit,,Food,C - documented broad bird group,Audubon ZIP 78666 / Hays context,0.26,Central Texas Bird Audubon interactions,National Audubon Society,https://www.audubon.org/native-plants
PLT0007,,Thrushes,Birds,broad_guild,,,Bird direct food,seed/grain,seed/grain,,Food,C - documented broad bird group,Audubon ZIP 78666 / Hays context,0.27,Central Texas Bird Audubon interactions,National Audubon Society,https://www.audubon.org/native-plants
PLT0007,,Thrushes,Birds,broad_guild,,,Bird direct food,fruit,fruit,,Food,C - documented broad bird group,Audubon ZIP 78666 / Hays context,0.27,Central Texas Bird Audubon interactions,National Audubon Society,https://www.audubon.org/native-plants
PLT0007,,Thrashers,Birds,broad_guild,,,Bird direct food,nectar,flower nectar,,Food,C - documented broad bird group,Audubon ZIP 78666 / Hays context,0.27,Central Texas Bird Audubon interactions,National Audubon Society,https://www.audubon.org/native-plants
PLT0007,,Thrashers,Birds,broad_guild,,,Bird direct food,seed/grain,seed/grain,,Food,C - documented broad bird group,Audubon ZIP 78666 / Hays context,0.27,Central Texas Bird Audubon interactions,National Audubon Society,https://www.audubon.org/native-plants
PLT0007,,Waxwings,Birds,broad_guild,,,Bird direct food,nectar,flower nectar,,Food,C - documented broad bird group,Audubon ZIP 78666 / Hays context,0.27,Central Texas Bird Audubon interactions,National Audubon Society,https://www.audubon.org/native-plants
PLT0007,,Orioles,Birds,broad_guild,,,Bird direct food,fruit,fruit,,Food,C - documented broad bird group,Audubon ZIP 78666 / Hays context,0.27,Central Texas Bird Audubon interactions,National Audubon Society,https://www.audubon.org/native-plants
PLT0007,,Nuthatches,Birds,broad_guild,,,Bird direct food,nectar,flower nectar,,Food,C - documented broad bird group,Audubon ZIP 78666 / Hays context,0.27,Central Texas Bird Audubon interactions,National Audubon Society,https://www.audubon.org/native-plants
PLT0007,,Thrushes,Birds,broad_guild,,,Bird direct food,nectar,flower nectar,,Food,C - documented broad bird group,Audubon ZIP 78666 / Hays context,0.27,Central Texas Bird Audubon interactions,National Audubon Society,https://www.audubon.org/native-plants
PLT0007,,Nuthatches,Birds,broad_guild,,,Bird direct food,seed/grain,seed/grain,,Food,C - documented broad bird group,Audubon ZIP 78666 / Hays context,0.27,Central Texas Bird Audubon interactions,National Audubon Society,https://www.audubon.org/native-plants
PLT0007,,Nuthatches,Birds,broad_guild,,,Bird direct food,fruit,fruit,,Food,C - documented broad bird group,Audubon ZIP 78666 / Hays context,0.27,Central Texas Bird Audubon interactions,National Audubon Society,https://www.audubon.org/native-plants
PLT0007,,Vireos,Birds,broad_guild,,,Bird direct food,nectar,flower nectar,,Food,C - documented broad bird group,Audubon ZIP 78666 / Hays context,0.27,Central Texas Bird Audubon interactions,National Audubon Society,https://www.audubon.org/native-plants
PLT0007,,Vireos,Birds,broad_guild,,,Bird direct food,fruit,fruit,,Food,C - documented broad bird group,Audubon ZIP 78666 / Hays context,0.27,Central Texas Bird Audubon interactions,National Audubon Society,https://www.audubon.org/native-plants
PLT0007,,Crows,Birds,broad_guild,,,Bird direct food,fruit,fruit,,Food,C - documented broad bird group,Audubon ZIP 78666 / Hays context,0.27,Central Texas Bird Audubon interactions,National Audubon Society,https://www.audubon.org/native-plants
PLT0007,,Wood Warblers,Birds,broad_guild,,,Bird direct food,nectar,flower nectar,,Food,C - documented broad bird group,Audubon ZIP 78666 / Hays context,0.27,Central Texas Bird Audubon interactions,National Audubon Society,https://www.audubon.org/native-plants
PLT0007,,Vireos,Birds,broad_guild,,,Bird direct food,seed/grain,seed/grain,,Food,C - documented broad bird group,Audubon ZIP 78666 / Hays context,0.27,Central Texas Bird Audubon interactions,National Audubon Society,https://www.audubon.org/native-plants
PLT0007,,Sparrows,Birds,broad_guild,,,Bird direct food,seed/grain,seed/grain,,Food,C - documented broad bird group,Audubon ZIP 78666 / Hays context,0.27,Central Texas Bird Audubon interactions,National Audubon Society,https://www.audubon.org/native-plants
PLT0007,,Warblers,Birds,broad_guild,,,Bird direct food,seed/grain,seed/grain,,Food,C - documented broad bird group,Audubon ZIP 78666 / Hays context,0.27,Central Texas Bird Audubon interactions,National Audubon Society,https://www.audubon.org/native-plants
PLT0007,,Woodpeckers,Birds,broad_guild,,,Bird direct food,nectar,flower nectar,,Food,C - documented broad bird group,Audubon ZIP 78666 / Hays context,0.27,Central Texas Bird Audubon interactions,National Audubon Society,https://www.audubon.org/native-plants
PLT0007,,Wrens,Birds,broad_guild,,,Bird direct food,fruit,fruit,,Food,C - documented broad bird group,Audubon ZIP 78666 / Hays context,0.27,Central Texas Bird Audubon interactions,National Audubon Society,https://www.audubon.org/native-plants
PLT0007,,Wrens,Birds,broad_guild,,,Bird direct food,nectar,flower nectar,,Food,C - documented broad bird group,Audubon ZIP 78666 / Hays context,0.27,Central Texas Bird Audubon interactions,National Audubon Society,https://www.audubon.org/native-plants
PLT0007,,Waxwings,Birds,broad_guild,,,Bird direct food,fruit,fruit,,Food,C - documented broad bird group,Audubon ZIP 78666 / Hays context,0.27,Central Texas Bird Audubon interactions,National Audubon Society,https://www.audubon.org/native-plants
PLT0007,,Woodpeckers,Birds,broad_guild,,,Bird direct food,fruit,fruit,,Food,C - documented broad bird group,Audubon ZIP 78666 / Hays context,0.27,Central Texas Bird Audubon interactions,National Audubon Society,https://www.audubon.org/native-plants
PLT0007,,Wrens,Birds,broad_guild,,,Bird direct food,seed/grain,seed/grain,,Food,C - documented broad bird group,Audubon ZIP 78666 / Hays context,0.27,Central Texas Bird Audubon interactions,National Audubon Society,https://www.audubon.org/native-plants
PLT0007,,Woodpeckers,Birds,broad_guild,,,Bird direct food,seed/grain,seed/grain,,Food,C - documented broad bird group,Audubon ZIP 78666 / Hays context,0.27,Central Texas Bird Audubon interactions,National Audubon Society,https://www.audubon.org/native-plants
PLT0007,,Waxwings,Birds,broad_guild,,,Bird direct food,seed/grain,seed/grain,,Food,C - documented broad bird group,Audubon ZIP 78666 / Hays context,0.27,Central Texas Bird Audubon interactions,National Audubon Society,https://www.audubon.org/native-plants
PLT0007,,Jays,Birds,broad_guild,,,Bird direct food,nectar,flower nectar,,Food,C - documented broad bird group,Audubon ZIP 78666 / Hays context,0.27,Central Texas Bird Audubon interactions,National Audubon Society,https://www.audubon.org/native-plants
PLT0007,,Jays,Birds,broad_guild,,,Bird direct food,seed/grain,seed/grain,,Food,C - documented broad bird group,Audubon ZIP 78666 / Hays context,0.27,Central Texas Bird Audubon interactions,National Audubon Society,https://www.audubon.org/native-plants
PLT0007,,Buntings,Birds,broad_guild,,,Bird direct food,nectar,flower nectar,,Food,C - documented broad bird group,Audubon ZIP 78666 / Hays context,0.27,Central Texas Bird Audubon interactions,National Audubon Society,https://www.audubon.org/native-plants
PLT0007,,Orioles,Birds,broad_guild,,,Bird direct food,nectar,flower nectar,,Food,C - documented broad bird group,Audubon ZIP 78666 / Hays context,0.27,Central Texas Bird Audubon interactions,National Audubon Society,https://www.audubon.org/native-plants
PLT0007,,Sparrows,Birds,broad_guild,,,Bird direct food,fruit,fruit,,Food,C - documented broad bird group,Audubon ZIP 78666 / Hays context,0.27,Central Texas Bird Audubon interactions,National Audubon Society,https://www.audubon.org/native-plants
PLT0007,,Hummingbirds,Birds,broad_guild,,,Bird direct food,nectar,flower nectar,,Food,C - documented broad bird group,Audubon ZIP 78666 / Hays context,0.27,Central Texas Bird Audubon interactions,National Audubon Society,https://www.audubon.org/native-plants
PLT0007,,Jays,Birds,broad_guild,,,Bird direct food,fruit,fruit,,Food,C - documented broad bird group,Audubon ZIP 78666 / Hays context,0.27,Central Texas Bird Audubon interactions,National Audubon Society,https://www.audubon.org/native-plants
PLT0007,,Warblers,Birds,broad_guild,,,Bird direct food,nectar,flower nectar,,Food,C - documented broad bird group,Audubon ZIP 78666 / Hays context,0.27,Central Texas Bird Audubon interactions,National Audubon Society,https://www.audubon.org/native-plants
PLT0007,,Cardinals,Birds,broad_guild,,,Bird direct food,fruit,fruit,,Food,C - documented broad bird group,Audubon ZIP 78666 / Hays context,0.27,Central Texas Bird Audubon interactions,National Audubon Society,https://www.audubon.org/native-plants
PLT0007,,Sparrows,Birds,broad_guild,,,Bird direct food,nectar,flower nectar,,Food,C - documented broad bird group,Audubon ZIP 78666 / Hays context,0.27,Central Texas Bird Audubon interactions,National Audubon Society,https://www.audubon.org/native-plants
PLT0007,,Thrashers,Birds,broad_guild,,,Bird direct food,fruit,fruit,,Food,C - documented broad bird group,Audubon ZIP 78666 / Hays context,0.27,Central Texas Bird Audubon interactions,National Audubon Society,https://www.audubon.org/native-plants
PLT0007,,Titmice,Birds,broad_guild,,,Bird direct food,fruit,fruit,,Food,C - documented broad bird group,Audubon ZIP 78666 / Hays context,0.27,Central Texas Bird Audubon interactions,National Audubon Society,https://www.audubon.org/native-plants
PLT0007,,Titmice,Birds,broad_guild,,,Bird direct food,seed/grain,seed/grain,,Food,C - documented broad bird group,Audubon ZIP 78666 / Hays context,0.27,Central Texas Bird Audubon interactions,National Audubon Society,https://www.audubon.org/native-plants
PLT0007,,Titmice,Birds,broad_guild,,,Bird direct food,nectar,flower nectar,,Food,C - documented broad bird group,Audubon ZIP 78666 / Hays context,0.27,Central Texas Bird Audubon interactions,National Audubon Society,https://www.audubon.org/native-plants
PLT0007,,Warblers,Birds,broad_guild,,,Bird direct food,fruit,fruit,,Food,C - documented broad bird group,Audubon ZIP 78666 / Hays context,0.27,Central Texas Bird Audubon interactions,National Audubon Society,https://www.audubon.org/native-plants
PLT0007,,Finches,Birds,broad_guild,,,Bird direct food,nectar,flower nectar,,Food,C - documented broad bird group,Audubon ZIP 78666 / Hays context,0.27,Central Texas Bird Audubon interactions,National Audubon Society,https://www.audubon.org/native-plants
PLT0007,,Grosbeaks,Birds,broad_guild,,,Bird direct food,fruit,fruit,,Food,C - documented broad bird group,Audubon ZIP 78666 / Hays context,0.27,Central Texas Bird Audubon interactions,National Audubon Society,https://www.audubon.org/native-plants
PLT0007,,Grosbeaks,Birds,broad_guild,,,Bird direct food,seed/grain,seed/grain,,Food,C - documented broad bird group,Audubon ZIP 78666 / Hays context,0.27,Central Texas Bird Audubon interactions,National Audubon Society,https://www.audubon.org/native-plants
PLT0007,,Finches,Birds,broad_guild,,,Bird direct food,fruit,fruit,,Food,C - documented broad bird group,Audubon ZIP 78666 / Hays context,0.27,Central Texas Bird Audubon interactions,National Audubon Society,https://www.audubon.org/native-plants
PLT0007,,Finches,Birds,broad_guild,,,Bird direct food,seed/grain,seed/grain,,Food,C - documented broad bird group,Audubon ZIP 78666 / Hays context,0.27,Central Texas Bird Audubon interactions,National Audubon Society,https://www.audubon.org/native-plants
PLT0007,,Crows,Birds,broad_guild,,,Bird direct food,nectar,flower nectar,,Food,C - documented broad bird group,Audubon ZIP 78666 / Hays context,0.27,Central Texas Bird Audubon interactions,National Audubon Society,https://www.audubon.org/native-plants
PLT0007,,Wood Warblers,Birds,broad_guild,,,Bird direct food,seed/grain,seed/grain,,Food,C - documented broad bird group,Audubon ZIP 78666 / Hays context,0.27,Central Texas Bird Audubon interactions,National Audubon Society,https://www.audubon.org/native-plants
PLT0007,,Orioles,Birds,broad_guild,,,Bird direct food,seed/grain,seed/grain,,Food,C - documented broad bird group,Audubon ZIP 78666 / Hays context,0.27,Central Texas Bird Audubon interactions,National Audubon Society,https://www.audubon.org/native-plants
PLT0007,,Hummingbirds,Birds,broad_guild,,,Bird direct food,seed/grain,seed/grain,,Food,C - documented broad bird group,Audubon ZIP 78666 / Hays context,0.27,Central Texas Bird Audubon interactions,National Audubon Society,https://www.audubon.org/native-plants
PLT0007,,Mockingbirds,Birds,broad_guild,,,Bird direct food,fruit,fruit,,Food,C - documented broad bird group,Audubon ZIP 78666 / Hays context,0.27,Central Texas Bird Audubon interactions,National Audubon Society,https://www.audubon.org/native-plants
PLT0007,,Crows,Birds,broad_guild,,,Bird direct food,seed/grain,seed/grain,,Food,C - documented broad bird group,Audubon ZIP 78666 / Hays context,0.27,Central Texas Bird Audubon interactions,National Audubon Society,https://www.audubon.org/native-plants
PLT0007,,Chickadees,Birds,broad_guild,,,Bird direct food,seed/grain,seed/grain,,Food,C - documented broad bird group,Audubon ZIP 78666 / Hays context,0.27,Central Texas Bird Audubon interactions,National Audubon Society,https://www.audubon.org/native-plants
PLT0007,,Chickadees,Birds,broad_guild,,,Bird direct food,nectar,flower nectar,,Food,C - documented broad bird group,Audubon ZIP 78666 / Hays context,0.27,Central Texas Bird Audubon interactions,National Audubon Society,https://www.audubon.org/native-plants
PLT0007,,Mockingbirds,Birds,broad_guild,,,Bird direct food,seed/grain,seed/grain,,Food,C - documented broad bird group,Audubon ZIP 78666 / Hays context,0.27,Central Texas Bird Audubon interactions,National Audubon Society,https://www.audubon.org/native-plants
PLT0007,,Mockingbirds,Birds,broad_guild,,,Bird direct food,nectar,flower nectar,,Food,C - documented broad bird group,Audubon ZIP 78666 / Hays context,0.27,Central Texas Bird Audubon interactions,National Audubon Society,https://www.audubon.org/native-plants
PLT0007,,Buntings,Birds,broad_guild,,,Bird direct food,fruit,fruit,,Food,C - documented broad bird group,Audubon ZIP 78666 / Hays context,0.27,Central Texas Bird Audubon interactions,National Audubon Society,https://www.audubon.org/native-plants
PLT0007,,Buntings,Birds,broad_guild,,,Bird direct food,seed/grain,seed/grain,,Food,C - documented broad bird group,Audubon ZIP 78666 / Hays context,0.27,Central Texas Bird Audubon interactions,National Audubon Society,https://www.audubon.org/native-plants
PLT0007,,Grosbeaks,Birds,broad_guild,,,Bird direct food,nectar,flower nectar,,Food,C - documented broad bird group,Audubon ZIP 78666 / Hays context,0.27,Central Texas Bird Audubon interactions,National Audubon Society,https://www.audubon.org/native-plants
PLT0007,,Wood Warblers,Birds,broad_guild,,,Bird direct food,fruit,fruit,,Food,C - documented broad bird group,Audubon ZIP 78666 / Hays context,0.27,Central Texas Bird Audubon interactions,National Audubon Society,https://www.audubon.org/native-plants
PLT0007,,Hummingbirds,Birds,broad_guild,,,Bird direct food,fruit,fruit,,Food,C - documented broad bird group,Audubon ZIP 78666 / Hays context,0.27,Central Texas Bird Audubon interactions,National Audubon Society,https://www.audubon.org/native-plants
PLT0007,,Cardinals,Birds,broad_guild,,,Bird direct food,seed/grain,seed/grain,,Food,C - documented broad bird group,Audubon ZIP 78666 / Hays context,0.27,Central Texas Bird Audubon interactions,National Audubon Society,https://www.audubon.org/native-plants
PLT0007,,Cardinals,Birds,broad_guild,,,Bird direct food,nectar,flower nectar,,Food,C - documented broad bird group,Audubon ZIP 78666 / Hays context,0.27,Central Texas Bird Audubon interactions,National Audubon Society,https://www.audubon.org/native-plants
PLT0007,,Chickadees,Birds,broad_guild,,,Bird direct food,fruit,fruit,,Food,C - documented broad bird group,Audubon ZIP 78666 / Hays context,0.27,Central Texas Bird Audubon interactions,National Audubon Society,https://www.audubon.org/native-plants
PLT0009,,Buntings,Birds,broad_guild,,,Bird direct food,fruit,fruit,,Food,C - documented broad bird group,Audubon ZIP 78666 / Hays context,0.27,Central Texas Bird Audubon interactions,National Audubon Society,https://www.audubon.org/native-plants
PLT0009,,Nuthatches,Birds,broad_guild,,,Bird direct food,nectar,flower nectar,,Food,C - documented broad bird group,Audubon ZIP 78666 / Hays context,0.27,Central Texas Bird Audubon interactions,National Audubon Society,https://www.audubon.org/native-plants
PLT0009,,Cardinals,Birds,broad_guild,,,Bird direct food,fruit,fruit,,Food,C - documented broad bird group,Audubon ZIP 78666 / Hays context,0.27,Central Texas Bird Audubon interactions,National Audubon Society,https://www.audubon.org/native-plants
PLT0009,,Cardinals,Birds,broad_guild,,,Bird direct food,seed/grain,seed/grain,,Food,C - documented broad bird group,Audubon ZIP 78666 / Hays context,0.27,Central Texas Bird Audubon interactions,National Audubon Society,https://www.audubon.org/native-plants
PLT0009,,Buntings,Birds,broad_guild,,,Bird direct food,nectar,flower nectar,,Food,C - documented broad bird group,Audubon ZIP 78666 / Hays context,0.27,Central Texas Bird Audubon interactions,National Audubon Society,https://www.audubon.org/native-plants
PLT0009,,Nuthatches,Birds,broad_guild,,,Bird direct food,seed/grain,seed/grain,,Food,C - documented broad bird group,Audubon ZIP 78666 / Hays context,0.27,Central Texas Bird Audubon interactions,National Audubon Society,https://www.audubon.org/native-plants
PLT0009,,Buntings,Birds,broad_guild,,,Bird direct food,seed/grain,seed/grain,,Food,C - documented broad bird group,Audubon ZIP 78666 / Hays context,0.27,Central Texas Bird Audubon interactions,National Audubon Society,https://www.audubon.org/native-plants
PLT0009,,Sparrows,Birds,broad_guild,,,Bird direct food,seed/grain,seed/grain,,Food,C - documented broad bird group,Audubon ZIP 78666 / Hays context,0.27,Central Texas Bird Audubon interactions,National Audubon Society,https://www.audubon.org/native-plants
PLT0009,,Titmice,Birds,broad_guild,,,Bird direct food,nectar,flower nectar,,Food,C - documented broad bird group,Audubon ZIP 78666 / Hays context,0.27,Central Texas Bird Audubon interactions,National Audubon Society,https://www.audubon.org/native-plants
PLT0009,,Thrushes,Birds,broad_guild,,,Bird direct food,fruit,fruit,,Food,C - documented broad bird group,Audubon ZIP 78666 / Hays context,0.27,Central Texas Bird Audubon interactions,National Audubon Society,https://www.audubon.org/native-plants
PLT0009,,Thrushes,Birds,broad_guild,,,Bird direct food,seed/grain,seed/grain,,Food,C - documented broad bird group,Audubon ZIP 78666 / Hays context,0.27,Central Texas Bird Audubon interactions,National Audubon Society,https://www.audubon.org/native-plants
PLT0009,,Thrushes,Birds,broad_guild,,,Bird direct food,nectar,flower nectar,,Food,C - documented broad bird group,Audubon ZIP 78666 / Hays context,0.27,Central Texas Bird Audubon interactions,National Audubon Society,https://www.audubon.org/native-plants
PLT0009,,Titmice,Birds,broad_guild,,,Bird direct food,fruit,fruit,,Food,C - documented broad bird group,Audubon ZIP 78666 / Hays context,0.27,Central Texas Bird Audubon interactions,National Audubon Society,https://www.audubon.org/native-plants
PLT0009,,Titmice,Birds,broad_guild,,,Bird direct food,seed/grain,seed/grain,,Food,C - documented broad bird group,Audubon ZIP 78666 / Hays context,0.27,Central Texas Bird Audubon interactions,National Audubon Society,https://www.audubon.org/native-plants
PLT0009,,Vireos,Birds,broad_guild,,,Bird direct food,fruit,fruit,,Food,C - documented broad bird group,Audubon ZIP 78666 / Hays context,0.27,Central Texas Bird Audubon interactions,National Audubon Society,https://www.audubon.org/native-plants
PLT0009,,Thrashers,Birds,broad_guild,,,Bird direct food,seed/grain,seed/grain,,Food,C - documented broad bird group,Audubon ZIP 78666 / Hays context,0.27,Central Texas Bird Audubon interactions,National Audubon Society,https://www.audubon.org/native-plants
PLT0009,,Vireos,Birds,broad_guild,,,Bird direct food,seed/grain,seed/grain,,Food,C - documented broad bird group,Audubon ZIP 78666 / Hays context,0.27,Central Texas Bird Audubon interactions,National Audubon Society,https://www.audubon.org/native-plants
PLT0009,,Vireos,Birds,broad_guild,,,Bird direct food,nectar,flower nectar,,Food,C - documented broad bird group,Audubon ZIP 78666 / Hays context,0.27,Central Texas Bird Audubon interactions,National Audubon Society,https://www.audubon.org/native-plants
PLT0009,,Warblers,Birds,broad_guild,,,Bird direct food,fruit,fruit,,Food,C - documented broad bird group,Audubon ZIP 78666 / Hays context,0.27,Central Texas Bird Audubon interactions,National Audubon Society,https://www.audubon.org/native-plants
PLT0009,,Warblers,Birds,broad_guild,,,Bird direct food,seed/grain,seed/grain,,Food,C - documented broad bird group,Audubon ZIP 78666 / Hays context,0.27,Central Texas Bird Audubon interactions,National Audubon Society,https://www.audubon.org/native-plants
PLT0009,,Warblers,Birds,broad_guild,,,Bird direct food,nectar,flower nectar,,Food,C - documented broad bird group,Audubon ZIP 78666 / Hays context,0.27,Central Texas Bird Audubon interactions,National Audubon Society,https://www.audubon.org/native-plants
PLT0009,,Waxwings,Birds,broad_guild,,,Bird direct food,fruit,fruit,,Food,C - documented broad bird group,Audubon ZIP 78666 / Hays context,0.27,Central Texas Bird Audubon interactions,National Audubon Society,https://www.audubon.org/native-plants
PLT0009,,Orioles,Birds,broad_guild,,,Bird direct food,fruit,fruit,,Food,C - documented broad bird group,Audubon ZIP 78666 / Hays context,0.27,Central Texas Bird Audubon interactions,National Audubon Society,https://www.audubon.org/native-plants
PLT0009,,Sparrows,Birds,broad_guild,,,Bird direct food,fruit,fruit,,Food,C - documented broad bird group,Audubon ZIP 78666 / Hays context,0.27,Central Texas Bird Audubon interactions,National Audubon Society,https://www.audubon.org/native-plants
PLT0009,,Orioles,Birds,broad_guild,,,Bird direct food,seed/grain,seed/grain,,Food,C - documented broad bird group,Audubon ZIP 78666 / Hays context,0.27,Central Texas Bird Audubon interactions,National Audubon Society,https://www.audubon.org/native-plants
PLT0009,,Orioles,Birds,broad_guild,,,Bird direct food,nectar,flower nectar,,Food,C - documented broad bird group,Audubon ZIP 78666 / Hays context,0.27,Central Texas Bird Audubon interactions,National Audubon Society,https://www.audubon.org/native-plants
PLT0009,,Waxwings,Birds,broad_guild,,,Bird direct food,seed/grain,seed/grain,,Food,C - documented broad bird group,Audubon ZIP 78666 / Hays context,0.27,Central Texas Bird Audubon interactions,National Audubon Society,https://www.audubon.org/native-plants
PLT0009,,Woodpeckers,Birds,broad_guild,,,Bird direct food,nectar,flower nectar,,Food,C - documented broad bird group,Audubon ZIP 78666 / Hays context,0.27,Central Texas Bird Audubon interactions,National Audubon Society,https://www.audubon.org/native-plants
PLT0009,,Finches,Birds,broad_guild,,,Bird direct food,fruit,fruit,,Food,C - documented broad bird group,Audubon ZIP 78666 / Hays context,0.27,Central Texas Bird Audubon interactions,National Audubon Society,https://www.audubon.org/native-plants
PLT0009,,Mockingbirds,Birds,broad_guild,,,Bird direct food,nectar,flower nectar,,Food,C - documented broad bird group,Audubon ZIP 78666 / Hays context,0.27,Central Texas Bird Audubon interactions,National Audubon Society,https://www.audubon.org/native-plants
PLT0009,,Nuthatches,Birds,broad_guild,,,Bird direct food,fruit,fruit,,Food,C - documented broad bird group,Audubon ZIP 78666 / Hays context,0.27,Central Texas Bird Audubon interactions,National Audubon Society,https://www.audubon.org/native-plants
PLT0009,,Finches,Birds,broad_guild,,,Bird direct food,nectar,flower nectar,,Food,C - documented broad bird group,Audubon ZIP 78666 / Hays context,0.27,Central Texas Bird Audubon interactions,National Audubon Society,https://www.audubon.org/native-plants
PLT0009,,Wrens,Birds,broad_guild,,,Bird direct food,seed/grain,seed/grain,,Food,C - documented broad bird group,Audubon ZIP 78666 / Hays context,0.27,Central Texas Bird Audubon interactions,National Audubon Society,https://www.audubon.org/native-plants
PLT0009,,Wrens,Birds,broad_guild,,,Bird direct food,fruit,fruit,,Food,C - documented broad bird group,Audubon ZIP 78666 / Hays context,0.27,Central Texas Bird Audubon interactions,National Audubon Society,https://www.audubon.org/native-plants
PLT0009,,Wood Warblers,Birds,broad_guild,,,Bird direct food,nectar,flower nectar,,Food,C - documented broad bird group,Audubon ZIP 78666 / Hays context,0.27,Central Texas Bird Audubon interactions,National Audubon Society,https://www.audubon.org/native-plants
PLT0009,,Woodpeckers,Birds,broad_guild,,,Bird direct food,fruit,fruit,,Food,C - documented broad bird group,Audubon ZIP 78666 / Hays context,0.27,Central Texas Bird Audubon interactions,National Audubon Society,https://www.audubon.org/native-plants
PLT0009,,Woodpeckers,Birds,broad_guild,,,Bird direct food,seed/grain,seed/grain,,Food,C - documented broad bird group,Audubon ZIP 78666 / Hays context,0.27,Central Texas Bird Audubon interactions,National Audubon Society,https://www.audubon.org/native-plants
PLT0009,,Thrashers,Birds,broad_guild,,,Bird direct food,nectar,flower nectar,,Food,C - documented broad bird group,Audubon ZIP 78666 / Hays context,0.27,Central Texas Bird Audubon interactions,National Audubon Society,https://www.audubon.org/native-plants
PLT0009,,Cardinals,Birds,broad_guild,,,Bird direct food,nectar,flower nectar,,Food,C - documented broad bird group,Audubon ZIP 78666 / Hays context,0.27,Central Texas Bird Audubon interactions,National Audubon Society,https://www.audubon.org/native-plants
PLT0009,,Wood Warblers,Birds,broad_guild,,,Bird direct food,fruit,fruit,,Food,C - documented broad bird group,Audubon ZIP 78666 / Hays context,0.27,Central Texas Bird Audubon interactions,National Audubon Society,https://www.audubon.org/native-plants
PLT0009,,Waxwings,Birds,broad_guild,,,Bird direct food,nectar,flower nectar,,Food,C - documented broad bird group,Audubon ZIP 78666 / Hays context,0.27,Central Texas Bird Audubon interactions,National Audubon Society,https://www.audubon.org/native-plants
PLT0009,,Mockingbirds,Birds,broad_guild,,,Bird direct food,fruit,fruit,,Food,C - documented broad bird group,Audubon ZIP 78666 / Hays context,0.27,Central Texas Bird Audubon interactions,National Audubon Society,https://www.audubon.org/native-plants
PLT0009,,Mockingbirds,Birds,broad_guild,,,Bird direct food,seed/grain,seed/grain,,Food,C - documented broad bird group,Audubon ZIP 78666 / Hays context,0.27,Central Texas Bird Audubon interactions,National Audubon Society,https://www.audubon.org/native-plants
PLT0009,,Wood Warblers,Birds,broad_guild,,,Bird direct food,seed/grain,seed/grain,,Food,C - documented broad bird group,Audubon ZIP 78666 / Hays context,0.27,Central Texas Bird Audubon interactions,National Audubon Society,https://www.audubon.org/native-plants
PLT0009,,Sparrows,Birds,broad_guild,,,Bird direct food,nectar,flower nectar,,Food,C - documented broad bird group,Audubon ZIP 78666 / Hays context,0.27,Central Texas Bird Audubon interactions,National Audubon Society,https://www.audubon.org/native-plants
PLT0009,,Jays,Birds,broad_guild,,,Bird direct food,seed/grain,seed/grain,,Food,C - documented broad bird group,Audubon ZIP 78666 / Hays context,0.27,Central Texas Bird Audubon interactions,National Audubon Society,https://www.audubon.org/native-plants
PLT0009,,Jays,Birds,broad_guild,,,Bird direct food,nectar,flower nectar,,Food,C - documented broad bird group,Audubon ZIP 78666 / Hays context,0.27,Central Texas Bird Audubon interactions,National Audubon Society,https://www.audubon.org/native-plants
PLT0009,,Crows,Birds,broad_guild,,,Bird direct food,seed/grain,seed/grain,,Food,C - documented broad bird group,Audubon ZIP 78666 / Hays context,0.27,Central Texas Bird Audubon interactions,National Audubon Society,https://www.audubon.org/native-plants
PLT0009,,Crows,Birds,broad_guild,,,Bird direct food,nectar,flower nectar,,Food,C - documented broad bird group,Audubon ZIP 78666 / Hays context,0.27,Central Texas Bird Audubon interactions,National Audubon Society,https://www.audubon.org/native-plants
PLT0009,,Finches,Birds,broad_guild,,,Bird direct food,seed/grain,seed/grain,,Food,C - documented broad bird group,Audubon ZIP 78666 / Hays context,0.27,Central Texas Bird Audubon interactions,National Audubon Society,https://www.audubon.org/native-plants
PLT0009,,Wrens,Birds,broad_guild,,,Bird direct food,nectar,flower nectar,,Food,C - documented broad bird group,Audubon ZIP 78666 / Hays context,0.27,Central Texas Bird Audubon interactions,National Audubon Society,https://www.audubon.org/native-plants
PLT0009,,Hummingbirds,Birds,broad_guild,,,Bird direct food,nectar,flower nectar,,Food,C - documented broad bird group,Audubon ZIP 78666 / Hays context,0.27,Central Texas Bird Audubon interactions,National Audubon Society,https://www.audubon.org/native-plants
PLT0009,,Hummingbirds,Birds,broad_guild,,,Bird direct food,seed/grain,seed/grain,,Food,C - documented broad bird group,Audubon ZIP 78666 / Hays context,0.27,Central Texas Bird Audubon interactions,National Audubon Society,https://www.audubon.org/native-plants
PLT0009,,Thrashers,Birds,broad_guild,,,Bird direct food,fruit,fruit,,Food,C - documented broad bird group,Audubon ZIP 78666 / Hays context,0.27,Central Texas Bird Audubon interactions,National Audubon Society,https://www.audubon.org/native-plants
PLT0009,,Jays,Birds,broad_guild,,,Bird direct food,fruit,fruit,,Food,C - documented broad bird group,Audubon ZIP 78666 / Hays context,0.27,Central Texas Bird Audubon interactions,National Audubon Society,https://www.audubon.org/native-plants
PLT0009,,Chickadees,Birds,broad_guild,,,Bird direct food,fruit,fruit,,Food,C - documented broad bird group,Audubon ZIP 78666 / Hays context,0.27,Central Texas Bird Audubon interactions,National Audubon Society,https://www.audubon.org/native-plants
PLT0009,,Hummingbirds,Birds,broad_guild,,,Bird direct food,fruit,fruit,,Food,C - documented broad bird group,Audubon ZIP 78666 / Hays context,0.27,Central Texas Bird Audubon interactions,National Audubon Society,https://www.audubon.org/native-plants
PLT0009,,Chickadees,Birds,broad_guild,,,Bird direct food,nectar,flower nectar,,Food,C - documented broad bird group,Audubon ZIP 78666 / Hays context,0.27,Central Texas Bird Audubon interactions,National Audubon Society,https://www.audubon.org/native-plants
PLT0009,,Crows,Birds,broad_guild,,,Bird direct food,fruit,fruit,,Food,C - documented broad bird group,Audubon ZIP 78666 / Hays context,0.27,Central Texas Bird Audubon interactions,National Audubon Society,https://www.audubon.org/native-plants
PLT0009,,Grosbeaks,Birds,broad_guild,,,Bird direct food,fruit,fruit,,Food,C - documented broad bird group,Audubon ZIP 78666 / Hays context,0.27,Central Texas Bird Audubon interactions,National Audubon Society,https://www.audubon.org/native-plants
PLT0009,,Grosbeaks,Birds,broad_guild,,,Bird direct food,seed/grain,seed/grain,,Food,C - documented broad bird group,Audubon ZIP 78666 / Hays context,0.27,Central Texas Bird Audubon interactions,National Audubon Society,https://www.audubon.org/native-plants
PLT0009,,Grosbeaks,Birds,broad_guild,,,Bird direct food,nectar,flower nectar,,Food,C - documented broad bird group,Audubon ZIP 78666 / Hays context,0.27,Central Texas Bird Audubon interactions,National Audubon Society,https://www.audubon.org/native-plants
PLT0009,,Chickadees,Birds,broad_guild,,,Bird direct food,seed/grain,seed/grain,,Food,C - documented broad bird group,Audubon ZIP 78666 / Hays context,0.27,Central Texas Bird Audubon interactions,National Audubon Society,https://www.audubon.org/native-plants
PLT0013,,Waxwings,Birds,broad_guild,,,Bird direct food,nectar,flower nectar,,Food,C - documented broad bird group,Audubon ZIP 78666 / Hays context,0.27,Central Texas Bird Audubon interactions,National Audubon Society,https://www.audubon.org/native-plants
PLT0013,,Finches,Birds,broad_guild,,,Bird direct food,nectar,flower nectar,,Food,C - documented broad bird group,Audubon ZIP 78666 / Hays context,0.27,Central Texas Bird Audubon interactions,National Audubon Society,https://www.audubon.org/native-plants
PLT0013,,Grosbeaks,Birds,broad_guild,,,Bird direct food,seed/grain,seed/grain,,Food,C - documented broad bird group,Audubon ZIP 78666 / Hays context,0.27,Central Texas Bird Audubon interactions,National Audubon Society,https://www.audubon.org/native-plants
PLT0013,,Thrashers,Birds,broad_guild,,,Bird direct food,seed/grain,seed/grain,,Food,C - documented broad bird group,Audubon ZIP 78666 / Hays context,0.27,Central Texas Bird Audubon interactions,National Audubon Society,https://www.audubon.org/native-plants
PLT0013,,Hummingbirds,Birds,broad_guild,,,Bird direct food,seed/grain,seed/grain,,Food,C - documented broad bird group,Audubon ZIP 78666 / Hays context,0.27,Central Texas Bird Audubon interactions,National Audubon Society,https://www.audubon.org/native-plants
PLT0013,,Thrashers,Birds,broad_guild,,,Bird direct food,nectar,flower nectar,,Food,C - documented broad bird group,Audubon ZIP 78666 / Hays context,0.27,Central Texas Bird Audubon interactions,National Audubon Society,https://www.audubon.org/native-plants
PLT0013,,Thrushes,Birds,broad_guild,,,Bird direct food,fruit,fruit,,Food,C - documented broad bird group,Audubon ZIP 78666 / Hays context,0.27,Central Texas Bird Audubon interactions,National Audubon Society,https://www.audubon.org/native-plants
PLT0013,,Thrushes,Birds,broad_guild,,,Bird direct food,seed/grain,seed/grain,,Food,C - documented broad bird group,Audubon ZIP 78666 / Hays context,0.27,Central Texas Bird Audubon interactions,National Audubon Society,https://www.audubon.org/native-plants
PLT0013,,Vireos,Birds,broad_guild,,,Bird direct food,fruit,fruit,,Food,C - documented broad bird group,Audubon ZIP 78666 / Hays context,0.27,Central Texas Bird Audubon interactions,National Audubon Society,https://www.audubon.org/native-plants
PLT0013,,Crows,Birds,broad_guild,,,Bird direct food,fruit,fruit,,Food,C - documented broad bird group,Audubon ZIP 78666 / Hays context,0.27,Central Texas Bird Audubon interactions,National Audubon Society,https://www.audubon.org/native-plants
PLT0013,,Thrashers,Birds,broad_guild,,,Bird direct food,fruit,fruit,,Food,C - documented broad bird group,Audubon ZIP 78666 / Hays context,0.27,Central Texas Bird Audubon interactions,National Audubon Society,https://www.audubon.org/native-plants
PLT0013,,Grosbeaks,Birds,broad_guild,,,Bird direct food,fruit,fruit,,Food,C - documented broad bird group,Audubon ZIP 78666 / Hays context,0.27,Central Texas Bird Audubon interactions,National Audubon Society,https://www.audubon.org/native-plants
PLT0013,,Thrushes,Birds,broad_guild,,,Bird direct food,nectar,flower nectar,,Food,C - documented broad bird group,Audubon ZIP 78666 / Hays context,0.27,Central Texas Bird Audubon interactions,National Audubon Society,https://www.audubon.org/native-plants
PLT0013,,Titmice,Birds,broad_guild,,,Bird direct food,fruit,fruit,,Food,C - documented broad bird group,Audubon ZIP 78666 / Hays context,0.27,Central Texas Bird Audubon interactions,National Audubon Society,https://www.audubon.org/native-plants
PLT0013,,Titmice,Birds,broad_guild,,,Bird direct food,seed/grain,seed/grain,,Food,C - documented broad bird group,Audubon ZIP 78666 / Hays context,0.27,Central Texas Bird Audubon interactions,National Audubon Society,https://www.audubon.org/native-plants
PLT0013,,Titmice,Birds,broad_guild,,,Bird direct food,nectar,flower nectar,,Food,C - documented broad bird group,Audubon ZIP 78666 / Hays context,0.27,Central Texas Bird Audubon interactions,National Audubon Society,https://www.audubon.org/native-plants
PLT0013,,Wood Warblers,Birds,broad_guild,,,Bird direct food,nectar,flower nectar,,Food,C - documented broad bird group,Audubon ZIP 78666 / Hays context,0.27,Central Texas Bird Audubon interactions,National Audubon Society,https://www.audubon.org/native-plants
PLT0013,,Chickadees,Birds,broad_guild,,,Bird direct food,seed/grain,seed/grain,,Food,C - documented broad bird group,Audubon ZIP 78666 / Hays context,0.27,Central Texas Bird Audubon interactions,National Audubon Society,https://www.audubon.org/native-plants
PLT0013,,Chickadees,Birds,broad_guild,,,Bird direct food,nectar,flower nectar,,Food,C - documented broad bird group,Audubon ZIP 78666 / Hays context,0.27,Central Texas Bird Audubon interactions,National Audubon Society,https://www.audubon.org/native-plants
PLT0013,,Warblers,Birds,broad_guild,,,Bird direct food,fruit,fruit,,Food,C - documented broad bird group,Audubon ZIP 78666 / Hays context,0.27,Central Texas Bird Audubon interactions,National Audubon Society,https://www.audubon.org/native-plants
PLT0013,,Finches,Birds,broad_guild,,,Bird direct food,seed/grain,seed/grain,,Food,C - documented broad bird group,Audubon ZIP 78666 / Hays context,0.27,Central Texas Bird Audubon interactions,National Audubon Society,https://www.audubon.org/native-plants
PLT0013,,Hummingbirds,Birds,broad_guild,,,Bird direct food,nectar,flower nectar,,Food,C - documented broad bird group,Audubon ZIP 78666 / Hays context,0.27,Central Texas Bird Audubon interactions,National Audubon Society,https://www.audubon.org/native-plants
PLT0013,,Jays,Birds,broad_guild,,,Bird direct food,fruit,fruit,,Food,C - documented broad bird group,Audubon ZIP 78666 / Hays context,0.27,Central Texas Bird Audubon interactions,National Audubon Society,https://www.audubon.org/native-plants
PLT0013,,Chickadees,Birds,broad_guild,,,Bird direct food,fruit,fruit,,Food,C - documented broad bird group,Audubon ZIP 78666 / Hays context,0.27,Central Texas Bird Audubon interactions,National Audubon Society,https://www.audubon.org/native-plants
PLT0013,,Wood Warblers,Birds,broad_guild,,,Bird direct food,fruit,fruit,,Food,C - documented broad bird group,Audubon ZIP 78666 / Hays context,0.27,Central Texas Bird Audubon interactions,National Audubon Society,https://www.audubon.org/native-plants
PLT0013,,Wood Warblers,Birds,broad_guild,,,Bird direct food,seed/grain,seed/grain,,Food,C - documented broad bird group,Audubon ZIP 78666 / Hays context,0.27,Central Texas Bird Audubon interactions,National Audubon Society,https://www.audubon.org/native-plants
PLT0013,,Grosbeaks,Birds,broad_guild,,,Bird direct food,nectar,flower nectar,,Food,C - documented broad bird group,Audubon ZIP 78666 / Hays context,0.27,Central Texas Bird Audubon interactions,National Audubon Society,https://www.audubon.org/native-plants
PLT0013,,Waxwings,Birds,broad_guild,,,Bird direct food,fruit,fruit,,Food,C - documented broad bird group,Audubon ZIP 78666 / Hays context,0.27,Central Texas Bird Audubon interactions,National Audubon Society,https://www.audubon.org/native-plants
PLT0013,,Hummingbirds,Birds,broad_guild,,,Bird direct food,fruit,fruit,,Food,C - documented broad bird group,Audubon ZIP 78666 / Hays context,0.27,Central Texas Bird Audubon interactions,National Audubon Society,https://www.audubon.org/native-plants
PLT0013,,Warblers,Birds,broad_guild,,,Bird direct food,seed/grain,seed/grain,,Food,C - documented broad bird group,Audubon ZIP 78666 / Hays context,0.27,Central Texas Bird Audubon interactions,National Audubon Society,https://www.audubon.org/native-plants
PLT0013,,Warblers,Birds,broad_guild,,,Bird direct food,nectar,flower nectar,,Food,C - documented broad bird group,Audubon ZIP 78666 / Hays context,0.27,Central Texas Bird Audubon interactions,National Audubon Society,https://www.audubon.org/native-plants
PLT0013,,Waxwings,Birds,broad_guild,,,Bird direct food,seed/grain,seed/grain,,Food,C - documented broad bird group,Audubon ZIP 78666 / Hays context,0.27,Central Texas Bird Audubon interactions,National Audubon Society,https://www.audubon.org/native-plants
PLT0013,,Orioles,Birds,broad_guild,,,Bird direct food,seed/grain,seed/grain,,Food,C - documented broad bird group,Audubon ZIP 78666 / Hays context,0.27,Central Texas Bird Audubon interactions,National Audubon Society,https://www.audubon.org/native-plants
PLT0013,,Orioles,Birds,broad_guild,,,Bird direct food,nectar,flower nectar,,Food,C - documented broad bird group,Audubon ZIP 78666 / Hays context,0.27,Central Texas Bird Audubon interactions,National Audubon Society,https://www.audubon.org/native-plants
PLT0013,,Sparrows,Birds,broad_guild,,,Bird direct food,fruit,fruit,,Food,C - documented broad bird group,Audubon ZIP 78666 / Hays context,0.27,Central Texas Bird Audubon interactions,National Audubon Society,https://www.audubon.org/native-plants
PLT0013,,Buntings,Birds,broad_guild,,,Bird direct food,fruit,fruit,,Food,C - documented broad bird group,Audubon ZIP 78666 / Hays context,0.27,Central Texas Bird Audubon interactions,National Audubon Society,https://www.audubon.org/native-plants
PLT0013,,Buntings,Birds,broad_guild,,,Bird direct food,seed/grain,seed/grain,,Food,C - documented broad bird group,Audubon ZIP 78666 / Hays context,0.27,Central Texas Bird Audubon interactions,National Audubon Society,https://www.audubon.org/native-plants
PLT0013,,Woodpeckers,Birds,broad_guild,,,Bird direct food,seed/grain,seed/grain,,Food,C - documented broad bird group,Audubon ZIP 78666 / Hays context,0.27,Central Texas Bird Audubon interactions,National Audubon Society,https://www.audubon.org/native-plants
PLT0013,,Woodpeckers,Birds,broad_guild,,,Bird direct food,nectar,flower nectar,,Food,C - documented broad bird group,Audubon ZIP 78666 / Hays context,0.27,Central Texas Bird Audubon interactions,National Audubon Society,https://www.audubon.org/native-plants
PLT0013,,Wrens,Birds,broad_guild,,,Bird direct food,fruit,fruit,,Food,C - documented broad bird group,Audubon ZIP 78666 / Hays context,0.27,Central Texas Bird Audubon interactions,National Audubon Society,https://www.audubon.org/native-plants
PLT0013,,Crows,Birds,broad_guild,,,Bird direct food,seed/grain,seed/grain,,Food,C - documented broad bird group,Audubon ZIP 78666 / Hays context,0.27,Central Texas Bird Audubon interactions,National Audubon Society,https://www.audubon.org/native-plants
PLT0013,,Mockingbirds,Birds,broad_guild,,,Bird direct food,seed/grain,seed/grain,,Food,C - documented broad bird group,Audubon ZIP 78666 / Hays context,0.27,Central Texas Bird Audubon interactions,National Audubon Society,https://www.audubon.org/native-plants
PLT0013,,Orioles,Birds,broad_guild,,,Bird direct food,fruit,fruit,,Food,C - documented broad bird group,Audubon ZIP 78666 / Hays context,0.27,Central Texas Bird Audubon interactions,National Audubon Society,https://www.audubon.org/native-plants
PLT0013,,Buntings,Birds,broad_guild,,,Bird direct food,nectar,flower nectar,,Food,C - documented broad bird group,Audubon ZIP 78666 / Hays context,0.27,Central Texas Bird Audubon interactions,National Audubon Society,https://www.audubon.org/native-plants
PLT0013,,Cardinals,Birds,broad_guild,,,Bird direct food,fruit,fruit,,Food,C - documented broad bird group,Audubon ZIP 78666 / Hays context,0.27,Central Texas Bird Audubon interactions,National Audubon Society,https://www.audubon.org/native-plants
PLT0013,,Wrens,Birds,broad_guild,,,Bird direct food,nectar,flower nectar,,Food,C - documented broad bird group,Audubon ZIP 78666 / Hays context,0.27,Central Texas Bird Audubon interactions,National Audubon Society,https://www.audubon.org/native-plants
PLT0013,,Wrens,Birds,broad_guild,,,Bird direct food,seed/grain,seed/grain,,Food,C - documented broad bird group,Audubon ZIP 78666 / Hays context,0.27,Central Texas Bird Audubon interactions,National Audubon Society,https://www.audubon.org/native-plants
PLT0013,,Vireos,Birds,broad_guild,,,Bird direct food,seed/grain,seed/grain,,Food,C - documented broad bird group,Audubon ZIP 78666 / Hays context,0.27,Central Texas Bird Audubon interactions,National Audubon Society,https://www.audubon.org/native-plants
PLT0013,,Vireos,Birds,broad_guild,,,Bird direct food,nectar,flower nectar,,Food,C - documented broad bird group,Audubon ZIP 78666 / Hays context,0.27,Central Texas Bird Audubon interactions,National Audubon Society,https://www.audubon.org/native-plants
PLT0013,,Sparrows,Birds,broad_guild,,,Bird direct food,seed/grain,seed/grain,,Food,C - documented broad bird group,Audubon ZIP 78666 / Hays context,0.27,Central Texas Bird Audubon interactions,National Audubon Society,https://www.audubon.org/native-plants
PLT0013,,Mockingbirds,Birds,broad_guild,,,Bird direct food,nectar,flower nectar,,Food,C - documented broad bird group,Audubon ZIP 78666 / Hays context,0.27,Central Texas Bird Audubon interactions,National Audubon Society,https://www.audubon.org/native-plants
PLT0013,,Crows,Birds,broad_guild,,,Bird direct food,nectar,flower nectar,,Food,C - documented broad bird group,Audubon ZIP 78666 / Hays context,0.27,Central Texas Bird Audubon interactions,National Audubon Society,https://www.audubon.org/native-plants
PLT0013,,Finches,Birds,broad_guild,,,Bird direct food,fruit,fruit,,Food,C - documented broad bird group,Audubon ZIP 78666 / Hays context,0.27,Central Texas Bird Audubon interactions,National Audubon Society,https://www.audubon.org/native-plants
PLT0013,,Cardinals,Birds,broad_guild,,,Bird direct food,seed/grain,seed/grain,,Food,C - documented broad bird group,Audubon ZIP 78666 / Hays context,0.27,Central Texas Bird Audubon interactions,National Audubon Society,https://www.audubon.org/native-plants
PLT0013,,Cardinals,Birds,broad_guild,,,Bird direct food,nectar,flower nectar,,Food,C - documented broad bird group,Audubon ZIP 78666 / Hays context,0.27,Central Texas Bird Audubon interactions,National Audubon Society,https://www.audubon.org/native-plants
PLT0013,,Woodpeckers,Birds,broad_guild,,,Bird direct food,fruit,fruit,,Food,C - documented broad bird group,Audubon ZIP 78666 / Hays context,0.27,Central Texas Bird Audubon interactions,National Audubon Society,https://www.audubon.org/native-plants
PLT0013,,Sparrows,Birds,broad_guild,,,Bird direct food,nectar,flower nectar,,Food,C - documented broad bird group,Audubon ZIP 78666 / Hays context,0.27,Central Texas Bird Audubon interactions,National Audubon Society,https://www.audubon.org/native-plants
PLT0013,,Jays,Birds,broad_guild,,,Bird direct food,seed/grain,seed/grain,,Food,C - documented broad bird group,Audubon ZIP 78666 / Hays context,0.27,Central Texas Bird Audubon interactions,National Audubon Society,https://www.audubon.org/native-plants
PLT0013,,Jays,Birds,broad_guild,,,Bird direct food,nectar,flower nectar,,Food,C - documented broad bird group,Audubon ZIP 78666 / Hays context,0.27,Central Texas Bird Audubon interactions,National Audubon Society,https://www.audubon.org/native-plants
PLT0013,,Mockingbirds,Birds,broad_guild,,,Bird direct food,fruit,fruit,,Food,C - documented broad bird group,Audubon ZIP 78666 / Hays context,0.27,Central Texas Bird Audubon interactions,National Audubon Society,https://www.audubon.org/native-plants
PLT0013,,Nuthatches,Birds,broad_guild,,,Bird direct food,fruit,fruit,,Food,C - documented broad bird group,Audubon ZIP 78666 / Hays context,0.27,Central Texas Bird Audubon interactions,National Audubon Society,https://www.audubon.org/native-plants
PLT0013,,Nuthatches,Birds,broad_guild,,,Bird direct food,nectar,flower nectar,,Food,C - documented broad bird group,Audubon ZIP 78666 / Hays context,0.27,Central Texas Bird Audubon interactions,National Audubon Society,https://www.audubon.org/native-plants
PLT0013,,Nuthatches,Birds,broad_guild,,,Bird direct food,seed/grain,seed/grain,,Food,C - documented broad bird group,Audubon ZIP 78666 / Hays context,0.27,Central Texas Bird Audubon interactions,National Audubon Society,https://www.audubon.org/native-plants
PLT0024,,Woodpeckers,Birds,broad_guild,,,Bird direct food,fruit,fruit,,Food,C - documented broad bird group,Audubon ZIP 78666 / Hays context,0.27,Central Texas Bird Audubon interactions,National Audubon Society,https://www.audubon.org/native-plants
PLT0024,,Wrens,Birds,broad_guild,,,Bird direct food,seed/grain,seed/grain,,Food,C - documented broad bird group,Audubon ZIP 78666 / Hays context,0.27,Central Texas Bird Audubon interactions,National Audubon Society,https://www.audubon.org/native-plants
PLT0024,,Grosbeaks,Birds,broad_guild,,,Bird direct food,fruit,fruit,,Food,C - documented broad bird group,Audubon ZIP 78666 / Hays context,0.27,Central Texas Bird Audubon interactions,National Audubon Society,https://www.audubon.org/native-plants
PLT0024,,Mockingbirds,Birds,broad_guild,,,Bird direct food,fruit,fruit,,Food,C - documented broad bird group,Audubon ZIP 78666 / Hays context,0.27,Central Texas Bird Audubon interactions,National Audubon Society,https://www.audubon.org/native-plants
PLT0024,,Mockingbirds,Birds,broad_guild,,,Bird direct food,seed/grain,seed/grain,,Food,C - documented broad bird group,Audubon ZIP 78666 / Hays context,0.27,Central Texas Bird Audubon interactions,National Audubon Society,https://www.audubon.org/native-plants
PLT0024,,Mockingbirds,Birds,broad_guild,,,Bird direct food,nectar,flower nectar,,Food,C - documented broad bird group,Audubon ZIP 78666 / Hays context,0.27,Central Texas Bird Audubon interactions,National Audubon Society,https://www.audubon.org/native-plants
PLT0024,,Nuthatches,Birds,broad_guild,,,Bird direct food,fruit,fruit,,Food,C - documented broad bird group,Audubon ZIP 78666 / Hays context,0.27,Central Texas Bird Audubon interactions,National Audubon Society,https://www.audubon.org/native-plants
PLT0024,,Finches,Birds,broad_guild,,,Bird direct food,seed/grain,seed/grain,,Food,C - documented broad bird group,Audubon ZIP 78666 / Hays context,0.27,Central Texas Bird Audubon interactions,National Audubon Society,https://www.audubon.org/native-plants
PLT0024,,Buntings,Birds,broad_guild,,,Bird direct food,fruit,fruit,,Food,C - documented broad bird group,Audubon ZIP 78666 / Hays context,0.27,Central Texas Bird Audubon interactions,National Audubon Society,https://www.audubon.org/native-plants
PLT0024,,Buntings,Birds,broad_guild,,,Bird direct food,nectar,flower nectar,,Food,C - documented broad bird group,Audubon ZIP 78666 / Hays context,0.27,Central Texas Bird Audubon interactions,National Audubon Society,https://www.audubon.org/native-plants
PLT0024,,Orioles,Birds,broad_guild,,,Bird direct food,fruit,fruit,,Food,C - documented broad bird group,Audubon ZIP 78666 / Hays context,0.27,Central Texas Bird Audubon interactions,National Audubon Society,https://www.audubon.org/native-plants
PLT0024,,Orioles,Birds,broad_guild,,,Bird direct food,seed/grain,seed/grain,,Food,C - documented broad bird group,Audubon ZIP 78666 / Hays context,0.27,Central Texas Bird Audubon interactions,National Audubon Society,https://www.audubon.org/native-plants
PLT0024,,Cardinals,Birds,broad_guild,,,Bird direct food,nectar,flower nectar,,Food,C - documented broad bird group,Audubon ZIP 78666 / Hays context,0.27,Central Texas Bird Audubon interactions,National Audubon Society,https://www.audubon.org/native-plants
PLT0024,,Buntings,Birds,broad_guild,,,Bird direct food,seed/grain,seed/grain,,Food,C - documented broad bird group,Audubon ZIP 78666 / Hays context,0.27,Central Texas Bird Audubon interactions,National Audubon Society,https://www.audubon.org/native-plants
PLT0024,,Titmice,Birds,broad_guild,,,Bird direct food,seed/grain,seed/grain,,Food,C - documented broad bird group,Audubon ZIP 78666 / Hays context,0.27,Central Texas Bird Audubon interactions,National Audubon Society,https://www.audubon.org/native-plants
PLT0024,,Waxwings,Birds,broad_guild,,,Bird direct food,seed/grain,seed/grain,,Food,C - documented broad bird group,Audubon ZIP 78666 / Hays context,0.27,Central Texas Bird Audubon interactions,National Audubon Society,https://www.audubon.org/native-plants
PLT0024,,Waxwings,Birds,broad_guild,,,Bird direct food,nectar,flower nectar,,Food,C - documented broad bird group,Audubon ZIP 78666 / Hays context,0.27,Central Texas Bird Audubon interactions,National Audubon Society,https://www.audubon.org/native-plants
PLT0024,,Thrashers,Birds,broad_guild,,,Bird direct food,fruit,fruit,,Food,C - documented broad bird group,Audubon ZIP 78666 / Hays context,0.27,Central Texas Bird Audubon interactions,National Audubon Society,https://www.audubon.org/native-plants
PLT0024,,Thrashers,Birds,broad_guild,,,Bird direct food,seed/grain,seed/grain,,Food,C - documented broad bird group,Audubon ZIP 78666 / Hays context,0.27,Central Texas Bird Audubon interactions,National Audubon Society,https://www.audubon.org/native-plants
PLT0024,,Crows,Birds,broad_guild,,,Bird direct food,fruit,fruit,,Food,C - documented broad bird group,Audubon ZIP 78666 / Hays context,0.27,Central Texas Bird Audubon interactions,National Audubon Society,https://www.audubon.org/native-plants
PLT0024,,Crows,Birds,broad_guild,,,Bird direct food,seed/grain,seed/grain,,Food,C - documented broad bird group,Audubon ZIP 78666 / Hays context,0.27,Central Texas Bird Audubon interactions,National Audubon Society,https://www.audubon.org/native-plants
PLT0024,,Crows,Birds,broad_guild,,,Bird direct food,nectar,flower nectar,,Food,C - documented broad bird group,Audubon ZIP 78666 / Hays context,0.27,Central Texas Bird Audubon interactions,National Audubon Society,https://www.audubon.org/native-plants
PLT0024,,Finches,Birds,broad_guild,,,Bird direct food,fruit,fruit,,Food,C - documented broad bird group,Audubon ZIP 78666 / Hays context,0.27,Central Texas Bird Audubon interactions,National Audubon Society,https://www.audubon.org/native-plants
PLT0024,,Jays,Birds,broad_guild,,,Bird direct food,nectar,flower nectar,,Food,C - documented broad bird group,Audubon ZIP 78666 / Hays context,0.27,Central Texas Bird Audubon interactions,National Audubon Society,https://www.audubon.org/native-plants
PLT0024,,Chickadees,Birds,broad_guild,,,Bird direct food,nectar,flower nectar,,Food,C - documented broad bird group,Audubon ZIP 78666 / Hays context,0.27,Central Texas Bird Audubon interactions,National Audubon Society,https://www.audubon.org/native-plants
PLT0024,,Sparrows,Birds,broad_guild,,,Bird direct food,seed/grain,seed/grain,,Food,C - documented broad bird group,Audubon ZIP 78666 / Hays context,0.27,Central Texas Bird Audubon interactions,National Audubon Society,https://www.audubon.org/native-plants
PLT0024,,Sparrows,Birds,broad_guild,,,Bird direct food,nectar,flower nectar,,Food,C - documented broad bird group,Audubon ZIP 78666 / Hays context,0.27,Central Texas Bird Audubon interactions,National Audubon Society,https://www.audubon.org/native-plants
PLT0024,,Thrashers,Birds,broad_guild,,,Bird direct food,nectar,flower nectar,,Food,C - documented broad bird group,Audubon ZIP 78666 / Hays context,0.27,Central Texas Bird Audubon interactions,National Audubon Society,https://www.audubon.org/native-plants
PLT0024,,Thrushes,Birds,broad_guild,,,Bird direct food,fruit,fruit,,Food,C - documented broad bird group,Audubon ZIP 78666 / Hays context,0.27,Central Texas Bird Audubon interactions,National Audubon Society,https://www.audubon.org/native-plants
PLT0024,,Thrushes,Birds,broad_guild,,,Bird direct food,seed/grain,seed/grain,,Food,C - documented broad bird group,Audubon ZIP 78666 / Hays context,0.27,Central Texas Bird Audubon interactions,National Audubon Society,https://www.audubon.org/native-plants
PLT0024,,Titmice,Birds,broad_guild,,,Bird direct food,fruit,fruit,,Food,C - documented broad bird group,Audubon ZIP 78666 / Hays context,0.27,Central Texas Bird Audubon interactions,National Audubon Society,https://www.audubon.org/native-plants
PLT0024,,Nuthatches,Birds,broad_guild,,,Bird direct food,seed/grain,seed/grain,,Food,C - documented broad bird group,Audubon ZIP 78666 / Hays context,0.27,Central Texas Bird Audubon interactions,National Audubon Society,https://www.audubon.org/native-plants
PLT0024,,Nuthatches,Birds,broad_guild,,,Bird direct food,nectar,flower nectar,,Food,C - documented broad bird group,Audubon ZIP 78666 / Hays context,0.27,Central Texas Bird Audubon interactions,National Audubon Society,https://www.audubon.org/native-plants
PLT0024,,Wrens,Birds,broad_guild,,,Bird direct food,nectar,flower nectar,,Food,C - documented broad bird group,Audubon ZIP 78666 / Hays context,0.27,Central Texas Bird Audubon interactions,National Audubon Society,https://www.audubon.org/native-plants
PLT0024,,Wood Warblers,Birds,broad_guild,,,Bird direct food,fruit,fruit,,Food,C - documented broad bird group,Audubon ZIP 78666 / Hays context,0.27,Central Texas Bird Audubon interactions,National Audubon Society,https://www.audubon.org/native-plants
PLT0024,,Vireos,Birds,broad_guild,,,Bird direct food,seed/grain,seed/grain,,Food,C - documented broad bird group,Audubon ZIP 78666 / Hays context,0.27,Central Texas Bird Audubon interactions,National Audubon Society,https://www.audubon.org/native-plants
PLT0024,,Wood Warblers,Birds,broad_guild,,,Bird direct food,seed/grain,seed/grain,,Food,C - documented broad bird group,Audubon ZIP 78666 / Hays context,0.27,Central Texas Bird Audubon interactions,National Audubon Society,https://www.audubon.org/native-plants
PLT0024,,Wood Warblers,Birds,broad_guild,,,Bird direct food,nectar,flower nectar,,Food,C - documented broad bird group,Audubon ZIP 78666 / Hays context,0.27,Central Texas Bird Audubon interactions,National Audubon Society,https://www.audubon.org/native-plants
PLT0024,,Woodpeckers,Birds,broad_guild,,,Bird direct food,nectar,flower nectar,,Food,C - documented broad bird group,Audubon ZIP 78666 / Hays context,0.27,Central Texas Bird Audubon interactions,National Audubon Society,https://www.audubon.org/native-plants
PLT0024,,Woodpeckers,Birds,broad_guild,,,Bird direct food,seed/grain,seed/grain,,Food,C - documented broad bird group,Audubon ZIP 78666 / Hays context,0.27,Central Texas Bird Audubon interactions,National Audubon Society,https://www.audubon.org/native-plants
PLT0024,,Titmice,Birds,broad_guild,,,Bird direct food,nectar,flower nectar,,Food,C - documented broad bird group,Audubon ZIP 78666 / Hays context,0.27,Central Texas Bird Audubon interactions,National Audubon Society,https://www.audubon.org/native-plants
PLT0024,,Vireos,Birds,broad_guild,,,Bird direct food,fruit,fruit,,Food,C - documented broad bird group,Audubon ZIP 78666 / Hays context,0.27,Central Texas Bird Audubon interactions,National Audubon Society,https://www.audubon.org/native-plants
PLT0024,,Warblers,Birds,broad_guild,,,Bird direct food,seed/grain,seed/grain,,Food,C - documented broad bird group,Audubon ZIP 78666 / Hays context,0.27,Central Texas Bird Audubon interactions,National Audubon Society,https://www.audubon.org/native-plants
PLT0024,,Warblers,Birds,broad_guild,,,Bird direct food,nectar,flower nectar,,Food,C - documented broad bird group,Audubon ZIP 78666 / Hays context,0.27,Central Texas Bird Audubon interactions,National Audubon Society,https://www.audubon.org/native-plants
PLT0024,,Cardinals,Birds,broad_guild,,,Bird direct food,fruit,fruit,,Food,C - documented broad bird group,Audubon ZIP 78666 / Hays context,0.27,Central Texas Bird Audubon interactions,National Audubon Society,https://www.audubon.org/native-plants
PLT0024,,Cardinals,Birds,broad_guild,,,Bird direct food,seed/grain,seed/grain,,Food,C - documented broad bird group,Audubon ZIP 78666 / Hays context,0.27,Central Texas Bird Audubon interactions,National Audubon Society,https://www.audubon.org/native-plants
PLT0024,,Chickadees,Birds,broad_guild,,,Bird direct food,fruit,fruit,,Food,C - documented broad bird group,Audubon ZIP 78666 / Hays context,0.27,Central Texas Bird Audubon interactions,National Audubon Society,https://www.audubon.org/native-plants
PLT0024,,Chickadees,Birds,broad_guild,,,Bird direct food,seed/grain,seed/grain,,Food,C - documented broad bird group,Audubon ZIP 78666 / Hays context,0.27,Central Texas Bird Audubon interactions,National Audubon Society,https://www.audubon.org/native-plants
PLT0024,,Sparrows,Birds,broad_guild,,,Bird direct food,fruit,fruit,,Food,C - documented broad bird group,Audubon ZIP 78666 / Hays context,0.27,Central Texas Bird Audubon interactions,National Audubon Society,https://www.audubon.org/native-plants
PLT0024,,Waxwings,Birds,broad_guild,,,Bird direct food,fruit,fruit,,Food,C - documented broad bird group,Audubon ZIP 78666 / Hays context,0.27,Central Texas Bird Audubon interactions,National Audubon Society,https://www.audubon.org/native-plants
PLT0024,,Wrens,Birds,broad_guild,,,Bird direct food,fruit,fruit,,Food,C - documented broad bird group,Audubon ZIP 78666 / Hays context,0.27,Central Texas Bird Audubon interactions,National Audubon Society,https://www.audubon.org/native-plants
PLT0024,,Warblers,Birds,broad_guild,,,Bird direct food,fruit,fruit,,Food,C - documented broad bird group,Audubon ZIP 78666 / Hays context,0.27,Central Texas Bird Audubon interactions,National Audubon Society,https://www.audubon.org/native-plants
PLT0024,,Finches,Birds,broad_guild,,,Bird direct food,nectar,flower nectar,,Food,C - documented broad bird group,Audubon ZIP 78666 / Hays context,0.27,Central Texas Bird Audubon interactions,National Audubon Society,https://www.audubon.org/native-plants
PLT0024,,Grosbeaks,Birds,broad_guild,,,Bird direct food,seed/grain,seed/grain,,Food,C - documented broad bird group,Audubon ZIP 78666 / Hays context,0.27,Central Texas Bird Audubon interactions,National Audubon Society,https://www.audubon.org/native-plants
PLT0024,,Orioles,Birds,broad_guild,,,Bird direct food,nectar,flower nectar,,Food,C - documented broad bird group,Audubon ZIP 78666 / Hays context,0.27,Central Texas Bird Audubon interactions,National Audubon Society,https://www.audubon.org/native-plants
PLT0024,,Hummingbirds,Birds,broad_guild,,,Bird direct food,nectar,flower nectar,,Food,C - documented broad bird group,Audubon ZIP 78666 / Hays context,0.27,Central Texas Bird Audubon interactions,National Audubon Society,https://www.audubon.org/native-plants
PLT0024,,Jays,Birds,broad_guild,,,Bird direct food,fruit,fruit,,Food,C - documented broad bird group,Audubon ZIP 78666 / Hays context,0.27,Central Texas Bird Audubon interactions,National Audubon Society,https://www.audubon.org/native-plants
PLT0024,,Jays,Birds,broad_guild,,,Bird direct food,seed/grain,seed/grain,,Food,C - documented broad bird group,Audubon ZIP 78666 / Hays context,0.27,Central Texas Bird Audubon interactions,National Audubon Society,https://www.audubon.org/native-plants
PLT0024,,Thrushes,Birds,broad_guild,,,Bird direct food,nectar,flower nectar,,Food,C - documented broad bird group,Audubon ZIP 78666 / Hays context,0.27,Central Texas Bird Audubon interactions,National Audubon Society,https://www.audubon.org/native-plants
PLT0024,,Vireos,Birds,broad_guild,,,Bird direct food,nectar,flower nectar,,Food,C - documented broad bird group,Audubon ZIP 78666 / Hays context,0.27,Central Texas Bird Audubon interactions,National Audubon Society,https://www.audubon.org/native-plants
PLT0024,,Grosbeaks,Birds,broad_guild,,,Bird direct food,nectar,flower nectar,,Food,C - documented broad bird group,Audubon ZIP 78666 / Hays context,0.27,Central Texas Bird Audubon interactions,National Audubon Society,https://www.audubon.org/native-plants
PLT0024,,Hummingbirds,Birds,broad_guild,,,Bird direct food,fruit,fruit,,Food,C - documented broad bird group,Audubon ZIP 78666 / Hays context,0.27,Central Texas Bird Audubon interactions,National Audubon Society,https://www.audubon.org/native-plants
PLT0024,,Hummingbirds,Birds,broad_guild,,,Bird direct food,seed/grain,seed/grain,,Food,C - documented broad bird group,Audubon ZIP 78666 / Hays context,0.27,Central Texas Bird Audubon interactions,National Audubon Society,https://www.audubon.org/native-plants
PLT0026,,Wrens,Birds,broad_guild,,,Bird direct food,seed/grain,seed/grain,,Food,C - documented broad bird group,Audubon ZIP 78666 / Hays context,0.27,Central Texas Bird Audubon interactions,National Audubon Society,https://www.audubon.org/native-plants
PLT0026,,Wood Warblers,Birds,broad_guild,,,Bird direct food,fruit,fruit,,Food,C - documented broad bird group,Audubon ZIP 78666 / Hays context,0.27,Central Texas Bird Audubon interactions,National Audubon Society,https://www.audubon.org/native-plants
PLT0026,,Wood Warblers,Birds,broad_guild,,,Bird direct food,seed/grain,seed/grain,,Food,C - documented broad bird group,Audubon ZIP 78666 / Hays context,0.27,Central Texas Bird Audubon interactions,National Audubon Society,https://www.audubon.org/native-plants
PLT0026,,Woodpeckers,Birds,broad_guild,,,Bird direct food,nectar,flower nectar,,Food,C - documented broad bird group,Audubon ZIP 78666 / Hays context,0.27,Central Texas Bird Audubon interactions,National Audubon Society,https://www.audubon.org/native-plants
PLT0026,,Thrushes,Birds,broad_guild,,,Bird direct food,seed/grain,seed/grain,,Food,C - documented broad bird group,Audubon ZIP 78666 / Hays context,0.27,Central Texas Bird Audubon interactions,National Audubon Society,https://www.audubon.org/native-plants
PLT0026,,Thrushes,Birds,broad_guild,,,Bird direct food,nectar,flower nectar,,Food,C - documented broad bird group,Audubon ZIP 78666 / Hays context,0.27,Central Texas Bird Audubon interactions,National Audubon Society,https://www.audubon.org/native-plants
PLT0026,,Titmice,Birds,broad_guild,,,Bird direct food,fruit,fruit,,Food,C - documented broad bird group,Audubon ZIP 78666 / Hays context,0.27,Central Texas Bird Audubon interactions,National Audubon Society,https://www.audubon.org/native-plants
PLT0026,,Titmice,Birds,broad_guild,,,Bird direct food,seed/grain,seed/grain,,Food,C - documented broad bird group,Audubon ZIP 78666 / Hays context,0.27,Central Texas Bird Audubon interactions,National Audubon Society,https://www.audubon.org/native-plants
PLT0026,,Nuthatches,Birds,broad_guild,,,Bird direct food,nectar,flower nectar,,Food,C - documented broad bird group,Audubon ZIP 78666 / Hays context,0.27,Central Texas Bird Audubon interactions,National Audubon Society,https://www.audubon.org/native-plants
PLT0026,,Nuthatches,Birds,broad_guild,,,Bird direct food,fruit,fruit,,Food,C - documented broad bird group,Audubon ZIP 78666 / Hays context,0.27,Central Texas Bird Audubon interactions,National Audubon Society,https://www.audubon.org/native-plants
PLT0026,,Nuthatches,Birds,broad_guild,,,Bird direct food,seed/grain,seed/grain,,Food,C - documented broad bird group,Audubon ZIP 78666 / Hays context,0.27,Central Texas Bird Audubon interactions,National Audubon Society,https://www.audubon.org/native-plants
PLT0026,,Orioles,Birds,broad_guild,,,Bird direct food,nectar,flower nectar,,Food,C - documented broad bird group,Audubon ZIP 78666 / Hays context,0.27,Central Texas Bird Audubon interactions,National Audubon Society,https://www.audubon.org/native-plants
PLT0026,,Mockingbirds,Birds,broad_guild,,,Bird direct food,fruit,fruit,,Food,C - documented broad bird group,Audubon ZIP 78666 / Hays context,0.27,Central Texas Bird Audubon interactions,National Audubon Society,https://www.audubon.org/native-plants
PLT0026,,Crows,Birds,broad_guild,,,Bird direct food,fruit,fruit,,Food,C - documented broad bird group,Audubon ZIP 78666 / Hays context,0.27,Central Texas Bird Audubon interactions,National Audubon Society,https://www.audubon.org/native-plants
PLT0026,,Orioles,Birds,broad_guild,,,Bird direct food,fruit,fruit,,Food,C - documented broad bird group,Audubon ZIP 78666 / Hays context,0.27,Central Texas Bird Audubon interactions,National Audubon Society,https://www.audubon.org/native-plants
PLT0026,,Wood Warblers,Birds,broad_guild,,,Bird direct food,nectar,flower nectar,,Food,C - documented broad bird group,Audubon ZIP 78666 / Hays context,0.27,Central Texas Bird Audubon interactions,National Audubon Society,https://www.audubon.org/native-plants
PLT0026,,Sparrows,Birds,broad_guild,,,Bird direct food,fruit,fruit,,Food,C - documented broad bird group,Audubon ZIP 78666 / Hays context,0.27,Central Texas Bird Audubon interactions,National Audubon Society,https://www.audubon.org/native-plants
PLT0026,,Sparrows,Birds,broad_guild,,,Bird direct food,seed/grain,seed/grain,,Food,C - documented broad bird group,Audubon ZIP 78666 / Hays context,0.27,Central Texas Bird Audubon interactions,National Audubon Society,https://www.audubon.org/native-plants
PLT0026,,Sparrows,Birds,broad_guild,,,Bird direct food,nectar,flower nectar,,Food,C - documented broad bird group,Audubon ZIP 78666 / Hays context,0.27,Central Texas Bird Audubon interactions,National Audubon Society,https://www.audubon.org/native-plants
PLT0026,,Jays,Birds,broad_guild,,,Bird direct food,seed/grain,seed/grain,,Food,C - documented broad bird group,Audubon ZIP 78666 / Hays context,0.27,Central Texas Bird Audubon interactions,National Audubon Society,https://www.audubon.org/native-plants
PLT0026,,Jays,Birds,broad_guild,,,Bird direct food,nectar,flower nectar,,Food,C - documented broad bird group,Audubon ZIP 78666 / Hays context,0.27,Central Texas Bird Audubon interactions,National Audubon Society,https://www.audubon.org/native-plants
PLT0026,,Orioles,Birds,broad_guild,,,Bird direct food,seed/grain,seed/grain,,Food,C - documented broad bird group,Audubon ZIP 78666 / Hays context,0.27,Central Texas Bird Audubon interactions,National Audubon Society,https://www.audubon.org/native-plants
PLT0026,,Mockingbirds,Birds,broad_guild,,,Bird direct food,nectar,flower nectar,,Food,C - documented broad bird group,Audubon ZIP 78666 / Hays context,0.27,Central Texas Bird Audubon interactions,National Audubon Society,https://www.audubon.org/native-plants
PLT0026,,Thrushes,Birds,broad_guild,,,Bird direct food,fruit,fruit,,Food,C - documented broad bird group,Audubon ZIP 78666 / Hays context,0.27,Central Texas Bird Audubon interactions,National Audubon Society,https://www.audubon.org/native-plants
PLT0026,,Mockingbirds,Birds,broad_guild,,,Bird direct food,seed/grain,seed/grain,,Food,C - documented broad bird group,Audubon ZIP 78666 / Hays context,0.27,Central Texas Bird Audubon interactions,National Audubon Society,https://www.audubon.org/native-plants
PLT0026,,Woodpeckers,Birds,broad_guild,,,Bird direct food,fruit,fruit,,Food,C - documented broad bird group,Audubon ZIP 78666 / Hays context,0.27,Central Texas Bird Audubon interactions,National Audubon Society,https://www.audubon.org/native-plants
PLT0026,,Woodpeckers,Birds,broad_guild,,,Bird direct food,seed/grain,seed/grain,,Food,C - documented broad bird group,Audubon ZIP 78666 / Hays context,0.27,Central Texas Bird Audubon interactions,National Audubon Society,https://www.audubon.org/native-plants
PLT0026,,Wrens,Birds,broad_guild,,,Bird direct food,fruit,fruit,,Food,C - documented broad bird group,Audubon ZIP 78666 / Hays context,0.27,Central Texas Bird Audubon interactions,National Audubon Society,https://www.audubon.org/native-plants
PLT0026,,Wrens,Birds,broad_guild,,,Bird direct food,nectar,flower nectar,,Food,C - documented broad bird group,Audubon ZIP 78666 / Hays context,0.27,Central Texas Bird Audubon interactions,National Audubon Society,https://www.audubon.org/native-plants
PLT0026,,Waxwings,Birds,broad_guild,,,Bird direct food,nectar,flower nectar,,Food,C - documented broad bird group,Audubon ZIP 78666 / Hays context,0.27,Central Texas Bird Audubon interactions,National Audubon Society,https://www.audubon.org/native-plants
PLT0026,,Hummingbirds,Birds,broad_guild,,,Bird direct food,nectar,flower nectar,,Food,C - documented broad bird group,Audubon ZIP 78666 / Hays context,0.27,Central Texas Bird Audubon interactions,National Audubon Society,https://www.audubon.org/native-plants
PLT0026,,Grosbeaks,Birds,broad_guild,,,Bird direct food,nectar,flower nectar,,Food,C - documented broad bird group,Audubon ZIP 78666 / Hays context,0.27,Central Texas Bird Audubon interactions,National Audubon Society,https://www.audubon.org/native-plants
PLT0026,,Hummingbirds,Birds,broad_guild,,,Bird direct food,fruit,fruit,,Food,C - documented broad bird group,Audubon ZIP 78666 / Hays context,0.27,Central Texas Bird Audubon interactions,National Audubon Society,https://www.audubon.org/native-plants
PLT0026,,Hummingbirds,Birds,broad_guild,,,Bird direct food,seed/grain,seed/grain,,Food,C - documented broad bird group,Audubon ZIP 78666 / Hays context,0.27,Central Texas Bird Audubon interactions,National Audubon Society,https://www.audubon.org/native-plants
PLT0026,,Vireos,Birds,broad_guild,,,Bird direct food,fruit,fruit,,Food,C - documented broad bird group,Audubon ZIP 78666 / Hays context,0.27,Central Texas Bird Audubon interactions,National Audubon Society,https://www.audubon.org/native-plants
PLT0026,,Vireos,Birds,broad_guild,,,Bird direct food,seed/grain,seed/grain,,Food,C - documented broad bird group,Audubon ZIP 78666 / Hays context,0.27,Central Texas Bird Audubon interactions,National Audubon Society,https://www.audubon.org/native-plants
PLT0026,,Buntings,Birds,broad_guild,,,Bird direct food,fruit,fruit,,Food,C - documented broad bird group,Audubon ZIP 78666 / Hays context,0.27,Central Texas Bird Audubon interactions,National Audubon Society,https://www.audubon.org/native-plants
PLT0026,,Thrashers,Birds,broad_guild,,,Bird direct food,fruit,fruit,,Food,C - documented broad bird group,Audubon ZIP 78666 / Hays context,0.27,Central Texas Bird Audubon interactions,National Audubon Society,https://www.audubon.org/native-plants
PLT0026,,Thrashers,Birds,broad_guild,,,Bird direct food,seed/grain,seed/grain,,Food,C - documented broad bird group,Audubon ZIP 78666 / Hays context,0.27,Central Texas Bird Audubon interactions,National Audubon Society,https://www.audubon.org/native-plants
PLT0026,,Thrashers,Birds,broad_guild,,,Bird direct food,nectar,flower nectar,,Food,C - documented broad bird group,Audubon ZIP 78666 / Hays context,0.27,Central Texas Bird Audubon interactions,National Audubon Society,https://www.audubon.org/native-plants
PLT0026,,Crows,Birds,broad_guild,,,Bird direct food,seed/grain,seed/grain,,Food,C - documented broad bird group,Audubon ZIP 78666 / Hays context,0.27,Central Texas Bird Audubon interactions,National Audubon Society,https://www.audubon.org/native-plants
PLT0026,,Finches,Birds,broad_guild,,,Bird direct food,fruit,fruit,,Food,C - documented broad bird group,Audubon ZIP 78666 / Hays context,0.27,Central Texas Bird Audubon interactions,National Audubon Society,https://www.audubon.org/native-plants
PLT0026,,Buntings,Birds,broad_guild,,,Bird direct food,seed/grain,seed/grain,,Food,C - documented broad bird group,Audubon ZIP 78666 / Hays context,0.27,Central Texas Bird Audubon interactions,National Audubon Society,https://www.audubon.org/native-plants
PLT0026,,Buntings,Birds,broad_guild,,,Bird direct food,nectar,flower nectar,,Food,C - documented broad bird group,Audubon ZIP 78666 / Hays context,0.27,Central Texas Bird Audubon interactions,National Audubon Society,https://www.audubon.org/native-plants
PLT0026,,Cardinals,Birds,broad_guild,,,Bird direct food,seed/grain,seed/grain,,Food,C - documented broad bird group,Audubon ZIP 78666 / Hays context,0.27,Central Texas Bird Audubon interactions,National Audubon Society,https://www.audubon.org/native-plants
PLT0026,,Waxwings,Birds,broad_guild,,,Bird direct food,seed/grain,seed/grain,,Food,C - documented broad bird group,Audubon ZIP 78666 / Hays context,0.27,Central Texas Bird Audubon interactions,National Audubon Society,https://www.audubon.org/native-plants
PLT0026,,Titmice,Birds,broad_guild,,,Bird direct food,nectar,flower nectar,,Food,C - documented broad bird group,Audubon ZIP 78666 / Hays context,0.27,Central Texas Bird Audubon interactions,National Audubon Society,https://www.audubon.org/native-plants
PLT0026,,Finches,Birds,broad_guild,,,Bird direct food,seed/grain,seed/grain,,Food,C - documented broad bird group,Audubon ZIP 78666 / Hays context,0.27,Central Texas Bird Audubon interactions,National Audubon Society,https://www.audubon.org/native-plants
PLT0026,,Finches,Birds,broad_guild,,,Bird direct food,nectar,flower nectar,,Food,C - documented broad bird group,Audubon ZIP 78666 / Hays context,0.27,Central Texas Bird Audubon interactions,National Audubon Society,https://www.audubon.org/native-plants
PLT0026,,Cardinals,Birds,broad_guild,,,Bird direct food,fruit,fruit,,Food,C - documented broad bird group,Audubon ZIP 78666 / Hays context,0.27,Central Texas Bird Audubon interactions,National Audubon Society,https://www.audubon.org/native-plants
PLT0026,,Warblers,Birds,broad_guild,,,Bird direct food,seed/grain,seed/grain,,Food,C - documented broad bird group,Audubon ZIP 78666 / Hays context,0.27,Central Texas Bird Audubon interactions,National Audubon Society,https://www.audubon.org/native-plants
PLT0026,,Chickadees,Birds,broad_guild,,,Bird direct food,nectar,flower nectar,,Food,C - documented broad bird group,Audubon ZIP 78666 / Hays context,0.27,Central Texas Bird Audubon interactions,National Audubon Society,https://www.audubon.org/native-plants
PLT0026,,Crows,Birds,broad_guild,,,Bird direct food,nectar,flower nectar,,Food,C - documented broad bird group,Audubon ZIP 78666 / Hays context,0.27,Central Texas Bird Audubon interactions,National Audubon Society,https://www.audubon.org/native-plants
PLT0026,,Grosbeaks,Birds,broad_guild,,,Bird direct food,fruit,fruit,,Food,C - documented broad bird group,Audubon ZIP 78666 / Hays context,0.27,Central Texas Bird Audubon interactions,National Audubon Society,https://www.audubon.org/native-plants
PLT0026,,Cardinals,Birds,broad_guild,,,Bird direct food,nectar,flower nectar,,Food,C - documented broad bird group,Audubon ZIP 78666 / Hays context,0.27,Central Texas Bird Audubon interactions,National Audubon Society,https://www.audubon.org/native-plants
PLT0026,,Chickadees,Birds,broad_guild,,,Bird direct food,fruit,fruit,,Food,C - documented broad bird group,Audubon ZIP 78666 / Hays context,0.27,Central Texas Bird Audubon interactions,National Audubon Society,https://www.audubon.org/native-plants
PLT0026,,Chickadees,Birds,broad_guild,,,Bird direct food,seed/grain,seed/grain,,Food,C - documented broad bird group,Audubon ZIP 78666 / Hays context,0.27,Central Texas Bird Audubon interactions,National Audubon Society,https://www.audubon.org/native-plants
PLT0026,,Warblers,Birds,broad_guild,,,Bird direct food,fruit,fruit,,Food,C - documented broad bird group,Audubon ZIP 78666 / Hays context,0.27,Central Texas Bird Audubon interactions,National Audubon Society,https://www.audubon.org/native-plants
PLT0026,,Vireos,Birds,broad_guild,,,Bird direct food,nectar,flower nectar,,Food,C - documented broad bird group,Audubon ZIP 78666 / Hays context,0.27,Central Texas Bird Audubon interactions,National Audubon Society,https://www.audubon.org/native-plants
PLT0026,,Jays,Birds,broad_guild,,,Bird direct food,fruit,fruit,,Food,C - documented broad bird group,Audubon ZIP 78666 / Hays context,0.27,Central Texas Bird Audubon interactions,National Audubon Society,https://www.audubon.org/native-plants
PLT0026,,Warblers,Birds,broad_guild,,,Bird direct food,nectar,flower nectar,,Food,C - documented broad bird group,Audubon ZIP 78666 / Hays context,0.27,Central Texas Bird Audubon interactions,National Audubon Society,https://www.audubon.org/native-plants
PLT0026,,Waxwings,Birds,broad_guild,,,Bird direct food,fruit,fruit,,Food,C - documented broad bird group,Audubon ZIP 78666 / Hays context,0.27,Central Texas Bird Audubon interactions,National Audubon Society,https://www.audubon.org/native-plants
PLT0026,,Grosbeaks,Birds,broad_guild,,,Bird direct food,seed/grain,seed/grain,,Food,C - documented broad bird group,Audubon ZIP 78666 / Hays context,0.27,Central Texas Bird Audubon interactions,National Audubon Society,https://www.audubon.org/native-plants
PLT0028,,Chickadees,Birds,broad_guild,,,Bird direct food,nectar,flower nectar,,Food,C - documented broad bird group,Audubon ZIP 78666 / Hays context,0.27,Central Texas Bird Audubon interactions,National Audubon Society,https://www.audubon.org/native-plants
PLT0028,,Crows,Birds,broad_guild,,,Bird direct food,seed/grain,seed/grain,,Food,C - documented broad bird group,Audubon ZIP 78666 / Hays context,0.27,Central Texas Bird Audubon interactions,National Audubon Society,https://www.audubon.org/native-plants
PLT0028,,Crows,Birds,broad_guild,,,Bird direct food,fruit,fruit,,Food,C - documented broad bird group,Audubon ZIP 78666 / Hays context,0.27,Central Texas Bird Audubon interactions,National Audubon Society,https://www.audubon.org/native-plants
PLT0028,,Crows,Birds,broad_guild,,,Bird direct food,nectar,flower nectar,,Food,C - documented broad bird group,Audubon ZIP 78666 / Hays context,0.27,Central Texas Bird Audubon interactions,National Audubon Society,https://www.audubon.org/native-plants
PLT0028,,Thrushes,Birds,broad_guild,,,Bird direct food,seed/grain,seed/grain,,Food,C - documented broad bird group,Audubon ZIP 78666 / Hays context,0.27,Central Texas Bird Audubon interactions,National Audubon Society,https://www.audubon.org/native-plants
PLT0028,,Chickadees,Birds,broad_guild,,,Bird direct food,seed/grain,seed/grain,,Food,C - documented broad bird group,Audubon ZIP 78666 / Hays context,0.27,Central Texas Bird Audubon interactions,National Audubon Society,https://www.audubon.org/native-plants
PLT0028,,Chickadees,Birds,broad_guild,,,Bird direct food,fruit,fruit,,Food,C - documented broad bird group,Audubon ZIP 78666 / Hays context,0.27,Central Texas Bird Audubon interactions,National Audubon Society,https://www.audubon.org/native-plants
PLT0028,,Thrushes,Birds,broad_guild,,,Bird direct food,nectar,flower nectar,,Food,C - documented broad bird group,Audubon ZIP 78666 / Hays context,0.27,Central Texas Bird Audubon interactions,National Audubon Society,https://www.audubon.org/native-plants
PLT0028,,Cardinals,Birds,broad_guild,,,Bird direct food,fruit,fruit,,Food,C - documented broad bird group,Audubon ZIP 78666 / Hays context,0.27,Central Texas Bird Audubon interactions,National Audubon Society,https://www.audubon.org/native-plants
PLT0028,,Titmice,Birds,broad_guild,,,Bird direct food,fruit,fruit,,Food,C - documented broad bird group,Audubon ZIP 78666 / Hays context,0.27,Central Texas Bird Audubon interactions,National Audubon Society,https://www.audubon.org/native-plants
PLT0028,,Grosbeaks,Birds,broad_guild,,,Bird direct food,seed/grain,seed/grain,,Food,C - documented broad bird group,Audubon ZIP 78666 / Hays context,0.27,Central Texas Bird Audubon interactions,National Audubon Society,https://www.audubon.org/native-plants
PLT0028,,Grosbeaks,Birds,broad_guild,,,Bird direct food,fruit,fruit,,Food,C - documented broad bird group,Audubon ZIP 78666 / Hays context,0.27,Central Texas Bird Audubon interactions,National Audubon Society,https://www.audubon.org/native-plants
PLT0028,,Finches,Birds,broad_guild,,,Bird direct food,nectar,flower nectar,,Food,C - documented broad bird group,Audubon ZIP 78666 / Hays context,0.27,Central Texas Bird Audubon interactions,National Audubon Society,https://www.audubon.org/native-plants
PLT0028,,Hummingbirds,Birds,broad_guild,,,Bird direct food,seed/grain,seed/grain,,Food,C - documented broad bird group,Audubon ZIP 78666 / Hays context,0.27,Central Texas Bird Audubon interactions,National Audubon Society,https://www.audubon.org/native-plants
PLT0028,,Jays,Birds,broad_guild,,,Bird direct food,nectar,flower nectar,,Food,C - documented broad bird group,Audubon ZIP 78666 / Hays context,0.27,Central Texas Bird Audubon interactions,National Audubon Society,https://www.audubon.org/native-plants
PLT0028,,Jays,Birds,broad_guild,,,Bird direct food,seed/grain,seed/grain,,Food,C - documented broad bird group,Audubon ZIP 78666 / Hays context,0.27,Central Texas Bird Audubon interactions,National Audubon Society,https://www.audubon.org/native-plants
PLT0028,,Warblers,Birds,broad_guild,,,Bird direct food,seed/grain,seed/grain,,Food,C - documented broad bird group,Audubon ZIP 78666 / Hays context,0.27,Central Texas Bird Audubon interactions,National Audubon Society,https://www.audubon.org/native-plants
PLT0028,,Warblers,Birds,broad_guild,,,Bird direct food,fruit,fruit,,Food,C - documented broad bird group,Audubon ZIP 78666 / Hays context,0.27,Central Texas Bird Audubon interactions,National Audubon Society,https://www.audubon.org/native-plants
PLT0028,,Cardinals,Birds,broad_guild,,,Bird direct food,nectar,flower nectar,,Food,C - documented broad bird group,Audubon ZIP 78666 / Hays context,0.27,Central Texas Bird Audubon interactions,National Audubon Society,https://www.audubon.org/native-plants
PLT0028,,Cardinals,Birds,broad_guild,,,Bird direct food,seed/grain,seed/grain,,Food,C - documented broad bird group,Audubon ZIP 78666 / Hays context,0.27,Central Texas Bird Audubon interactions,National Audubon Society,https://www.audubon.org/native-plants
PLT0028,,Mockingbirds,Birds,broad_guild,,,Bird direct food,fruit,fruit,,Food,C - documented broad bird group,Audubon ZIP 78666 / Hays context,0.27,Central Texas Bird Audubon interactions,National Audubon Society,https://www.audubon.org/native-plants
PLT0028,,Hummingbirds,Birds,broad_guild,,,Bird direct food,fruit,fruit,,Food,C - documented broad bird group,Audubon ZIP 78666 / Hays context,0.27,Central Texas Bird Audubon interactions,National Audubon Society,https://www.audubon.org/native-plants
PLT0028,,Grosbeaks,Birds,broad_guild,,,Bird direct food,nectar,flower nectar,,Food,C - documented broad bird group,Audubon ZIP 78666 / Hays context,0.27,Central Texas Bird Audubon interactions,National Audubon Society,https://www.audubon.org/native-plants
PLT0028,,Titmice,Birds,broad_guild,,,Bird direct food,seed/grain,seed/grain,,Food,C - documented broad bird group,Audubon ZIP 78666 / Hays context,0.27,Central Texas Bird Audubon interactions,National Audubon Society,https://www.audubon.org/native-plants
PLT0028,,Mockingbirds,Birds,broad_guild,,,Bird direct food,nectar,flower nectar,,Food,C - documented broad bird group,Audubon ZIP 78666 / Hays context,0.27,Central Texas Bird Audubon interactions,National Audubon Society,https://www.audubon.org/native-plants
PLT0028,,Mockingbirds,Birds,broad_guild,,,Bird direct food,seed/grain,seed/grain,,Food,C - documented broad bird group,Audubon ZIP 78666 / Hays context,0.27,Central Texas Bird Audubon interactions,National Audubon Society,https://www.audubon.org/native-plants
PLT0028,,Finches,Birds,broad_guild,,,Bird direct food,fruit,fruit,,Food,C - documented broad bird group,Audubon ZIP 78666 / Hays context,0.27,Central Texas Bird Audubon interactions,National Audubon Society,https://www.audubon.org/native-plants
PLT0028,,Finches,Birds,broad_guild,,,Bird direct food,seed/grain,seed/grain,,Food,C - documented broad bird group,Audubon ZIP 78666 / Hays context,0.27,Central Texas Bird Audubon interactions,National Audubon Society,https://www.audubon.org/native-plants
PLT0028,,Wrens,Birds,broad_guild,,,Bird direct food,fruit,fruit,,Food,C - documented broad bird group,Audubon ZIP 78666 / Hays context,0.27,Central Texas Bird Audubon interactions,National Audubon Society,https://www.audubon.org/native-plants
PLT0028,,Nuthatches,Birds,broad_guild,,,Bird direct food,fruit,fruit,,Food,C - documented broad bird group,Audubon ZIP 78666 / Hays context,0.27,Central Texas Bird Audubon interactions,National Audubon Society,https://www.audubon.org/native-plants
PLT0028,,Vireos,Birds,broad_guild,,,Bird direct food,fruit,fruit,,Food,C - documented broad bird group,Audubon ZIP 78666 / Hays context,0.27,Central Texas Bird Audubon interactions,National Audubon Society,https://www.audubon.org/native-plants
PLT0028,,Vireos,Birds,broad_guild,,,Bird direct food,seed/grain,seed/grain,,Food,C - documented broad bird group,Audubon ZIP 78666 / Hays context,0.27,Central Texas Bird Audubon interactions,National Audubon Society,https://www.audubon.org/native-plants
PLT0028,,Vireos,Birds,broad_guild,,,Bird direct food,nectar,flower nectar,,Food,C - documented broad bird group,Audubon ZIP 78666 / Hays context,0.27,Central Texas Bird Audubon interactions,National Audubon Society,https://www.audubon.org/native-plants
PLT0028,,Hummingbirds,Birds,broad_guild,,,Bird direct food,nectar,flower nectar,,Food,C - documented broad bird group,Audubon ZIP 78666 / Hays context,0.27,Central Texas Bird Audubon interactions,National Audubon Society,https://www.audubon.org/native-plants
PLT0028,,Jays,Birds,broad_guild,,,Bird direct food,fruit,fruit,,Food,C - documented broad bird group,Audubon ZIP 78666 / Hays context,0.27,Central Texas Bird Audubon interactions,National Audubon Society,https://www.audubon.org/native-plants
PLT0028,,Buntings,Birds,broad_guild,,,Bird direct food,seed/grain,seed/grain,,Food,C - documented broad bird group,Audubon ZIP 78666 / Hays context,0.27,Central Texas Bird Audubon interactions,National Audubon Society,https://www.audubon.org/native-plants
PLT0028,,Buntings,Birds,broad_guild,,,Bird direct food,nectar,flower nectar,,Food,C - documented broad bird group,Audubon ZIP 78666 / Hays context,0.27,Central Texas Bird Audubon interactions,National Audubon Society,https://www.audubon.org/native-plants
PLT0028,,Waxwings,Birds,broad_guild,,,Bird direct food,fruit,fruit,,Food,C - documented broad bird group,Audubon ZIP 78666 / Hays context,0.27,Central Texas Bird Audubon interactions,National Audubon Society,https://www.audubon.org/native-plants
PLT0028,,Waxwings,Birds,broad_guild,,,Bird direct food,seed/grain,seed/grain,,Food,C - documented broad bird group,Audubon ZIP 78666 / Hays context,0.27,Central Texas Bird Audubon interactions,National Audubon Society,https://www.audubon.org/native-plants
PLT0028,,Waxwings,Birds,broad_guild,,,Bird direct food,nectar,flower nectar,,Food,C - documented broad bird group,Audubon ZIP 78666 / Hays context,0.27,Central Texas Bird Audubon interactions,National Audubon Society,https://www.audubon.org/native-plants
PLT0028,,Wood Warblers,Birds,broad_guild,,,Bird direct food,fruit,fruit,,Food,C - documented broad bird group,Audubon ZIP 78666 / Hays context,0.27,Central Texas Bird Audubon interactions,National Audubon Society,https://www.audubon.org/native-plants
PLT0028,,Wood Warblers,Birds,broad_guild,,,Bird direct food,nectar,flower nectar,,Food,C - documented broad bird group,Audubon ZIP 78666 / Hays context,0.27,Central Texas Bird Audubon interactions,National Audubon Society,https://www.audubon.org/native-plants
PLT0028,,Orioles,Birds,broad_guild,,,Bird direct food,seed/grain,seed/grain,,Food,C - documented broad bird group,Audubon ZIP 78666 / Hays context,0.27,Central Texas Bird Audubon interactions,National Audubon Society,https://www.audubon.org/native-plants
PLT0028,,Orioles,Birds,broad_guild,,,Bird direct food,nectar,flower nectar,,Food,C - documented broad bird group,Audubon ZIP 78666 / Hays context,0.27,Central Texas Bird Audubon interactions,National Audubon Society,https://www.audubon.org/native-plants
PLT0028,,Sparrows,Birds,broad_guild,,,Bird direct food,fruit,fruit,,Food,C - documented broad bird group,Audubon ZIP 78666 / Hays context,0.27,Central Texas Bird Audubon interactions,National Audubon Society,https://www.audubon.org/native-plants
PLT0028,,Sparrows,Birds,broad_guild,,,Bird direct food,seed/grain,seed/grain,,Food,C - documented broad bird group,Audubon ZIP 78666 / Hays context,0.27,Central Texas Bird Audubon interactions,National Audubon Society,https://www.audubon.org/native-plants
PLT0028,,Orioles,Birds,broad_guild,,,Bird direct food,fruit,fruit,,Food,C - documented broad bird group,Audubon ZIP 78666 / Hays context,0.27,Central Texas Bird Audubon interactions,National Audubon Society,https://www.audubon.org/native-plants
PLT0028,,Buntings,Birds,broad_guild,,,Bird direct food,fruit,fruit,,Food,C - documented broad bird group,Audubon ZIP 78666 / Hays context,0.27,Central Texas Bird Audubon interactions,National Audubon Society,https://www.audubon.org/native-plants
PLT0028,,Wood Warblers,Birds,broad_guild,,,Bird direct food,seed/grain,seed/grain,,Food,C - documented broad bird group,Audubon ZIP 78666 / Hays context,0.27,Central Texas Bird Audubon interactions,National Audubon Society,https://www.audubon.org/native-plants
PLT0028,,Nuthatches,Birds,broad_guild,,,Bird direct food,nectar,flower nectar,,Food,C - documented broad bird group,Audubon ZIP 78666 / Hays context,0.27,Central Texas Bird Audubon interactions,National Audubon Society,https://www.audubon.org/native-plants
PLT0028,,Titmice,Birds,broad_guild,,,Bird direct food,nectar,flower nectar,,Food,C - documented broad bird group,Audubon ZIP 78666 / Hays context,0.27,Central Texas Bird Audubon interactions,National Audubon Society,https://www.audubon.org/native-plants
PLT0028,,Sparrows,Birds,broad_guild,,,Bird direct food,nectar,flower nectar,,Food,C - documented broad bird group,Audubon ZIP 78666 / Hays context,0.27,Central Texas Bird Audubon interactions,National Audubon Society,https://www.audubon.org/native-plants
PLT0028,,Thrashers,Birds,broad_guild,,,Bird direct food,fruit,fruit,,Food,C - documented broad bird group,Audubon ZIP 78666 / Hays context,0.27,Central Texas Bird Audubon interactions,National Audubon Society,https://www.audubon.org/native-plants
PLT0028,,Thrashers,Birds,broad_guild,,,Bird direct food,seed/grain,seed/grain,,Food,C - documented broad bird group,Audubon ZIP 78666 / Hays context,0.27,Central Texas Bird Audubon interactions,National Audubon Society,https://www.audubon.org/native-plants
PLT0028,,Thrashers,Birds,broad_guild,,,Bird direct food,nectar,flower nectar,,Food,C - documented broad bird group,Audubon ZIP 78666 / Hays context,0.27,Central Texas Bird Audubon interactions,National Audubon Society,https://www.audubon.org/native-plants
PLT0028,,Thrushes,Birds,broad_guild,,,Bird direct food,fruit,fruit,,Food,C - documented broad bird group,Audubon ZIP 78666 / Hays context,0.27,Central Texas Bird Audubon interactions,National Audubon Society,https://www.audubon.org/native-plants
PLT0028,,Nuthatches,Birds,broad_guild,,,Bird direct food,seed/grain,seed/grain,,Food,C - documented broad bird group,Audubon ZIP 78666 / Hays context,0.27,Central Texas Bird Audubon interactions,National Audubon Society,https://www.audubon.org/native-plants
PLT0028,,Woodpeckers,Birds,broad_guild,,,Bird direct food,fruit,fruit,,Food,C - documented broad bird group,Audubon ZIP 78666 / Hays context,0.27,Central Texas Bird Audubon interactions,National Audubon Society,https://www.audubon.org/native-plants
PLT0028,,Warblers,Birds,broad_guild,,,Bird direct food,nectar,flower nectar,,Food,C - documented broad bird group,Audubon ZIP 78666 / Hays context,0.27,Central Texas Bird Audubon interactions,National Audubon Society,https://www.audubon.org/native-plants
PLT0028,,Wrens,Birds,broad_guild,,,Bird direct food,seed/grain,seed/grain,,Food,C - documented broad bird group,Audubon ZIP 78666 / Hays context,0.27,Central Texas Bird Audubon interactions,National Audubon Society,https://www.audubon.org/native-plants
PLT0028,,Wrens,Birds,broad_guild,,,Bird direct food,nectar,flower nectar,,Food,C - documented broad bird group,Audubon ZIP 78666 / Hays context,0.27,Central Texas Bird Audubon interactions,National Audubon Society,https://www.audubon.org/native-plants
PLT0028,,Woodpeckers,Birds,broad_guild,,,Bird direct food,seed/grain,seed/grain,,Food,C - documented broad bird group,Audubon ZIP 78666 / Hays context,0.27,Central Texas Bird Audubon interactions,National Audubon Society,https://www.audubon.org/native-plants
PLT0028,,Woodpeckers,Birds,broad_guild,,,Bird direct food,nectar,flower nectar,,Food,C - documented broad bird group,Audubon ZIP 78666 / Hays context,0.27,Central Texas Bird Audubon interactions,National Audubon Society,https://www.audubon.org/native-plants
PLT0032,,Mockingbirds,Birds,broad_guild,,,Bird direct food,nectar,flower nectar,,Food,C - documented broad bird group,Audubon ZIP 78666 / Hays context,0.27,Central Texas Bird Audubon interactions,National Audubon Society,https://www.audubon.org/native-plants
PLT0032,,Nuthatches,Birds,broad_guild,,,Bird direct food,fruit,fruit,,Food,C - documented broad bird group,Audubon ZIP 78666 / Hays context,0.27,Central Texas Bird Audubon interactions,National Audubon Society,https://www.audubon.org/native-plants
PLT0032,,Buntings,Birds,broad_guild,,,Bird direct food,nectar,flower nectar,,Food,C - documented broad bird group,Audubon ZIP 78666 / Hays context,0.27,Central Texas Bird Audubon interactions,National Audubon Society,https://www.audubon.org/native-plants
PLT0032,,Buntings,Birds,broad_guild,,,Bird direct food,fruit,fruit,,Food,C - documented broad bird group,Audubon ZIP 78666 / Hays context,0.27,Central Texas Bird Audubon interactions,National Audubon Society,https://www.audubon.org/native-plants
PLT0032,,Sparrows,Birds,broad_guild,,,Bird direct food,nectar,flower nectar,,Food,C - documented broad bird group,Audubon ZIP 78666 / Hays context,0.27,Central Texas Bird Audubon interactions,National Audubon Society,https://www.audubon.org/native-plants
PLT0032,,Nuthatches,Birds,broad_guild,,,Bird direct food,nectar,flower nectar,,Food,C - documented broad bird group,Audubon ZIP 78666 / Hays context,0.27,Central Texas Bird Audubon interactions,National Audubon Society,https://www.audubon.org/native-plants
PLT0032,,Orioles,Birds,broad_guild,,,Bird direct food,fruit,fruit,,Food,C - documented broad bird group,Audubon ZIP 78666 / Hays context,0.27,Central Texas Bird Audubon interactions,National Audubon Society,https://www.audubon.org/native-plants
PLT0032,,Orioles,Birds,broad_guild,,,Bird direct food,seed/grain,seed/grain,,Food,C - documented broad bird group,Audubon ZIP 78666 / Hays context,0.27,Central Texas Bird Audubon interactions,National Audubon Society,https://www.audubon.org/native-plants
PLT0032,,Orioles,Birds,broad_guild,,,Bird direct food,nectar,flower nectar,,Food,C - documented broad bird group,Audubon ZIP 78666 / Hays context,0.27,Central Texas Bird Audubon interactions,National Audubon Society,https://www.audubon.org/native-plants
PLT0032,,Sparrows,Birds,broad_guild,,,Bird direct food,fruit,fruit,,Food,C - documented broad bird group,Audubon ZIP 78666 / Hays context,0.27,Central Texas Bird Audubon interactions,National Audubon Society,https://www.audubon.org/native-plants
PLT0032,,Hummingbirds,Birds,broad_guild,,,Bird direct food,fruit,fruit,,Food,C - documented broad bird group,Audubon ZIP 78666 / Hays context,0.27,Central Texas Bird Audubon interactions,National Audubon Society,https://www.audubon.org/native-plants
PLT0032,,Woodpeckers,Birds,broad_guild,,,Bird direct food,nectar,flower nectar,,Food,C - documented broad bird group,Audubon ZIP 78666 / Hays context,0.27,Central Texas Bird Audubon interactions,National Audubon Society,https://www.audubon.org/native-plants
PLT0032,,Crows,Birds,broad_guild,,,Bird direct food,nectar,flower nectar,,Food,C - documented broad bird group,Audubon ZIP 78666 / Hays context,0.27,Central Texas Bird Audubon interactions,National Audubon Society,https://www.audubon.org/native-plants
PLT0032,,Wrens,Birds,broad_guild,,,Bird direct food,seed/grain,seed/grain,,Food,C - documented broad bird group,Audubon ZIP 78666 / Hays context,0.27,Central Texas Bird Audubon interactions,National Audubon Society,https://www.audubon.org/native-plants
PLT0032,,Crows,Birds,broad_guild,,,Bird direct food,seed/grain,seed/grain,,Food,C - documented broad bird group,Audubon ZIP 78666 / Hays context,0.27,Central Texas Bird Audubon interactions,National Audubon Society,https://www.audubon.org/native-plants
PLT0032,,Waxwings,Birds,broad_guild,,,Bird direct food,nectar,flower nectar,,Food,C - documented broad bird group,Audubon ZIP 78666 / Hays context,0.27,Central Texas Bird Audubon interactions,National Audubon Society,https://www.audubon.org/native-plants
PLT0032,,Finches,Birds,broad_guild,,,Bird direct food,seed/grain,seed/grain,,Food,C - documented broad bird group,Audubon ZIP 78666 / Hays context,0.27,Central Texas Bird Audubon interactions,National Audubon Society,https://www.audubon.org/native-plants
PLT0032,,Finches,Birds,broad_guild,,,Bird direct food,nectar,flower nectar,,Food,C - documented broad bird group,Audubon ZIP 78666 / Hays context,0.27,Central Texas Bird Audubon interactions,National Audubon Society,https://www.audubon.org/native-plants
PLT0032,,Grosbeaks,Birds,broad_guild,,,Bird direct food,fruit,fruit,,Food,C - documented broad bird group,Audubon ZIP 78666 / Hays context,0.27,Central Texas Bird Audubon interactions,National Audubon Society,https://www.audubon.org/native-plants
PLT0032,,Grosbeaks,Birds,broad_guild,,,Bird direct food,seed/grain,seed/grain,,Food,C - documented broad bird group,Audubon ZIP 78666 / Hays context,0.27,Central Texas Bird Audubon interactions,National Audubon Society,https://www.audubon.org/native-plants
PLT0032,,Grosbeaks,Birds,broad_guild,,,Bird direct food,nectar,flower nectar,,Food,C - documented broad bird group,Audubon ZIP 78666 / Hays context,0.27,Central Texas Bird Audubon interactions,National Audubon Society,https://www.audubon.org/native-plants
PLT0032,,Waxwings,Birds,broad_guild,,,Bird direct food,seed/grain,seed/grain,,Food,C - documented broad bird group,Audubon ZIP 78666 / Hays context,0.27,Central Texas Bird Audubon interactions,National Audubon Society,https://www.audubon.org/native-plants
PLT0032,,Chickadees,Birds,broad_guild,,,Bird direct food,seed/grain,seed/grain,,Food,C - documented broad bird group,Audubon ZIP 78666 / Hays context,0.27,Central Texas Bird Audubon interactions,National Audubon Society,https://www.audubon.org/native-plants
PLT0032,,Wrens,Birds,broad_guild,,,Bird direct food,nectar,flower nectar,,Food,C - documented broad bird group,Audubon ZIP 78666 / Hays context,0.27,Central Texas Bird Audubon interactions,National Audubon Society,https://www.audubon.org/native-plants
PLT0032,,Waxwings,Birds,broad_guild,,,Bird direct food,fruit,fruit,,Food,C - documented broad bird group,Audubon ZIP 78666 / Hays context,0.27,Central Texas Bird Audubon interactions,National Audubon Society,https://www.audubon.org/native-plants
PLT0032,,Wrens,Birds,broad_guild,,,Bird direct food,fruit,fruit,,Food,C - documented broad bird group,Audubon ZIP 78666 / Hays context,0.27,Central Texas Bird Audubon interactions,National Audubon Society,https://www.audubon.org/native-plants
PLT0032,,Hummingbirds,Birds,broad_guild,,,Bird direct food,seed/grain,seed/grain,,Food,C - documented broad bird group,Audubon ZIP 78666 / Hays context,0.27,Central Texas Bird Audubon interactions,National Audubon Society,https://www.audubon.org/native-plants
PLT0032,,Jays,Birds,broad_guild,,,Bird direct food,fruit,fruit,,Food,C - documented broad bird group,Audubon ZIP 78666 / Hays context,0.27,Central Texas Bird Audubon interactions,National Audubon Society,https://www.audubon.org/native-plants
PLT0032,,Jays,Birds,broad_guild,,,Bird direct food,seed/grain,seed/grain,,Food,C - documented broad bird group,Audubon ZIP 78666 / Hays context,0.27,Central Texas Bird Audubon interactions,National Audubon Society,https://www.audubon.org/native-plants
PLT0032,,Jays,Birds,broad_guild,,,Bird direct food,nectar,flower nectar,,Food,C - documented broad bird group,Audubon ZIP 78666 / Hays context,0.27,Central Texas Bird Audubon interactions,National Audubon Society,https://www.audubon.org/native-plants
PLT0032,,Mockingbirds,Birds,broad_guild,,,Bird direct food,fruit,fruit,,Food,C - documented broad bird group,Audubon ZIP 78666 / Hays context,0.27,Central Texas Bird Audubon interactions,National Audubon Society,https://www.audubon.org/native-plants
PLT0032,,Mockingbirds,Birds,broad_guild,,,Bird direct food,seed/grain,seed/grain,,Food,C - documented broad bird group,Audubon ZIP 78666 / Hays context,0.27,Central Texas Bird Audubon interactions,National Audubon Society,https://www.audubon.org/native-plants
PLT0032,,Thrashers,Birds,broad_guild,,,Bird direct food,fruit,fruit,,Food,C - documented broad bird group,Audubon ZIP 78666 / Hays context,0.27,Central Texas Bird Audubon interactions,National Audubon Society,https://www.audubon.org/native-plants
PLT0032,,Cardinals,Birds,broad_guild,,,Bird direct food,fruit,fruit,,Food,C - documented broad bird group,Audubon ZIP 78666 / Hays context,0.27,Central Texas Bird Audubon interactions,National Audubon Society,https://www.audubon.org/native-plants
PLT0032,,Cardinals,Birds,broad_guild,,,Bird direct food,seed/grain,seed/grain,,Food,C - documented broad bird group,Audubon ZIP 78666 / Hays context,0.27,Central Texas Bird Audubon interactions,National Audubon Society,https://www.audubon.org/native-plants
PLT0032,,Buntings,Birds,broad_guild,,,Bird direct food,seed/grain,seed/grain,,Food,C - documented broad bird group,Audubon ZIP 78666 / Hays context,0.27,Central Texas Bird Audubon interactions,National Audubon Society,https://www.audubon.org/native-plants
PLT0032,,Hummingbirds,Birds,broad_guild,,,Bird direct food,nectar,flower nectar,,Food,C - documented broad bird group,Audubon ZIP 78666 / Hays context,0.27,Central Texas Bird Audubon interactions,National Audubon Society,https://www.audubon.org/native-plants
PLT0032,,Sparrows,Birds,broad_guild,,,Bird direct food,seed/grain,seed/grain,,Food,C - documented broad bird group,Audubon ZIP 78666 / Hays context,0.27,Central Texas Bird Audubon interactions,National Audubon Society,https://www.audubon.org/native-plants
PLT0032,,Nuthatches,Birds,broad_guild,,,Bird direct food,seed/grain,seed/grain,,Food,C - documented broad bird group,Audubon ZIP 78666 / Hays context,0.27,Central Texas Bird Audubon interactions,National Audubon Society,https://www.audubon.org/native-plants
PLT0032,,Thrushes,Birds,broad_guild,,,Bird direct food,fruit,fruit,,Food,C - documented broad bird group,Audubon ZIP 78666 / Hays context,0.27,Central Texas Bird Audubon interactions,National Audubon Society,https://www.audubon.org/native-plants
PLT0032,,Thrushes,Birds,broad_guild,,,Bird direct food,seed/grain,seed/grain,,Food,C - documented broad bird group,Audubon ZIP 78666 / Hays context,0.27,Central Texas Bird Audubon interactions,National Audubon Society,https://www.audubon.org/native-plants
PLT0032,,Thrushes,Birds,broad_guild,,,Bird direct food,nectar,flower nectar,,Food,C - documented broad bird group,Audubon ZIP 78666 / Hays context,0.27,Central Texas Bird Audubon interactions,National Audubon Society,https://www.audubon.org/native-plants
PLT0032,,Titmice,Birds,broad_guild,,,Bird direct food,fruit,fruit,,Food,C - documented broad bird group,Audubon ZIP 78666 / Hays context,0.27,Central Texas Bird Audubon interactions,National Audubon Society,https://www.audubon.org/native-plants
PLT0032,,Warblers,Birds,broad_guild,,,Bird direct food,nectar,flower nectar,,Food,C - documented broad bird group,Audubon ZIP 78666 / Hays context,0.27,Central Texas Bird Audubon interactions,National Audubon Society,https://www.audubon.org/native-plants
PLT0032,,Finches,Birds,broad_guild,,,Bird direct food,fruit,fruit,,Food,C - documented broad bird group,Audubon ZIP 78666 / Hays context,0.27,Central Texas Bird Audubon interactions,National Audubon Society,https://www.audubon.org/native-plants
PLT0032,,Vireos,Birds,broad_guild,,,Bird direct food,fruit,fruit,,Food,C - documented broad bird group,Audubon ZIP 78666 / Hays context,0.27,Central Texas Bird Audubon interactions,National Audubon Society,https://www.audubon.org/native-plants
PLT0032,,Crows,Birds,broad_guild,,,Bird direct food,fruit,fruit,,Food,C - documented broad bird group,Audubon ZIP 78666 / Hays context,0.27,Central Texas Bird Audubon interactions,National Audubon Society,https://www.audubon.org/native-plants
PLT0032,,Vireos,Birds,broad_guild,,,Bird direct food,nectar,flower nectar,,Food,C - documented broad bird group,Audubon ZIP 78666 / Hays context,0.27,Central Texas Bird Audubon interactions,National Audubon Society,https://www.audubon.org/native-plants
PLT0032,,Warblers,Birds,broad_guild,,,Bird direct food,fruit,fruit,,Food,C - documented broad bird group,Audubon ZIP 78666 / Hays context,0.27,Central Texas Bird Audubon interactions,National Audubon Society,https://www.audubon.org/native-plants
PLT0032,,Warblers,Birds,broad_guild,,,Bird direct food,seed/grain,seed/grain,,Food,C - documented broad bird group,Audubon ZIP 78666 / Hays context,0.27,Central Texas Bird Audubon interactions,National Audubon Society,https://www.audubon.org/native-plants
PLT0032,,Thrashers,Birds,broad_guild,,,Bird direct food,seed/grain,seed/grain,,Food,C - documented broad bird group,Audubon ZIP 78666 / Hays context,0.27,Central Texas Bird Audubon interactions,National Audubon Society,https://www.audubon.org/native-plants
PLT0032,,Thrashers,Birds,broad_guild,,,Bird direct food,nectar,flower nectar,,Food,C - documented broad bird group,Audubon ZIP 78666 / Hays context,0.27,Central Texas Bird Audubon interactions,National Audubon Society,https://www.audubon.org/native-plants
PLT0032,,Titmice,Birds,broad_guild,,,Bird direct food,nectar,flower nectar,,Food,C - documented broad bird group,Audubon ZIP 78666 / Hays context,0.27,Central Texas Bird Audubon interactions,National Audubon Society,https://www.audubon.org/native-plants
PLT0032,,Vireos,Birds,broad_guild,,,Bird direct food,seed/grain,seed/grain,,Food,C - documented broad bird group,Audubon ZIP 78666 / Hays context,0.27,Central Texas Bird Audubon interactions,National Audubon Society,https://www.audubon.org/native-plants
PLT0032,,Titmice,Birds,broad_guild,,,Bird direct food,seed/grain,seed/grain,,Food,C - documented broad bird group,Audubon ZIP 78666 / Hays context,0.27,Central Texas Bird Audubon interactions,National Audubon Society,https://www.audubon.org/native-plants
PLT0032,,Wood Warblers,Birds,broad_guild,,,Bird direct food,fruit,fruit,,Food,C - documented broad bird group,Audubon ZIP 78666 / Hays context,0.27,Central Texas Bird Audubon interactions,National Audubon Society,https://www.audubon.org/native-plants
PLT0032,,Wood Warblers,Birds,broad_guild,,,Bird direct food,seed/grain,seed/grain,,Food,C - documented broad bird group,Audubon ZIP 78666 / Hays context,0.27,Central Texas Bird Audubon interactions,National Audubon Society,https://www.audubon.org/native-plants
PLT0032,,Wood Warblers,Birds,broad_guild,,,Bird direct food,nectar,flower nectar,,Food,C - documented broad bird group,Audubon ZIP 78666 / Hays context,0.27,Central Texas Bird Audubon interactions,National Audubon Society,https://www.audubon.org/native-plants
PLT0032,,Woodpeckers,Birds,broad_guild,,,Bird direct food,fruit,fruit,,Food,C - documented broad bird group,Audubon ZIP 78666 / Hays context,0.27,Central Texas Bird Audubon interactions,National Audubon Society,https://www.audubon.org/native-plants
PLT0032,,Woodpeckers,Birds,broad_guild,,,Bird direct food,seed/grain,seed/grain,,Food,C - documented broad bird group,Audubon ZIP 78666 / Hays context,0.27,Central Texas Bird Audubon interactions,National Audubon Society,https://www.audubon.org/native-plants
PLT0032,,Chickadees,Birds,broad_guild,,,Bird direct food,nectar,flower nectar,,Food,C - documented broad bird group,Audubon ZIP 78666 / Hays context,0.27,Central Texas Bird Audubon interactions,National Audubon Society,https://www.audubon.org/native-plants
PLT0032,,Cardinals,Birds,broad_guild,,,Bird direct food,nectar,flower nectar,,Food,C - documented broad bird group,Audubon ZIP 78666 / Hays context,0.27,Central Texas Bird Audubon interactions,National Audubon Society,https://www.audubon.org/native-plants
PLT0032,,Chickadees,Birds,broad_guild,,,Bird direct food,fruit,fruit,,Food,C - documented broad bird group,Audubon ZIP 78666 / Hays context,0.27,Central Texas Bird Audubon interactions,National Audubon Society,https://www.audubon.org/native-plants
PLT0045,,Waxwings,Birds,broad_guild,,,Bird direct food,seed/grain,seed/grain,,Food,C - documented broad bird group,Audubon ZIP 78666 / Hays context,0.27,Central Texas Bird Audubon interactions,National Audubon Society,https://www.audubon.org/native-plants
PLT0045,,Warblers,Birds,broad_guild,,,Bird direct food,nectar,flower nectar,,Food,C - documented broad bird group,Audubon ZIP 78666 / Hays context,0.27,Central Texas Bird Audubon interactions,National Audubon Society,https://www.audubon.org/native-plants
PLT0045,,Sparrows,Birds,broad_guild,,,Bird direct food,nectar,flower nectar,,Food,C - documented broad bird group,Audubon ZIP 78666 / Hays context,0.27,Central Texas Bird Audubon interactions,National Audubon Society,https://www.audubon.org/native-plants
PLT0045,,Thrashers,Birds,broad_guild,,,Bird direct food,fruit,fruit,,Food,C - documented broad bird group,Audubon ZIP 78666 / Hays context,0.27,Central Texas Bird Audubon interactions,National Audubon Society,https://www.audubon.org/native-plants
PLT0045,,Waxwings,Birds,broad_guild,,,Bird direct food,nectar,flower nectar,,Food,C - documented broad bird group,Audubon ZIP 78666 / Hays context,0.27,Central Texas Bird Audubon interactions,National Audubon Society,https://www.audubon.org/native-plants
PLT0045,,Vireos,Birds,broad_guild,,,Bird direct food,fruit,fruit,,Food,C - documented broad bird group,Audubon ZIP 78666 / Hays context,0.27,Central Texas Bird Audubon interactions,National Audubon Society,https://www.audubon.org/native-plants
PLT0045,,Jays,Birds,broad_guild,,,Bird direct food,nectar,flower nectar,,Food,C - documented broad bird group,Audubon ZIP 78666 / Hays context,0.27,Central Texas Bird Audubon interactions,National Audubon Society,https://www.audubon.org/native-plants
PLT0045,,Waxwings,Birds,broad_guild,,,Bird direct food,fruit,fruit,,Food,C - documented broad bird group,Audubon ZIP 78666 / Hays context,0.27,Central Texas Bird Audubon interactions,National Audubon Society,https://www.audubon.org/native-plants
PLT0045,,Jays,Birds,broad_guild,,,Bird direct food,fruit,fruit,,Food,C - documented broad bird group,Audubon ZIP 78666 / Hays context,0.27,Central Texas Bird Audubon interactions,National Audubon Society,https://www.audubon.org/native-plants
PLT0045,,Jays,Birds,broad_guild,,,Bird direct food,seed/grain,seed/grain,,Food,C - documented broad bird group,Audubon ZIP 78666 / Hays context,0.27,Central Texas Bird Audubon interactions,National Audubon Society,https://www.audubon.org/native-plants
PLT0045,,Orioles,Birds,broad_guild,,,Bird direct food,fruit,fruit,,Food,C - documented broad bird group,Audubon ZIP 78666 / Hays context,0.27,Central Texas Bird Audubon interactions,National Audubon Society,https://www.audubon.org/native-plants
PLT0045,,Orioles,Birds,broad_guild,,,Bird direct food,seed/grain,seed/grain,,Food,C - documented broad bird group,Audubon ZIP 78666 / Hays context,0.27,Central Texas Bird Audubon interactions,National Audubon Society,https://www.audubon.org/native-plants
PLT0045,,Orioles,Birds,broad_guild,,,Bird direct food,nectar,flower nectar,,Food,C - documented broad bird group,Audubon ZIP 78666 / Hays context,0.27,Central Texas Bird Audubon interactions,National Audubon Society,https://www.audubon.org/native-plants
PLT0045,,Sparrows,Birds,broad_guild,,,Bird direct food,fruit,fruit,,Food,C - documented broad bird group,Audubon ZIP 78666 / Hays context,0.27,Central Texas Bird Audubon interactions,National Audubon Society,https://www.audubon.org/native-plants
PLT0045,,Titmice,Birds,broad_guild,,,Bird direct food,nectar,flower nectar,,Food,C - documented broad bird group,Audubon ZIP 78666 / Hays context,0.27,Central Texas Bird Audubon interactions,National Audubon Society,https://www.audubon.org/native-plants
PLT0045,,Woodpeckers,Birds,broad_guild,,,Bird direct food,nectar,flower nectar,,Food,C - documented broad bird group,Audubon ZIP 78666 / Hays context,0.27,Central Texas Bird Audubon interactions,National Audubon Society,https://www.audubon.org/native-plants
PLT0045,,Vireos,Birds,broad_guild,,,Bird direct food,seed/grain,seed/grain,,Food,C - documented broad bird group,Audubon ZIP 78666 / Hays context,0.27,Central Texas Bird Audubon interactions,National Audubon Society,https://www.audubon.org/native-plants
PLT0045,,Vireos,Birds,broad_guild,,,Bird direct food,nectar,flower nectar,,Food,C - documented broad bird group,Audubon ZIP 78666 / Hays context,0.27,Central Texas Bird Audubon interactions,National Audubon Society,https://www.audubon.org/native-plants
PLT0045,,Woodpeckers,Birds,broad_guild,,,Bird direct food,fruit,fruit,,Food,C - documented broad bird group,Audubon ZIP 78666 / Hays context,0.27,Central Texas Bird Audubon interactions,National Audubon Society,https://www.audubon.org/native-plants
PLT0045,,Wood Warblers,Birds,broad_guild,,,Bird direct food,fruit,fruit,,Food,C - documented broad bird group,Audubon ZIP 78666 / Hays context,0.27,Central Texas Bird Audubon interactions,National Audubon Society,https://www.audubon.org/native-plants
PLT0045,,Titmice,Birds,broad_guild,,,Bird direct food,seed/grain,seed/grain,,Food,C - documented broad bird group,Audubon ZIP 78666 / Hays context,0.27,Central Texas Bird Audubon interactions,National Audubon Society,https://www.audubon.org/native-plants
PLT0045,,Wood Warblers,Birds,broad_guild,,,Bird direct food,seed/grain,seed/grain,,Food,C - documented broad bird group,Audubon ZIP 78666 / Hays context,0.27,Central Texas Bird Audubon interactions,National Audubon Society,https://www.audubon.org/native-plants
PLT0045,,Wood Warblers,Birds,broad_guild,,,Bird direct food,nectar,flower nectar,,Food,C - documented broad bird group,Audubon ZIP 78666 / Hays context,0.27,Central Texas Bird Audubon interactions,National Audubon Society,https://www.audubon.org/native-plants
PLT0045,,Chickadees,Birds,broad_guild,,,Bird direct food,fruit,fruit,,Food,C - documented broad bird group,Audubon ZIP 78666 / Hays context,0.27,Central Texas Bird Audubon interactions,National Audubon Society,https://www.audubon.org/native-plants
PLT0045,,Cardinals,Birds,broad_guild,,,Bird direct food,nectar,flower nectar,,Food,C - documented broad bird group,Audubon ZIP 78666 / Hays context,0.27,Central Texas Bird Audubon interactions,National Audubon Society,https://www.audubon.org/native-plants
PLT0045,,Crows,Birds,broad_guild,,,Bird direct food,nectar,flower nectar,,Food,C - documented broad bird group,Audubon ZIP 78666 / Hays context,0.27,Central Texas Bird Audubon interactions,National Audubon Society,https://www.audubon.org/native-plants
PLT0045,,Finches,Birds,broad_guild,,,Bird direct food,fruit,fruit,,Food,C - documented broad bird group,Audubon ZIP 78666 / Hays context,0.27,Central Texas Bird Audubon interactions,National Audubon Society,https://www.audubon.org/native-plants
PLT0045,,Finches,Birds,broad_guild,,,Bird direct food,seed/grain,seed/grain,,Food,C - documented broad bird group,Audubon ZIP 78666 / Hays context,0.27,Central Texas Bird Audubon interactions,National Audubon Society,https://www.audubon.org/native-plants
PLT0045,,Cardinals,Birds,broad_guild,,,Bird direct food,seed/grain,seed/grain,,Food,C - documented broad bird group,Audubon ZIP 78666 / Hays context,0.27,Central Texas Bird Audubon interactions,National Audubon Society,https://www.audubon.org/native-plants
PLT0045,,Crows,Birds,broad_guild,,,Bird direct food,seed/grain,seed/grain,,Food,C - documented broad bird group,Audubon ZIP 78666 / Hays context,0.27,Central Texas Bird Audubon interactions,National Audubon Society,https://www.audubon.org/native-plants
PLT0045,,Finches,Birds,broad_guild,,,Bird direct food,nectar,flower nectar,,Food,C - documented broad bird group,Audubon ZIP 78666 / Hays context,0.27,Central Texas Bird Audubon interactions,National Audubon Society,https://www.audubon.org/native-plants
PLT0045,,Buntings,Birds,broad_guild,,,Bird direct food,fruit,fruit,,Food,C - documented broad bird group,Audubon ZIP 78666 / Hays context,0.27,Central Texas Bird Audubon interactions,National Audubon Society,https://www.audubon.org/native-plants
PLT0045,,Buntings,Birds,broad_guild,,,Bird direct food,seed/grain,seed/grain,,Food,C - documented broad bird group,Audubon ZIP 78666 / Hays context,0.27,Central Texas Bird Audubon interactions,National Audubon Society,https://www.audubon.org/native-plants
PLT0045,,Cardinals,Birds,broad_guild,,,Bird direct food,fruit,fruit,,Food,C - documented broad bird group,Audubon ZIP 78666 / Hays context,0.27,Central Texas Bird Audubon interactions,National Audubon Society,https://www.audubon.org/native-plants
PLT0045,,Mockingbirds,Birds,broad_guild,,,Bird direct food,fruit,fruit,,Food,C - documented broad bird group,Audubon ZIP 78666 / Hays context,0.27,Central Texas Bird Audubon interactions,National Audubon Society,https://www.audubon.org/native-plants
PLT0045,,Mockingbirds,Birds,broad_guild,,,Bird direct food,seed/grain,seed/grain,,Food,C - documented broad bird group,Audubon ZIP 78666 / Hays context,0.27,Central Texas Bird Audubon interactions,National Audubon Society,https://www.audubon.org/native-plants
PLT0045,,Sparrows,Birds,broad_guild,,,Bird direct food,seed/grain,seed/grain,,Food,C - documented broad bird group,Audubon ZIP 78666 / Hays context,0.27,Central Texas Bird Audubon interactions,National Audubon Society,https://www.audubon.org/native-plants
PLT0045,,Thrashers,Birds,broad_guild,,,Bird direct food,seed/grain,seed/grain,,Food,C - documented broad bird group,Audubon ZIP 78666 / Hays context,0.27,Central Texas Bird Audubon interactions,National Audubon Society,https://www.audubon.org/native-plants
PLT0045,,Titmice,Birds,broad_guild,,,Bird direct food,fruit,fruit,,Food,C - documented broad bird group,Audubon ZIP 78666 / Hays context,0.27,Central Texas Bird Audubon interactions,National Audubon Society,https://www.audubon.org/native-plants
PLT0045,,Nuthatches,Birds,broad_guild,,,Bird direct food,fruit,fruit,,Food,C - documented broad bird group,Audubon ZIP 78666 / Hays context,0.27,Central Texas Bird Audubon interactions,National Audubon Society,https://www.audubon.org/native-plants
PLT0045,,Nuthatches,Birds,broad_guild,,,Bird direct food,seed/grain,seed/grain,,Food,C - documented broad bird group,Audubon ZIP 78666 / Hays context,0.27,Central Texas Bird Audubon interactions,National Audubon Society,https://www.audubon.org/native-plants
PLT0045,,Warblers,Birds,broad_guild,,,Bird direct food,fruit,fruit,,Food,C - documented broad bird group,Audubon ZIP 78666 / Hays context,0.27,Central Texas Bird Audubon interactions,National Audubon Society,https://www.audubon.org/native-plants
PLT0045,,Warblers,Birds,broad_guild,,,Bird direct food,seed/grain,seed/grain,,Food,C - documented broad bird group,Audubon ZIP 78666 / Hays context,0.27,Central Texas Bird Audubon interactions,National Audubon Society,https://www.audubon.org/native-plants
PLT0045,,Mockingbirds,Birds,broad_guild,,,Bird direct food,nectar,flower nectar,,Food,C - documented broad bird group,Audubon ZIP 78666 / Hays context,0.27,Central Texas Bird Audubon interactions,National Audubon Society,https://www.audubon.org/native-plants
PLT0045,,Wrens,Birds,broad_guild,,,Bird direct food,fruit,fruit,,Food,C - documented broad bird group,Audubon ZIP 78666 / Hays context,0.27,Central Texas Bird Audubon interactions,National Audubon Society,https://www.audubon.org/native-plants
PLT0045,,Crows,Birds,broad_guild,,,Bird direct food,fruit,fruit,,Food,C - documented broad bird group,Audubon ZIP 78666 / Hays context,0.27,Central Texas Bird Audubon interactions,National Audubon Society,https://www.audubon.org/native-plants
PLT0045,,Buntings,Birds,broad_guild,,,Bird direct food,nectar,flower nectar,,Food,C - documented broad bird group,Audubon ZIP 78666 / Hays context,0.27,Central Texas Bird Audubon interactions,National Audubon Society,https://www.audubon.org/native-plants
PLT0045,,Thrushes,Birds,broad_guild,,,Bird direct food,fruit,fruit,,Food,C - documented broad bird group,Audubon ZIP 78666 / Hays context,0.27,Central Texas Bird Audubon interactions,National Audubon Society,https://www.audubon.org/native-plants
PLT0045,,Thrushes,Birds,broad_guild,,,Bird direct food,seed/grain,seed/grain,,Food,C - documented broad bird group,Audubon ZIP 78666 / Hays context,0.27,Central Texas Bird Audubon interactions,National Audubon Society,https://www.audubon.org/native-plants
PLT0045,,Thrashers,Birds,broad_guild,,,Bird direct food,nectar,flower nectar,,Food,C - documented broad bird group,Audubon ZIP 78666 / Hays context,0.27,Central Texas Bird Audubon interactions,National Audubon Society,https://www.audubon.org/native-plants
PLT0045,,Hummingbirds,Birds,broad_guild,,,Bird direct food,seed/grain,seed/grain,,Food,C - documented broad bird group,Audubon ZIP 78666 / Hays context,0.27,Central Texas Bird Audubon interactions,National Audubon Society,https://www.audubon.org/native-plants
PLT0045,,Hummingbirds,Birds,broad_guild,,,Bird direct food,nectar,flower nectar,,Food,C - documented broad bird group,Audubon ZIP 78666 / Hays context,0.27,Central Texas Bird Audubon interactions,National Audubon Society,https://www.audubon.org/native-plants
PLT0045,,Chickadees,Birds,broad_guild,,,Bird direct food,seed/grain,seed/grain,,Food,C - documented broad bird group,Audubon ZIP 78666 / Hays context,0.27,Central Texas Bird Audubon interactions,National Audubon Society,https://www.audubon.org/native-plants
PLT0045,,Chickadees,Birds,broad_guild,,,Bird direct food,nectar,flower nectar,,Food,C - documented broad bird group,Audubon ZIP 78666 / Hays context,0.27,Central Texas Bird Audubon interactions,National Audubon Society,https://www.audubon.org/native-plants
PLT0045,,Woodpeckers,Birds,broad_guild,,,Bird direct food,seed/grain,seed/grain,,Food,C - documented broad bird group,Audubon ZIP 78666 / Hays context,0.27,Central Texas Bird Audubon interactions,National Audubon Society,https://www.audubon.org/native-plants
PLT0045,,Grosbeaks,Birds,broad_guild,,,Bird direct food,nectar,flower nectar,,Food,C - documented broad bird group,Audubon ZIP 78666 / Hays context,0.27,Central Texas Bird Audubon interactions,National Audubon Society,https://www.audubon.org/native-plants
PLT0045,,Thrushes,Birds,broad_guild,,,Bird direct food,nectar,flower nectar,,Food,C - documented broad bird group,Audubon ZIP 78666 / Hays context,0.27,Central Texas Bird Audubon interactions,National Audubon Society,https://www.audubon.org/native-plants
PLT0045,,Wrens,Birds,broad_guild,,,Bird direct food,seed/grain,seed/grain,,Food,C - documented broad bird group,Audubon ZIP 78666 / Hays context,0.27,Central Texas Bird Audubon interactions,National Audubon Society,https://www.audubon.org/native-plants
PLT0045,,Wrens,Birds,broad_guild,,,Bird direct food,nectar,flower nectar,,Food,C - documented broad bird group,Audubon ZIP 78666 / Hays context,0.27,Central Texas Bird Audubon interactions,National Audubon Society,https://www.audubon.org/native-plants
PLT0045,,Grosbeaks,Birds,broad_guild,,,Bird direct food,fruit,fruit,,Food,C - documented broad bird group,Audubon ZIP 78666 / Hays context,0.27,Central Texas Bird Audubon interactions,National Audubon Society,https://www.audubon.org/native-plants
PLT0045,,Nuthatches,Birds,broad_guild,,,Bird direct food,nectar,flower nectar,,Food,C - documented broad bird group,Audubon ZIP 78666 / Hays context,0.27,Central Texas Bird Audubon interactions,National Audubon Society,https://www.audubon.org/native-plants
PLT0045,,Hummingbirds,Birds,broad_guild,,,Bird direct food,fruit,fruit,,Food,C - documented broad bird group,Audubon ZIP 78666 / Hays context,0.27,Central Texas Bird Audubon interactions,National Audubon Society,https://www.audubon.org/native-plants
PLT0045,,Grosbeaks,Birds,broad_guild,,,Bird direct food,seed/grain,seed/grain,,Food,C - documented broad bird group,Audubon ZIP 78666 / Hays context,0.27,Central Texas Bird Audubon interactions,National Audubon Society,https://www.audubon.org/native-plants
PLT0046,,Crows,Birds,broad_guild,,,Bird direct food,seed/grain,seed/grain,,Food,C - documented broad bird group,Audubon ZIP 78666 / Hays context,0.27,Central Texas Bird Audubon interactions,National Audubon Society,https://www.audubon.org/native-plants
PLT0046,,Crows,Birds,broad_guild,,,Bird direct food,nectar,flower nectar,,Food,C - documented broad bird group,Audubon ZIP 78666 / Hays context,0.27,Central Texas Bird Audubon interactions,National Audubon Society,https://www.audubon.org/native-plants
PLT0046,,Vireos,Birds,broad_guild,,,Bird direct food,seed/grain,seed/grain,,Food,C - documented broad bird group,Audubon ZIP 78666 / Hays context,0.27,Central Texas Bird Audubon interactions,National Audubon Society,https://www.audubon.org/native-plants
PLT0046,,Thrashers,Birds,broad_guild,,,Bird direct food,nectar,flower nectar,,Food,C - documented broad bird group,Audubon ZIP 78666 / Hays context,0.27,Central Texas Bird Audubon interactions,National Audubon Society,https://www.audubon.org/native-plants
PLT0046,,Titmice,Birds,broad_guild,,,Bird direct food,nectar,flower nectar,,Food,C - documented broad bird group,Audubon ZIP 78666 / Hays context,0.27,Central Texas Bird Audubon interactions,National Audubon Society,https://www.audubon.org/native-plants
PLT0046,,Mockingbirds,Birds,broad_guild,,,Bird direct food,fruit,fruit,,Food,C - documented broad bird group,Audubon ZIP 78666 / Hays context,0.27,Central Texas Bird Audubon interactions,National Audubon Society,https://www.audubon.org/native-plants
PLT0046,,Mockingbirds,Birds,broad_guild,,,Bird direct food,seed/grain,seed/grain,,Food,C - documented broad bird group,Audubon ZIP 78666 / Hays context,0.27,Central Texas Bird Audubon interactions,National Audubon Society,https://www.audubon.org/native-plants
PLT0046,,Mockingbirds,Birds,broad_guild,,,Bird direct food,nectar,flower nectar,,Food,C - documented broad bird group,Audubon ZIP 78666 / Hays context,0.27,Central Texas Bird Audubon interactions,National Audubon Society,https://www.audubon.org/native-plants
PLT0046,,Wood Warblers,Birds,broad_guild,,,Bird direct food,fruit,fruit,,Food,C - documented broad bird group,Audubon ZIP 78666 / Hays context,0.27,Central Texas Bird Audubon interactions,National Audubon Society,https://www.audubon.org/native-plants
PLT0046,,Wood Warblers,Birds,broad_guild,,,Bird direct food,seed/grain,seed/grain,,Food,C - documented broad bird group,Audubon ZIP 78666 / Hays context,0.27,Central Texas Bird Audubon interactions,National Audubon Society,https://www.audubon.org/native-plants
PLT0046,,Thrushes,Birds,broad_guild,,,Bird direct food,fruit,fruit,,Food,C - documented broad bird group,Audubon ZIP 78666 / Hays context,0.27,Central Texas Bird Audubon interactions,National Audubon Society,https://www.audubon.org/native-plants
PLT0046,,Titmice,Birds,broad_guild,,,Bird direct food,fruit,fruit,,Food,C - documented broad bird group,Audubon ZIP 78666 / Hays context,0.27,Central Texas Bird Audubon interactions,National Audubon Society,https://www.audubon.org/native-plants
PLT0046,,Titmice,Birds,broad_guild,,,Bird direct food,seed/grain,seed/grain,,Food,C - documented broad bird group,Audubon ZIP 78666 / Hays context,0.27,Central Texas Bird Audubon interactions,National Audubon Society,https://www.audubon.org/native-plants
PLT0046,,Nuthatches,Birds,broad_guild,,,Bird direct food,fruit,fruit,,Food,C - documented broad bird group,Audubon ZIP 78666 / Hays context,0.27,Central Texas Bird Audubon interactions,National Audubon Society,https://www.audubon.org/native-plants
PLT0046,,Nuthatches,Birds,broad_guild,,,Bird direct food,seed/grain,seed/grain,,Food,C - documented broad bird group,Audubon ZIP 78666 / Hays context,0.27,Central Texas Bird Audubon interactions,National Audubon Society,https://www.audubon.org/native-plants
PLT0046,,Finches,Birds,broad_guild,,,Bird direct food,nectar,flower nectar,,Food,C - documented broad bird group,Audubon ZIP 78666 / Hays context,0.27,Central Texas Bird Audubon interactions,National Audubon Society,https://www.audubon.org/native-plants
PLT0046,,Nuthatches,Birds,broad_guild,,,Bird direct food,nectar,flower nectar,,Food,C - documented broad bird group,Audubon ZIP 78666 / Hays context,0.27,Central Texas Bird Audubon interactions,National Audubon Society,https://www.audubon.org/native-plants
PLT0046,,Orioles,Birds,broad_guild,,,Bird direct food,fruit,fruit,,Food,C - documented broad bird group,Audubon ZIP 78666 / Hays context,0.27,Central Texas Bird Audubon interactions,National Audubon Society,https://www.audubon.org/native-plants
PLT0046,,Wood Warblers,Birds,broad_guild,,,Bird direct food,nectar,flower nectar,,Food,C - documented broad bird group,Audubon ZIP 78666 / Hays context,0.27,Central Texas Bird Audubon interactions,National Audubon Society,https://www.audubon.org/native-plants
PLT0046,,Woodpeckers,Birds,broad_guild,,,Bird direct food,fruit,fruit,,Food,C - documented broad bird group,Audubon ZIP 78666 / Hays context,0.27,Central Texas Bird Audubon interactions,National Audubon Society,https://www.audubon.org/native-plants
PLT0046,,Crows,Birds,broad_guild,,,Bird direct food,fruit,fruit,,Food,C - documented broad bird group,Audubon ZIP 78666 / Hays context,0.27,Central Texas Bird Audubon interactions,National Audubon Society,https://www.audubon.org/native-plants
PLT0046,,Chickadees,Birds,broad_guild,,,Bird direct food,nectar,flower nectar,,Food,C - documented broad bird group,Audubon ZIP 78666 / Hays context,0.27,Central Texas Bird Audubon interactions,National Audubon Society,https://www.audubon.org/native-plants
PLT0046,,Finches,Birds,broad_guild,,,Bird direct food,seed/grain,seed/grain,,Food,C - documented broad bird group,Audubon ZIP 78666 / Hays context,0.27,Central Texas Bird Audubon interactions,National Audubon Society,https://www.audubon.org/native-plants
PLT0046,,Woodpeckers,Birds,broad_guild,,,Bird direct food,seed/grain,seed/grain,,Food,C - documented broad bird group,Audubon ZIP 78666 / Hays context,0.27,Central Texas Bird Audubon interactions,National Audubon Society,https://www.audubon.org/native-plants
PLT0046,,Woodpeckers,Birds,broad_guild,,,Bird direct food,nectar,flower nectar,,Food,C - documented broad bird group,Audubon ZIP 78666 / Hays context,0.27,Central Texas Bird Audubon interactions,National Audubon Society,https://www.audubon.org/native-plants
PLT0046,,Wrens,Birds,broad_guild,,,Bird direct food,fruit,fruit,,Food,C - documented broad bird group,Audubon ZIP 78666 / Hays context,0.27,Central Texas Bird Audubon interactions,National Audubon Society,https://www.audubon.org/native-plants
PLT0046,,Wrens,Birds,broad_guild,,,Bird direct food,seed/grain,seed/grain,,Food,C - documented broad bird group,Audubon ZIP 78666 / Hays context,0.27,Central Texas Bird Audubon interactions,National Audubon Society,https://www.audubon.org/native-plants
PLT0046,,Jays,Birds,broad_guild,,,Bird direct food,fruit,fruit,,Food,C - documented broad bird group,Audubon ZIP 78666 / Hays context,0.27,Central Texas Bird Audubon interactions,National Audubon Society,https://www.audubon.org/native-plants
PLT0046,,Jays,Birds,broad_guild,,,Bird direct food,seed/grain,seed/grain,,Food,C - documented broad bird group,Audubon ZIP 78666 / Hays context,0.27,Central Texas Bird Audubon interactions,National Audubon Society,https://www.audubon.org/native-plants
PLT0046,,Chickadees,Birds,broad_guild,,,Bird direct food,seed/grain,seed/grain,,Food,C - documented broad bird group,Audubon ZIP 78666 / Hays context,0.27,Central Texas Bird Audubon interactions,National Audubon Society,https://www.audubon.org/native-plants
PLT0046,,Thrushes,Birds,broad_guild,,,Bird direct food,nectar,flower nectar,,Food,C - documented broad bird group,Audubon ZIP 78666 / Hays context,0.27,Central Texas Bird Audubon interactions,National Audubon Society,https://www.audubon.org/native-plants
PLT0046,,Vireos,Birds,broad_guild,,,Bird direct food,nectar,flower nectar,,Food,C - documented broad bird group,Audubon ZIP 78666 / Hays context,0.27,Central Texas Bird Audubon interactions,National Audubon Society,https://www.audubon.org/native-plants
PLT0046,,Vireos,Birds,broad_guild,,,Bird direct food,fruit,fruit,,Food,C - documented broad bird group,Audubon ZIP 78666 / Hays context,0.27,Central Texas Bird Audubon interactions,National Audubon Society,https://www.audubon.org/native-plants
PLT0046,,Wrens,Birds,broad_guild,,,Bird direct food,nectar,flower nectar,,Food,C - documented broad bird group,Audubon ZIP 78666 / Hays context,0.27,Central Texas Bird Audubon interactions,National Audubon Society,https://www.audubon.org/native-plants
PLT0046,,Finches,Birds,broad_guild,,,Bird direct food,fruit,fruit,,Food,C - documented broad bird group,Audubon ZIP 78666 / Hays context,0.27,Central Texas Bird Audubon interactions,National Audubon Society,https://www.audubon.org/native-plants
PLT0046,,Warblers,Birds,broad_guild,,,Bird direct food,fruit,fruit,,Food,C - documented broad bird group,Audubon ZIP 78666 / Hays context,0.27,Central Texas Bird Audubon interactions,National Audubon Society,https://www.audubon.org/native-plants
PLT0046,,Thrushes,Birds,broad_guild,,,Bird direct food,seed/grain,seed/grain,,Food,C - documented broad bird group,Audubon ZIP 78666 / Hays context,0.27,Central Texas Bird Audubon interactions,National Audubon Society,https://www.audubon.org/native-plants
PLT0046,,Waxwings,Birds,broad_guild,,,Bird direct food,nectar,flower nectar,,Food,C - documented broad bird group,Audubon ZIP 78666 / Hays context,0.27,Central Texas Bird Audubon interactions,National Audubon Society,https://www.audubon.org/native-plants
PLT0046,,Hummingbirds,Birds,broad_guild,,,Bird direct food,nectar,flower nectar,,Food,C - documented broad bird group,Audubon ZIP 78666 / Hays context,0.27,Central Texas Bird Audubon interactions,National Audubon Society,https://www.audubon.org/native-plants
PLT0046,,Jays,Birds,broad_guild,,,Bird direct food,nectar,flower nectar,,Food,C - documented broad bird group,Audubon ZIP 78666 / Hays context,0.27,Central Texas Bird Audubon interactions,National Audubon Society,https://www.audubon.org/native-plants
PLT0046,,Waxwings,Birds,broad_guild,,,Bird direct food,seed/grain,seed/grain,,Food,C - documented broad bird group,Audubon ZIP 78666 / Hays context,0.27,Central Texas Bird Audubon interactions,National Audubon Society,https://www.audubon.org/native-plants
PLT0046,,Warblers,Birds,broad_guild,,,Bird direct food,seed/grain,seed/grain,,Food,C - documented broad bird group,Audubon ZIP 78666 / Hays context,0.27,Central Texas Bird Audubon interactions,National Audubon Society,https://www.audubon.org/native-plants
PLT0046,,Warblers,Birds,broad_guild,,,Bird direct food,nectar,flower nectar,,Food,C - documented broad bird group,Audubon ZIP 78666 / Hays context,0.27,Central Texas Bird Audubon interactions,National Audubon Society,https://www.audubon.org/native-plants
PLT0046,,Waxwings,Birds,broad_guild,,,Bird direct food,fruit,fruit,,Food,C - documented broad bird group,Audubon ZIP 78666 / Hays context,0.27,Central Texas Bird Audubon interactions,National Audubon Society,https://www.audubon.org/native-plants
PLT0046,,Grosbeaks,Birds,broad_guild,,,Bird direct food,fruit,fruit,,Food,C - documented broad bird group,Audubon ZIP 78666 / Hays context,0.27,Central Texas Bird Audubon interactions,National Audubon Society,https://www.audubon.org/native-plants
PLT0046,,Grosbeaks,Birds,broad_guild,,,Bird direct food,seed/grain,seed/grain,,Food,C - documented broad bird group,Audubon ZIP 78666 / Hays context,0.27,Central Texas Bird Audubon interactions,National Audubon Society,https://www.audubon.org/native-plants
PLT0046,,Grosbeaks,Birds,broad_guild,,,Bird direct food,nectar,flower nectar,,Food,C - documented broad bird group,Audubon ZIP 78666 / Hays context,0.27,Central Texas Bird Audubon interactions,National Audubon Society,https://www.audubon.org/native-plants
PLT0046,,Hummingbirds,Birds,broad_guild,,,Bird direct food,seed/grain,seed/grain,,Food,C - documented broad bird group,Audubon ZIP 78666 / Hays context,0.27,Central Texas Bird Audubon interactions,National Audubon Society,https://www.audubon.org/native-plants
PLT0046,,Hummingbirds,Birds,broad_guild,,,Bird direct food,fruit,fruit,,Food,C - documented broad bird group,Audubon ZIP 78666 / Hays context,0.27,Central Texas Bird Audubon interactions,National Audubon Society,https://www.audubon.org/native-plants
PLT0046,,Orioles,Birds,broad_guild,,,Bird direct food,seed/grain,seed/grain,,Food,C - documented broad bird group,Audubon ZIP 78666 / Hays context,0.27,Central Texas Bird Audubon interactions,National Audubon Society,https://www.audubon.org/native-plants
PLT0046,,Orioles,Birds,broad_guild,,,Bird direct food,nectar,flower nectar,,Food,C - documented broad bird group,Audubon ZIP 78666 / Hays context,0.27,Central Texas Bird Audubon interactions,National Audubon Society,https://www.audubon.org/native-plants
PLT0046,,Sparrows,Birds,broad_guild,,,Bird direct food,fruit,fruit,,Food,C - documented broad bird group,Audubon ZIP 78666 / Hays context,0.27,Central Texas Bird Audubon interactions,National Audubon Society,https://www.audubon.org/native-plants
PLT0046,,Sparrows,Birds,broad_guild,,,Bird direct food,seed/grain,seed/grain,,Food,C - documented broad bird group,Audubon ZIP 78666 / Hays context,0.27,Central Texas Bird Audubon interactions,National Audubon Society,https://www.audubon.org/native-plants
PLT0046,,Sparrows,Birds,broad_guild,,,Bird direct food,nectar,flower nectar,,Food,C - documented broad bird group,Audubon ZIP 78666 / Hays context,0.27,Central Texas Bird Audubon interactions,National Audubon Society,https://www.audubon.org/native-plants
PLT0046,,Thrashers,Birds,broad_guild,,,Bird direct food,fruit,fruit,,Food,C - documented broad bird group,Audubon ZIP 78666 / Hays context,0.27,Central Texas Bird Audubon interactions,National Audubon Society,https://www.audubon.org/native-plants
PLT0046,,Thrashers,Birds,broad_guild,,,Bird direct food,seed/grain,seed/grain,,Food,C - documented broad bird group,Audubon ZIP 78666 / Hays context,0.27,Central Texas Bird Audubon interactions,National Audubon Society,https://www.audubon.org/native-plants
PLT0046,,Cardinals,Birds,broad_guild,,,Bird direct food,fruit,fruit,,Food,C - documented broad bird group,Audubon ZIP 78666 / Hays context,0.27,Central Texas Bird Audubon interactions,National Audubon Society,https://www.audubon.org/native-plants
PLT0046,,Cardinals,Birds,broad_guild,,,Bird direct food,seed/grain,seed/grain,,Food,C - documented broad bird group,Audubon ZIP 78666 / Hays context,0.27,Central Texas Bird Audubon interactions,National Audubon Society,https://www.audubon.org/native-plants
PLT0046,,Cardinals,Birds,broad_guild,,,Bird direct food,nectar,flower nectar,,Food,C - documented broad bird group,Audubon ZIP 78666 / Hays context,0.27,Central Texas Bird Audubon interactions,National Audubon Society,https://www.audubon.org/native-plants
PLT0046,,Chickadees,Birds,broad_guild,,,Bird direct food,fruit,fruit,,Food,C - documented broad bird group,Audubon ZIP 78666 / Hays context,0.27,Central Texas Bird Audubon interactions,National Audubon Society,https://www.audubon.org/native-plants
PLT0085,,Chickadees,Birds,broad_guild,,,Bird direct food,fruit,fruit,,Food,C - documented broad bird group,Audubon ZIP 78666 / Hays context,0.27,Central Texas Bird Audubon interactions,National Audubon Society,https://www.audubon.org/native-plants
PLT0085,,Waxwings,Birds,broad_guild,,,Bird direct food,fruit,fruit,,Food,C - documented broad bird group,Audubon ZIP 78666 / Hays context,0.27,Central Texas Bird Audubon interactions,National Audubon Society,https://www.audubon.org/native-plants
PLT0085,,Waxwings,Birds,broad_guild,,,Bird direct food,seed/grain,seed/grain,,Food,C - documented broad bird group,Audubon ZIP 78666 / Hays context,0.27,Central Texas Bird Audubon interactions,National Audubon Society,https://www.audubon.org/native-plants
PLT0085,,Waxwings,Birds,broad_guild,,,Bird direct food,nectar,flower nectar,,Food,C - documented broad bird group,Audubon ZIP 78666 / Hays context,0.27,Central Texas Bird Audubon interactions,National Audubon Society,https://www.audubon.org/native-plants
PLT0085,,Warblers,Birds,broad_guild,,,Bird direct food,nectar,flower nectar,,Food,C - documented broad bird group,Audubon ZIP 78666 / Hays context,0.27,Central Texas Bird Audubon interactions,National Audubon Society,https://www.audubon.org/native-plants
PLT0085,,Woodpeckers,Birds,broad_guild,,,Bird direct food,fruit,fruit,,Food,C - documented broad bird group,Audubon ZIP 78666 / Hays context,0.27,Central Texas Bird Audubon interactions,National Audubon Society,https://www.audubon.org/native-plants
PLT0085,,Warblers,Birds,broad_guild,,,Bird direct food,seed/grain,seed/grain,,Food,C - documented broad bird group,Audubon ZIP 78666 / Hays context,0.27,Central Texas Bird Audubon interactions,National Audubon Society,https://www.audubon.org/native-plants
PLT0085,,Cardinals,Birds,broad_guild,,,Bird direct food,nectar,flower nectar,,Food,C - documented broad bird group,Audubon ZIP 78666 / Hays context,0.27,Central Texas Bird Audubon interactions,National Audubon Society,https://www.audubon.org/native-plants
PLT0085,,Sparrows,Birds,broad_guild,,,Bird direct food,nectar,flower nectar,,Food,C - documented broad bird group,Audubon ZIP 78666 / Hays context,0.27,Central Texas Bird Audubon interactions,National Audubon Society,https://www.audubon.org/native-plants
PLT0085,,Thrashers,Birds,broad_guild,,,Bird direct food,fruit,fruit,,Food,C - documented broad bird group,Audubon ZIP 78666 / Hays context,0.27,Central Texas Bird Audubon interactions,National Audubon Society,https://www.audubon.org/native-plants
PLT0085,,Thrashers,Birds,broad_guild,,,Bird direct food,seed/grain,seed/grain,,Food,C - documented broad bird group,Audubon ZIP 78666 / Hays context,0.27,Central Texas Bird Audubon interactions,National Audubon Society,https://www.audubon.org/native-plants
PLT0085,,Thrushes,Birds,broad_guild,,,Bird direct food,seed/grain,seed/grain,,Food,C - documented broad bird group,Audubon ZIP 78666 / Hays context,0.27,Central Texas Bird Audubon interactions,National Audubon Society,https://www.audubon.org/native-plants
PLT0085,,Wood Warblers,Birds,broad_guild,,,Bird direct food,fruit,fruit,,Food,C - documented broad bird group,Audubon ZIP 78666 / Hays context,0.27,Central Texas Bird Audubon interactions,National Audubon Society,https://www.audubon.org/native-plants
PLT0085,,Grosbeaks,Birds,broad_guild,,,Bird direct food,seed/grain,seed/grain,,Food,C - documented broad bird group,Audubon ZIP 78666 / Hays context,0.27,Central Texas Bird Audubon interactions,National Audubon Society,https://www.audubon.org/native-plants
PLT0085,,Grosbeaks,Birds,broad_guild,,,Bird direct food,nectar,flower nectar,,Food,C - documented broad bird group,Audubon ZIP 78666 / Hays context,0.27,Central Texas Bird Audubon interactions,National Audubon Society,https://www.audubon.org/native-plants
PLT0085,,Vireos,Birds,broad_guild,,,Bird direct food,seed/grain,seed/grain,,Food,C - documented broad bird group,Audubon ZIP 78666 / Hays context,0.27,Central Texas Bird Audubon interactions,National Audubon Society,https://www.audubon.org/native-plants
PLT0085,,Vireos,Birds,broad_guild,,,Bird direct food,nectar,flower nectar,,Food,C - documented broad bird group,Audubon ZIP 78666 / Hays context,0.27,Central Texas Bird Audubon interactions,National Audubon Society,https://www.audubon.org/native-plants
PLT0085,,Grosbeaks,Birds,broad_guild,,,Bird direct food,fruit,fruit,,Food,C - documented broad bird group,Audubon ZIP 78666 / Hays context,0.27,Central Texas Bird Audubon interactions,National Audubon Society,https://www.audubon.org/native-plants
PLT0085,,Woodpeckers,Birds,broad_guild,,,Bird direct food,nectar,flower nectar,,Food,C - documented broad bird group,Audubon ZIP 78666 / Hays context,0.27,Central Texas Bird Audubon interactions,National Audubon Society,https://www.audubon.org/native-plants
PLT0085,,Wrens,Birds,broad_guild,,,Bird direct food,fruit,fruit,,Food,C - documented broad bird group,Audubon ZIP 78666 / Hays context,0.27,Central Texas Bird Audubon interactions,National Audubon Society,https://www.audubon.org/native-plants
PLT0085,,Wrens,Birds,broad_guild,,,Bird direct food,seed/grain,seed/grain,,Food,C - documented broad bird group,Audubon ZIP 78666 / Hays context,0.27,Central Texas Bird Audubon interactions,National Audubon Society,https://www.audubon.org/native-plants
PLT0085,,Wrens,Birds,broad_guild,,,Bird direct food,nectar,flower nectar,,Food,C - documented broad bird group,Audubon ZIP 78666 / Hays context,0.27,Central Texas Bird Audubon interactions,National Audubon Society,https://www.audubon.org/native-plants
PLT0085,,Titmice,Birds,broad_guild,,,Bird direct food,fruit,fruit,,Food,C - documented broad bird group,Audubon ZIP 78666 / Hays context,0.27,Central Texas Bird Audubon interactions,National Audubon Society,https://www.audubon.org/native-plants
PLT0085,,Cardinals,Birds,broad_guild,,,Bird direct food,fruit,fruit,,Food,C - documented broad bird group,Audubon ZIP 78666 / Hays context,0.27,Central Texas Bird Audubon interactions,National Audubon Society,https://www.audubon.org/native-plants
PLT0085,,Titmice,Birds,broad_guild,,,Bird direct food,seed/grain,seed/grain,,Food,C - documented broad bird group,Audubon ZIP 78666 / Hays context,0.27,Central Texas Bird Audubon interactions,National Audubon Society,https://www.audubon.org/native-plants
PLT0085,,Orioles,Birds,broad_guild,,,Bird direct food,nectar,flower nectar,,Food,C - documented broad bird group,Audubon ZIP 78666 / Hays context,0.27,Central Texas Bird Audubon interactions,National Audubon Society,https://www.audubon.org/native-plants
PLT0085,,Sparrows,Birds,broad_guild,,,Bird direct food,fruit,fruit,,Food,C - documented broad bird group,Audubon ZIP 78666 / Hays context,0.27,Central Texas Bird Audubon interactions,National Audubon Society,https://www.audubon.org/native-plants
PLT0085,,Sparrows,Birds,broad_guild,,,Bird direct food,seed/grain,seed/grain,,Food,C - documented broad bird group,Audubon ZIP 78666 / Hays context,0.27,Central Texas Bird Audubon interactions,National Audubon Society,https://www.audubon.org/native-plants
PLT0085,,Titmice,Birds,broad_guild,,,Bird direct food,nectar,flower nectar,,Food,C - documented broad bird group,Audubon ZIP 78666 / Hays context,0.27,Central Texas Bird Audubon interactions,National Audubon Society,https://www.audubon.org/native-plants
PLT0085,,Vireos,Birds,broad_guild,,,Bird direct food,fruit,fruit,,Food,C - documented broad bird group,Audubon ZIP 78666 / Hays context,0.27,Central Texas Bird Audubon interactions,National Audubon Society,https://www.audubon.org/native-plants
PLT0085,,Wood Warblers,Birds,broad_guild,,,Bird direct food,seed/grain,seed/grain,,Food,C - documented broad bird group,Audubon ZIP 78666 / Hays context,0.27,Central Texas Bird Audubon interactions,National Audubon Society,https://www.audubon.org/native-plants
PLT0085,,Wood Warblers,Birds,broad_guild,,,Bird direct food,nectar,flower nectar,,Food,C - documented broad bird group,Audubon ZIP 78666 / Hays context,0.27,Central Texas Bird Audubon interactions,National Audubon Society,https://www.audubon.org/native-plants
PLT0085,,Warblers,Birds,broad_guild,,,Bird direct food,fruit,fruit,,Food,C - documented broad bird group,Audubon ZIP 78666 / Hays context,0.27,Central Texas Bird Audubon interactions,National Audubon Society,https://www.audubon.org/native-plants
PLT0085,,Thrashers,Birds,broad_guild,,,Bird direct food,nectar,flower nectar,,Food,C - documented broad bird group,Audubon ZIP 78666 / Hays context,0.27,Central Texas Bird Audubon interactions,National Audubon Society,https://www.audubon.org/native-plants
PLT0085,,Thrushes,Birds,broad_guild,,,Bird direct food,fruit,fruit,,Food,C - documented broad bird group,Audubon ZIP 78666 / Hays context,0.27,Central Texas Bird Audubon interactions,National Audubon Society,https://www.audubon.org/native-plants
PLT0085,,Jays,Birds,broad_guild,,,Bird direct food,nectar,flower nectar,,Food,C - documented broad bird group,Audubon ZIP 78666 / Hays context,0.27,Central Texas Bird Audubon interactions,National Audubon Society,https://www.audubon.org/native-plants
PLT0085,,Mockingbirds,Birds,broad_guild,,,Bird direct food,fruit,fruit,,Food,C - documented broad bird group,Audubon ZIP 78666 / Hays context,0.27,Central Texas Bird Audubon interactions,National Audubon Society,https://www.audubon.org/native-plants
PLT0085,,Finches,Birds,broad_guild,,,Bird direct food,seed/grain,seed/grain,,Food,C - documented broad bird group,Audubon ZIP 78666 / Hays context,0.27,Central Texas Bird Audubon interactions,National Audubon Society,https://www.audubon.org/native-plants
PLT0085,,Jays,Birds,broad_guild,,,Bird direct food,seed/grain,seed/grain,,Food,C - documented broad bird group,Audubon ZIP 78666 / Hays context,0.27,Central Texas Bird Audubon interactions,National Audubon Society,https://www.audubon.org/native-plants
PLT0085,,Mockingbirds,Birds,broad_guild,,,Bird direct food,seed/grain,seed/grain,,Food,C - documented broad bird group,Audubon ZIP 78666 / Hays context,0.27,Central Texas Bird Audubon interactions,National Audubon Society,https://www.audubon.org/native-plants
PLT0085,,Mockingbirds,Birds,broad_guild,,,Bird direct food,nectar,flower nectar,,Food,C - documented broad bird group,Audubon ZIP 78666 / Hays context,0.27,Central Texas Bird Audubon interactions,National Audubon Society,https://www.audubon.org/native-plants
PLT0085,,Nuthatches,Birds,broad_guild,,,Bird direct food,fruit,fruit,,Food,C - documented broad bird group,Audubon ZIP 78666 / Hays context,0.27,Central Texas Bird Audubon interactions,National Audubon Society,https://www.audubon.org/native-plants
PLT0085,,Nuthatches,Birds,broad_guild,,,Bird direct food,seed/grain,seed/grain,,Food,C - documented broad bird group,Audubon ZIP 78666 / Hays context,0.27,Central Texas Bird Audubon interactions,National Audubon Society,https://www.audubon.org/native-plants
PLT0085,,Nuthatches,Birds,broad_guild,,,Bird direct food,nectar,flower nectar,,Food,C - documented broad bird group,Audubon ZIP 78666 / Hays context,0.27,Central Texas Bird Audubon interactions,National Audubon Society,https://www.audubon.org/native-plants
PLT0085,,Crows,Birds,broad_guild,,,Bird direct food,seed/grain,seed/grain,,Food,C - documented broad bird group,Audubon ZIP 78666 / Hays context,0.27,Central Texas Bird Audubon interactions,National Audubon Society,https://www.audubon.org/native-plants
PLT0085,,Crows,Birds,broad_guild,,,Bird direct food,nectar,flower nectar,,Food,C - documented broad bird group,Audubon ZIP 78666 / Hays context,0.27,Central Texas Bird Audubon interactions,National Audubon Society,https://www.audubon.org/native-plants
PLT0085,,Finches,Birds,broad_guild,,,Bird direct food,fruit,fruit,,Food,C - documented broad bird group,Audubon ZIP 78666 / Hays context,0.27,Central Texas Bird Audubon interactions,National Audubon Society,https://www.audubon.org/native-plants
PLT0085,,Finches,Birds,broad_guild,,,Bird direct food,nectar,flower nectar,,Food,C - documented broad bird group,Audubon ZIP 78666 / Hays context,0.27,Central Texas Bird Audubon interactions,National Audubon Society,https://www.audubon.org/native-plants
PLT0085,,Hummingbirds,Birds,broad_guild,,,Bird direct food,seed/grain,seed/grain,,Food,C - documented broad bird group,Audubon ZIP 78666 / Hays context,0.27,Central Texas Bird Audubon interactions,National Audubon Society,https://www.audubon.org/native-plants
PLT0085,,Hummingbirds,Birds,broad_guild,,,Bird direct food,nectar,flower nectar,,Food,C - documented broad bird group,Audubon ZIP 78666 / Hays context,0.27,Central Texas Bird Audubon interactions,National Audubon Society,https://www.audubon.org/native-plants
PLT0085,,Jays,Birds,broad_guild,,,Bird direct food,fruit,fruit,,Food,C - documented broad bird group,Audubon ZIP 78666 / Hays context,0.27,Central Texas Bird Audubon interactions,National Audubon Society,https://www.audubon.org/native-plants
PLT0085,,Chickadees,Birds,broad_guild,,,Bird direct food,seed/grain,seed/grain,,Food,C - documented broad bird group,Audubon ZIP 78666 / Hays context,0.27,Central Texas Bird Audubon interactions,National Audubon Society,https://www.audubon.org/native-plants
PLT0085,,Chickadees,Birds,broad_guild,,,Bird direct food,nectar,flower nectar,,Food,C - documented broad bird group,Audubon ZIP 78666 / Hays context,0.27,Central Texas Bird Audubon interactions,National Audubon Society,https://www.audubon.org/native-plants
PLT0085,,Crows,Birds,broad_guild,,,Bird direct food,fruit,fruit,,Food,C - documented broad bird group,Audubon ZIP 78666 / Hays context,0.27,Central Texas Bird Audubon interactions,National Audubon Society,https://www.audubon.org/native-plants
PLT0085,,Hummingbirds,Birds,broad_guild,,,Bird direct food,fruit,fruit,,Food,C - documented broad bird group,Audubon ZIP 78666 / Hays context,0.27,Central Texas Bird Audubon interactions,National Audubon Society,https://www.audubon.org/native-plants
PLT0085,,Cardinals,Birds,broad_guild,,,Bird direct food,seed/grain,seed/grain,,Food,C - documented broad bird group,Audubon ZIP 78666 / Hays context,0.27,Central Texas Bird Audubon interactions,National Audubon Society,https://www.audubon.org/native-plants
PLT0085,,Thrushes,Birds,broad_guild,,,Bird direct food,nectar,flower nectar,,Food,C - documented broad bird group,Audubon ZIP 78666 / Hays context,0.27,Central Texas Bird Audubon interactions,National Audubon Society,https://www.audubon.org/native-plants
PLT0085,,Woodpeckers,Birds,broad_guild,,,Bird direct food,seed/grain,seed/grain,,Food,C - documented broad bird group,Audubon ZIP 78666 / Hays context,0.27,Central Texas Bird Audubon interactions,National Audubon Society,https://www.audubon.org/native-plants
PLT0085,,Orioles,Birds,broad_guild,,,Bird direct food,fruit,fruit,,Food,C - documented broad bird group,Audubon ZIP 78666 / Hays context,0.27,Central Texas Bird Audubon interactions,National Audubon Society,https://www.audubon.org/native-plants
PLT0085,,Orioles,Birds,broad_guild,,,Bird direct food,seed/grain,seed/grain,,Food,C - documented broad bird group,Audubon ZIP 78666 / Hays context,0.27,Central Texas Bird Audubon interactions,National Audubon Society,https://www.audubon.org/native-plants
PLT0095,,Hummingbirds,Birds,broad_guild,,,Bird direct food,seed/grain,seed/grain,,Food,C - documented broad bird group,Audubon ZIP 78666 / Hays context,0.27,Central Texas Bird Audubon interactions,National Audubon Society,https://www.audubon.org/native-plants
PLT0095,,Thrashers,Birds,broad_guild,,,Bird direct food,fruit,fruit,,Food,C - documented broad bird group,Audubon ZIP 78666 / Hays context,0.27,Central Texas Bird Audubon interactions,National Audubon Society,https://www.audubon.org/native-plants
PLT0095,,Thrashers,Birds,broad_guild,,,Bird direct food,seed/grain,seed/grain,,Food,C - documented broad bird group,Audubon ZIP 78666 / Hays context,0.27,Central Texas Bird Audubon interactions,National Audubon Society,https://www.audubon.org/native-plants
PLT0095,,Jays,Birds,broad_guild,,,Bird direct food,fruit,fruit,,Food,C - documented broad bird group,Audubon ZIP 78666 / Hays context,0.27,Central Texas Bird Audubon interactions,National Audubon Society,https://www.audubon.org/native-plants
PLT0095,,Jays,Birds,broad_guild,,,Bird direct food,seed/grain,seed/grain,,Food,C - documented broad bird group,Audubon ZIP 78666 / Hays context,0.27,Central Texas Bird Audubon interactions,National Audubon Society,https://www.audubon.org/native-plants
PLT0095,,Mockingbirds,Birds,broad_guild,,,Bird direct food,fruit,fruit,,Food,C - documented broad bird group,Audubon ZIP 78666 / Hays context,0.27,Central Texas Bird Audubon interactions,National Audubon Society,https://www.audubon.org/native-plants
PLT0095,,Crows,Birds,broad_guild,,,Bird direct food,nectar,flower nectar,,Food,C - documented broad bird group,Audubon ZIP 78666 / Hays context,0.27,Central Texas Bird Audubon interactions,National Audubon Society,https://www.audubon.org/native-plants
PLT0095,,Finches,Birds,broad_guild,,,Bird direct food,fruit,fruit,,Food,C - documented broad bird group,Audubon ZIP 78666 / Hays context,0.27,Central Texas Bird Audubon interactions,National Audubon Society,https://www.audubon.org/native-plants
PLT0095,,Crows,Birds,broad_guild,,,Bird direct food,fruit,fruit,,Food,C - documented broad bird group,Audubon ZIP 78666 / Hays context,0.27,Central Texas Bird Audubon interactions,National Audubon Society,https://www.audubon.org/native-plants
PLT0095,,Buntings,Birds,broad_guild,,,Bird direct food,seed/grain,seed/grain,,Food,C - documented broad bird group,Audubon ZIP 78666 / Hays context,0.27,Central Texas Bird Audubon interactions,National Audubon Society,https://www.audubon.org/native-plants
PLT0095,,Buntings,Birds,broad_guild,,,Bird direct food,nectar,flower nectar,,Food,C - documented broad bird group,Audubon ZIP 78666 / Hays context,0.27,Central Texas Bird Audubon interactions,National Audubon Society,https://www.audubon.org/native-plants
PLT0095,,Cardinals,Birds,broad_guild,,,Bird direct food,fruit,fruit,,Food,C - documented broad bird group,Audubon ZIP 78666 / Hays context,0.27,Central Texas Bird Audubon interactions,National Audubon Society,https://www.audubon.org/native-plants
PLT0095,,Nuthatches,Birds,broad_guild,,,Bird direct food,nectar,flower nectar,,Food,C - documented broad bird group,Audubon ZIP 78666 / Hays context,0.27,Central Texas Bird Audubon interactions,National Audubon Society,https://www.audubon.org/native-plants
PLT0095,,Warblers,Birds,broad_guild,,,Bird direct food,nectar,flower nectar,,Food,C - documented broad bird group,Audubon ZIP 78666 / Hays context,0.27,Central Texas Bird Audubon interactions,National Audubon Society,https://www.audubon.org/native-plants
PLT0095,,Waxwings,Birds,broad_guild,,,Bird direct food,seed/grain,seed/grain,,Food,C - documented broad bird group,Audubon ZIP 78666 / Hays context,0.27,Central Texas Bird Audubon interactions,National Audubon Society,https://www.audubon.org/native-plants
PLT0095,,Waxwings,Birds,broad_guild,,,Bird direct food,nectar,flower nectar,,Food,C - documented broad bird group,Audubon ZIP 78666 / Hays context,0.27,Central Texas Bird Audubon interactions,National Audubon Society,https://www.audubon.org/native-plants
PLT0095,,Wrens,Birds,broad_guild,,,Bird direct food,seed/grain,seed/grain,,Food,C - documented broad bird group,Audubon ZIP 78666 / Hays context,0.27,Central Texas Bird Audubon interactions,National Audubon Society,https://www.audubon.org/native-plants
PLT0095,,Grosbeaks,Birds,broad_guild,,,Bird direct food,fruit,fruit,,Food,C - documented broad bird group,Audubon ZIP 78666 / Hays context,0.27,Central Texas Bird Audubon interactions,National Audubon Society,https://www.audubon.org/native-plants
PLT0095,,Titmice,Birds,broad_guild,,,Bird direct food,nectar,flower nectar,,Food,C - documented broad bird group,Audubon ZIP 78666 / Hays context,0.27,Central Texas Bird Audubon interactions,National Audubon Society,https://www.audubon.org/native-plants
PLT0095,,Woodpeckers,Birds,broad_guild,,,Bird direct food,nectar,flower nectar,,Food,C - documented broad bird group,Audubon ZIP 78666 / Hays context,0.27,Central Texas Bird Audubon interactions,National Audubon Society,https://www.audubon.org/native-plants
PLT0095,,Wrens,Birds,broad_guild,,,Bird direct food,fruit,fruit,,Food,C - documented broad bird group,Audubon ZIP 78666 / Hays context,0.27,Central Texas Bird Audubon interactions,National Audubon Society,https://www.audubon.org/native-plants
PLT0095,,Hummingbirds,Birds,broad_guild,,,Bird direct food,nectar,flower nectar,,Food,C - documented broad bird group,Audubon ZIP 78666 / Hays context,0.27,Central Texas Bird Audubon interactions,National Audubon Society,https://www.audubon.org/native-plants
PLT0095,,Waxwings,Birds,broad_guild,,,Bird direct food,fruit,fruit,,Food,C - documented broad bird group,Audubon ZIP 78666 / Hays context,0.27,Central Texas Bird Audubon interactions,National Audubon Society,https://www.audubon.org/native-plants
PLT0095,,Finches,Birds,broad_guild,,,Bird direct food,seed/grain,seed/grain,,Food,C - documented broad bird group,Audubon ZIP 78666 / Hays context,0.27,Central Texas Bird Audubon interactions,National Audubon Society,https://www.audubon.org/native-plants
PLT0095,,Finches,Birds,broad_guild,,,Bird direct food,nectar,flower nectar,,Food,C - documented broad bird group,Audubon ZIP 78666 / Hays context,0.27,Central Texas Bird Audubon interactions,National Audubon Society,https://www.audubon.org/native-plants
PLT0095,,Nuthatches,Birds,broad_guild,,,Bird direct food,seed/grain,seed/grain,,Food,C - documented broad bird group,Audubon ZIP 78666 / Hays context,0.27,Central Texas Bird Audubon interactions,National Audubon Society,https://www.audubon.org/native-plants
PLT0095,,Grosbeaks,Birds,broad_guild,,,Bird direct food,seed/grain,seed/grain,,Food,C - documented broad bird group,Audubon ZIP 78666 / Hays context,0.27,Central Texas Bird Audubon interactions,National Audubon Society,https://www.audubon.org/native-plants
PLT0095,,Jays,Birds,broad_guild,,,Bird direct food,nectar,flower nectar,,Food,C - documented broad bird group,Audubon ZIP 78666 / Hays context,0.27,Central Texas Bird Audubon interactions,National Audubon Society,https://www.audubon.org/native-plants
PLT0095,,Wood Warblers,Birds,broad_guild,,,Bird direct food,nectar,flower nectar,,Food,C - documented broad bird group,Audubon ZIP 78666 / Hays context,0.27,Central Texas Bird Audubon interactions,National Audubon Society,https://www.audubon.org/native-plants
PLT0095,,Woodpeckers,Birds,broad_guild,,,Bird direct food,fruit,fruit,,Food,C - documented broad bird group,Audubon ZIP 78666 / Hays context,0.27,Central Texas Bird Audubon interactions,National Audubon Society,https://www.audubon.org/native-plants
PLT0095,,Woodpeckers,Birds,broad_guild,,,Bird direct food,seed/grain,seed/grain,,Food,C - documented broad bird group,Audubon ZIP 78666 / Hays context,0.27,Central Texas Bird Audubon interactions,National Audubon Society,https://www.audubon.org/native-plants
PLT0095,,Orioles,Birds,broad_guild,,,Bird direct food,seed/grain,seed/grain,,Food,C - documented broad bird group,Audubon ZIP 78666 / Hays context,0.27,Central Texas Bird Audubon interactions,National Audubon Society,https://www.audubon.org/native-plants
PLT0095,,Orioles,Birds,broad_guild,,,Bird direct food,fruit,fruit,,Food,C - documented broad bird group,Audubon ZIP 78666 / Hays context,0.27,Central Texas Bird Audubon interactions,National Audubon Society,https://www.audubon.org/native-plants
PLT0095,,Orioles,Birds,broad_guild,,,Bird direct food,nectar,flower nectar,,Food,C - documented broad bird group,Audubon ZIP 78666 / Hays context,0.27,Central Texas Bird Audubon interactions,National Audubon Society,https://www.audubon.org/native-plants
PLT0095,,Grosbeaks,Birds,broad_guild,,,Bird direct food,nectar,flower nectar,,Food,C - documented broad bird group,Audubon ZIP 78666 / Hays context,0.27,Central Texas Bird Audubon interactions,National Audubon Society,https://www.audubon.org/native-plants
PLT0095,,Hummingbirds,Birds,broad_guild,,,Bird direct food,fruit,fruit,,Food,C - documented broad bird group,Audubon ZIP 78666 / Hays context,0.27,Central Texas Bird Audubon interactions,National Audubon Society,https://www.audubon.org/native-plants
PLT0095,,Chickadees,Birds,broad_guild,,,Bird direct food,seed/grain,seed/grain,,Food,C - documented broad bird group,Audubon ZIP 78666 / Hays context,0.27,Central Texas Bird Audubon interactions,National Audubon Society,https://www.audubon.org/native-plants
PLT0095,,Sparrows,Birds,broad_guild,,,Bird direct food,fruit,fruit,,Food,C - documented broad bird group,Audubon ZIP 78666 / Hays context,0.27,Central Texas Bird Audubon interactions,National Audubon Society,https://www.audubon.org/native-plants
PLT0095,,Sparrows,Birds,broad_guild,,,Bird direct food,seed/grain,seed/grain,,Food,C - documented broad bird group,Audubon ZIP 78666 / Hays context,0.27,Central Texas Bird Audubon interactions,National Audubon Society,https://www.audubon.org/native-plants
PLT0095,,Sparrows,Birds,broad_guild,,,Bird direct food,nectar,flower nectar,,Food,C - documented broad bird group,Audubon ZIP 78666 / Hays context,0.27,Central Texas Bird Audubon interactions,National Audubon Society,https://www.audubon.org/native-plants
PLT0095,,Warblers,Birds,broad_guild,,,Bird direct food,seed/grain,seed/grain,,Food,C - documented broad bird group,Audubon ZIP 78666 / Hays context,0.27,Central Texas Bird Audubon interactions,National Audubon Society,https://www.audubon.org/native-plants
PLT0095,,Cardinals,Birds,broad_guild,,,Bird direct food,seed/grain,seed/grain,,Food,C - documented broad bird group,Audubon ZIP 78666 / Hays context,0.27,Central Texas Bird Audubon interactions,National Audubon Society,https://www.audubon.org/native-plants
PLT0095,,Cardinals,Birds,broad_guild,,,Bird direct food,nectar,flower nectar,,Food,C - documented broad bird group,Audubon ZIP 78666 / Hays context,0.27,Central Texas Bird Audubon interactions,National Audubon Society,https://www.audubon.org/native-plants
PLT0095,,Chickadees,Birds,broad_guild,,,Bird direct food,fruit,fruit,,Food,C - documented broad bird group,Audubon ZIP 78666 / Hays context,0.27,Central Texas Bird Audubon interactions,National Audubon Society,https://www.audubon.org/native-plants
PLT0095,,Crows,Birds,broad_guild,,,Bird direct food,seed/grain,seed/grain,,Food,C - documented broad bird group,Audubon ZIP 78666 / Hays context,0.27,Central Texas Bird Audubon interactions,National Audubon Society,https://www.audubon.org/native-plants
PLT0095,,Chickadees,Birds,broad_guild,,,Bird direct food,nectar,flower nectar,,Food,C - documented broad bird group,Audubon ZIP 78666 / Hays context,0.27,Central Texas Bird Audubon interactions,National Audubon Society,https://www.audubon.org/native-plants
PLT0095,,Buntings,Birds,broad_guild,,,Bird direct food,fruit,fruit,,Food,C - documented broad bird group,Audubon ZIP 78666 / Hays context,0.27,Central Texas Bird Audubon interactions,National Audubon Society,https://www.audubon.org/native-plants
PLT0095,,Thrushes,Birds,broad_guild,,,Bird direct food,nectar,flower nectar,,Food,C - documented broad bird group,Audubon ZIP 78666 / Hays context,0.27,Central Texas Bird Audubon interactions,National Audubon Society,https://www.audubon.org/native-plants
PLT0095,,Vireos,Birds,broad_guild,,,Bird direct food,fruit,fruit,,Food,C - documented broad bird group,Audubon ZIP 78666 / Hays context,0.27,Central Texas Bird Audubon interactions,National Audubon Society,https://www.audubon.org/native-plants
PLT0095,,Wrens,Birds,broad_guild,,,Bird direct food,nectar,flower nectar,,Food,C - documented broad bird group,Audubon ZIP 78666 / Hays context,0.27,Central Texas Bird Audubon interactions,National Audubon Society,https://www.audubon.org/native-plants
PLT0095,,Vireos,Birds,broad_guild,,,Bird direct food,nectar,flower nectar,,Food,C - documented broad bird group,Audubon ZIP 78666 / Hays context,0.27,Central Texas Bird Audubon interactions,National Audubon Society,https://www.audubon.org/native-plants
PLT0095,,Wood Warblers,Birds,broad_guild,,,Bird direct food,fruit,fruit,,Food,C - documented broad bird group,Audubon ZIP 78666 / Hays context,0.27,Central Texas Bird Audubon interactions,National Audubon Society,https://www.audubon.org/native-plants
PLT0095,,Warblers,Birds,broad_guild,,,Bird direct food,fruit,fruit,,Food,C - documented broad bird group,Audubon ZIP 78666 / Hays context,0.27,Central Texas Bird Audubon interactions,National Audubon Society,https://www.audubon.org/native-plants
PLT0095,,Titmice,Birds,broad_guild,,,Bird direct food,seed/grain,seed/grain,,Food,C - documented broad bird group,Audubon ZIP 78666 / Hays context,0.27,Central Texas Bird Audubon interactions,National Audubon Society,https://www.audubon.org/native-plants
PLT0095,,Thrashers,Birds,broad_guild,,,Bird direct food,nectar,flower nectar,,Food,C - documented broad bird group,Audubon ZIP 78666 / Hays context,0.27,Central Texas Bird Audubon interactions,National Audubon Society,https://www.audubon.org/native-plants
PLT0095,,Titmice,Birds,broad_guild,,,Bird direct food,fruit,fruit,,Food,C - documented broad bird group,Audubon ZIP 78666 / Hays context,0.27,Central Texas Bird Audubon interactions,National Audubon Society,https://www.audubon.org/native-plants
PLT0095,,Thrushes,Birds,broad_guild,,,Bird direct food,seed/grain,seed/grain,,Food,C - documented broad bird group,Audubon ZIP 78666 / Hays context,0.27,Central Texas Bird Audubon interactions,National Audubon Society,https://www.audubon.org/native-plants
PLT0095,,Mockingbirds,Birds,broad_guild,,,Bird direct food,seed/grain,seed/grain,,Food,C - documented broad bird group,Audubon ZIP 78666 / Hays context,0.27,Central Texas Bird Audubon interactions,National Audubon Society,https://www.audubon.org/native-plants
PLT0095,,Mockingbirds,Birds,broad_guild,,,Bird direct food,nectar,flower nectar,,Food,C - documented broad bird group,Audubon ZIP 78666 / Hays context,0.27,Central Texas Bird Audubon interactions,National Audubon Society,https://www.audubon.org/native-plants
PLT0095,,Nuthatches,Birds,broad_guild,,,Bird direct food,fruit,fruit,,Food,C - documented broad bird group,Audubon ZIP 78666 / Hays context,0.27,Central Texas Bird Audubon interactions,National Audubon Society,https://www.audubon.org/native-plants
PLT0095,,Vireos,Birds,broad_guild,,,Bird direct food,seed/grain,seed/grain,,Food,C - documented broad bird group,Audubon ZIP 78666 / Hays context,0.27,Central Texas Bird Audubon interactions,National Audubon Society,https://www.audubon.org/native-plants
PLT0095,,Wood Warblers,Birds,broad_guild,,,Bird direct food,seed/grain,seed/grain,,Food,C - documented broad bird group,Audubon ZIP 78666 / Hays context,0.27,Central Texas Bird Audubon interactions,National Audubon Society,https://www.audubon.org/native-plants
PLT0095,,Thrushes,Birds,broad_guild,,,Bird direct food,fruit,fruit,,Food,C - documented broad bird group,Audubon ZIP 78666 / Hays context,0.27,Central Texas Bird Audubon interactions,National Audubon Society,https://www.audubon.org/native-plants
PLT0099,,Wood Warblers,Birds,broad_guild,,,Bird direct food,seed/grain,seed/grain,,Food,C - documented broad bird group,Audubon ZIP 78666 / Hays context,0.27,Central Texas Bird Audubon interactions,National Audubon Society,https://www.audubon.org/native-plants
PLT0099,,Woodpeckers,Birds,broad_guild,,,Bird direct food,fruit,fruit,,Food,C - documented broad bird group,Audubon ZIP 78666 / Hays context,0.27,Central Texas Bird Audubon interactions,National Audubon Society,https://www.audubon.org/native-plants
PLT0099,,Thrushes,Birds,broad_guild,,,Bird direct food,seed/grain,seed/grain,,Food,C - documented broad bird group,Audubon ZIP 78666 / Hays context,0.27,Central Texas Bird Audubon interactions,National Audubon Society,https://www.audubon.org/native-plants
PLT0099,,Thrushes,Birds,broad_guild,,,Bird direct food,nectar,flower nectar,,Food,C - documented broad bird group,Audubon ZIP 78666 / Hays context,0.27,Central Texas Bird Audubon interactions,National Audubon Society,https://www.audubon.org/native-plants
PLT0099,,Titmice,Birds,broad_guild,,,Bird direct food,fruit,fruit,,Food,C - documented broad bird group,Audubon ZIP 78666 / Hays context,0.27,Central Texas Bird Audubon interactions,National Audubon Society,https://www.audubon.org/native-plants
PLT0099,,Crows,Birds,broad_guild,,,Bird direct food,nectar,flower nectar,,Food,C - documented broad bird group,Audubon ZIP 78666 / Hays context,0.27,Central Texas Bird Audubon interactions,National Audubon Society,https://www.audubon.org/native-plants
PLT0099,,Titmice,Birds,broad_guild,,,Bird direct food,nectar,flower nectar,,Food,C - documented broad bird group,Audubon ZIP 78666 / Hays context,0.27,Central Texas Bird Audubon interactions,National Audubon Society,https://www.audubon.org/native-plants
PLT0099,,Vireos,Birds,broad_guild,,,Bird direct food,fruit,fruit,,Food,C - documented broad bird group,Audubon ZIP 78666 / Hays context,0.27,Central Texas Bird Audubon interactions,National Audubon Society,https://www.audubon.org/native-plants
PLT0099,,Orioles,Birds,broad_guild,,,Bird direct food,fruit,fruit,,Food,C - documented broad bird group,Audubon ZIP 78666 / Hays context,0.27,Central Texas Bird Audubon interactions,National Audubon Society,https://www.audubon.org/native-plants
PLT0099,,Finches,Birds,broad_guild,,,Bird direct food,seed/grain,seed/grain,,Food,C - documented broad bird group,Audubon ZIP 78666 / Hays context,0.27,Central Texas Bird Audubon interactions,National Audubon Society,https://www.audubon.org/native-plants
PLT0099,,Finches,Birds,broad_guild,,,Bird direct food,nectar,flower nectar,,Food,C - documented broad bird group,Audubon ZIP 78666 / Hays context,0.27,Central Texas Bird Audubon interactions,National Audubon Society,https://www.audubon.org/native-plants
PLT0099,,Vireos,Birds,broad_guild,,,Bird direct food,seed/grain,seed/grain,,Food,C - documented broad bird group,Audubon ZIP 78666 / Hays context,0.27,Central Texas Bird Audubon interactions,National Audubon Society,https://www.audubon.org/native-plants
PLT0099,,Cardinals,Birds,broad_guild,,,Bird direct food,fruit,fruit,,Food,C - documented broad bird group,Audubon ZIP 78666 / Hays context,0.27,Central Texas Bird Audubon interactions,National Audubon Society,https://www.audubon.org/native-plants
PLT0099,,Chickadees,Birds,broad_guild,,,Bird direct food,fruit,fruit,,Food,C - documented broad bird group,Audubon ZIP 78666 / Hays context,0.27,Central Texas Bird Audubon interactions,National Audubon Society,https://www.audubon.org/native-plants
PLT0099,,Thrashers,Birds,broad_guild,,,Bird direct food,nectar,flower nectar,,Food,C - documented broad bird group,Audubon ZIP 78666 / Hays context,0.27,Central Texas Bird Audubon interactions,National Audubon Society,https://www.audubon.org/native-plants
PLT0099,,Vireos,Birds,broad_guild,,,Bird direct food,nectar,flower nectar,,Food,C - documented broad bird group,Audubon ZIP 78666 / Hays context,0.27,Central Texas Bird Audubon interactions,National Audubon Society,https://www.audubon.org/native-plants
PLT0099,,Warblers,Birds,broad_guild,,,Bird direct food,seed/grain,seed/grain,,Food,C - documented broad bird group,Audubon ZIP 78666 / Hays context,0.27,Central Texas Bird Audubon interactions,National Audubon Society,https://www.audubon.org/native-plants
PLT0099,,Warblers,Birds,broad_guild,,,Bird direct food,nectar,flower nectar,,Food,C - documented broad bird group,Audubon ZIP 78666 / Hays context,0.27,Central Texas Bird Audubon interactions,National Audubon Society,https://www.audubon.org/native-plants
PLT0099,,Waxwings,Birds,broad_guild,,,Bird direct food,fruit,fruit,,Food,C - documented broad bird group,Audubon ZIP 78666 / Hays context,0.27,Central Texas Bird Audubon interactions,National Audubon Society,https://www.audubon.org/native-plants
PLT0099,,Wood Warblers,Birds,broad_guild,,,Bird direct food,nectar,flower nectar,,Food,C - documented broad bird group,Audubon ZIP 78666 / Hays context,0.27,Central Texas Bird Audubon interactions,National Audubon Society,https://www.audubon.org/native-plants
PLT0099,,Warblers,Birds,broad_guild,,,Bird direct food,fruit,fruit,,Food,C - documented broad bird group,Audubon ZIP 78666 / Hays context,0.27,Central Texas Bird Audubon interactions,National Audubon Society,https://www.audubon.org/native-plants
PLT0099,,Cardinals,Birds,broad_guild,,,Bird direct food,nectar,flower nectar,,Food,C - documented broad bird group,Audubon ZIP 78666 / Hays context,0.27,Central Texas Bird Audubon interactions,National Audubon Society,https://www.audubon.org/native-plants
PLT0099,,Thrushes,Birds,broad_guild,,,Bird direct food,fruit,fruit,,Food,C - documented broad bird group,Audubon ZIP 78666 / Hays context,0.27,Central Texas Bird Audubon interactions,National Audubon Society,https://www.audubon.org/native-plants
PLT0099,,Orioles,Birds,broad_guild,,,Bird direct food,seed/grain,seed/grain,,Food,C - documented broad bird group,Audubon ZIP 78666 / Hays context,0.27,Central Texas Bird Audubon interactions,National Audubon Society,https://www.audubon.org/native-plants
PLT0099,,Orioles,Birds,broad_guild,,,Bird direct food,nectar,flower nectar,,Food,C - documented broad bird group,Audubon ZIP 78666 / Hays context,0.27,Central Texas Bird Audubon interactions,National Audubon Society,https://www.audubon.org/native-plants
PLT0099,,Sparrows,Birds,broad_guild,,,Bird direct food,fruit,fruit,,Food,C - documented broad bird group,Audubon ZIP 78666 / Hays context,0.27,Central Texas Bird Audubon interactions,National Audubon Society,https://www.audubon.org/native-plants
PLT0099,,Sparrows,Birds,broad_guild,,,Bird direct food,seed/grain,seed/grain,,Food,C - documented broad bird group,Audubon ZIP 78666 / Hays context,0.27,Central Texas Bird Audubon interactions,National Audubon Society,https://www.audubon.org/native-plants
PLT0099,,Cardinals,Birds,broad_guild,,,Bird direct food,seed/grain,seed/grain,,Food,C - documented broad bird group,Audubon ZIP 78666 / Hays context,0.27,Central Texas Bird Audubon interactions,National Audubon Society,https://www.audubon.org/native-plants
PLT0099,,Jays,Birds,broad_guild,,,Bird direct food,seed/grain,seed/grain,,Food,C - documented broad bird group,Audubon ZIP 78666 / Hays context,0.27,Central Texas Bird Audubon interactions,National Audubon Society,https://www.audubon.org/native-plants
PLT0099,,Jays,Birds,broad_guild,,,Bird direct food,nectar,flower nectar,,Food,C - documented broad bird group,Audubon ZIP 78666 / Hays context,0.27,Central Texas Bird Audubon interactions,National Audubon Society,https://www.audubon.org/native-plants
PLT0099,,Mockingbirds,Birds,broad_guild,,,Bird direct food,fruit,fruit,,Food,C - documented broad bird group,Audubon ZIP 78666 / Hays context,0.27,Central Texas Bird Audubon interactions,National Audubon Society,https://www.audubon.org/native-plants
PLT0099,,Jays,Birds,broad_guild,,,Bird direct food,fruit,fruit,,Food,C - documented broad bird group,Audubon ZIP 78666 / Hays context,0.27,Central Texas Bird Audubon interactions,National Audubon Society,https://www.audubon.org/native-plants
PLT0099,,Woodpeckers,Birds,broad_guild,,,Bird direct food,seed/grain,seed/grain,,Food,C - documented broad bird group,Audubon ZIP 78666 / Hays context,0.27,Central Texas Bird Audubon interactions,National Audubon Society,https://www.audubon.org/native-plants
PLT0099,,Woodpeckers,Birds,broad_guild,,,Bird direct food,nectar,flower nectar,,Food,C - documented broad bird group,Audubon ZIP 78666 / Hays context,0.27,Central Texas Bird Audubon interactions,National Audubon Society,https://www.audubon.org/native-plants
PLT0099,,Waxwings,Birds,broad_guild,,,Bird direct food,seed/grain,seed/grain,,Food,C - documented broad bird group,Audubon ZIP 78666 / Hays context,0.27,Central Texas Bird Audubon interactions,National Audubon Society,https://www.audubon.org/native-plants
PLT0099,,Waxwings,Birds,broad_guild,,,Bird direct food,nectar,flower nectar,,Food,C - documented broad bird group,Audubon ZIP 78666 / Hays context,0.27,Central Texas Bird Audubon interactions,National Audubon Society,https://www.audubon.org/native-plants
PLT0099,,Wood Warblers,Birds,broad_guild,,,Bird direct food,fruit,fruit,,Food,C - documented broad bird group,Audubon ZIP 78666 / Hays context,0.27,Central Texas Bird Audubon interactions,National Audubon Society,https://www.audubon.org/native-plants
PLT0099,,Mockingbirds,Birds,broad_guild,,,Bird direct food,nectar,flower nectar,,Food,C - documented broad bird group,Audubon ZIP 78666 / Hays context,0.27,Central Texas Bird Audubon interactions,National Audubon Society,https://www.audubon.org/native-plants
PLT0099,,Wrens,Birds,broad_guild,,,Bird direct food,fruit,fruit,,Food,C - documented broad bird group,Audubon ZIP 78666 / Hays context,0.27,Central Texas Bird Audubon interactions,National Audubon Society,https://www.audubon.org/native-plants
PLT0099,,Wrens,Birds,broad_guild,,,Bird direct food,seed/grain,seed/grain,,Food,C - documented broad bird group,Audubon ZIP 78666 / Hays context,0.27,Central Texas Bird Audubon interactions,National Audubon Society,https://www.audubon.org/native-plants
PLT0099,,Wrens,Birds,broad_guild,,,Bird direct food,nectar,flower nectar,,Food,C - documented broad bird group,Audubon ZIP 78666 / Hays context,0.27,Central Texas Bird Audubon interactions,National Audubon Society,https://www.audubon.org/native-plants
PLT0099,,Nuthatches,Birds,broad_guild,,,Bird direct food,fruit,fruit,,Food,C - documented broad bird group,Audubon ZIP 78666 / Hays context,0.27,Central Texas Bird Audubon interactions,National Audubon Society,https://www.audubon.org/native-plants
PLT0099,,Nuthatches,Birds,broad_guild,,,Bird direct food,seed/grain,seed/grain,,Food,C - documented broad bird group,Audubon ZIP 78666 / Hays context,0.27,Central Texas Bird Audubon interactions,National Audubon Society,https://www.audubon.org/native-plants
PLT0099,,Nuthatches,Birds,broad_guild,,,Bird direct food,nectar,flower nectar,,Food,C - documented broad bird group,Audubon ZIP 78666 / Hays context,0.27,Central Texas Bird Audubon interactions,National Audubon Society,https://www.audubon.org/native-plants
PLT0099,,Grosbeaks,Birds,broad_guild,,,Bird direct food,fruit,fruit,,Food,C - documented broad bird group,Audubon ZIP 78666 / Hays context,0.27,Central Texas Bird Audubon interactions,National Audubon Society,https://www.audubon.org/native-plants
PLT0099,,Hummingbirds,Birds,broad_guild,,,Bird direct food,seed/grain,seed/grain,,Food,C - documented broad bird group,Audubon ZIP 78666 / Hays context,0.27,Central Texas Bird Audubon interactions,National Audubon Society,https://www.audubon.org/native-plants
PLT0099,,Hummingbirds,Birds,broad_guild,,,Bird direct food,nectar,flower nectar,,Food,C - documented broad bird group,Audubon ZIP 78666 / Hays context,0.27,Central Texas Bird Audubon interactions,National Audubon Society,https://www.audubon.org/native-plants
PLT0099,,Grosbeaks,Birds,broad_guild,,,Bird direct food,nectar,flower nectar,,Food,C - documented broad bird group,Audubon ZIP 78666 / Hays context,0.27,Central Texas Bird Audubon interactions,National Audubon Society,https://www.audubon.org/native-plants
PLT0099,,Hummingbirds,Birds,broad_guild,,,Bird direct food,fruit,fruit,,Food,C - documented broad bird group,Audubon ZIP 78666 / Hays context,0.27,Central Texas Bird Audubon interactions,National Audubon Society,https://www.audubon.org/native-plants
PLT0099,,Grosbeaks,Birds,broad_guild,,,Bird direct food,seed/grain,seed/grain,,Food,C - documented broad bird group,Audubon ZIP 78666 / Hays context,0.27,Central Texas Bird Audubon interactions,National Audubon Society,https://www.audubon.org/native-plants
PLT0099,,Thrashers,Birds,broad_guild,,,Bird direct food,fruit,fruit,,Food,C - documented broad bird group,Audubon ZIP 78666 / Hays context,0.27,Central Texas Bird Audubon interactions,National Audubon Society,https://www.audubon.org/native-plants
PLT0099,,Thrashers,Birds,broad_guild,,,Bird direct food,seed/grain,seed/grain,,Food,C - documented broad bird group,Audubon ZIP 78666 / Hays context,0.27,Central Texas Bird Audubon interactions,National Audubon Society,https://www.audubon.org/native-plants
PLT0099,,Crows,Birds,broad_guild,,,Bird direct food,seed/grain,seed/grain,,Food,C - documented broad bird group,Audubon ZIP 78666 / Hays context,0.27,Central Texas Bird Audubon interactions,National Audubon Society,https://www.audubon.org/native-plants
PLT0099,,Finches,Birds,broad_guild,,,Bird direct food,fruit,fruit,,Food,C - documented broad bird group,Audubon ZIP 78666 / Hays context,0.27,Central Texas Bird Audubon interactions,National Audubon Society,https://www.audubon.org/native-plants
PLT0099,,Sparrows,Birds,broad_guild,,,Bird direct food,nectar,flower nectar,,Food,C - documented broad bird group,Audubon ZIP 78666 / Hays context,0.27,Central Texas Bird Audubon interactions,National Audubon Society,https://www.audubon.org/native-plants
PLT0099,,Chickadees,Birds,broad_guild,,,Bird direct food,seed/grain,seed/grain,,Food,C - documented broad bird group,Audubon ZIP 78666 / Hays context,0.27,Central Texas Bird Audubon interactions,National Audubon Society,https://www.audubon.org/native-plants
PLT0099,,Crows,Birds,broad_guild,,,Bird direct food,fruit,fruit,,Food,C - documented broad bird group,Audubon ZIP 78666 / Hays context,0.27,Central Texas Bird Audubon interactions,National Audubon Society,https://www.audubon.org/native-plants
PLT0099,,Mockingbirds,Birds,broad_guild,,,Bird direct food,seed/grain,seed/grain,,Food,C - documented broad bird group,Audubon ZIP 78666 / Hays context,0.27,Central Texas Bird Audubon interactions,National Audubon Society,https://www.audubon.org/native-plants
PLT0099,,Titmice,Birds,broad_guild,,,Bird direct food,seed/grain,seed/grain,,Food,C - documented broad bird group,Audubon ZIP 78666 / Hays context,0.27,Central Texas Bird Audubon interactions,National Audubon Society,https://www.audubon.org/native-plants
PLT0099,,Chickadees,Birds,broad_guild,,,Bird direct food,nectar,flower nectar,,Food,C - documented broad bird group,Audubon ZIP 78666 / Hays context,0.27,Central Texas Bird Audubon interactions,National Audubon Society,https://www.audubon.org/native-plants
PLT0103,,Waxwings,Birds,broad_guild,,,Bird direct food,fruit,fruit,,Food,C - documented broad bird group,Audubon ZIP 78666 / Hays context,0.27,Central Texas Bird Audubon interactions,National Audubon Society,https://www.audubon.org/native-plants
PLT0103,,Warblers,Birds,broad_guild,,,Bird direct food,seed/grain,seed/grain,,Food,C - documented broad bird group,Audubon ZIP 78666 / Hays context,0.27,Central Texas Bird Audubon interactions,National Audubon Society,https://www.audubon.org/native-plants
PLT0103,,Waxwings,Birds,broad_guild,,,Bird direct food,seed/grain,seed/grain,,Food,C - documented broad bird group,Audubon ZIP 78666 / Hays context,0.27,Central Texas Bird Audubon interactions,National Audubon Society,https://www.audubon.org/native-plants
PLT0103,,Wood Warblers,Birds,broad_guild,,,Bird direct food,nectar,flower nectar,,Food,C - documented broad bird group,Audubon ZIP 78666 / Hays context,0.27,Central Texas Bird Audubon interactions,National Audubon Society,https://www.audubon.org/native-plants
PLT0103,,Warblers,Birds,broad_guild,,,Bird direct food,nectar,flower nectar,,Food,C - documented broad bird group,Audubon ZIP 78666 / Hays context,0.27,Central Texas Bird Audubon interactions,National Audubon Society,https://www.audubon.org/native-plants
PLT0103,,Waxwings,Birds,broad_guild,,,Bird direct food,nectar,flower nectar,,Food,C - documented broad bird group,Audubon ZIP 78666 / Hays context,0.27,Central Texas Bird Audubon interactions,National Audubon Society,https://www.audubon.org/native-plants
PLT0103,,Wood Warblers,Birds,broad_guild,,,Bird direct food,fruit,fruit,,Food,C - documented broad bird group,Audubon ZIP 78666 / Hays context,0.27,Central Texas Bird Audubon interactions,National Audubon Society,https://www.audubon.org/native-plants
PLT0103,,Wood Warblers,Birds,broad_guild,,,Bird direct food,seed/grain,seed/grain,,Food,C - documented broad bird group,Audubon ZIP 78666 / Hays context,0.27,Central Texas Bird Audubon interactions,National Audubon Society,https://www.audubon.org/native-plants
PLT0103,,Jays,Birds,broad_guild,,,Bird direct food,seed/grain,seed/grain,,Food,C - documented broad bird group,Audubon ZIP 78666 / Hays context,0.27,Central Texas Bird Audubon interactions,National Audubon Society,https://www.audubon.org/native-plants
PLT0103,,Nuthatches,Birds,broad_guild,,,Bird direct food,seed/grain,seed/grain,,Food,C - documented broad bird group,Audubon ZIP 78666 / Hays context,0.27,Central Texas Bird Audubon interactions,National Audubon Society,https://www.audubon.org/native-plants
PLT0103,,Buntings,Birds,broad_guild,,,Bird direct food,seed/grain,seed/grain,,Food,C - documented broad bird group,Audubon ZIP 78666 / Hays context,0.27,Central Texas Bird Audubon interactions,National Audubon Society,https://www.audubon.org/native-plants
PLT0103,,Orioles,Birds,broad_guild,,,Bird direct food,nectar,flower nectar,,Food,C - documented broad bird group,Audubon ZIP 78666 / Hays context,0.27,Central Texas Bird Audubon interactions,National Audubon Society,https://www.audubon.org/native-plants
PLT0103,,Crows,Birds,broad_guild,,,Bird direct food,nectar,flower nectar,,Food,C - documented broad bird group,Audubon ZIP 78666 / Hays context,0.27,Central Texas Bird Audubon interactions,National Audubon Society,https://www.audubon.org/native-plants
PLT0103,,Woodpeckers,Birds,broad_guild,,,Bird direct food,fruit,fruit,,Food,C - documented broad bird group,Audubon ZIP 78666 / Hays context,0.27,Central Texas Bird Audubon interactions,National Audubon Society,https://www.audubon.org/native-plants
PLT0103,,Woodpeckers,Birds,broad_guild,,,Bird direct food,seed/grain,seed/grain,,Food,C - documented broad bird group,Audubon ZIP 78666 / Hays context,0.27,Central Texas Bird Audubon interactions,National Audubon Society,https://www.audubon.org/native-plants
PLT0103,,Woodpeckers,Birds,broad_guild,,,Bird direct food,nectar,flower nectar,,Food,C - documented broad bird group,Audubon ZIP 78666 / Hays context,0.27,Central Texas Bird Audubon interactions,National Audubon Society,https://www.audubon.org/native-plants
PLT0103,,Wrens,Birds,broad_guild,,,Bird direct food,fruit,fruit,,Food,C - documented broad bird group,Audubon ZIP 78666 / Hays context,0.27,Central Texas Bird Audubon interactions,National Audubon Society,https://www.audubon.org/native-plants
PLT0103,,Wrens,Birds,broad_guild,,,Bird direct food,seed/grain,seed/grain,,Food,C - documented broad bird group,Audubon ZIP 78666 / Hays context,0.27,Central Texas Bird Audubon interactions,National Audubon Society,https://www.audubon.org/native-plants
PLT0103,,Wrens,Birds,broad_guild,,,Bird direct food,nectar,flower nectar,,Food,C - documented broad bird group,Audubon ZIP 78666 / Hays context,0.27,Central Texas Bird Audubon interactions,National Audubon Society,https://www.audubon.org/native-plants
PLT0103,,Crows,Birds,broad_guild,,,Bird direct food,seed/grain,seed/grain,,Food,C - documented broad bird group,Audubon ZIP 78666 / Hays context,0.27,Central Texas Bird Audubon interactions,National Audubon Society,https://www.audubon.org/native-plants
PLT0103,,Hummingbirds,Birds,broad_guild,,,Bird direct food,fruit,fruit,,Food,C - documented broad bird group,Audubon ZIP 78666 / Hays context,0.27,Central Texas Bird Audubon interactions,National Audubon Society,https://www.audubon.org/native-plants
PLT0103,,Hummingbirds,Birds,broad_guild,,,Bird direct food,seed/grain,seed/grain,,Food,C - documented broad bird group,Audubon ZIP 78666 / Hays context,0.27,Central Texas Bird Audubon interactions,National Audubon Society,https://www.audubon.org/native-plants
PLT0103,,Hummingbirds,Birds,broad_guild,,,Bird direct food,nectar,flower nectar,,Food,C - documented broad bird group,Audubon ZIP 78666 / Hays context,0.27,Central Texas Bird Audubon interactions,National Audubon Society,https://www.audubon.org/native-plants
PLT0103,,Grosbeaks,Birds,broad_guild,,,Bird direct food,nectar,flower nectar,,Food,C - documented broad bird group,Audubon ZIP 78666 / Hays context,0.27,Central Texas Bird Audubon interactions,National Audubon Society,https://www.audubon.org/native-plants
PLT0103,,Buntings,Birds,broad_guild,,,Bird direct food,fruit,fruit,,Food,C - documented broad bird group,Audubon ZIP 78666 / Hays context,0.27,Central Texas Bird Audubon interactions,National Audubon Society,https://www.audubon.org/native-plants
PLT0103,,Finches,Birds,broad_guild,,,Bird direct food,nectar,flower nectar,,Food,C - documented broad bird group,Audubon ZIP 78666 / Hays context,0.27,Central Texas Bird Audubon interactions,National Audubon Society,https://www.audubon.org/native-plants
PLT0103,,Warblers,Birds,broad_guild,,,Bird direct food,fruit,fruit,,Food,C - documented broad bird group,Audubon ZIP 78666 / Hays context,0.27,Central Texas Bird Audubon interactions,National Audubon Society,https://www.audubon.org/native-plants
PLT0103,,Jays,Birds,broad_guild,,,Bird direct food,fruit,fruit,,Food,C - documented broad bird group,Audubon ZIP 78666 / Hays context,0.27,Central Texas Bird Audubon interactions,National Audubon Society,https://www.audubon.org/native-plants
PLT0103,,Jays,Birds,broad_guild,,,Bird direct food,nectar,flower nectar,,Food,C - documented broad bird group,Audubon ZIP 78666 / Hays context,0.27,Central Texas Bird Audubon interactions,National Audubon Society,https://www.audubon.org/native-plants
PLT0103,,Mockingbirds,Birds,broad_guild,,,Bird direct food,fruit,fruit,,Food,C - documented broad bird group,Audubon ZIP 78666 / Hays context,0.27,Central Texas Bird Audubon interactions,National Audubon Society,https://www.audubon.org/native-plants
PLT0103,,Mockingbirds,Birds,broad_guild,,,Bird direct food,seed/grain,seed/grain,,Food,C - documented broad bird group,Audubon ZIP 78666 / Hays context,0.27,Central Texas Bird Audubon interactions,National Audubon Society,https://www.audubon.org/native-plants
PLT0103,,Mockingbirds,Birds,broad_guild,,,Bird direct food,nectar,flower nectar,,Food,C - documented broad bird group,Audubon ZIP 78666 / Hays context,0.27,Central Texas Bird Audubon interactions,National Audubon Society,https://www.audubon.org/native-plants
PLT0103,,Nuthatches,Birds,broad_guild,,,Bird direct food,fruit,fruit,,Food,C - documented broad bird group,Audubon ZIP 78666 / Hays context,0.27,Central Texas Bird Audubon interactions,National Audubon Society,https://www.audubon.org/native-plants
PLT0103,,Grosbeaks,Birds,broad_guild,,,Bird direct food,fruit,fruit,,Food,C - documented broad bird group,Audubon ZIP 78666 / Hays context,0.27,Central Texas Bird Audubon interactions,National Audubon Society,https://www.audubon.org/native-plants
PLT0103,,Vireos,Birds,broad_guild,,,Bird direct food,fruit,fruit,,Food,C - documented broad bird group,Audubon ZIP 78666 / Hays context,0.27,Central Texas Bird Audubon interactions,National Audubon Society,https://www.audubon.org/native-plants
PLT0103,,Vireos,Birds,broad_guild,,,Bird direct food,seed/grain,seed/grain,,Food,C - documented broad bird group,Audubon ZIP 78666 / Hays context,0.27,Central Texas Bird Audubon interactions,National Audubon Society,https://www.audubon.org/native-plants
PLT0103,,Vireos,Birds,broad_guild,,,Bird direct food,nectar,flower nectar,,Food,C - documented broad bird group,Audubon ZIP 78666 / Hays context,0.27,Central Texas Bird Audubon interactions,National Audubon Society,https://www.audubon.org/native-plants
PLT0103,,Thrashers,Birds,broad_guild,,,Bird direct food,seed/grain,seed/grain,,Food,C - documented broad bird group,Audubon ZIP 78666 / Hays context,0.27,Central Texas Bird Audubon interactions,National Audubon Society,https://www.audubon.org/native-plants
PLT0103,,Thrashers,Birds,broad_guild,,,Bird direct food,nectar,flower nectar,,Food,C - documented broad bird group,Audubon ZIP 78666 / Hays context,0.27,Central Texas Bird Audubon interactions,National Audubon Society,https://www.audubon.org/native-plants
PLT0103,,Finches,Birds,broad_guild,,,Bird direct food,fruit,fruit,,Food,C - documented broad bird group,Audubon ZIP 78666 / Hays context,0.27,Central Texas Bird Audubon interactions,National Audubon Society,https://www.audubon.org/native-plants
PLT0103,,Grosbeaks,Birds,broad_guild,,,Bird direct food,seed/grain,seed/grain,,Food,C - documented broad bird group,Audubon ZIP 78666 / Hays context,0.27,Central Texas Bird Audubon interactions,National Audubon Society,https://www.audubon.org/native-plants
PLT0103,,Thrushes,Birds,broad_guild,,,Bird direct food,nectar,flower nectar,,Food,C - documented broad bird group,Audubon ZIP 78666 / Hays context,0.27,Central Texas Bird Audubon interactions,National Audubon Society,https://www.audubon.org/native-plants
PLT0103,,Titmice,Birds,broad_guild,,,Bird direct food,fruit,fruit,,Food,C - documented broad bird group,Audubon ZIP 78666 / Hays context,0.27,Central Texas Bird Audubon interactions,National Audubon Society,https://www.audubon.org/native-plants
PLT0103,,Titmice,Birds,broad_guild,,,Bird direct food,seed/grain,seed/grain,,Food,C - documented broad bird group,Audubon ZIP 78666 / Hays context,0.27,Central Texas Bird Audubon interactions,National Audubon Society,https://www.audubon.org/native-plants
PLT0103,,Titmice,Birds,broad_guild,,,Bird direct food,nectar,flower nectar,,Food,C - documented broad bird group,Audubon ZIP 78666 / Hays context,0.27,Central Texas Bird Audubon interactions,National Audubon Society,https://www.audubon.org/native-plants
PLT0103,,Nuthatches,Birds,broad_guild,,,Bird direct food,nectar,flower nectar,,Food,C - documented broad bird group,Audubon ZIP 78666 / Hays context,0.27,Central Texas Bird Audubon interactions,National Audubon Society,https://www.audubon.org/native-plants
PLT0103,,Thrushes,Birds,broad_guild,,,Bird direct food,fruit,fruit,,Food,C - documented broad bird group,Audubon ZIP 78666 / Hays context,0.27,Central Texas Bird Audubon interactions,National Audubon Society,https://www.audubon.org/native-plants
PLT0103,,Orioles,Birds,broad_guild,,,Bird direct food,fruit,fruit,,Food,C - documented broad bird group,Audubon ZIP 78666 / Hays context,0.27,Central Texas Bird Audubon interactions,National Audubon Society,https://www.audubon.org/native-plants
PLT0103,,Cardinals,Birds,broad_guild,,,Bird direct food,nectar,flower nectar,,Food,C - documented broad bird group,Audubon ZIP 78666 / Hays context,0.27,Central Texas Bird Audubon interactions,National Audubon Society,https://www.audubon.org/native-plants
PLT0103,,Chickadees,Birds,broad_guild,,,Bird direct food,seed/grain,seed/grain,,Food,C - documented broad bird group,Audubon ZIP 78666 / Hays context,0.27,Central Texas Bird Audubon interactions,National Audubon Society,https://www.audubon.org/native-plants
PLT0103,,Chickadees,Birds,broad_guild,,,Bird direct food,nectar,flower nectar,,Food,C - documented broad bird group,Audubon ZIP 78666 / Hays context,0.27,Central Texas Bird Audubon interactions,National Audubon Society,https://www.audubon.org/native-plants
PLT0103,,Crows,Birds,broad_guild,,,Bird direct food,fruit,fruit,,Food,C - documented broad bird group,Audubon ZIP 78666 / Hays context,0.27,Central Texas Bird Audubon interactions,National Audubon Society,https://www.audubon.org/native-plants
PLT0103,,Buntings,Birds,broad_guild,,,Bird direct food,nectar,flower nectar,,Food,C - documented broad bird group,Audubon ZIP 78666 / Hays context,0.27,Central Texas Bird Audubon interactions,National Audubon Society,https://www.audubon.org/native-plants
PLT0103,,Cardinals,Birds,broad_guild,,,Bird direct food,fruit,fruit,,Food,C - documented broad bird group,Audubon ZIP 78666 / Hays context,0.27,Central Texas Bird Audubon interactions,National Audubon Society,https://www.audubon.org/native-plants
PLT0103,,Cardinals,Birds,broad_guild,,,Bird direct food,seed/grain,seed/grain,,Food,C - documented broad bird group,Audubon ZIP 78666 / Hays context,0.27,Central Texas Bird Audubon interactions,National Audubon Society,https://www.audubon.org/native-plants
PLT0103,,Chickadees,Birds,broad_guild,,,Bird direct food,fruit,fruit,,Food,C - documented broad bird group,Audubon ZIP 78666 / Hays context,0.27,Central Texas Bird Audubon interactions,National Audubon Society,https://www.audubon.org/native-plants
PLT0103,,Orioles,Birds,broad_guild,,,Bird direct food,seed/grain,seed/grain,,Food,C - documented broad bird group,Audubon ZIP 78666 / Hays context,0.27,Central Texas Bird Audubon interactions,National Audubon Society,https://www.audubon.org/native-plants
PLT0103,,Sparrows,Birds,broad_guild,,,Bird direct food,fruit,fruit,,Food,C - documented broad bird group,Audubon ZIP 78666 / Hays context,0.27,Central Texas Bird Audubon interactions,National Audubon Society,https://www.audubon.org/native-plants
PLT0103,,Sparrows,Birds,broad_guild,,,Bird direct food,seed/grain,seed/grain,,Food,C - documented broad bird group,Audubon ZIP 78666 / Hays context,0.27,Central Texas Bird Audubon interactions,National Audubon Society,https://www.audubon.org/native-plants
PLT0103,,Sparrows,Birds,broad_guild,,,Bird direct food,nectar,flower nectar,,Food,C - documented broad bird group,Audubon ZIP 78666 / Hays context,0.27,Central Texas Bird Audubon interactions,National Audubon Society,https://www.audubon.org/native-plants
PLT0103,,Finches,Birds,broad_guild,,,Bird direct food,seed/grain,seed/grain,,Food,C - documented broad bird group,Audubon ZIP 78666 / Hays context,0.27,Central Texas Bird Audubon interactions,National Audubon Society,https://www.audubon.org/native-plants
PLT0103,,Thrashers,Birds,broad_guild,,,Bird direct food,fruit,fruit,,Food,C - documented broad bird group,Audubon ZIP 78666 / Hays context,0.27,Central Texas Bird Audubon interactions,National Audubon Society,https://www.audubon.org/native-plants
PLT0103,,Thrushes,Birds,broad_guild,,,Bird direct food,seed/grain,seed/grain,,Food,C - documented broad bird group,Audubon ZIP 78666 / Hays context,0.27,Central Texas Bird Audubon interactions,National Audubon Society,https://www.audubon.org/native-plants
PLT0109,,Titmice,Birds,broad_guild,,,Bird direct food,nectar,flower nectar,,Food,C - documented broad bird group,Audubon ZIP 78666 / Hays context,0.27,Central Texas Bird Audubon interactions,National Audubon Society,https://www.audubon.org/native-plants
PLT0109,,Chickadees,Birds,broad_guild,,,Bird direct food,nectar,flower nectar,,Food,C - documented broad bird group,Audubon ZIP 78666 / Hays context,0.27,Central Texas Bird Audubon interactions,National Audubon Society,https://www.audubon.org/native-plants
PLT0109,,Crows,Birds,broad_guild,,,Bird direct food,fruit,fruit,,Food,C - documented broad bird group,Audubon ZIP 78666 / Hays context,0.27,Central Texas Bird Audubon interactions,National Audubon Society,https://www.audubon.org/native-plants
PLT0109,,Crows,Birds,broad_guild,,,Bird direct food,seed/grain,seed/grain,,Food,C - documented broad bird group,Audubon ZIP 78666 / Hays context,0.27,Central Texas Bird Audubon interactions,National Audubon Society,https://www.audubon.org/native-plants
PLT0109,,Buntings,Birds,broad_guild,,,Bird direct food,fruit,fruit,,Food,C - documented broad bird group,Audubon ZIP 78666 / Hays context,0.27,Central Texas Bird Audubon interactions,National Audubon Society,https://www.audubon.org/native-plants
PLT0109,,Buntings,Birds,broad_guild,,,Bird direct food,seed/grain,seed/grain,,Food,C - documented broad bird group,Audubon ZIP 78666 / Hays context,0.27,Central Texas Bird Audubon interactions,National Audubon Society,https://www.audubon.org/native-plants
PLT0109,,Buntings,Birds,broad_guild,,,Bird direct food,nectar,flower nectar,,Food,C - documented broad bird group,Audubon ZIP 78666 / Hays context,0.27,Central Texas Bird Audubon interactions,National Audubon Society,https://www.audubon.org/native-plants
PLT0109,,Cardinals,Birds,broad_guild,,,Bird direct food,nectar,flower nectar,,Food,C - documented broad bird group,Audubon ZIP 78666 / Hays context,0.27,Central Texas Bird Audubon interactions,National Audubon Society,https://www.audubon.org/native-plants
PLT0109,,Grosbeaks,Birds,broad_guild,,,Bird direct food,seed/grain,seed/grain,,Food,C - documented broad bird group,Audubon ZIP 78666 / Hays context,0.27,Central Texas Bird Audubon interactions,National Audubon Society,https://www.audubon.org/native-plants
PLT0109,,Finches,Birds,broad_guild,,,Bird direct food,fruit,fruit,,Food,C - documented broad bird group,Audubon ZIP 78666 / Hays context,0.27,Central Texas Bird Audubon interactions,National Audubon Society,https://www.audubon.org/native-plants
PLT0109,,Vireos,Birds,broad_guild,,,Bird direct food,seed/grain,seed/grain,,Food,C - documented broad bird group,Audubon ZIP 78666 / Hays context,0.27,Central Texas Bird Audubon interactions,National Audubon Society,https://www.audubon.org/native-plants
PLT0109,,Cardinals,Birds,broad_guild,,,Bird direct food,seed/grain,seed/grain,,Food,C - documented broad bird group,Audubon ZIP 78666 / Hays context,0.27,Central Texas Bird Audubon interactions,National Audubon Society,https://www.audubon.org/native-plants
PLT0109,,Crows,Birds,broad_guild,,,Bird direct food,nectar,flower nectar,,Food,C - documented broad bird group,Audubon ZIP 78666 / Hays context,0.27,Central Texas Bird Audubon interactions,National Audubon Society,https://www.audubon.org/native-plants
PLT0109,,Cardinals,Birds,broad_guild,,,Bird direct food,fruit,fruit,,Food,C - documented broad bird group,Audubon ZIP 78666 / Hays context,0.27,Central Texas Bird Audubon interactions,National Audubon Society,https://www.audubon.org/native-plants
PLT0109,,Thrushes,Birds,broad_guild,,,Bird direct food,nectar,flower nectar,,Food,C - documented broad bird group,Audubon ZIP 78666 / Hays context,0.27,Central Texas Bird Audubon interactions,National Audubon Society,https://www.audubon.org/native-plants
PLT0109,,Titmice,Birds,broad_guild,,,Bird direct food,fruit,fruit,,Food,C - documented broad bird group,Audubon ZIP 78666 / Hays context,0.27,Central Texas Bird Audubon interactions,National Audubon Society,https://www.audubon.org/native-plants
PLT0109,,Titmice,Birds,broad_guild,,,Bird direct food,seed/grain,seed/grain,,Food,C - documented broad bird group,Audubon ZIP 78666 / Hays context,0.27,Central Texas Bird Audubon interactions,National Audubon Society,https://www.audubon.org/native-plants
PLT0109,,Vireos,Birds,broad_guild,,,Bird direct food,fruit,fruit,,Food,C - documented broad bird group,Audubon ZIP 78666 / Hays context,0.27,Central Texas Bird Audubon interactions,National Audubon Society,https://www.audubon.org/native-plants
PLT0109,,Chickadees,Birds,broad_guild,,,Bird direct food,fruit,fruit,,Food,C - documented broad bird group,Audubon ZIP 78666 / Hays context,0.27,Central Texas Bird Audubon interactions,National Audubon Society,https://www.audubon.org/native-plants
PLT0109,,Chickadees,Birds,broad_guild,,,Bird direct food,seed/grain,seed/grain,,Food,C - documented broad bird group,Audubon ZIP 78666 / Hays context,0.27,Central Texas Bird Audubon interactions,National Audubon Society,https://www.audubon.org/native-plants
PLT0109,,Mockingbirds,Birds,broad_guild,,,Bird direct food,nectar,flower nectar,,Food,C - documented broad bird group,Audubon ZIP 78666 / Hays context,0.27,Central Texas Bird Audubon interactions,National Audubon Society,https://www.audubon.org/native-plants
PLT0109,,Nuthatches,Birds,broad_guild,,,Bird direct food,fruit,fruit,,Food,C - documented broad bird group,Audubon ZIP 78666 / Hays context,0.27,Central Texas Bird Audubon interactions,National Audubon Society,https://www.audubon.org/native-plants
PLT0109,,Nuthatches,Birds,broad_guild,,,Bird direct food,seed/grain,seed/grain,,Food,C - documented broad bird group,Audubon ZIP 78666 / Hays context,0.27,Central Texas Bird Audubon interactions,National Audubon Society,https://www.audubon.org/native-plants
PLT0109,,Nuthatches,Birds,broad_guild,,,Bird direct food,nectar,flower nectar,,Food,C - documented broad bird group,Audubon ZIP 78666 / Hays context,0.27,Central Texas Bird Audubon interactions,National Audubon Society,https://www.audubon.org/native-plants
PLT0109,,Orioles,Birds,broad_guild,,,Bird direct food,fruit,fruit,,Food,C - documented broad bird group,Audubon ZIP 78666 / Hays context,0.27,Central Texas Bird Audubon interactions,National Audubon Society,https://www.audubon.org/native-plants
PLT0109,,Vireos,Birds,broad_guild,,,Bird direct food,nectar,flower nectar,,Food,C - documented broad bird group,Audubon ZIP 78666 / Hays context,0.27,Central Texas Bird Audubon interactions,National Audubon Society,https://www.audubon.org/native-plants
PLT0109,,Orioles,Birds,broad_guild,,,Bird direct food,nectar,flower nectar,,Food,C - documented broad bird group,Audubon ZIP 78666 / Hays context,0.27,Central Texas Bird Audubon interactions,National Audubon Society,https://www.audubon.org/native-plants
PLT0109,,Warblers,Birds,broad_guild,,,Bird direct food,fruit,fruit,,Food,C - documented broad bird group,Audubon ZIP 78666 / Hays context,0.27,Central Texas Bird Audubon interactions,National Audubon Society,https://www.audubon.org/native-plants
PLT0109,,Mockingbirds,Birds,broad_guild,,,Bird direct food,seed/grain,seed/grain,,Food,C - documented broad bird group,Audubon ZIP 78666 / Hays context,0.27,Central Texas Bird Audubon interactions,National Audubon Society,https://www.audubon.org/native-plants
PLT0109,,Finches,Birds,broad_guild,,,Bird direct food,seed/grain,seed/grain,,Food,C - documented broad bird group,Audubon ZIP 78666 / Hays context,0.27,Central Texas Bird Audubon interactions,National Audubon Society,https://www.audubon.org/native-plants
PLT0109,,Finches,Birds,broad_guild,,,Bird direct food,nectar,flower nectar,,Food,C - documented broad bird group,Audubon ZIP 78666 / Hays context,0.27,Central Texas Bird Audubon interactions,National Audubon Society,https://www.audubon.org/native-plants
PLT0109,,Grosbeaks,Birds,broad_guild,,,Bird direct food,fruit,fruit,,Food,C - documented broad bird group,Audubon ZIP 78666 / Hays context,0.27,Central Texas Bird Audubon interactions,National Audubon Society,https://www.audubon.org/native-plants
PLT0109,,Sparrows,Birds,broad_guild,,,Bird direct food,fruit,fruit,,Food,C - documented broad bird group,Audubon ZIP 78666 / Hays context,0.27,Central Texas Bird Audubon interactions,National Audubon Society,https://www.audubon.org/native-plants
PLT0109,,Woodpeckers,Birds,broad_guild,,,Bird direct food,seed/grain,seed/grain,,Food,C - documented broad bird group,Audubon ZIP 78666 / Hays context,0.27,Central Texas Bird Audubon interactions,National Audubon Society,https://www.audubon.org/native-plants
PLT0109,,Woodpeckers,Birds,broad_guild,,,Bird direct food,nectar,flower nectar,,Food,C - documented broad bird group,Audubon ZIP 78666 / Hays context,0.27,Central Texas Bird Audubon interactions,National Audubon Society,https://www.audubon.org/native-plants
PLT0109,,Hummingbirds,Birds,broad_guild,,,Bird direct food,nectar,flower nectar,,Food,C - documented broad bird group,Audubon ZIP 78666 / Hays context,0.27,Central Texas Bird Audubon interactions,National Audubon Society,https://www.audubon.org/native-plants
PLT0109,,Wrens,Birds,broad_guild,,,Bird direct food,seed/grain,seed/grain,,Food,C - documented broad bird group,Audubon ZIP 78666 / Hays context,0.27,Central Texas Bird Audubon interactions,National Audubon Society,https://www.audubon.org/native-plants
PLT0109,,Wrens,Birds,broad_guild,,,Bird direct food,nectar,flower nectar,,Food,C - documented broad bird group,Audubon ZIP 78666 / Hays context,0.27,Central Texas Bird Audubon interactions,National Audubon Society,https://www.audubon.org/native-plants
PLT0109,,Warblers,Birds,broad_guild,,,Bird direct food,seed/grain,seed/grain,,Food,C - documented broad bird group,Audubon ZIP 78666 / Hays context,0.27,Central Texas Bird Audubon interactions,National Audubon Society,https://www.audubon.org/native-plants
PLT0109,,Sparrows,Birds,broad_guild,,,Bird direct food,seed/grain,seed/grain,,Food,C - documented broad bird group,Audubon ZIP 78666 / Hays context,0.27,Central Texas Bird Audubon interactions,National Audubon Society,https://www.audubon.org/native-plants
PLT0109,,Sparrows,Birds,broad_guild,,,Bird direct food,nectar,flower nectar,,Food,C - documented broad bird group,Audubon ZIP 78666 / Hays context,0.27,Central Texas Bird Audubon interactions,National Audubon Society,https://www.audubon.org/native-plants
PLT0109,,Thrashers,Birds,broad_guild,,,Bird direct food,fruit,fruit,,Food,C - documented broad bird group,Audubon ZIP 78666 / Hays context,0.27,Central Texas Bird Audubon interactions,National Audubon Society,https://www.audubon.org/native-plants
PLT0109,,Thrashers,Birds,broad_guild,,,Bird direct food,seed/grain,seed/grain,,Food,C - documented broad bird group,Audubon ZIP 78666 / Hays context,0.27,Central Texas Bird Audubon interactions,National Audubon Society,https://www.audubon.org/native-plants
PLT0109,,Thrashers,Birds,broad_guild,,,Bird direct food,nectar,flower nectar,,Food,C - documented broad bird group,Audubon ZIP 78666 / Hays context,0.27,Central Texas Bird Audubon interactions,National Audubon Society,https://www.audubon.org/native-plants
PLT0109,,Thrushes,Birds,broad_guild,,,Bird direct food,seed/grain,seed/grain,,Food,C - documented broad bird group,Audubon ZIP 78666 / Hays context,0.27,Central Texas Bird Audubon interactions,National Audubon Society,https://www.audubon.org/native-plants
PLT0109,,Waxwings,Birds,broad_guild,,,Bird direct food,fruit,fruit,,Food,C - documented broad bird group,Audubon ZIP 78666 / Hays context,0.27,Central Texas Bird Audubon interactions,National Audubon Society,https://www.audubon.org/native-plants
PLT0109,,Wood Warblers,Birds,broad_guild,,,Bird direct food,seed/grain,seed/grain,,Food,C - documented broad bird group,Audubon ZIP 78666 / Hays context,0.27,Central Texas Bird Audubon interactions,National Audubon Society,https://www.audubon.org/native-plants
PLT0109,,Wood Warblers,Birds,broad_guild,,,Bird direct food,nectar,flower nectar,,Food,C - documented broad bird group,Audubon ZIP 78666 / Hays context,0.27,Central Texas Bird Audubon interactions,National Audubon Society,https://www.audubon.org/native-plants
PLT0109,,Wrens,Birds,broad_guild,,,Bird direct food,fruit,fruit,,Food,C - documented broad bird group,Audubon ZIP 78666 / Hays context,0.27,Central Texas Bird Audubon interactions,National Audubon Society,https://www.audubon.org/native-plants
PLT0109,,Waxwings,Birds,broad_guild,,,Bird direct food,seed/grain,seed/grain,,Food,C - documented broad bird group,Audubon ZIP 78666 / Hays context,0.27,Central Texas Bird Audubon interactions,National Audubon Society,https://www.audubon.org/native-plants
PLT0109,,Waxwings,Birds,broad_guild,,,Bird direct food,nectar,flower nectar,,Food,C - documented broad bird group,Audubon ZIP 78666 / Hays context,0.27,Central Texas Bird Audubon interactions,National Audubon Society,https://www.audubon.org/native-plants
PLT0109,,Wood Warblers,Birds,broad_guild,,,Bird direct food,fruit,fruit,,Food,C - documented broad bird group,Audubon ZIP 78666 / Hays context,0.27,Central Texas Bird Audubon interactions,National Audubon Society,https://www.audubon.org/native-plants
PLT0109,,Woodpeckers,Birds,broad_guild,,,Bird direct food,fruit,fruit,,Food,C - documented broad bird group,Audubon ZIP 78666 / Hays context,0.27,Central Texas Bird Audubon interactions,National Audubon Society,https://www.audubon.org/native-plants
PLT0109,,Jays,Birds,broad_guild,,,Bird direct food,seed/grain,seed/grain,,Food,C - documented broad bird group,Audubon ZIP 78666 / Hays context,0.27,Central Texas Bird Audubon interactions,National Audubon Society,https://www.audubon.org/native-plants
PLT0109,,Jays,Birds,broad_guild,,,Bird direct food,nectar,flower nectar,,Food,C - documented broad bird group,Audubon ZIP 78666 / Hays context,0.27,Central Texas Bird Audubon interactions,National Audubon Society,https://www.audubon.org/native-plants
PLT0109,,Jays,Birds,broad_guild,,,Bird direct food,fruit,fruit,,Food,C - documented broad bird group,Audubon ZIP 78666 / Hays context,0.27,Central Texas Bird Audubon interactions,National Audubon Society,https://www.audubon.org/native-plants
PLT0109,,Mockingbirds,Birds,broad_guild,,,Bird direct food,fruit,fruit,,Food,C - documented broad bird group,Audubon ZIP 78666 / Hays context,0.27,Central Texas Bird Audubon interactions,National Audubon Society,https://www.audubon.org/native-plants
PLT0109,,Warblers,Birds,broad_guild,,,Bird direct food,nectar,flower nectar,,Food,C - documented broad bird group,Audubon ZIP 78666 / Hays context,0.27,Central Texas Bird Audubon interactions,National Audubon Society,https://www.audubon.org/native-plants
PLT0109,,Thrushes,Birds,broad_guild,,,Bird direct food,fruit,fruit,,Food,C - documented broad bird group,Audubon ZIP 78666 / Hays context,0.27,Central Texas Bird Audubon interactions,National Audubon Society,https://www.audubon.org/native-plants
PLT0109,,Grosbeaks,Birds,broad_guild,,,Bird direct food,nectar,flower nectar,,Food,C - documented broad bird group,Audubon ZIP 78666 / Hays context,0.27,Central Texas Bird Audubon interactions,National Audubon Society,https://www.audubon.org/native-plants
PLT0109,,Hummingbirds,Birds,broad_guild,,,Bird direct food,fruit,fruit,,Food,C - documented broad bird group,Audubon ZIP 78666 / Hays context,0.27,Central Texas Bird Audubon interactions,National Audubon Society,https://www.audubon.org/native-plants
PLT0109,,Hummingbirds,Birds,broad_guild,,,Bird direct food,seed/grain,seed/grain,,Food,C - documented broad bird group,Audubon ZIP 78666 / Hays context,0.27,Central Texas Bird Audubon interactions,National Audubon Society,https://www.audubon.org/native-plants
PLT0109,,Orioles,Birds,broad_guild,,,Bird direct food,seed/grain,seed/grain,,Food,C - documented broad bird group,Audubon ZIP 78666 / Hays context,0.27,Central Texas Bird Audubon interactions,National Audubon Society,https://www.audubon.org/native-plants
PLT0111,,Finches,Birds,broad_guild,,,Bird direct food,nectar,flower nectar,,Food,C - documented broad bird group,Audubon ZIP 78666 / Hays context,0.27,Central Texas Bird Audubon interactions,National Audubon Society,https://www.audubon.org/native-plants
PLT0111,,Grosbeaks,Birds,broad_guild,,,Bird direct food,fruit,fruit,,Food,C - documented broad bird group,Audubon ZIP 78666 / Hays context,0.27,Central Texas Bird Audubon interactions,National Audubon Society,https://www.audubon.org/native-plants
PLT0111,,Grosbeaks,Birds,broad_guild,,,Bird direct food,seed/grain,seed/grain,,Food,C - documented broad bird group,Audubon ZIP 78666 / Hays context,0.27,Central Texas Bird Audubon interactions,National Audubon Society,https://www.audubon.org/native-plants
PLT0111,,Vireos,Birds,broad_guild,,,Bird direct food,fruit,fruit,,Food,C - documented broad bird group,Audubon ZIP 78666 / Hays context,0.27,Central Texas Bird Audubon interactions,National Audubon Society,https://www.audubon.org/native-plants
PLT0111,,Vireos,Birds,broad_guild,,,Bird direct food,seed/grain,seed/grain,,Food,C - documented broad bird group,Audubon ZIP 78666 / Hays context,0.27,Central Texas Bird Audubon interactions,National Audubon Society,https://www.audubon.org/native-plants
PLT0111,,Orioles,Birds,broad_guild,,,Bird direct food,seed/grain,seed/grain,,Food,C - documented broad bird group,Audubon ZIP 78666 / Hays context,0.27,Central Texas Bird Audubon interactions,National Audubon Society,https://www.audubon.org/native-plants
PLT0111,,Thrashers,Birds,broad_guild,,,Bird direct food,fruit,fruit,,Food,C - documented broad bird group,Audubon ZIP 78666 / Hays context,0.27,Central Texas Bird Audubon interactions,National Audubon Society,https://www.audubon.org/native-plants
PLT0111,,Hummingbirds,Birds,broad_guild,,,Bird direct food,nectar,flower nectar,,Food,C - documented broad bird group,Audubon ZIP 78666 / Hays context,0.27,Central Texas Bird Audubon interactions,National Audubon Society,https://www.audubon.org/native-plants
PLT0111,,Jays,Birds,broad_guild,,,Bird direct food,fruit,fruit,,Food,C - documented broad bird group,Audubon ZIP 78666 / Hays context,0.27,Central Texas Bird Audubon interactions,National Audubon Society,https://www.audubon.org/native-plants
PLT0111,,Jays,Birds,broad_guild,,,Bird direct food,nectar,flower nectar,,Food,C - documented broad bird group,Audubon ZIP 78666 / Hays context,0.27,Central Texas Bird Audubon interactions,National Audubon Society,https://www.audubon.org/native-plants
PLT0111,,Sparrows,Birds,broad_guild,,,Bird direct food,nectar,flower nectar,,Food,C - documented broad bird group,Audubon ZIP 78666 / Hays context,0.27,Central Texas Bird Audubon interactions,National Audubon Society,https://www.audubon.org/native-plants
PLT0111,,Thrashers,Birds,broad_guild,,,Bird direct food,seed/grain,seed/grain,,Food,C - documented broad bird group,Audubon ZIP 78666 / Hays context,0.27,Central Texas Bird Audubon interactions,National Audubon Society,https://www.audubon.org/native-plants
PLT0111,,Thrashers,Birds,broad_guild,,,Bird direct food,nectar,flower nectar,,Food,C - documented broad bird group,Audubon ZIP 78666 / Hays context,0.27,Central Texas Bird Audubon interactions,National Audubon Society,https://www.audubon.org/native-plants
PLT0111,,Buntings,Birds,broad_guild,,,Bird direct food,nectar,flower nectar,,Food,C - documented broad bird group,Audubon ZIP 78666 / Hays context,0.27,Central Texas Bird Audubon interactions,National Audubon Society,https://www.audubon.org/native-plants
PLT0111,,Grosbeaks,Birds,broad_guild,,,Bird direct food,nectar,flower nectar,,Food,C - documented broad bird group,Audubon ZIP 78666 / Hays context,0.27,Central Texas Bird Audubon interactions,National Audubon Society,https://www.audubon.org/native-plants
PLT0111,,Hummingbirds,Birds,broad_guild,,,Bird direct food,fruit,fruit,,Food,C - documented broad bird group,Audubon ZIP 78666 / Hays context,0.27,Central Texas Bird Audubon interactions,National Audubon Society,https://www.audubon.org/native-plants
PLT0111,,Nuthatches,Birds,broad_guild,,,Bird direct food,seed/grain,seed/grain,,Food,C - documented broad bird group,Audubon ZIP 78666 / Hays context,0.27,Central Texas Bird Audubon interactions,National Audubon Society,https://www.audubon.org/native-plants
PLT0111,,Wood Warblers,Birds,broad_guild,,,Bird direct food,seed/grain,seed/grain,,Food,C - documented broad bird group,Audubon ZIP 78666 / Hays context,0.27,Central Texas Bird Audubon interactions,National Audubon Society,https://www.audubon.org/native-plants
PLT0111,,Jays,Birds,broad_guild,,,Bird direct food,seed/grain,seed/grain,,Food,C - documented broad bird group,Audubon ZIP 78666 / Hays context,0.27,Central Texas Bird Audubon interactions,National Audubon Society,https://www.audubon.org/native-plants
PLT0111,,Wrens,Birds,broad_guild,,,Bird direct food,seed/grain,seed/grain,,Food,C - documented broad bird group,Audubon ZIP 78666 / Hays context,0.27,Central Texas Bird Audubon interactions,National Audubon Society,https://www.audubon.org/native-plants
PLT0111,,Chickadees,Birds,broad_guild,,,Bird direct food,fruit,fruit,,Food,C - documented broad bird group,Audubon ZIP 78666 / Hays context,0.27,Central Texas Bird Audubon interactions,National Audubon Society,https://www.audubon.org/native-plants
PLT0111,,Chickadees,Birds,broad_guild,,,Bird direct food,seed/grain,seed/grain,,Food,C - documented broad bird group,Audubon ZIP 78666 / Hays context,0.27,Central Texas Bird Audubon interactions,National Audubon Society,https://www.audubon.org/native-plants
PLT0111,,Chickadees,Birds,broad_guild,,,Bird direct food,nectar,flower nectar,,Food,C - documented broad bird group,Audubon ZIP 78666 / Hays context,0.27,Central Texas Bird Audubon interactions,National Audubon Society,https://www.audubon.org/native-plants
PLT0111,,Crows,Birds,broad_guild,,,Bird direct food,fruit,fruit,,Food,C - documented broad bird group,Audubon ZIP 78666 / Hays context,0.27,Central Texas Bird Audubon interactions,National Audubon Society,https://www.audubon.org/native-plants
PLT0111,,Waxwings,Birds,broad_guild,,,Bird direct food,seed/grain,seed/grain,,Food,C - documented broad bird group,Audubon ZIP 78666 / Hays context,0.27,Central Texas Bird Audubon interactions,National Audubon Society,https://www.audubon.org/native-plants
PLT0111,,Mockingbirds,Birds,broad_guild,,,Bird direct food,fruit,fruit,,Food,C - documented broad bird group,Audubon ZIP 78666 / Hays context,0.27,Central Texas Bird Audubon interactions,National Audubon Society,https://www.audubon.org/native-plants
PLT0111,,Wood Warblers,Birds,broad_guild,,,Bird direct food,nectar,flower nectar,,Food,C - documented broad bird group,Audubon ZIP 78666 / Hays context,0.27,Central Texas Bird Audubon interactions,National Audubon Society,https://www.audubon.org/native-plants
PLT0111,,Waxwings,Birds,broad_guild,,,Bird direct food,fruit,fruit,,Food,C - documented broad bird group,Audubon ZIP 78666 / Hays context,0.27,Central Texas Bird Audubon interactions,National Audubon Society,https://www.audubon.org/native-plants
PLT0111,,Woodpeckers,Birds,broad_guild,,,Bird direct food,fruit,fruit,,Food,C - documented broad bird group,Audubon ZIP 78666 / Hays context,0.27,Central Texas Bird Audubon interactions,National Audubon Society,https://www.audubon.org/native-plants
PLT0111,,Woodpeckers,Birds,broad_guild,,,Bird direct food,seed/grain,seed/grain,,Food,C - documented broad bird group,Audubon ZIP 78666 / Hays context,0.27,Central Texas Bird Audubon interactions,National Audubon Society,https://www.audubon.org/native-plants
PLT0111,,Woodpeckers,Birds,broad_guild,,,Bird direct food,nectar,flower nectar,,Food,C - documented broad bird group,Audubon ZIP 78666 / Hays context,0.27,Central Texas Bird Audubon interactions,National Audubon Society,https://www.audubon.org/native-plants
PLT0111,,Wrens,Birds,broad_guild,,,Bird direct food,fruit,fruit,,Food,C - documented broad bird group,Audubon ZIP 78666 / Hays context,0.27,Central Texas Bird Audubon interactions,National Audubon Society,https://www.audubon.org/native-plants
PLT0111,,Finches,Birds,broad_guild,,,Bird direct food,fruit,fruit,,Food,C - documented broad bird group,Audubon ZIP 78666 / Hays context,0.27,Central Texas Bird Audubon interactions,National Audubon Society,https://www.audubon.org/native-plants
PLT0111,,Thrushes,Birds,broad_guild,,,Bird direct food,fruit,fruit,,Food,C - documented broad bird group,Audubon ZIP 78666 / Hays context,0.27,Central Texas Bird Audubon interactions,National Audubon Society,https://www.audubon.org/native-plants
PLT0111,,Titmice,Birds,broad_guild,,,Bird direct food,seed/grain,seed/grain,,Food,C - documented broad bird group,Audubon ZIP 78666 / Hays context,0.27,Central Texas Bird Audubon interactions,National Audubon Society,https://www.audubon.org/native-plants
PLT0111,,Waxwings,Birds,broad_guild,,,Bird direct food,nectar,flower nectar,,Food,C - documented broad bird group,Audubon ZIP 78666 / Hays context,0.27,Central Texas Bird Audubon interactions,National Audubon Society,https://www.audubon.org/native-plants
PLT0111,,Orioles,Birds,broad_guild,,,Bird direct food,nectar,flower nectar,,Food,C - documented broad bird group,Audubon ZIP 78666 / Hays context,0.27,Central Texas Bird Audubon interactions,National Audubon Society,https://www.audubon.org/native-plants
PLT0111,,Sparrows,Birds,broad_guild,,,Bird direct food,seed/grain,seed/grain,,Food,C - documented broad bird group,Audubon ZIP 78666 / Hays context,0.27,Central Texas Bird Audubon interactions,National Audubon Society,https://www.audubon.org/native-plants
PLT0111,,Wrens,Birds,broad_guild,,,Bird direct food,nectar,flower nectar,,Food,C - documented broad bird group,Audubon ZIP 78666 / Hays context,0.27,Central Texas Bird Audubon interactions,National Audubon Society,https://www.audubon.org/native-plants
PLT0111,,Thrushes,Birds,broad_guild,,,Bird direct food,seed/grain,seed/grain,,Food,C - documented broad bird group,Audubon ZIP 78666 / Hays context,0.27,Central Texas Bird Audubon interactions,National Audubon Society,https://www.audubon.org/native-plants
PLT0111,,Thrushes,Birds,broad_guild,,,Bird direct food,nectar,flower nectar,,Food,C - documented broad bird group,Audubon ZIP 78666 / Hays context,0.27,Central Texas Bird Audubon interactions,National Audubon Society,https://www.audubon.org/native-plants
PLT0111,,Titmice,Birds,broad_guild,,,Bird direct food,fruit,fruit,,Food,C - documented broad bird group,Audubon ZIP 78666 / Hays context,0.27,Central Texas Bird Audubon interactions,National Audubon Society,https://www.audubon.org/native-plants
PLT0111,,Sparrows,Birds,broad_guild,,,Bird direct food,fruit,fruit,,Food,C - documented broad bird group,Audubon ZIP 78666 / Hays context,0.27,Central Texas Bird Audubon interactions,National Audubon Society,https://www.audubon.org/native-plants
PLT0111,,Buntings,Birds,broad_guild,,,Bird direct food,seed/grain,seed/grain,,Food,C - documented broad bird group,Audubon ZIP 78666 / Hays context,0.27,Central Texas Bird Audubon interactions,National Audubon Society,https://www.audubon.org/native-plants
PLT0111,,Mockingbirds,Birds,broad_guild,,,Bird direct food,seed/grain,seed/grain,,Food,C - documented broad bird group,Audubon ZIP 78666 / Hays context,0.27,Central Texas Bird Audubon interactions,National Audubon Society,https://www.audubon.org/native-plants
PLT0111,,Mockingbirds,Birds,broad_guild,,,Bird direct food,nectar,flower nectar,,Food,C - documented broad bird group,Audubon ZIP 78666 / Hays context,0.27,Central Texas Bird Audubon interactions,National Audubon Society,https://www.audubon.org/native-plants
PLT0111,,Nuthatches,Birds,broad_guild,,,Bird direct food,fruit,fruit,,Food,C - documented broad bird group,Audubon ZIP 78666 / Hays context,0.27,Central Texas Bird Audubon interactions,National Audubon Society,https://www.audubon.org/native-plants
PLT0111,,Titmice,Birds,broad_guild,,,Bird direct food,nectar,flower nectar,,Food,C - documented broad bird group,Audubon ZIP 78666 / Hays context,0.27,Central Texas Bird Audubon interactions,National Audubon Society,https://www.audubon.org/native-plants
PLT0111,,Cardinals,Birds,broad_guild,,,Bird direct food,fruit,fruit,,Food,C - documented broad bird group,Audubon ZIP 78666 / Hays context,0.27,Central Texas Bird Audubon interactions,National Audubon Society,https://www.audubon.org/native-plants
PLT0111,,Hummingbirds,Birds,broad_guild,,,Bird direct food,seed/grain,seed/grain,,Food,C - documented broad bird group,Audubon ZIP 78666 / Hays context,0.27,Central Texas Bird Audubon interactions,National Audubon Society,https://www.audubon.org/native-plants
PLT0111,,Vireos,Birds,broad_guild,,,Bird direct food,nectar,flower nectar,,Food,C - documented broad bird group,Audubon ZIP 78666 / Hays context,0.27,Central Texas Bird Audubon interactions,National Audubon Society,https://www.audubon.org/native-plants
PLT0111,,Warblers,Birds,broad_guild,,,Bird direct food,fruit,fruit,,Food,C - documented broad bird group,Audubon ZIP 78666 / Hays context,0.27,Central Texas Bird Audubon interactions,National Audubon Society,https://www.audubon.org/native-plants
PLT0111,,Warblers,Birds,broad_guild,,,Bird direct food,seed/grain,seed/grain,,Food,C - documented broad bird group,Audubon ZIP 78666 / Hays context,0.27,Central Texas Bird Audubon interactions,National Audubon Society,https://www.audubon.org/native-plants
PLT0111,,Warblers,Birds,broad_guild,,,Bird direct food,nectar,flower nectar,,Food,C - documented broad bird group,Audubon ZIP 78666 / Hays context,0.27,Central Texas Bird Audubon interactions,National Audubon Society,https://www.audubon.org/native-plants
PLT0111,,Crows,Birds,broad_guild,,,Bird direct food,seed/grain,seed/grain,,Food,C - documented broad bird group,Audubon ZIP 78666 / Hays context,0.27,Central Texas Bird Audubon interactions,National Audubon Society,https://www.audubon.org/native-plants
PLT0111,,Crows,Birds,broad_guild,,,Bird direct food,nectar,flower nectar,,Food,C - documented broad bird group,Audubon ZIP 78666 / Hays context,0.27,Central Texas Bird Audubon interactions,National Audubon Society,https://www.audubon.org/native-plants
PLT0111,,Finches,Birds,broad_guild,,,Bird direct food,seed/grain,seed/grain,,Food,C - documented broad bird group,Audubon ZIP 78666 / Hays context,0.27,Central Texas Bird Audubon interactions,National Audubon Society,https://www.audubon.org/native-plants
PLT0111,,Buntings,Birds,broad_guild,,,Bird direct food,fruit,fruit,,Food,C - documented broad bird group,Audubon ZIP 78666 / Hays context,0.27,Central Texas Bird Audubon interactions,National Audubon Society,https://www.audubon.org/native-plants
PLT0111,,Wood Warblers,Birds,broad_guild,,,Bird direct food,fruit,fruit,,Food,C - documented broad bird group,Audubon ZIP 78666 / Hays context,0.27,Central Texas Bird Audubon interactions,National Audubon Society,https://www.audubon.org/native-plants
PLT0111,,Orioles,Birds,broad_guild,,,Bird direct food,fruit,fruit,,Food,C - documented broad bird group,Audubon ZIP 78666 / Hays context,0.27,Central Texas Bird Audubon interactions,National Audubon Society,https://www.audubon.org/native-plants
PLT0111,,Cardinals,Birds,broad_guild,,,Bird direct food,nectar,flower nectar,,Food,C - documented broad bird group,Audubon ZIP 78666 / Hays context,0.27,Central Texas Bird Audubon interactions,National Audubon Society,https://www.audubon.org/native-plants
PLT0111,,Cardinals,Birds,broad_guild,,,Bird direct food,seed/grain,seed/grain,,Food,C - documented broad bird group,Audubon ZIP 78666 / Hays context,0.27,Central Texas Bird Audubon interactions,National Audubon Society,https://www.audubon.org/native-plants
PLT0111,,Nuthatches,Birds,broad_guild,,,Bird direct food,nectar,flower nectar,,Food,C - documented broad bird group,Audubon ZIP 78666 / Hays context,0.27,Central Texas Bird Audubon interactions,National Audubon Society,https://www.audubon.org/native-plants
PLT0132,,Vireos,Birds,broad_guild,,,Bird direct food,nectar,flower nectar,,Food,C - documented broad bird group,Audubon ZIP 78666 / Hays context,0.27,Central Texas Bird Audubon interactions,National Audubon Society,https://www.audubon.org/native-plants
PLT0132,,Warblers,Birds,broad_guild,,,Bird direct food,fruit,fruit,,Food,C - documented broad bird group,Audubon ZIP 78666 / Hays context,0.27,Central Texas Bird Audubon interactions,National Audubon Society,https://www.audubon.org/native-plants
PLT0132,,Warblers,Birds,broad_guild,,,Bird direct food,seed/grain,seed/grain,,Food,C - documented broad bird group,Audubon ZIP 78666 / Hays context,0.27,Central Texas Bird Audubon interactions,National Audubon Society,https://www.audubon.org/native-plants
PLT0132,,Warblers,Birds,broad_guild,,,Bird direct food,nectar,flower nectar,,Food,C - documented broad bird group,Audubon ZIP 78666 / Hays context,0.27,Central Texas Bird Audubon interactions,National Audubon Society,https://www.audubon.org/native-plants
PLT0132,,Wood Warblers,Birds,broad_guild,,,Bird direct food,seed/grain,seed/grain,,Food,C - documented broad bird group,Audubon ZIP 78666 / Hays context,0.27,Central Texas Bird Audubon interactions,National Audubon Society,https://www.audubon.org/native-plants
PLT0132,,Waxwings,Birds,broad_guild,,,Bird direct food,fruit,fruit,,Food,C - documented broad bird group,Audubon ZIP 78666 / Hays context,0.27,Central Texas Bird Audubon interactions,National Audubon Society,https://www.audubon.org/native-plants
PLT0132,,Waxwings,Birds,broad_guild,,,Bird direct food,seed/grain,seed/grain,,Food,C - documented broad bird group,Audubon ZIP 78666 / Hays context,0.27,Central Texas Bird Audubon interactions,National Audubon Society,https://www.audubon.org/native-plants
PLT0132,,Waxwings,Birds,broad_guild,,,Bird direct food,nectar,flower nectar,,Food,C - documented broad bird group,Audubon ZIP 78666 / Hays context,0.27,Central Texas Bird Audubon interactions,National Audubon Society,https://www.audubon.org/native-plants
PLT0132,,Wood Warblers,Birds,broad_guild,,,Bird direct food,fruit,fruit,,Food,C - documented broad bird group,Audubon ZIP 78666 / Hays context,0.27,Central Texas Bird Audubon interactions,National Audubon Society,https://www.audubon.org/native-plants
PLT0132,,Wood Warblers,Birds,broad_guild,,,Bird direct food,nectar,flower nectar,,Food,C - documented broad bird group,Audubon ZIP 78666 / Hays context,0.27,Central Texas Bird Audubon interactions,National Audubon Society,https://www.audubon.org/native-plants
PLT0132,,Vireos,Birds,broad_guild,,,Bird direct food,seed/grain,seed/grain,,Food,C - documented broad bird group,Audubon ZIP 78666 / Hays context,0.27,Central Texas Bird Audubon interactions,National Audubon Society,https://www.audubon.org/native-plants
PLT0132,,Thrashers,Birds,broad_guild,,,Bird direct food,fruit,fruit,,Food,C - documented broad bird group,Audubon ZIP 78666 / Hays context,0.27,Central Texas Bird Audubon interactions,National Audubon Society,https://www.audubon.org/native-plants
PLT0132,,Hummingbirds,Birds,broad_guild,,,Bird direct food,seed/grain,seed/grain,,Food,C - documented broad bird group,Audubon ZIP 78666 / Hays context,0.27,Central Texas Bird Audubon interactions,National Audubon Society,https://www.audubon.org/native-plants
PLT0132,,Thrushes,Birds,broad_guild,,,Bird direct food,nectar,flower nectar,,Food,C - documented broad bird group,Audubon ZIP 78666 / Hays context,0.27,Central Texas Bird Audubon interactions,National Audubon Society,https://www.audubon.org/native-plants
PLT0132,,Titmice,Birds,broad_guild,,,Bird direct food,fruit,fruit,,Food,C - documented broad bird group,Audubon ZIP 78666 / Hays context,0.27,Central Texas Bird Audubon interactions,National Audubon Society,https://www.audubon.org/native-plants
PLT0132,,Sparrows,Birds,broad_guild,,,Bird direct food,nectar,flower nectar,,Food,C - documented broad bird group,Audubon ZIP 78666 / Hays context,0.27,Central Texas Bird Audubon interactions,National Audubon Society,https://www.audubon.org/native-plants
PLT0132,,Hummingbirds,Birds,broad_guild,,,Bird direct food,nectar,flower nectar,,Food,C - documented broad bird group,Audubon ZIP 78666 / Hays context,0.27,Central Texas Bird Audubon interactions,National Audubon Society,https://www.audubon.org/native-plants
PLT0132,,Jays,Birds,broad_guild,,,Bird direct food,fruit,fruit,,Food,C - documented broad bird group,Audubon ZIP 78666 / Hays context,0.27,Central Texas Bird Audubon interactions,National Audubon Society,https://www.audubon.org/native-plants
PLT0132,,Jays,Birds,broad_guild,,,Bird direct food,seed/grain,seed/grain,,Food,C - documented broad bird group,Audubon ZIP 78666 / Hays context,0.27,Central Texas Bird Audubon interactions,National Audubon Society,https://www.audubon.org/native-plants
PLT0132,,Woodpeckers,Birds,broad_guild,,,Bird direct food,nectar,flower nectar,,Food,C - documented broad bird group,Audubon ZIP 78666 / Hays context,0.27,Central Texas Bird Audubon interactions,National Audubon Society,https://www.audubon.org/native-plants
PLT0132,,Sparrows,Birds,broad_guild,,,Bird direct food,fruit,fruit,,Food,C - documented broad bird group,Audubon ZIP 78666 / Hays context,0.27,Central Texas Bird Audubon interactions,National Audubon Society,https://www.audubon.org/native-plants
PLT0132,,Thrashers,Birds,broad_guild,,,Bird direct food,seed/grain,seed/grain,,Food,C - documented broad bird group,Audubon ZIP 78666 / Hays context,0.27,Central Texas Bird Audubon interactions,National Audubon Society,https://www.audubon.org/native-plants
PLT0132,,Titmice,Birds,broad_guild,,,Bird direct food,seed/grain,seed/grain,,Food,C - documented broad bird group,Audubon ZIP 78666 / Hays context,0.27,Central Texas Bird Audubon interactions,National Audubon Society,https://www.audubon.org/native-plants
PLT0132,,Grosbeaks,Birds,broad_guild,,,Bird direct food,seed/grain,seed/grain,,Food,C - documented broad bird group,Audubon ZIP 78666 / Hays context,0.27,Central Texas Bird Audubon interactions,National Audubon Society,https://www.audubon.org/native-plants
PLT0132,,Grosbeaks,Birds,broad_guild,,,Bird direct food,nectar,flower nectar,,Food,C - documented broad bird group,Audubon ZIP 78666 / Hays context,0.27,Central Texas Bird Audubon interactions,National Audubon Society,https://www.audubon.org/native-plants
PLT0132,,Hummingbirds,Birds,broad_guild,,,Bird direct food,fruit,fruit,,Food,C - documented broad bird group,Audubon ZIP 78666 / Hays context,0.27,Central Texas Bird Audubon interactions,National Audubon Society,https://www.audubon.org/native-plants
PLT0132,,Thrushes,Birds,broad_guild,,,Bird direct food,seed/grain,seed/grain,,Food,C - documented broad bird group,Audubon ZIP 78666 / Hays context,0.27,Central Texas Bird Audubon interactions,National Audubon Society,https://www.audubon.org/native-plants
PLT0132,,Chickadees,Birds,broad_guild,,,Bird direct food,nectar,flower nectar,,Food,C - documented broad bird group,Audubon ZIP 78666 / Hays context,0.27,Central Texas Bird Audubon interactions,National Audubon Society,https://www.audubon.org/native-plants
PLT0132,,Sparrows,Birds,broad_guild,,,Bird direct food,seed/grain,seed/grain,,Food,C - documented broad bird group,Audubon ZIP 78666 / Hays context,0.27,Central Texas Bird Audubon interactions,National Audubon Society,https://www.audubon.org/native-plants
PLT0132,,Buntings,Birds,broad_guild,,,Bird direct food,seed/grain,seed/grain,,Food,C - documented broad bird group,Audubon ZIP 78666 / Hays context,0.27,Central Texas Bird Audubon interactions,National Audubon Society,https://www.audubon.org/native-plants
PLT0132,,Thrashers,Birds,broad_guild,,,Bird direct food,nectar,flower nectar,,Food,C - documented broad bird group,Audubon ZIP 78666 / Hays context,0.27,Central Texas Bird Audubon interactions,National Audubon Society,https://www.audubon.org/native-plants
PLT0132,,Thrushes,Birds,broad_guild,,,Bird direct food,fruit,fruit,,Food,C - documented broad bird group,Audubon ZIP 78666 / Hays context,0.27,Central Texas Bird Audubon interactions,National Audubon Society,https://www.audubon.org/native-plants
PLT0132,,Cardinals,Birds,broad_guild,,,Bird direct food,fruit,fruit,,Food,C - documented broad bird group,Audubon ZIP 78666 / Hays context,0.27,Central Texas Bird Audubon interactions,National Audubon Society,https://www.audubon.org/native-plants
PLT0132,,Crows,Birds,broad_guild,,,Bird direct food,fruit,fruit,,Food,C - documented broad bird group,Audubon ZIP 78666 / Hays context,0.27,Central Texas Bird Audubon interactions,National Audubon Society,https://www.audubon.org/native-plants
PLT0132,,Wrens,Birds,broad_guild,,,Bird direct food,seed/grain,seed/grain,,Food,C - documented broad bird group,Audubon ZIP 78666 / Hays context,0.27,Central Texas Bird Audubon interactions,National Audubon Society,https://www.audubon.org/native-plants
PLT0132,,Wrens,Birds,broad_guild,,,Bird direct food,nectar,flower nectar,,Food,C - documented broad bird group,Audubon ZIP 78666 / Hays context,0.27,Central Texas Bird Audubon interactions,National Audubon Society,https://www.audubon.org/native-plants
PLT0132,,Buntings,Birds,broad_guild,,,Bird direct food,fruit,fruit,,Food,C - documented broad bird group,Audubon ZIP 78666 / Hays context,0.27,Central Texas Bird Audubon interactions,National Audubon Society,https://www.audubon.org/native-plants
PLT0132,,Buntings,Birds,broad_guild,,,Bird direct food,nectar,flower nectar,,Food,C - documented broad bird group,Audubon ZIP 78666 / Hays context,0.27,Central Texas Bird Audubon interactions,National Audubon Society,https://www.audubon.org/native-plants
PLT0132,,Woodpeckers,Birds,broad_guild,,,Bird direct food,fruit,fruit,,Food,C - documented broad bird group,Audubon ZIP 78666 / Hays context,0.27,Central Texas Bird Audubon interactions,National Audubon Society,https://www.audubon.org/native-plants
PLT0132,,Woodpeckers,Birds,broad_guild,,,Bird direct food,seed/grain,seed/grain,,Food,C - documented broad bird group,Audubon ZIP 78666 / Hays context,0.27,Central Texas Bird Audubon interactions,National Audubon Society,https://www.audubon.org/native-plants
PLT0132,,Wrens,Birds,broad_guild,,,Bird direct food,fruit,fruit,,Food,C - documented broad bird group,Audubon ZIP 78666 / Hays context,0.27,Central Texas Bird Audubon interactions,National Audubon Society,https://www.audubon.org/native-plants
PLT0132,,Jays,Birds,broad_guild,,,Bird direct food,nectar,flower nectar,,Food,C - documented broad bird group,Audubon ZIP 78666 / Hays context,0.27,Central Texas Bird Audubon interactions,National Audubon Society,https://www.audubon.org/native-plants
PLT0132,,Mockingbirds,Birds,broad_guild,,,Bird direct food,fruit,fruit,,Food,C - documented broad bird group,Audubon ZIP 78666 / Hays context,0.27,Central Texas Bird Audubon interactions,National Audubon Society,https://www.audubon.org/native-plants
PLT0132,,Mockingbirds,Birds,broad_guild,,,Bird direct food,seed/grain,seed/grain,,Food,C - documented broad bird group,Audubon ZIP 78666 / Hays context,0.27,Central Texas Bird Audubon interactions,National Audubon Society,https://www.audubon.org/native-plants
PLT0132,,Mockingbirds,Birds,broad_guild,,,Bird direct food,nectar,flower nectar,,Food,C - documented broad bird group,Audubon ZIP 78666 / Hays context,0.27,Central Texas Bird Audubon interactions,National Audubon Society,https://www.audubon.org/native-plants
PLT0132,,Nuthatches,Birds,broad_guild,,,Bird direct food,seed/grain,seed/grain,,Food,C - documented broad bird group,Audubon ZIP 78666 / Hays context,0.27,Central Texas Bird Audubon interactions,National Audubon Society,https://www.audubon.org/native-plants
PLT0132,,Nuthatches,Birds,broad_guild,,,Bird direct food,nectar,flower nectar,,Food,C - documented broad bird group,Audubon ZIP 78666 / Hays context,0.27,Central Texas Bird Audubon interactions,National Audubon Society,https://www.audubon.org/native-plants
PLT0132,,Titmice,Birds,broad_guild,,,Bird direct food,nectar,flower nectar,,Food,C - documented broad bird group,Audubon ZIP 78666 / Hays context,0.27,Central Texas Bird Audubon interactions,National Audubon Society,https://www.audubon.org/native-plants
PLT0132,,Vireos,Birds,broad_guild,,,Bird direct food,fruit,fruit,,Food,C - documented broad bird group,Audubon ZIP 78666 / Hays context,0.27,Central Texas Bird Audubon interactions,National Audubon Society,https://www.audubon.org/native-plants
PLT0132,,Orioles,Birds,broad_guild,,,Bird direct food,seed/grain,seed/grain,,Food,C - documented broad bird group,Audubon ZIP 78666 / Hays context,0.27,Central Texas Bird Audubon interactions,National Audubon Society,https://www.audubon.org/native-plants
PLT0132,,Orioles,Birds,broad_guild,,,Bird direct food,nectar,flower nectar,,Food,C - documented broad bird group,Audubon ZIP 78666 / Hays context,0.27,Central Texas Bird Audubon interactions,National Audubon Society,https://www.audubon.org/native-plants
PLT0132,,Cardinals,Birds,broad_guild,,,Bird direct food,nectar,flower nectar,,Food,C - documented broad bird group,Audubon ZIP 78666 / Hays context,0.27,Central Texas Bird Audubon interactions,National Audubon Society,https://www.audubon.org/native-plants
PLT0132,,Chickadees,Birds,broad_guild,,,Bird direct food,fruit,fruit,,Food,C - documented broad bird group,Audubon ZIP 78666 / Hays context,0.27,Central Texas Bird Audubon interactions,National Audubon Society,https://www.audubon.org/native-plants
PLT0132,,Chickadees,Birds,broad_guild,,,Bird direct food,seed/grain,seed/grain,,Food,C - documented broad bird group,Audubon ZIP 78666 / Hays context,0.27,Central Texas Bird Audubon interactions,National Audubon Society,https://www.audubon.org/native-plants
PLT0132,,Cardinals,Birds,broad_guild,,,Bird direct food,seed/grain,seed/grain,,Food,C - documented broad bird group,Audubon ZIP 78666 / Hays context,0.27,Central Texas Bird Audubon interactions,National Audubon Society,https://www.audubon.org/native-plants
PLT0132,,Crows,Birds,broad_guild,,,Bird direct food,seed/grain,seed/grain,,Food,C - documented broad bird group,Audubon ZIP 78666 / Hays context,0.27,Central Texas Bird Audubon interactions,National Audubon Society,https://www.audubon.org/native-plants
PLT0132,,Crows,Birds,broad_guild,,,Bird direct food,nectar,flower nectar,,Food,C - documented broad bird group,Audubon ZIP 78666 / Hays context,0.27,Central Texas Bird Audubon interactions,National Audubon Society,https://www.audubon.org/native-plants
PLT0132,,Finches,Birds,broad_guild,,,Bird direct food,fruit,fruit,,Food,C - documented broad bird group,Audubon ZIP 78666 / Hays context,0.27,Central Texas Bird Audubon interactions,National Audubon Society,https://www.audubon.org/native-plants
PLT0132,,Finches,Birds,broad_guild,,,Bird direct food,seed/grain,seed/grain,,Food,C - documented broad bird group,Audubon ZIP 78666 / Hays context,0.27,Central Texas Bird Audubon interactions,National Audubon Society,https://www.audubon.org/native-plants
PLT0132,,Finches,Birds,broad_guild,,,Bird direct food,nectar,flower nectar,,Food,C - documented broad bird group,Audubon ZIP 78666 / Hays context,0.27,Central Texas Bird Audubon interactions,National Audubon Society,https://www.audubon.org/native-plants
PLT0132,,Grosbeaks,Birds,broad_guild,,,Bird direct food,fruit,fruit,,Food,C - documented broad bird group,Audubon ZIP 78666 / Hays context,0.27,Central Texas Bird Audubon interactions,National Audubon Society,https://www.audubon.org/native-plants
PLT0132,,Nuthatches,Birds,broad_guild,,,Bird direct food,fruit,fruit,,Food,C - documented broad bird group,Audubon ZIP 78666 / Hays context,0.27,Central Texas Bird Audubon interactions,National Audubon Society,https://www.audubon.org/native-plants
PLT0132,,Orioles,Birds,broad_guild,,,Bird direct food,fruit,fruit,,Food,C - documented broad bird group,Audubon ZIP 78666 / Hays context,0.27,Central Texas Bird Audubon interactions,National Audubon Society,https://www.audubon.org/native-plants
PLT0139,,Hummingbirds,Birds,broad_guild,,,Bird direct food,seed/grain,seed/grain,,Food,C - documented broad bird group,Audubon ZIP 78666 / Hays context,0.27,Central Texas Bird Audubon interactions,National Audubon Society,https://www.audubon.org/native-plants
PLT0139,,Jays,Birds,broad_guild,,,Bird direct food,fruit,fruit,,Food,C - documented broad bird group,Audubon ZIP 78666 / Hays context,0.27,Central Texas Bird Audubon interactions,National Audubon Society,https://www.audubon.org/native-plants
PLT0139,,Jays,Birds,broad_guild,,,Bird direct food,seed/grain,seed/grain,,Food,C - documented broad bird group,Audubon ZIP 78666 / Hays context,0.27,Central Texas Bird Audubon interactions,National Audubon Society,https://www.audubon.org/native-plants
PLT0139,,Mockingbirds,Birds,broad_guild,,,Bird direct food,fruit,fruit,,Food,C - documented broad bird group,Audubon ZIP 78666 / Hays context,0.27,Central Texas Bird Audubon interactions,National Audubon Society,https://www.audubon.org/native-plants
PLT0139,,Mockingbirds,Birds,broad_guild,,,Bird direct food,seed/grain,seed/grain,,Food,C - documented broad bird group,Audubon ZIP 78666 / Hays context,0.27,Central Texas Bird Audubon interactions,National Audubon Society,https://www.audubon.org/native-plants
PLT0139,,Nuthatches,Birds,broad_guild,,,Bird direct food,fruit,fruit,,Food,C - documented broad bird group,Audubon ZIP 78666 / Hays context,0.27,Central Texas Bird Audubon interactions,National Audubon Society,https://www.audubon.org/native-plants
PLT0139,,Cardinals,Birds,broad_guild,,,Bird direct food,fruit,fruit,,Food,C - documented broad bird group,Audubon ZIP 78666 / Hays context,0.27,Central Texas Bird Audubon interactions,National Audubon Society,https://www.audubon.org/native-plants
PLT0139,,Cardinals,Birds,broad_guild,,,Bird direct food,seed/grain,seed/grain,,Food,C - documented broad bird group,Audubon ZIP 78666 / Hays context,0.27,Central Texas Bird Audubon interactions,National Audubon Society,https://www.audubon.org/native-plants
PLT0139,,Thrushes,Birds,broad_guild,,,Bird direct food,fruit,fruit,,Food,C - documented broad bird group,Audubon ZIP 78666 / Hays context,0.27,Central Texas Bird Audubon interactions,National Audubon Society,https://www.audubon.org/native-plants
PLT0139,,Warblers,Birds,broad_guild,,,Bird direct food,seed/grain,seed/grain,,Food,C - documented broad bird group,Audubon ZIP 78666 / Hays context,0.27,Central Texas Bird Audubon interactions,National Audubon Society,https://www.audubon.org/native-plants
PLT0139,,Chickadees,Birds,broad_guild,,,Bird direct food,seed/grain,seed/grain,,Food,C - documented broad bird group,Audubon ZIP 78666 / Hays context,0.27,Central Texas Bird Audubon interactions,National Audubon Society,https://www.audubon.org/native-plants
PLT0139,,Crows,Birds,broad_guild,,,Bird direct food,fruit,fruit,,Food,C - documented broad bird group,Audubon ZIP 78666 / Hays context,0.27,Central Texas Bird Audubon interactions,National Audubon Society,https://www.audubon.org/native-plants
PLT0139,,Crows,Birds,broad_guild,,,Bird direct food,seed/grain,seed/grain,,Food,C - documented broad bird group,Audubon ZIP 78666 / Hays context,0.27,Central Texas Bird Audubon interactions,National Audubon Society,https://www.audubon.org/native-plants
PLT0139,,Thrashers,Birds,broad_guild,,,Bird direct food,seed/grain,seed/grain,,Food,C - documented broad bird group,Audubon ZIP 78666 / Hays context,0.27,Central Texas Bird Audubon interactions,National Audubon Society,https://www.audubon.org/native-plants
PLT0139,,Chickadees,Birds,broad_guild,,,Bird direct food,fruit,fruit,,Food,C - documented broad bird group,Audubon ZIP 78666 / Hays context,0.27,Central Texas Bird Audubon interactions,National Audubon Society,https://www.audubon.org/native-plants
PLT0139,,Sparrows,Birds,broad_guild,,,Bird direct food,fruit,fruit,,Food,C - documented broad bird group,Audubon ZIP 78666 / Hays context,0.27,Central Texas Bird Audubon interactions,National Audubon Society,https://www.audubon.org/native-plants
PLT0139,,Wrens,Birds,broad_guild,,,Bird direct food,seed/grain,seed/grain,,Food,C - documented broad bird group,Audubon ZIP 78666 / Hays context,0.27,Central Texas Bird Audubon interactions,National Audubon Society,https://www.audubon.org/native-plants
PLT0139,,Woodpeckers,Birds,broad_guild,,,Bird direct food,seed/grain,seed/grain,,Food,C - documented broad bird group,Audubon ZIP 78666 / Hays context,0.27,Central Texas Bird Audubon interactions,National Audubon Society,https://www.audubon.org/native-plants
PLT0139,,Nuthatches,Birds,broad_guild,,,Bird direct food,seed/grain,seed/grain,,Food,C - documented broad bird group,Audubon ZIP 78666 / Hays context,0.27,Central Texas Bird Audubon interactions,National Audubon Society,https://www.audubon.org/native-plants
PLT0139,,Orioles,Birds,broad_guild,,,Bird direct food,fruit,fruit,,Food,C - documented broad bird group,Audubon ZIP 78666 / Hays context,0.27,Central Texas Bird Audubon interactions,National Audubon Society,https://www.audubon.org/native-plants
PLT0139,,Sparrows,Birds,broad_guild,,,Bird direct food,seed/grain,seed/grain,,Food,C - documented broad bird group,Audubon ZIP 78666 / Hays context,0.27,Central Texas Bird Audubon interactions,National Audubon Society,https://www.audubon.org/native-plants
PLT0139,,Thrashers,Birds,broad_guild,,,Bird direct food,fruit,fruit,,Food,C - documented broad bird group,Audubon ZIP 78666 / Hays context,0.27,Central Texas Bird Audubon interactions,National Audubon Society,https://www.audubon.org/native-plants
PLT0139,,Waxwings,Birds,broad_guild,,,Bird direct food,fruit,fruit,,Food,C - documented broad bird group,Audubon ZIP 78666 / Hays context,0.27,Central Texas Bird Audubon interactions,National Audubon Society,https://www.audubon.org/native-plants
PLT0139,,Waxwings,Birds,broad_guild,,,Bird direct food,seed/grain,seed/grain,,Food,C - documented broad bird group,Audubon ZIP 78666 / Hays context,0.27,Central Texas Bird Audubon interactions,National Audubon Society,https://www.audubon.org/native-plants
PLT0139,,Finches,Birds,broad_guild,,,Bird direct food,fruit,fruit,,Food,C - documented broad bird group,Audubon ZIP 78666 / Hays context,0.27,Central Texas Bird Audubon interactions,National Audubon Society,https://www.audubon.org/native-plants
PLT0139,,Finches,Birds,broad_guild,,,Bird direct food,seed/grain,seed/grain,,Food,C - documented broad bird group,Audubon ZIP 78666 / Hays context,0.27,Central Texas Bird Audubon interactions,National Audubon Society,https://www.audubon.org/native-plants
PLT0139,,Grosbeaks,Birds,broad_guild,,,Bird direct food,seed/grain,seed/grain,,Food,C - documented broad bird group,Audubon ZIP 78666 / Hays context,0.27,Central Texas Bird Audubon interactions,National Audubon Society,https://www.audubon.org/native-plants
PLT0139,,Hummingbirds,Birds,broad_guild,,,Bird direct food,fruit,fruit,,Food,C - documented broad bird group,Audubon ZIP 78666 / Hays context,0.27,Central Texas Bird Audubon interactions,National Audubon Society,https://www.audubon.org/native-plants
PLT0139,,Grosbeaks,Birds,broad_guild,,,Bird direct food,fruit,fruit,,Food,C - documented broad bird group,Audubon ZIP 78666 / Hays context,0.27,Central Texas Bird Audubon interactions,National Audubon Society,https://www.audubon.org/native-plants
PLT0139,,Thrushes,Birds,broad_guild,,,Bird direct food,seed/grain,seed/grain,,Food,C - documented broad bird group,Audubon ZIP 78666 / Hays context,0.27,Central Texas Bird Audubon interactions,National Audubon Society,https://www.audubon.org/native-plants
PLT0139,,Titmice,Birds,broad_guild,,,Bird direct food,fruit,fruit,,Food,C - documented broad bird group,Audubon ZIP 78666 / Hays context,0.27,Central Texas Bird Audubon interactions,National Audubon Society,https://www.audubon.org/native-plants
PLT0139,,Titmice,Birds,broad_guild,,,Bird direct food,seed/grain,seed/grain,,Food,C - documented broad bird group,Audubon ZIP 78666 / Hays context,0.27,Central Texas Bird Audubon interactions,National Audubon Society,https://www.audubon.org/native-plants
PLT0139,,Vireos,Birds,broad_guild,,,Bird direct food,fruit,fruit,,Food,C - documented broad bird group,Audubon ZIP 78666 / Hays context,0.27,Central Texas Bird Audubon interactions,National Audubon Society,https://www.audubon.org/native-plants
PLT0139,,Vireos,Birds,broad_guild,,,Bird direct food,seed/grain,seed/grain,,Food,C - documented broad bird group,Audubon ZIP 78666 / Hays context,0.27,Central Texas Bird Audubon interactions,National Audubon Society,https://www.audubon.org/native-plants
PLT0139,,Warblers,Birds,broad_guild,,,Bird direct food,fruit,fruit,,Food,C - documented broad bird group,Audubon ZIP 78666 / Hays context,0.27,Central Texas Bird Audubon interactions,National Audubon Society,https://www.audubon.org/native-plants
PLT0139,,Wood Warblers,Birds,broad_guild,,,Bird direct food,fruit,fruit,,Food,C - documented broad bird group,Audubon ZIP 78666 / Hays context,0.27,Central Texas Bird Audubon interactions,National Audubon Society,https://www.audubon.org/native-plants
PLT0139,,Wood Warblers,Birds,broad_guild,,,Bird direct food,seed/grain,seed/grain,,Food,C - documented broad bird group,Audubon ZIP 78666 / Hays context,0.27,Central Texas Bird Audubon interactions,National Audubon Society,https://www.audubon.org/native-plants
PLT0139,,Woodpeckers,Birds,broad_guild,,,Bird direct food,fruit,fruit,,Food,C - documented broad bird group,Audubon ZIP 78666 / Hays context,0.27,Central Texas Bird Audubon interactions,National Audubon Society,https://www.audubon.org/native-plants
PLT0139,,Wrens,Birds,broad_guild,,,Bird direct food,fruit,fruit,,Food,C - documented broad bird group,Audubon ZIP 78666 / Hays context,0.27,Central Texas Bird Audubon interactions,National Audubon Society,https://www.audubon.org/native-plants
PLT0139,,Orioles,Birds,broad_guild,,,Bird direct food,seed/grain,seed/grain,,Food,C - documented broad bird group,Audubon ZIP 78666 / Hays context,0.27,Central Texas Bird Audubon interactions,National Audubon Society,https://www.audubon.org/native-plants
PLT0140,,Wrens,Birds,broad_guild,,,Bird direct food,nectar,flower nectar,,Food,C - documented broad bird group,Audubon ZIP 78666 / Hays context,0.27,Central Texas Bird Audubon interactions,National Audubon Society,https://www.audubon.org/native-plants
PLT0140,,Wrens,Birds,broad_guild,,,Bird direct food,fruit,fruit,,Food,C - documented broad bird group,Audubon ZIP 78666 / Hays context,0.27,Central Texas Bird Audubon interactions,National Audubon Society,https://www.audubon.org/native-plants
PLT0140,,Wrens,Birds,broad_guild,,,Bird direct food,seed/grain,seed/grain,,Food,C - documented broad bird group,Audubon ZIP 78666 / Hays context,0.27,Central Texas Bird Audubon interactions,National Audubon Society,https://www.audubon.org/native-plants
PLT0140,,Jays,Birds,broad_guild,,,Bird direct food,fruit,fruit,,Food,C - documented broad bird group,Audubon ZIP 78666 / Hays context,0.27,Central Texas Bird Audubon interactions,National Audubon Society,https://www.audubon.org/native-plants
PLT0140,,Chickadees,Birds,broad_guild,,,Bird direct food,fruit,fruit,,Food,C - documented broad bird group,Audubon ZIP 78666 / Hays context,0.27,Central Texas Bird Audubon interactions,National Audubon Society,https://www.audubon.org/native-plants
PLT0140,,Chickadees,Birds,broad_guild,,,Bird direct food,seed/grain,seed/grain,,Food,C - documented broad bird group,Audubon ZIP 78666 / Hays context,0.27,Central Texas Bird Audubon interactions,National Audubon Society,https://www.audubon.org/native-plants
PLT0140,,Chickadees,Birds,broad_guild,,,Bird direct food,nectar,flower nectar,,Food,C - documented broad bird group,Audubon ZIP 78666 / Hays context,0.27,Central Texas Bird Audubon interactions,National Audubon Society,https://www.audubon.org/native-plants
PLT0140,,Crows,Birds,broad_guild,,,Bird direct food,fruit,fruit,,Food,C - documented broad bird group,Audubon ZIP 78666 / Hays context,0.27,Central Texas Bird Audubon interactions,National Audubon Society,https://www.audubon.org/native-plants
PLT0140,,Crows,Birds,broad_guild,,,Bird direct food,seed/grain,seed/grain,,Food,C - documented broad bird group,Audubon ZIP 78666 / Hays context,0.27,Central Texas Bird Audubon interactions,National Audubon Society,https://www.audubon.org/native-plants
PLT0140,,Titmice,Birds,broad_guild,,,Bird direct food,nectar,flower nectar,,Food,C - documented broad bird group,Audubon ZIP 78666 / Hays context,0.27,Central Texas Bird Audubon interactions,National Audubon Society,https://www.audubon.org/native-plants
PLT0140,,Vireos,Birds,broad_guild,,,Bird direct food,fruit,fruit,,Food,C - documented broad bird group,Audubon ZIP 78666 / Hays context,0.27,Central Texas Bird Audubon interactions,National Audubon Society,https://www.audubon.org/native-plants
PLT0140,,Vireos,Birds,broad_guild,,,Bird direct food,seed/grain,seed/grain,,Food,C - documented broad bird group,Audubon ZIP 78666 / Hays context,0.27,Central Texas Bird Audubon interactions,National Audubon Society,https://www.audubon.org/native-plants
PLT0140,,Finches,Birds,broad_guild,,,Bird direct food,seed/grain,seed/grain,,Food,C - documented broad bird group,Audubon ZIP 78666 / Hays context,0.27,Central Texas Bird Audubon interactions,National Audubon Society,https://www.audubon.org/native-plants
PLT0140,,Finches,Birds,broad_guild,,,Bird direct food,fruit,fruit,,Food,C - documented broad bird group,Audubon ZIP 78666 / Hays context,0.27,Central Texas Bird Audubon interactions,National Audubon Society,https://www.audubon.org/native-plants
PLT0140,,Wood Warblers,Birds,broad_guild,,,Bird direct food,nectar,flower nectar,,Food,C - documented broad bird group,Audubon ZIP 78666 / Hays context,0.27,Central Texas Bird Audubon interactions,National Audubon Society,https://www.audubon.org/native-plants
PLT0140,,Titmice,Birds,broad_guild,,,Bird direct food,fruit,fruit,,Food,C - documented broad bird group,Audubon ZIP 78666 / Hays context,0.27,Central Texas Bird Audubon interactions,National Audubon Society,https://www.audubon.org/native-plants
PLT0140,,Hummingbirds,Birds,broad_guild,,,Bird direct food,nectar,flower nectar,,Food,C - documented broad bird group,Audubon ZIP 78666 / Hays context,0.27,Central Texas Bird Audubon interactions,National Audubon Society,https://www.audubon.org/native-plants
PLT0140,,Vireos,Birds,broad_guild,,,Bird direct food,nectar,flower nectar,,Food,C - documented broad bird group,Audubon ZIP 78666 / Hays context,0.27,Central Texas Bird Audubon interactions,National Audubon Society,https://www.audubon.org/native-plants
PLT0140,,Finches,Birds,broad_guild,,,Bird direct food,nectar,flower nectar,,Food,C - documented broad bird group,Audubon ZIP 78666 / Hays context,0.27,Central Texas Bird Audubon interactions,National Audubon Society,https://www.audubon.org/native-plants
PLT0140,,Grosbeaks,Birds,broad_guild,,,Bird direct food,fruit,fruit,,Food,C - documented broad bird group,Audubon ZIP 78666 / Hays context,0.27,Central Texas Bird Audubon interactions,National Audubon Society,https://www.audubon.org/native-plants
PLT0140,,Grosbeaks,Birds,broad_guild,,,Bird direct food,seed/grain,seed/grain,,Food,C - documented broad bird group,Audubon ZIP 78666 / Hays context,0.27,Central Texas Bird Audubon interactions,National Audubon Society,https://www.audubon.org/native-plants
PLT0140,,Grosbeaks,Birds,broad_guild,,,Bird direct food,nectar,flower nectar,,Food,C - documented broad bird group,Audubon ZIP 78666 / Hays context,0.27,Central Texas Bird Audubon interactions,National Audubon Society,https://www.audubon.org/native-plants
PLT0140,,Hummingbirds,Birds,broad_guild,,,Bird direct food,fruit,fruit,,Food,C - documented broad bird group,Audubon ZIP 78666 / Hays context,0.27,Central Texas Bird Audubon interactions,National Audubon Society,https://www.audubon.org/native-plants
PLT0140,,Woodpeckers,Birds,broad_guild,,,Bird direct food,nectar,flower nectar,,Food,C - documented broad bird group,Audubon ZIP 78666 / Hays context,0.27,Central Texas Bird Audubon interactions,National Audubon Society,https://www.audubon.org/native-plants
PLT0140,,Thrashers,Birds,broad_guild,,,Bird direct food,seed/grain,seed/grain,,Food,C - documented broad bird group,Audubon ZIP 78666 / Hays context,0.27,Central Texas Bird Audubon interactions,National Audubon Society,https://www.audubon.org/native-plants
PLT0140,,Thrashers,Birds,broad_guild,,,Bird direct food,nectar,flower nectar,,Food,C - documented broad bird group,Audubon ZIP 78666 / Hays context,0.27,Central Texas Bird Audubon interactions,National Audubon Society,https://www.audubon.org/native-plants
PLT0140,,Thrushes,Birds,broad_guild,,,Bird direct food,fruit,fruit,,Food,C - documented broad bird group,Audubon ZIP 78666 / Hays context,0.27,Central Texas Bird Audubon interactions,National Audubon Society,https://www.audubon.org/native-plants
PLT0140,,Thrushes,Birds,broad_guild,,,Bird direct food,nectar,flower nectar,,Food,C - documented broad bird group,Audubon ZIP 78666 / Hays context,0.27,Central Texas Bird Audubon interactions,National Audubon Society,https://www.audubon.org/native-plants
PLT0140,,Mockingbirds,Birds,broad_guild,,,Bird direct food,nectar,flower nectar,,Food,C - documented broad bird group,Audubon ZIP 78666 / Hays context,0.27,Central Texas Bird Audubon interactions,National Audubon Society,https://www.audubon.org/native-plants
PLT0140,,Nuthatches,Birds,broad_guild,,,Bird direct food,fruit,fruit,,Food,C - documented broad bird group,Audubon ZIP 78666 / Hays context,0.27,Central Texas Bird Audubon interactions,National Audubon Society,https://www.audubon.org/native-plants
PLT0140,,Nuthatches,Birds,broad_guild,,,Bird direct food,nectar,flower nectar,,Food,C - documented broad bird group,Audubon ZIP 78666 / Hays context,0.27,Central Texas Bird Audubon interactions,National Audubon Society,https://www.audubon.org/native-plants
PLT0140,,Warblers,Birds,broad_guild,,,Bird direct food,fruit,fruit,,Food,C - documented broad bird group,Audubon ZIP 78666 / Hays context,0.27,Central Texas Bird Audubon interactions,National Audubon Society,https://www.audubon.org/native-plants
PLT0140,,Warblers,Birds,broad_guild,,,Bird direct food,seed/grain,seed/grain,,Food,C - documented broad bird group,Audubon ZIP 78666 / Hays context,0.27,Central Texas Bird Audubon interactions,National Audubon Society,https://www.audubon.org/native-plants
PLT0140,,Wood Warblers,Birds,broad_guild,,,Bird direct food,seed/grain,seed/grain,,Food,C - documented broad bird group,Audubon ZIP 78666 / Hays context,0.27,Central Texas Bird Audubon interactions,National Audubon Society,https://www.audubon.org/native-plants
PLT0140,,Jays,Birds,broad_guild,,,Bird direct food,seed/grain,seed/grain,,Food,C - documented broad bird group,Audubon ZIP 78666 / Hays context,0.27,Central Texas Bird Audubon interactions,National Audubon Society,https://www.audubon.org/native-plants
PLT0140,,Jays,Birds,broad_guild,,,Bird direct food,nectar,flower nectar,,Food,C - documented broad bird group,Audubon ZIP 78666 / Hays context,0.27,Central Texas Bird Audubon interactions,National Audubon Society,https://www.audubon.org/native-plants
PLT0140,,Thrushes,Birds,broad_guild,,,Bird direct food,seed/grain,seed/grain,,Food,C - documented broad bird group,Audubon ZIP 78666 / Hays context,0.27,Central Texas Bird Audubon interactions,National Audubon Society,https://www.audubon.org/native-plants
PLT0140,,Nuthatches,Birds,broad_guild,,,Bird direct food,seed/grain,seed/grain,,Food,C - documented broad bird group,Audubon ZIP 78666 / Hays context,0.27,Central Texas Bird Audubon interactions,National Audubon Society,https://www.audubon.org/native-plants
PLT0140,,Cardinals,Birds,broad_guild,,,Bird direct food,seed/grain,seed/grain,,Food,C - documented broad bird group,Audubon ZIP 78666 / Hays context,0.27,Central Texas Bird Audubon interactions,National Audubon Society,https://www.audubon.org/native-plants
PLT0140,,Sparrows,Birds,broad_guild,,,Bird direct food,fruit,fruit,,Food,C - documented broad bird group,Audubon ZIP 78666 / Hays context,0.27,Central Texas Bird Audubon interactions,National Audubon Society,https://www.audubon.org/native-plants
PLT0140,,Thrashers,Birds,broad_guild,,,Bird direct food,fruit,fruit,,Food,C - documented broad bird group,Audubon ZIP 78666 / Hays context,0.27,Central Texas Bird Audubon interactions,National Audubon Society,https://www.audubon.org/native-plants
PLT0140,,Woodpeckers,Birds,broad_guild,,,Bird direct food,fruit,fruit,,Food,C - documented broad bird group,Audubon ZIP 78666 / Hays context,0.27,Central Texas Bird Audubon interactions,National Audubon Society,https://www.audubon.org/native-plants
PLT0140,,Woodpeckers,Birds,broad_guild,,,Bird direct food,seed/grain,seed/grain,,Food,C - documented broad bird group,Audubon ZIP 78666 / Hays context,0.27,Central Texas Bird Audubon interactions,National Audubon Society,https://www.audubon.org/native-plants
PLT0140,,Cardinals,Birds,broad_guild,,,Bird direct food,nectar,flower nectar,,Food,C - documented broad bird group,Audubon ZIP 78666 / Hays context,0.27,Central Texas Bird Audubon interactions,National Audubon Society,https://www.audubon.org/native-plants
PLT0140,,Sparrows,Birds,broad_guild,,,Bird direct food,seed/grain,seed/grain,,Food,C - documented broad bird group,Audubon ZIP 78666 / Hays context,0.27,Central Texas Bird Audubon interactions,National Audubon Society,https://www.audubon.org/native-plants
PLT0140,,Sparrows,Birds,broad_guild,,,Bird direct food,nectar,flower nectar,,Food,C - documented broad bird group,Audubon ZIP 78666 / Hays context,0.27,Central Texas Bird Audubon interactions,National Audubon Society,https://www.audubon.org/native-plants
PLT0140,,Orioles,Birds,broad_guild,,,Bird direct food,fruit,fruit,,Food,C - documented broad bird group,Audubon ZIP 78666 / Hays context,0.27,Central Texas Bird Audubon interactions,National Audubon Society,https://www.audubon.org/native-plants
PLT0140,,Orioles,Birds,broad_guild,,,Bird direct food,seed/grain,seed/grain,,Food,C - documented broad bird group,Audubon ZIP 78666 / Hays context,0.27,Central Texas Bird Audubon interactions,National Audubon Society,https://www.audubon.org/native-plants
PLT0140,,Orioles,Birds,broad_guild,,,Bird direct food,nectar,flower nectar,,Food,C - documented broad bird group,Audubon ZIP 78666 / Hays context,0.27,Central Texas Bird Audubon interactions,National Audubon Society,https://www.audubon.org/native-plants
PLT0140,,Cardinals,Birds,broad_guild,,,Bird direct food,fruit,fruit,,Food,C - documented broad bird group,Audubon ZIP 78666 / Hays context,0.27,Central Texas Bird Audubon interactions,National Audubon Society,https://www.audubon.org/native-plants
PLT0140,,Mockingbirds,Birds,broad_guild,,,Bird direct food,seed/grain,seed/grain,,Food,C - documented broad bird group,Audubon ZIP 78666 / Hays context,0.27,Central Texas Bird Audubon interactions,National Audubon Society,https://www.audubon.org/native-plants
PLT0140,,Crows,Birds,broad_guild,,,Bird direct food,nectar,flower nectar,,Food,C - documented broad bird group,Audubon ZIP 78666 / Hays context,0.27,Central Texas Bird Audubon interactions,National Audubon Society,https://www.audubon.org/native-plants
PLT0140,,Warblers,Birds,broad_guild,,,Bird direct food,nectar,flower nectar,,Food,C - documented broad bird group,Audubon ZIP 78666 / Hays context,0.27,Central Texas Bird Audubon interactions,National Audubon Society,https://www.audubon.org/native-plants
PLT0140,,Hummingbirds,Birds,broad_guild,,,Bird direct food,seed/grain,seed/grain,,Food,C - documented broad bird group,Audubon ZIP 78666 / Hays context,0.27,Central Texas Bird Audubon interactions,National Audubon Society,https://www.audubon.org/native-plants
PLT0140,,Waxwings,Birds,broad_guild,,,Bird direct food,fruit,fruit,,Food,C - documented broad bird group,Audubon ZIP 78666 / Hays context,0.27,Central Texas Bird Audubon interactions,National Audubon Society,https://www.audubon.org/native-plants
PLT0140,,Mockingbirds,Birds,broad_guild,,,Bird direct food,fruit,fruit,,Food,C - documented broad bird group,Audubon ZIP 78666 / Hays context,0.27,Central Texas Bird Audubon interactions,National Audubon Society,https://www.audubon.org/native-plants
PLT0140,,Titmice,Birds,broad_guild,,,Bird direct food,seed/grain,seed/grain,,Food,C - documented broad bird group,Audubon ZIP 78666 / Hays context,0.27,Central Texas Bird Audubon interactions,National Audubon Society,https://www.audubon.org/native-plants
PLT0140,,Waxwings,Birds,broad_guild,,,Bird direct food,nectar,flower nectar,,Food,C - documented broad bird group,Audubon ZIP 78666 / Hays context,0.27,Central Texas Bird Audubon interactions,National Audubon Society,https://www.audubon.org/native-plants
PLT0140,,Wood Warblers,Birds,broad_guild,,,Bird direct food,fruit,fruit,,Food,C - documented broad bird group,Audubon ZIP 78666 / Hays context,0.27,Central Texas Bird Audubon interactions,National Audubon Society,https://www.audubon.org/native-plants
PLT0140,,Waxwings,Birds,broad_guild,,,Bird direct food,seed/grain,seed/grain,,Food,C - documented broad bird group,Audubon ZIP 78666 / Hays context,0.27,Central Texas Bird Audubon interactions,National Audubon Society,https://www.audubon.org/native-plants
PLT0155,,Waxwings,Birds,broad_guild,,,Bird direct food,seed/grain,seed/grain,,Food,C - documented broad bird group,Audubon ZIP 78666 / Hays context,0.27,Central Texas Bird Audubon interactions,National Audubon Society,https://www.audubon.org/native-plants
PLT0155,,Cardinals,Birds,broad_guild,,,Bird direct food,fruit,fruit,,Food,C - documented broad bird group,Audubon ZIP 78666 / Hays context,0.27,Central Texas Bird Audubon interactions,National Audubon Society,https://www.audubon.org/native-plants
PLT0155,,Finches,Birds,broad_guild,,,Bird direct food,seed/grain,seed/grain,,Food,C - documented broad bird group,Audubon ZIP 78666 / Hays context,0.27,Central Texas Bird Audubon interactions,National Audubon Society,https://www.audubon.org/native-plants
PLT0155,,Buntings,Birds,broad_guild,,,Bird direct food,fruit,fruit,,Food,C - documented broad bird group,Audubon ZIP 78666 / Hays context,0.27,Central Texas Bird Audubon interactions,National Audubon Society,https://www.audubon.org/native-plants
PLT0155,,Buntings,Birds,broad_guild,,,Bird direct food,seed/grain,seed/grain,,Food,C - documented broad bird group,Audubon ZIP 78666 / Hays context,0.27,Central Texas Bird Audubon interactions,National Audubon Society,https://www.audubon.org/native-plants
PLT0155,,Buntings,Birds,broad_guild,,,Bird direct food,nectar,flower nectar,,Food,C - documented broad bird group,Audubon ZIP 78666 / Hays context,0.27,Central Texas Bird Audubon interactions,National Audubon Society,https://www.audubon.org/native-plants
PLT0155,,Hummingbirds,Birds,broad_guild,,,Bird direct food,seed/grain,seed/grain,,Food,C - documented broad bird group,Audubon ZIP 78666 / Hays context,0.27,Central Texas Bird Audubon interactions,National Audubon Society,https://www.audubon.org/native-plants
PLT0155,,Jays,Birds,broad_guild,,,Bird direct food,fruit,fruit,,Food,C - documented broad bird group,Audubon ZIP 78666 / Hays context,0.27,Central Texas Bird Audubon interactions,National Audubon Society,https://www.audubon.org/native-plants
PLT0155,,Jays,Birds,broad_guild,,,Bird direct food,seed/grain,seed/grain,,Food,C - documented broad bird group,Audubon ZIP 78666 / Hays context,0.27,Central Texas Bird Audubon interactions,National Audubon Society,https://www.audubon.org/native-plants
PLT0155,,Jays,Birds,broad_guild,,,Bird direct food,nectar,flower nectar,,Food,C - documented broad bird group,Audubon ZIP 78666 / Hays context,0.27,Central Texas Bird Audubon interactions,National Audubon Society,https://www.audubon.org/native-plants
PLT0155,,Mockingbirds,Birds,broad_guild,,,Bird direct food,fruit,fruit,,Food,C - documented broad bird group,Audubon ZIP 78666 / Hays context,0.27,Central Texas Bird Audubon interactions,National Audubon Society,https://www.audubon.org/native-plants
PLT0155,,Mockingbirds,Birds,broad_guild,,,Bird direct food,seed/grain,seed/grain,,Food,C - documented broad bird group,Audubon ZIP 78666 / Hays context,0.27,Central Texas Bird Audubon interactions,National Audubon Society,https://www.audubon.org/native-plants
PLT0155,,Thrushes,Birds,broad_guild,,,Bird direct food,nectar,flower nectar,,Food,C - documented broad bird group,Audubon ZIP 78666 / Hays context,0.27,Central Texas Bird Audubon interactions,National Audubon Society,https://www.audubon.org/native-plants
PLT0155,,Sparrows,Birds,broad_guild,,,Bird direct food,nectar,flower nectar,,Food,C - documented broad bird group,Audubon ZIP 78666 / Hays context,0.27,Central Texas Bird Audubon interactions,National Audubon Society,https://www.audubon.org/native-plants
PLT0155,,Nuthatches,Birds,broad_guild,,,Bird direct food,fruit,fruit,,Food,C - documented broad bird group,Audubon ZIP 78666 / Hays context,0.27,Central Texas Bird Audubon interactions,National Audubon Society,https://www.audubon.org/native-plants
PLT0155,,Finches,Birds,broad_guild,,,Bird direct food,fruit,fruit,,Food,C - documented broad bird group,Audubon ZIP 78666 / Hays context,0.27,Central Texas Bird Audubon interactions,National Audubon Society,https://www.audubon.org/native-plants
PLT0155,,Mockingbirds,Birds,broad_guild,,,Bird direct food,nectar,flower nectar,,Food,C - documented broad bird group,Audubon ZIP 78666 / Hays context,0.27,Central Texas Bird Audubon interactions,National Audubon Society,https://www.audubon.org/native-plants
PLT0155,,Thrushes,Birds,broad_guild,,,Bird direct food,seed/grain,seed/grain,,Food,C - documented broad bird group,Audubon ZIP 78666 / Hays context,0.27,Central Texas Bird Audubon interactions,National Audubon Society,https://www.audubon.org/native-plants
PLT0155,,Wrens,Birds,broad_guild,,,Bird direct food,nectar,flower nectar,,Food,C - documented broad bird group,Audubon ZIP 78666 / Hays context,0.27,Central Texas Bird Audubon interactions,National Audubon Society,https://www.audubon.org/native-plants
PLT0155,,Cardinals,Birds,broad_guild,,,Bird direct food,seed/grain,seed/grain,,Food,C - documented broad bird group,Audubon ZIP 78666 / Hays context,0.27,Central Texas Bird Audubon interactions,National Audubon Society,https://www.audubon.org/native-plants
PLT0155,,Thrushes,Birds,broad_guild,,,Bird direct food,fruit,fruit,,Food,C - documented broad bird group,Audubon ZIP 78666 / Hays context,0.27,Central Texas Bird Audubon interactions,National Audubon Society,https://www.audubon.org/native-plants
PLT0155,,Thrashers,Birds,broad_guild,,,Bird direct food,nectar,flower nectar,,Food,C - documented broad bird group,Audubon ZIP 78666 / Hays context,0.27,Central Texas Bird Audubon interactions,National Audubon Society,https://www.audubon.org/native-plants
PLT0155,,Thrashers,Birds,broad_guild,,,Bird direct food,seed/grain,seed/grain,,Food,C - documented broad bird group,Audubon ZIP 78666 / Hays context,0.27,Central Texas Bird Audubon interactions,National Audubon Society,https://www.audubon.org/native-plants
PLT0155,,Cardinals,Birds,broad_guild,,,Bird direct food,nectar,flower nectar,,Food,C - documented broad bird group,Audubon ZIP 78666 / Hays context,0.27,Central Texas Bird Audubon interactions,National Audubon Society,https://www.audubon.org/native-plants
PLT0155,,Orioles,Birds,broad_guild,,,Bird direct food,seed/grain,seed/grain,,Food,C - documented broad bird group,Audubon ZIP 78666 / Hays context,0.27,Central Texas Bird Audubon interactions,National Audubon Society,https://www.audubon.org/native-plants
PLT0155,,Thrashers,Birds,broad_guild,,,Bird direct food,fruit,fruit,,Food,C - documented broad bird group,Audubon ZIP 78666 / Hays context,0.27,Central Texas Bird Audubon interactions,National Audubon Society,https://www.audubon.org/native-plants
PLT0155,,Orioles,Birds,broad_guild,,,Bird direct food,fruit,fruit,,Food,C - documented broad bird group,Audubon ZIP 78666 / Hays context,0.27,Central Texas Bird Audubon interactions,National Audubon Society,https://www.audubon.org/native-plants
PLT0155,,Wrens,Birds,broad_guild,,,Bird direct food,fruit,fruit,,Food,C - documented broad bird group,Audubon ZIP 78666 / Hays context,0.27,Central Texas Bird Audubon interactions,National Audubon Society,https://www.audubon.org/native-plants
PLT0155,,Vireos,Birds,broad_guild,,,Bird direct food,seed/grain,seed/grain,,Food,C - documented broad bird group,Audubon ZIP 78666 / Hays context,0.27,Central Texas Bird Audubon interactions,National Audubon Society,https://www.audubon.org/native-plants
PLT0155,,Vireos,Birds,broad_guild,,,Bird direct food,nectar,flower nectar,,Food,C - documented broad bird group,Audubon ZIP 78666 / Hays context,0.27,Central Texas Bird Audubon interactions,National Audubon Society,https://www.audubon.org/native-plants
PLT0155,,Warblers,Birds,broad_guild,,,Bird direct food,fruit,fruit,,Food,C - documented broad bird group,Audubon ZIP 78666 / Hays context,0.27,Central Texas Bird Audubon interactions,National Audubon Society,https://www.audubon.org/native-plants
PLT0155,,Warblers,Birds,broad_guild,,,Bird direct food,seed/grain,seed/grain,,Food,C - documented broad bird group,Audubon ZIP 78666 / Hays context,0.27,Central Texas Bird Audubon interactions,National Audubon Society,https://www.audubon.org/native-plants
PLT0155,,Warblers,Birds,broad_guild,,,Bird direct food,nectar,flower nectar,,Food,C - documented broad bird group,Audubon ZIP 78666 / Hays context,0.27,Central Texas Bird Audubon interactions,National Audubon Society,https://www.audubon.org/native-plants
PLT0155,,Waxwings,Birds,broad_guild,,,Bird direct food,fruit,fruit,,Food,C - documented broad bird group,Audubon ZIP 78666 / Hays context,0.27,Central Texas Bird Audubon interactions,National Audubon Society,https://www.audubon.org/native-plants
PLT0155,,Nuthatches,Birds,broad_guild,,,Bird direct food,seed/grain,seed/grain,,Food,C - documented broad bird group,Audubon ZIP 78666 / Hays context,0.27,Central Texas Bird Audubon interactions,National Audubon Society,https://www.audubon.org/native-plants
PLT0155,,Chickadees,Birds,broad_guild,,,Bird direct food,fruit,fruit,,Food,C - documented broad bird group,Audubon ZIP 78666 / Hays context,0.27,Central Texas Bird Audubon interactions,National Audubon Society,https://www.audubon.org/native-plants
PLT0155,,Wood Warblers,Birds,broad_guild,,,Bird direct food,fruit,fruit,,Food,C - documented broad bird group,Audubon ZIP 78666 / Hays context,0.27,Central Texas Bird Audubon interactions,National Audubon Society,https://www.audubon.org/native-plants
PLT0155,,Wood Warblers,Birds,broad_guild,,,Bird direct food,seed/grain,seed/grain,,Food,C - documented broad bird group,Audubon ZIP 78666 / Hays context,0.27,Central Texas Bird Audubon interactions,National Audubon Society,https://www.audubon.org/native-plants
PLT0155,,Wood Warblers,Birds,broad_guild,,,Bird direct food,nectar,flower nectar,,Food,C - documented broad bird group,Audubon ZIP 78666 / Hays context,0.27,Central Texas Bird Audubon interactions,National Audubon Society,https://www.audubon.org/native-plants
PLT0155,,Woodpeckers,Birds,broad_guild,,,Bird direct food,fruit,fruit,,Food,C - documented broad bird group,Audubon ZIP 78666 / Hays context,0.27,Central Texas Bird Audubon interactions,National Audubon Society,https://www.audubon.org/native-plants
PLT0155,,Woodpeckers,Birds,broad_guild,,,Bird direct food,seed/grain,seed/grain,,Food,C - documented broad bird group,Audubon ZIP 78666 / Hays context,0.27,Central Texas Bird Audubon interactions,National Audubon Society,https://www.audubon.org/native-plants
PLT0155,,Woodpeckers,Birds,broad_guild,,,Bird direct food,nectar,flower nectar,,Food,C - documented broad bird group,Audubon ZIP 78666 / Hays context,0.27,Central Texas Bird Audubon interactions,National Audubon Society,https://www.audubon.org/native-plants
PLT0155,,Titmice,Birds,broad_guild,,,Bird direct food,nectar,flower nectar,,Food,C - documented broad bird group,Audubon ZIP 78666 / Hays context,0.27,Central Texas Bird Audubon interactions,National Audubon Society,https://www.audubon.org/native-plants
PLT0155,,Chickadees,Birds,broad_guild,,,Bird direct food,seed/grain,seed/grain,,Food,C - documented broad bird group,Audubon ZIP 78666 / Hays context,0.27,Central Texas Bird Audubon interactions,National Audubon Society,https://www.audubon.org/native-plants
PLT0155,,Chickadees,Birds,broad_guild,,,Bird direct food,nectar,flower nectar,,Food,C - documented broad bird group,Audubon ZIP 78666 / Hays context,0.27,Central Texas Bird Audubon interactions,National Audubon Society,https://www.audubon.org/native-plants
PLT0155,,Crows,Birds,broad_guild,,,Bird direct food,fruit,fruit,,Food,C - documented broad bird group,Audubon ZIP 78666 / Hays context,0.27,Central Texas Bird Audubon interactions,National Audubon Society,https://www.audubon.org/native-plants
PLT0155,,Crows,Birds,broad_guild,,,Bird direct food,seed/grain,seed/grain,,Food,C - documented broad bird group,Audubon ZIP 78666 / Hays context,0.27,Central Texas Bird Audubon interactions,National Audubon Society,https://www.audubon.org/native-plants
PLT0155,,Crows,Birds,broad_guild,,,Bird direct food,nectar,flower nectar,,Food,C - documented broad bird group,Audubon ZIP 78666 / Hays context,0.27,Central Texas Bird Audubon interactions,National Audubon Society,https://www.audubon.org/native-plants
PLT0155,,Wrens,Birds,broad_guild,,,Bird direct food,seed/grain,seed/grain,,Food,C - documented broad bird group,Audubon ZIP 78666 / Hays context,0.27,Central Texas Bird Audubon interactions,National Audubon Society,https://www.audubon.org/native-plants
PLT0155,,Orioles,Birds,broad_guild,,,Bird direct food,nectar,flower nectar,,Food,C - documented broad bird group,Audubon ZIP 78666 / Hays context,0.27,Central Texas Bird Audubon interactions,National Audubon Society,https://www.audubon.org/native-plants
PLT0155,,Sparrows,Birds,broad_guild,,,Bird direct food,fruit,fruit,,Food,C - documented broad bird group,Audubon ZIP 78666 / Hays context,0.27,Central Texas Bird Audubon interactions,National Audubon Society,https://www.audubon.org/native-plants
PLT0155,,Finches,Birds,broad_guild,,,Bird direct food,nectar,flower nectar,,Food,C - documented broad bird group,Audubon ZIP 78666 / Hays context,0.27,Central Texas Bird Audubon interactions,National Audubon Society,https://www.audubon.org/native-plants
PLT0155,,Grosbeaks,Birds,broad_guild,,,Bird direct food,fruit,fruit,,Food,C - documented broad bird group,Audubon ZIP 78666 / Hays context,0.27,Central Texas Bird Audubon interactions,National Audubon Society,https://www.audubon.org/native-plants
PLT0155,,Nuthatches,Birds,broad_guild,,,Bird direct food,nectar,flower nectar,,Food,C - documented broad bird group,Audubon ZIP 78666 / Hays context,0.27,Central Texas Bird Audubon interactions,National Audubon Society,https://www.audubon.org/native-plants
PLT0155,,Grosbeaks,Birds,broad_guild,,,Bird direct food,nectar,flower nectar,,Food,C - documented broad bird group,Audubon ZIP 78666 / Hays context,0.27,Central Texas Bird Audubon interactions,National Audubon Society,https://www.audubon.org/native-plants
PLT0155,,Hummingbirds,Birds,broad_guild,,,Bird direct food,fruit,fruit,,Food,C - documented broad bird group,Audubon ZIP 78666 / Hays context,0.27,Central Texas Bird Audubon interactions,National Audubon Society,https://www.audubon.org/native-plants
PLT0155,,Sparrows,Birds,broad_guild,,,Bird direct food,seed/grain,seed/grain,,Food,C - documented broad bird group,Audubon ZIP 78666 / Hays context,0.27,Central Texas Bird Audubon interactions,National Audubon Society,https://www.audubon.org/native-plants
PLT0155,,Waxwings,Birds,broad_guild,,,Bird direct food,nectar,flower nectar,,Food,C - documented broad bird group,Audubon ZIP 78666 / Hays context,0.27,Central Texas Bird Audubon interactions,National Audubon Society,https://www.audubon.org/native-plants
PLT0155,,Hummingbirds,Birds,broad_guild,,,Bird direct food,nectar,flower nectar,,Food,C - documented broad bird group,Audubon ZIP 78666 / Hays context,0.27,Central Texas Bird Audubon interactions,National Audubon Society,https://www.audubon.org/native-plants
PLT0155,,Vireos,Birds,broad_guild,,,Bird direct food,fruit,fruit,,Food,C - documented broad bird group,Audubon ZIP 78666 / Hays context,0.27,Central Texas Bird Audubon interactions,National Audubon Society,https://www.audubon.org/native-plants
PLT0155,,Titmice,Birds,broad_guild,,,Bird direct food,fruit,fruit,,Food,C - documented broad bird group,Audubon ZIP 78666 / Hays context,0.27,Central Texas Bird Audubon interactions,National Audubon Society,https://www.audubon.org/native-plants
PLT0155,,Titmice,Birds,broad_guild,,,Bird direct food,seed/grain,seed/grain,,Food,C - documented broad bird group,Audubon ZIP 78666 / Hays context,0.27,Central Texas Bird Audubon interactions,National Audubon Society,https://www.audubon.org/native-plants
PLT0155,,Grosbeaks,Birds,broad_guild,,,Bird direct food,seed/grain,seed/grain,,Food,C - documented broad bird group,Audubon ZIP 78666 / Hays context,0.27,Central Texas Bird Audubon interactions,National Audubon Society,https://www.audubon.org/native-plants
PLT0176,,Wood Warblers,Birds,broad_guild,,,Bird direct food,nectar,flower nectar,,Food,C - documented broad bird group,Audubon ZIP 78666 / Hays context,0.27,Central Texas Bird Audubon interactions,National Audubon Society,https://www.audubon.org/native-plants
PLT0176,,Woodpeckers,Birds,broad_guild,,,Bird direct food,fruit,fruit,,Food,C - documented broad bird group,Audubon ZIP 78666 / Hays context,0.27,Central Texas Bird Audubon interactions,National Audubon Society,https://www.audubon.org/native-plants
PLT0176,,Sparrows,Birds,broad_guild,,,Bird direct food,nectar,flower nectar,,Food,C - documented broad bird group,Audubon ZIP 78666 / Hays context,0.27,Central Texas Bird Audubon interactions,National Audubon Society,https://www.audubon.org/native-plants
PLT0176,,Thrashers,Birds,broad_guild,,,Bird direct food,fruit,fruit,,Food,C - documented broad bird group,Audubon ZIP 78666 / Hays context,0.27,Central Texas Bird Audubon interactions,National Audubon Society,https://www.audubon.org/native-plants
PLT0176,,Thrashers,Birds,broad_guild,,,Bird direct food,nectar,flower nectar,,Food,C - documented broad bird group,Audubon ZIP 78666 / Hays context,0.27,Central Texas Bird Audubon interactions,National Audubon Society,https://www.audubon.org/native-plants
PLT0176,,Orioles,Birds,broad_guild,,,Bird direct food,nectar,flower nectar,,Food,C - documented broad bird group,Audubon ZIP 78666 / Hays context,0.27,Central Texas Bird Audubon interactions,National Audubon Society,https://www.audubon.org/native-plants
PLT0176,,Sparrows,Birds,broad_guild,,,Bird direct food,fruit,fruit,,Food,C - documented broad bird group,Audubon ZIP 78666 / Hays context,0.27,Central Texas Bird Audubon interactions,National Audubon Society,https://www.audubon.org/native-plants
PLT0176,,Sparrows,Birds,broad_guild,,,Bird direct food,seed/grain,seed/grain,,Food,C - documented broad bird group,Audubon ZIP 78666 / Hays context,0.27,Central Texas Bird Audubon interactions,National Audubon Society,https://www.audubon.org/native-plants
PLT0176,,Nuthatches,Birds,broad_guild,,,Bird direct food,seed/grain,seed/grain,,Food,C - documented broad bird group,Audubon ZIP 78666 / Hays context,0.27,Central Texas Bird Audubon interactions,National Audubon Society,https://www.audubon.org/native-plants
PLT0176,,Thrashers,Birds,broad_guild,,,Bird direct food,seed/grain,seed/grain,,Food,C - documented broad bird group,Audubon ZIP 78666 / Hays context,0.27,Central Texas Bird Audubon interactions,National Audubon Society,https://www.audubon.org/native-plants
PLT0176,,Mockingbirds,Birds,broad_guild,,,Bird direct food,fruit,fruit,,Food,C - documented broad bird group,Audubon ZIP 78666 / Hays context,0.27,Central Texas Bird Audubon interactions,National Audubon Society,https://www.audubon.org/native-plants
PLT0176,,Mockingbirds,Birds,broad_guild,,,Bird direct food,seed/grain,seed/grain,,Food,C - documented broad bird group,Audubon ZIP 78666 / Hays context,0.27,Central Texas Bird Audubon interactions,National Audubon Society,https://www.audubon.org/native-plants
PLT0176,,Mockingbirds,Birds,broad_guild,,,Bird direct food,nectar,flower nectar,,Food,C - documented broad bird group,Audubon ZIP 78666 / Hays context,0.27,Central Texas Bird Audubon interactions,National Audubon Society,https://www.audubon.org/native-plants
PLT0176,,Nuthatches,Birds,broad_guild,,,Bird direct food,fruit,fruit,,Food,C - documented broad bird group,Audubon ZIP 78666 / Hays context,0.27,Central Texas Bird Audubon interactions,National Audubon Society,https://www.audubon.org/native-plants
PLT0176,,Titmice,Birds,broad_guild,,,Bird direct food,fruit,fruit,,Food,C - documented broad bird group,Audubon ZIP 78666 / Hays context,0.27,Central Texas Bird Audubon interactions,National Audubon Society,https://www.audubon.org/native-plants
PLT0176,,Titmice,Birds,broad_guild,,,Bird direct food,seed/grain,seed/grain,,Food,C - documented broad bird group,Audubon ZIP 78666 / Hays context,0.27,Central Texas Bird Audubon interactions,National Audubon Society,https://www.audubon.org/native-plants
PLT0176,,Titmice,Birds,broad_guild,,,Bird direct food,nectar,flower nectar,,Food,C - documented broad bird group,Audubon ZIP 78666 / Hays context,0.27,Central Texas Bird Audubon interactions,National Audubon Society,https://www.audubon.org/native-plants
PLT0176,,Orioles,Birds,broad_guild,,,Bird direct food,seed/grain,seed/grain,,Food,C - documented broad bird group,Audubon ZIP 78666 / Hays context,0.27,Central Texas Bird Audubon interactions,National Audubon Society,https://www.audubon.org/native-plants
PLT0176,,Nuthatches,Birds,broad_guild,,,Bird direct food,nectar,flower nectar,,Food,C - documented broad bird group,Audubon ZIP 78666 / Hays context,0.27,Central Texas Bird Audubon interactions,National Audubon Society,https://www.audubon.org/native-plants
PLT0176,,Orioles,Birds,broad_guild,,,Bird direct food,fruit,fruit,,Food,C - documented broad bird group,Audubon ZIP 78666 / Hays context,0.27,Central Texas Bird Audubon interactions,National Audubon Society,https://www.audubon.org/native-plants
PLT0176,,Woodpeckers,Birds,broad_guild,,,Bird direct food,seed/grain,seed/grain,,Food,C - documented broad bird group,Audubon ZIP 78666 / Hays context,0.27,Central Texas Bird Audubon interactions,National Audubon Society,https://www.audubon.org/native-plants
PLT0176,,Woodpeckers,Birds,broad_guild,,,Bird direct food,nectar,flower nectar,,Food,C - documented broad bird group,Audubon ZIP 78666 / Hays context,0.27,Central Texas Bird Audubon interactions,National Audubon Society,https://www.audubon.org/native-plants
PLT0176,,Wrens,Birds,broad_guild,,,Bird direct food,fruit,fruit,,Food,C - documented broad bird group,Audubon ZIP 78666 / Hays context,0.27,Central Texas Bird Audubon interactions,National Audubon Society,https://www.audubon.org/native-plants
PLT0176,,Wrens,Birds,broad_guild,,,Bird direct food,seed/grain,seed/grain,,Food,C - documented broad bird group,Audubon ZIP 78666 / Hays context,0.27,Central Texas Bird Audubon interactions,National Audubon Society,https://www.audubon.org/native-plants
PLT0176,,Wrens,Birds,broad_guild,,,Bird direct food,nectar,flower nectar,,Food,C - documented broad bird group,Audubon ZIP 78666 / Hays context,0.27,Central Texas Bird Audubon interactions,National Audubon Society,https://www.audubon.org/native-plants
PLT0176,,Chickadees,Birds,broad_guild,,,Bird direct food,seed/grain,seed/grain,,Food,C - documented broad bird group,Audubon ZIP 78666 / Hays context,0.27,Central Texas Bird Audubon interactions,National Audubon Society,https://www.audubon.org/native-plants
PLT0176,,Grosbeaks,Birds,broad_guild,,,Bird direct food,fruit,fruit,,Food,C - documented broad bird group,Audubon ZIP 78666 / Hays context,0.27,Central Texas Bird Audubon interactions,National Audubon Society,https://www.audubon.org/native-plants
PLT0176,,Finches,Birds,broad_guild,,,Bird direct food,fruit,fruit,,Food,C - documented broad bird group,Audubon ZIP 78666 / Hays context,0.27,Central Texas Bird Audubon interactions,National Audubon Society,https://www.audubon.org/native-plants
PLT0176,,Finches,Birds,broad_guild,,,Bird direct food,seed/grain,seed/grain,,Food,C - documented broad bird group,Audubon ZIP 78666 / Hays context,0.27,Central Texas Bird Audubon interactions,National Audubon Society,https://www.audubon.org/native-plants
PLT0176,,Waxwings,Birds,broad_guild,,,Bird direct food,seed/grain,seed/grain,,Food,C - documented broad bird group,Audubon ZIP 78666 / Hays context,0.27,Central Texas Bird Audubon interactions,National Audubon Society,https://www.audubon.org/native-plants
PLT0176,,Wood Warblers,Birds,broad_guild,,,Bird direct food,fruit,fruit,,Food,C - documented broad bird group,Audubon ZIP 78666 / Hays context,0.27,Central Texas Bird Audubon interactions,National Audubon Society,https://www.audubon.org/native-plants
PLT0176,,Thrushes,Birds,broad_guild,,,Bird direct food,fruit,fruit,,Food,C - documented broad bird group,Audubon ZIP 78666 / Hays context,0.27,Central Texas Bird Audubon interactions,National Audubon Society,https://www.audubon.org/native-plants
PLT0176,,Thrushes,Birds,broad_guild,,,Bird direct food,seed/grain,seed/grain,,Food,C - documented broad bird group,Audubon ZIP 78666 / Hays context,0.27,Central Texas Bird Audubon interactions,National Audubon Society,https://www.audubon.org/native-plants
PLT0176,,Thrushes,Birds,broad_guild,,,Bird direct food,nectar,flower nectar,,Food,C - documented broad bird group,Audubon ZIP 78666 / Hays context,0.27,Central Texas Bird Audubon interactions,National Audubon Society,https://www.audubon.org/native-plants
PLT0176,,Vireos,Birds,broad_guild,,,Bird direct food,seed/grain,seed/grain,,Food,C - documented broad bird group,Audubon ZIP 78666 / Hays context,0.27,Central Texas Bird Audubon interactions,National Audubon Society,https://www.audubon.org/native-plants
PLT0176,,Waxwings,Birds,broad_guild,,,Bird direct food,nectar,flower nectar,,Food,C - documented broad bird group,Audubon ZIP 78666 / Hays context,0.27,Central Texas Bird Audubon interactions,National Audubon Society,https://www.audubon.org/native-plants
PLT0176,,Vireos,Birds,broad_guild,,,Bird direct food,fruit,fruit,,Food,C - documented broad bird group,Audubon ZIP 78666 / Hays context,0.27,Central Texas Bird Audubon interactions,National Audubon Society,https://www.audubon.org/native-plants
PLT0176,,Warblers,Birds,broad_guild,,,Bird direct food,seed/grain,seed/grain,,Food,C - documented broad bird group,Audubon ZIP 78666 / Hays context,0.27,Central Texas Bird Audubon interactions,National Audubon Society,https://www.audubon.org/native-plants
PLT0176,,Warblers,Birds,broad_guild,,,Bird direct food,nectar,flower nectar,,Food,C - documented broad bird group,Audubon ZIP 78666 / Hays context,0.27,Central Texas Bird Audubon interactions,National Audubon Society,https://www.audubon.org/native-plants
PLT0176,,Waxwings,Birds,broad_guild,,,Bird direct food,fruit,fruit,,Food,C - documented broad bird group,Audubon ZIP 78666 / Hays context,0.27,Central Texas Bird Audubon interactions,National Audubon Society,https://www.audubon.org/native-plants
PLT0176,,Chickadees,Birds,broad_guild,,,Bird direct food,fruit,fruit,,Food,C - documented broad bird group,Audubon ZIP 78666 / Hays context,0.27,Central Texas Bird Audubon interactions,National Audubon Society,https://www.audubon.org/native-plants
PLT0176,,Warblers,Birds,broad_guild,,,Bird direct food,fruit,fruit,,Food,C - documented broad bird group,Audubon ZIP 78666 / Hays context,0.27,Central Texas Bird Audubon interactions,National Audubon Society,https://www.audubon.org/native-plants
PLT0176,,Cardinals,Birds,broad_guild,,,Bird direct food,nectar,flower nectar,,Food,C - documented broad bird group,Audubon ZIP 78666 / Hays context,0.27,Central Texas Bird Audubon interactions,National Audubon Society,https://www.audubon.org/native-plants
PLT0176,,Chickadees,Birds,broad_guild,,,Bird direct food,nectar,flower nectar,,Food,C - documented broad bird group,Audubon ZIP 78666 / Hays context,0.27,Central Texas Bird Audubon interactions,National Audubon Society,https://www.audubon.org/native-plants
PLT0176,,Vireos,Birds,broad_guild,,,Bird direct food,nectar,flower nectar,,Food,C - documented broad bird group,Audubon ZIP 78666 / Hays context,0.27,Central Texas Bird Audubon interactions,National Audubon Society,https://www.audubon.org/native-plants
PLT0176,,Crows,Birds,broad_guild,,,Bird direct food,fruit,fruit,,Food,C - documented broad bird group,Audubon ZIP 78666 / Hays context,0.27,Central Texas Bird Audubon interactions,National Audubon Society,https://www.audubon.org/native-plants
PLT0176,,Crows,Birds,broad_guild,,,Bird direct food,seed/grain,seed/grain,,Food,C - documented broad bird group,Audubon ZIP 78666 / Hays context,0.27,Central Texas Bird Audubon interactions,National Audubon Society,https://www.audubon.org/native-plants
PLT0176,,Crows,Birds,broad_guild,,,Bird direct food,nectar,flower nectar,,Food,C - documented broad bird group,Audubon ZIP 78666 / Hays context,0.27,Central Texas Bird Audubon interactions,National Audubon Society,https://www.audubon.org/native-plants
PLT0176,,Finches,Birds,broad_guild,,,Bird direct food,nectar,flower nectar,,Food,C - documented broad bird group,Audubon ZIP 78666 / Hays context,0.27,Central Texas Bird Audubon interactions,National Audubon Society,https://www.audubon.org/native-plants
PLT0176,,Grosbeaks,Birds,broad_guild,,,Bird direct food,seed/grain,seed/grain,,Food,C - documented broad bird group,Audubon ZIP 78666 / Hays context,0.27,Central Texas Bird Audubon interactions,National Audubon Society,https://www.audubon.org/native-plants
PLT0176,,Wood Warblers,Birds,broad_guild,,,Bird direct food,seed/grain,seed/grain,,Food,C - documented broad bird group,Audubon ZIP 78666 / Hays context,0.27,Central Texas Bird Audubon interactions,National Audubon Society,https://www.audubon.org/native-plants
PLT0176,,Cardinals,Birds,broad_guild,,,Bird direct food,fruit,fruit,,Food,C - documented broad bird group,Audubon ZIP 78666 / Hays context,0.27,Central Texas Bird Audubon interactions,National Audubon Society,https://www.audubon.org/native-plants
PLT0176,,Cardinals,Birds,broad_guild,,,Bird direct food,seed/grain,seed/grain,,Food,C - documented broad bird group,Audubon ZIP 78666 / Hays context,0.27,Central Texas Bird Audubon interactions,National Audubon Society,https://www.audubon.org/native-plants
PLT0176,,Hummingbirds,Birds,broad_guild,,,Bird direct food,fruit,fruit,,Food,C - documented broad bird group,Audubon ZIP 78666 / Hays context,0.27,Central Texas Bird Audubon interactions,National Audubon Society,https://www.audubon.org/native-plants
PLT0176,,Jays,Birds,broad_guild,,,Bird direct food,seed/grain,seed/grain,,Food,C - documented broad bird group,Audubon ZIP 78666 / Hays context,0.27,Central Texas Bird Audubon interactions,National Audubon Society,https://www.audubon.org/native-plants
PLT0176,,Jays,Birds,broad_guild,,,Bird direct food,nectar,flower nectar,,Food,C - documented broad bird group,Audubon ZIP 78666 / Hays context,0.27,Central Texas Bird Audubon interactions,National Audubon Society,https://www.audubon.org/native-plants
PLT0176,,Grosbeaks,Birds,broad_guild,,,Bird direct food,nectar,flower nectar,,Food,C - documented broad bird group,Audubon ZIP 78666 / Hays context,0.27,Central Texas Bird Audubon interactions,National Audubon Society,https://www.audubon.org/native-plants
PLT0176,,Hummingbirds,Birds,broad_guild,,,Bird direct food,seed/grain,seed/grain,,Food,C - documented broad bird group,Audubon ZIP 78666 / Hays context,0.27,Central Texas Bird Audubon interactions,National Audubon Society,https://www.audubon.org/native-plants
PLT0176,,Hummingbirds,Birds,broad_guild,,,Bird direct food,nectar,flower nectar,,Food,C - documented broad bird group,Audubon ZIP 78666 / Hays context,0.27,Central Texas Bird Audubon interactions,National Audubon Society,https://www.audubon.org/native-plants
PLT0176,,Jays,Birds,broad_guild,,,Bird direct food,fruit,fruit,,Food,C - documented broad bird group,Audubon ZIP 78666 / Hays context,0.27,Central Texas Bird Audubon interactions,National Audubon Society,https://www.audubon.org/native-plants
PLT0182,,Vireos,Birds,broad_guild,,,Bird direct food,seed/grain,seed/grain,,Food,C - documented broad bird group,Audubon ZIP 78666 / Hays context,0.27,Central Texas Bird Audubon interactions,National Audubon Society,https://www.audubon.org/native-plants
PLT0182,,Sparrows,Birds,broad_guild,,,Bird direct food,nectar,flower nectar,,Food,C - documented broad bird group,Audubon ZIP 78666 / Hays context,0.27,Central Texas Bird Audubon interactions,National Audubon Society,https://www.audubon.org/native-plants
PLT0182,,Thrashers,Birds,broad_guild,,,Bird direct food,fruit,fruit,,Food,C - documented broad bird group,Audubon ZIP 78666 / Hays context,0.27,Central Texas Bird Audubon interactions,National Audubon Society,https://www.audubon.org/native-plants
PLT0182,,Waxwings,Birds,broad_guild,,,Bird direct food,nectar,flower nectar,,Food,C - documented broad bird group,Audubon ZIP 78666 / Hays context,0.27,Central Texas Bird Audubon interactions,National Audubon Society,https://www.audubon.org/native-plants
PLT0182,,Wood Warblers,Birds,broad_guild,,,Bird direct food,fruit,fruit,,Food,C - documented broad bird group,Audubon ZIP 78666 / Hays context,0.27,Central Texas Bird Audubon interactions,National Audubon Society,https://www.audubon.org/native-plants
PLT0182,,Thrushes,Birds,broad_guild,,,Bird direct food,seed/grain,seed/grain,,Food,C - documented broad bird group,Audubon ZIP 78666 / Hays context,0.27,Central Texas Bird Audubon interactions,National Audubon Society,https://www.audubon.org/native-plants
PLT0182,,Jays,Birds,broad_guild,,,Bird direct food,fruit,fruit,,Food,C - documented broad bird group,Audubon ZIP 78666 / Hays context,0.27,Central Texas Bird Audubon interactions,National Audubon Society,https://www.audubon.org/native-plants
PLT0182,,Buntings,Birds,broad_guild,,,Bird direct food,seed/grain,seed/grain,,Food,C - documented broad bird group,Audubon ZIP 78666 / Hays context,0.27,Central Texas Bird Audubon interactions,National Audubon Society,https://www.audubon.org/native-plants
PLT0182,,Buntings,Birds,broad_guild,,,Bird direct food,nectar,flower nectar,,Food,C - documented broad bird group,Audubon ZIP 78666 / Hays context,0.27,Central Texas Bird Audubon interactions,National Audubon Society,https://www.audubon.org/native-plants
PLT0182,,Hummingbirds,Birds,broad_guild,,,Bird direct food,nectar,flower nectar,,Food,C - documented broad bird group,Audubon ZIP 78666 / Hays context,0.27,Central Texas Bird Audubon interactions,National Audubon Society,https://www.audubon.org/native-plants
PLT0182,,Buntings,Birds,broad_guild,,,Bird direct food,fruit,fruit,,Food,C - documented broad bird group,Audubon ZIP 78666 / Hays context,0.27,Central Texas Bird Audubon interactions,National Audubon Society,https://www.audubon.org/native-plants
PLT0182,,Wrens,Birds,broad_guild,,,Bird direct food,nectar,flower nectar,,Food,C - documented broad bird group,Audubon ZIP 78666 / Hays context,0.27,Central Texas Bird Audubon interactions,National Audubon Society,https://www.audubon.org/native-plants
PLT0182,,Thrushes,Birds,broad_guild,,,Bird direct food,fruit,fruit,,Food,C - documented broad bird group,Audubon ZIP 78666 / Hays context,0.27,Central Texas Bird Audubon interactions,National Audubon Society,https://www.audubon.org/native-plants
PLT0182,,Thrushes,Birds,broad_guild,,,Bird direct food,nectar,flower nectar,,Food,C - documented broad bird group,Audubon ZIP 78666 / Hays context,0.27,Central Texas Bird Audubon interactions,National Audubon Society,https://www.audubon.org/native-plants
PLT0182,,Titmice,Birds,broad_guild,,,Bird direct food,fruit,fruit,,Food,C - documented broad bird group,Audubon ZIP 78666 / Hays context,0.27,Central Texas Bird Audubon interactions,National Audubon Society,https://www.audubon.org/native-plants
PLT0182,,Titmice,Birds,broad_guild,,,Bird direct food,seed/grain,seed/grain,,Food,C - documented broad bird group,Audubon ZIP 78666 / Hays context,0.27,Central Texas Bird Audubon interactions,National Audubon Society,https://www.audubon.org/native-plants
PLT0182,,Titmice,Birds,broad_guild,,,Bird direct food,nectar,flower nectar,,Food,C - documented broad bird group,Audubon ZIP 78666 / Hays context,0.27,Central Texas Bird Audubon interactions,National Audubon Society,https://www.audubon.org/native-plants
PLT0182,,Waxwings,Birds,broad_guild,,,Bird direct food,fruit,fruit,,Food,C - documented broad bird group,Audubon ZIP 78666 / Hays context,0.27,Central Texas Bird Audubon interactions,National Audubon Society,https://www.audubon.org/native-plants
PLT0182,,Waxwings,Birds,broad_guild,,,Bird direct food,seed/grain,seed/grain,,Food,C - documented broad bird group,Audubon ZIP 78666 / Hays context,0.27,Central Texas Bird Audubon interactions,National Audubon Society,https://www.audubon.org/native-plants
PLT0182,,Woodpeckers,Birds,broad_guild,,,Bird direct food,nectar,flower nectar,,Food,C - documented broad bird group,Audubon ZIP 78666 / Hays context,0.27,Central Texas Bird Audubon interactions,National Audubon Society,https://www.audubon.org/native-plants
PLT0182,,Wrens,Birds,broad_guild,,,Bird direct food,fruit,fruit,,Food,C - documented broad bird group,Audubon ZIP 78666 / Hays context,0.27,Central Texas Bird Audubon interactions,National Audubon Society,https://www.audubon.org/native-plants
PLT0182,,Cardinals,Birds,broad_guild,,,Bird direct food,seed/grain,seed/grain,,Food,C - documented broad bird group,Audubon ZIP 78666 / Hays context,0.27,Central Texas Bird Audubon interactions,National Audubon Society,https://www.audubon.org/native-plants
PLT0182,,Warblers,Birds,broad_guild,,,Bird direct food,fruit,fruit,,Food,C - documented broad bird group,Audubon ZIP 78666 / Hays context,0.27,Central Texas Bird Audubon interactions,National Audubon Society,https://www.audubon.org/native-plants
PLT0182,,Warblers,Birds,broad_guild,,,Bird direct food,seed/grain,seed/grain,,Food,C - documented broad bird group,Audubon ZIP 78666 / Hays context,0.27,Central Texas Bird Audubon interactions,National Audubon Society,https://www.audubon.org/native-plants
PLT0182,,Warblers,Birds,broad_guild,,,Bird direct food,nectar,flower nectar,,Food,C - documented broad bird group,Audubon ZIP 78666 / Hays context,0.27,Central Texas Bird Audubon interactions,National Audubon Society,https://www.audubon.org/native-plants
PLT0182,,Thrashers,Birds,broad_guild,,,Bird direct food,seed/grain,seed/grain,,Food,C - documented broad bird group,Audubon ZIP 78666 / Hays context,0.27,Central Texas Bird Audubon interactions,National Audubon Society,https://www.audubon.org/native-plants
PLT0182,,Thrashers,Birds,broad_guild,,,Bird direct food,nectar,flower nectar,,Food,C - documented broad bird group,Audubon ZIP 78666 / Hays context,0.27,Central Texas Bird Audubon interactions,National Audubon Society,https://www.audubon.org/native-plants
PLT0182,,Vireos,Birds,broad_guild,,,Bird direct food,fruit,fruit,,Food,C - documented broad bird group,Audubon ZIP 78666 / Hays context,0.27,Central Texas Bird Audubon interactions,National Audubon Society,https://www.audubon.org/native-plants
PLT0182,,Vireos,Birds,broad_guild,,,Bird direct food,nectar,flower nectar,,Food,C - documented broad bird group,Audubon ZIP 78666 / Hays context,0.27,Central Texas Bird Audubon interactions,National Audubon Society,https://www.audubon.org/native-plants
PLT0182,,Mockingbirds,Birds,broad_guild,,,Bird direct food,fruit,fruit,,Food,C - documented broad bird group,Audubon ZIP 78666 / Hays context,0.27,Central Texas Bird Audubon interactions,National Audubon Society,https://www.audubon.org/native-plants
PLT0182,,Mockingbirds,Birds,broad_guild,,,Bird direct food,seed/grain,seed/grain,,Food,C - documented broad bird group,Audubon ZIP 78666 / Hays context,0.27,Central Texas Bird Audubon interactions,National Audubon Society,https://www.audubon.org/native-plants
PLT0182,,Mockingbirds,Birds,broad_guild,,,Bird direct food,nectar,flower nectar,,Food,C - documented broad bird group,Audubon ZIP 78666 / Hays context,0.27,Central Texas Bird Audubon interactions,National Audubon Society,https://www.audubon.org/native-plants
PLT0182,,Nuthatches,Birds,broad_guild,,,Bird direct food,fruit,fruit,,Food,C - documented broad bird group,Audubon ZIP 78666 / Hays context,0.27,Central Texas Bird Audubon interactions,National Audubon Society,https://www.audubon.org/native-plants
PLT0182,,Finches,Birds,broad_guild,,,Bird direct food,nectar,flower nectar,,Food,C - documented broad bird group,Audubon ZIP 78666 / Hays context,0.27,Central Texas Bird Audubon interactions,National Audubon Society,https://www.audubon.org/native-plants
PLT0182,,Grosbeaks,Birds,broad_guild,,,Bird direct food,fruit,fruit,,Food,C - documented broad bird group,Audubon ZIP 78666 / Hays context,0.27,Central Texas Bird Audubon interactions,National Audubon Society,https://www.audubon.org/native-plants
PLT0182,,Orioles,Birds,broad_guild,,,Bird direct food,nectar,flower nectar,,Food,C - documented broad bird group,Audubon ZIP 78666 / Hays context,0.27,Central Texas Bird Audubon interactions,National Audubon Society,https://www.audubon.org/native-plants
PLT0182,,Sparrows,Birds,broad_guild,,,Bird direct food,fruit,fruit,,Food,C - documented broad bird group,Audubon ZIP 78666 / Hays context,0.27,Central Texas Bird Audubon interactions,National Audubon Society,https://www.audubon.org/native-plants
PLT0182,,Sparrows,Birds,broad_guild,,,Bird direct food,seed/grain,seed/grain,,Food,C - documented broad bird group,Audubon ZIP 78666 / Hays context,0.27,Central Texas Bird Audubon interactions,National Audubon Society,https://www.audubon.org/native-plants
PLT0182,,Jays,Birds,broad_guild,,,Bird direct food,seed/grain,seed/grain,,Food,C - documented broad bird group,Audubon ZIP 78666 / Hays context,0.27,Central Texas Bird Audubon interactions,National Audubon Society,https://www.audubon.org/native-plants
PLT0182,,Jays,Birds,broad_guild,,,Bird direct food,nectar,flower nectar,,Food,C - documented broad bird group,Audubon ZIP 78666 / Hays context,0.27,Central Texas Bird Audubon interactions,National Audubon Society,https://www.audubon.org/native-plants
PLT0182,,Nuthatches,Birds,broad_guild,,,Bird direct food,nectar,flower nectar,,Food,C - documented broad bird group,Audubon ZIP 78666 / Hays context,0.27,Central Texas Bird Audubon interactions,National Audubon Society,https://www.audubon.org/native-plants
PLT0182,,Orioles,Birds,broad_guild,,,Bird direct food,seed/grain,seed/grain,,Food,C - documented broad bird group,Audubon ZIP 78666 / Hays context,0.27,Central Texas Bird Audubon interactions,National Audubon Society,https://www.audubon.org/native-plants
PLT0182,,Crows,Birds,broad_guild,,,Bird direct food,nectar,flower nectar,,Food,C - documented broad bird group,Audubon ZIP 78666 / Hays context,0.27,Central Texas Bird Audubon interactions,National Audubon Society,https://www.audubon.org/native-plants
PLT0182,,Nuthatches,Birds,broad_guild,,,Bird direct food,seed/grain,seed/grain,,Food,C - documented broad bird group,Audubon ZIP 78666 / Hays context,0.27,Central Texas Bird Audubon interactions,National Audubon Society,https://www.audubon.org/native-plants
PLT0182,,Grosbeaks,Birds,broad_guild,,,Bird direct food,seed/grain,seed/grain,,Food,C - documented broad bird group,Audubon ZIP 78666 / Hays context,0.27,Central Texas Bird Audubon interactions,National Audubon Society,https://www.audubon.org/native-plants
PLT0182,,Grosbeaks,Birds,broad_guild,,,Bird direct food,nectar,flower nectar,,Food,C - documented broad bird group,Audubon ZIP 78666 / Hays context,0.27,Central Texas Bird Audubon interactions,National Audubon Society,https://www.audubon.org/native-plants
PLT0182,,Hummingbirds,Birds,broad_guild,,,Bird direct food,fruit,fruit,,Food,C - documented broad bird group,Audubon ZIP 78666 / Hays context,0.27,Central Texas Bird Audubon interactions,National Audubon Society,https://www.audubon.org/native-plants
PLT0182,,Hummingbirds,Birds,broad_guild,,,Bird direct food,seed/grain,seed/grain,,Food,C - documented broad bird group,Audubon ZIP 78666 / Hays context,0.27,Central Texas Bird Audubon interactions,National Audubon Society,https://www.audubon.org/native-plants
PLT0182,,Orioles,Birds,broad_guild,,,Bird direct food,fruit,fruit,,Food,C - documented broad bird group,Audubon ZIP 78666 / Hays context,0.27,Central Texas Bird Audubon interactions,National Audubon Society,https://www.audubon.org/native-plants
PLT0182,,Finches,Birds,broad_guild,,,Bird direct food,fruit,fruit,,Food,C - documented broad bird group,Audubon ZIP 78666 / Hays context,0.27,Central Texas Bird Audubon interactions,National Audubon Society,https://www.audubon.org/native-plants
PLT0182,,Wood Warblers,Birds,broad_guild,,,Bird direct food,seed/grain,seed/grain,,Food,C - documented broad bird group,Audubon ZIP 78666 / Hays context,0.27,Central Texas Bird Audubon interactions,National Audubon Society,https://www.audubon.org/native-plants
PLT0182,,Woodpeckers,Birds,broad_guild,,,Bird direct food,fruit,fruit,,Food,C - documented broad bird group,Audubon ZIP 78666 / Hays context,0.27,Central Texas Bird Audubon interactions,National Audubon Society,https://www.audubon.org/native-plants
PLT0182,,Woodpeckers,Birds,broad_guild,,,Bird direct food,seed/grain,seed/grain,,Food,C - documented broad bird group,Audubon ZIP 78666 / Hays context,0.27,Central Texas Bird Audubon interactions,National Audubon Society,https://www.audubon.org/native-plants
PLT0182,,Cardinals,Birds,broad_guild,,,Bird direct food,fruit,fruit,,Food,C - documented broad bird group,Audubon ZIP 78666 / Hays context,0.27,Central Texas Bird Audubon interactions,National Audubon Society,https://www.audubon.org/native-plants
PLT0182,,Cardinals,Birds,broad_guild,,,Bird direct food,nectar,flower nectar,,Food,C - documented broad bird group,Audubon ZIP 78666 / Hays context,0.27,Central Texas Bird Audubon interactions,National Audubon Society,https://www.audubon.org/native-plants
PLT0182,,Wrens,Birds,broad_guild,,,Bird direct food,seed/grain,seed/grain,,Food,C - documented broad bird group,Audubon ZIP 78666 / Hays context,0.27,Central Texas Bird Audubon interactions,National Audubon Society,https://www.audubon.org/native-plants
PLT0182,,Finches,Birds,broad_guild,,,Bird direct food,seed/grain,seed/grain,,Food,C - documented broad bird group,Audubon ZIP 78666 / Hays context,0.27,Central Texas Bird Audubon interactions,National Audubon Society,https://www.audubon.org/native-plants
PLT0182,,Chickadees,Birds,broad_guild,,,Bird direct food,fruit,fruit,,Food,C - documented broad bird group,Audubon ZIP 78666 / Hays context,0.27,Central Texas Bird Audubon interactions,National Audubon Society,https://www.audubon.org/native-plants
PLT0182,,Chickadees,Birds,broad_guild,,,Bird direct food,seed/grain,seed/grain,,Food,C - documented broad bird group,Audubon ZIP 78666 / Hays context,0.27,Central Texas Bird Audubon interactions,National Audubon Society,https://www.audubon.org/native-plants
PLT0182,,Chickadees,Birds,broad_guild,,,Bird direct food,nectar,flower nectar,,Food,C - documented broad bird group,Audubon ZIP 78666 / Hays context,0.27,Central Texas Bird Audubon interactions,National Audubon Society,https://www.audubon.org/native-plants
PLT0182,,Crows,Birds,broad_guild,,,Bird direct food,fruit,fruit,,Food,C - documented broad bird group,Audubon ZIP 78666 / Hays context,0.27,Central Texas Bird Audubon interactions,National Audubon Society,https://www.audubon.org/native-plants
PLT0182,,Crows,Birds,broad_guild,,,Bird direct food,seed/grain,seed/grain,,Food,C - documented broad bird group,Audubon ZIP 78666 / Hays context,0.27,Central Texas Bird Audubon interactions,National Audubon Society,https://www.audubon.org/native-plants
PLT0182,,Wood Warblers,Birds,broad_guild,,,Bird direct food,nectar,flower nectar,,Food,C - documented broad bird group,Audubon ZIP 78666 / Hays context,0.27,Central Texas Bird Audubon interactions,National Audubon Society,https://www.audubon.org/native-plants
PLT0184,,Wrens,Birds,broad_guild,,,Bird direct food,seed/grain,seed/grain,,Food,C - documented broad bird group,Audubon ZIP 78666 / Hays context,0.27,Central Texas Bird Audubon interactions,National Audubon Society,https://www.audubon.org/native-plants
PLT0184,,Wrens,Birds,broad_guild,,,Bird direct food,nectar,flower nectar,,Food,C - documented broad bird group,Audubon ZIP 78666 / Hays context,0.27,Central Texas Bird Audubon interactions,National Audubon Society,https://www.audubon.org/native-plants
PLT0184,,Woodpeckers,Birds,broad_guild,,,Bird direct food,seed/grain,seed/grain,,Food,C - documented broad bird group,Audubon ZIP 78666 / Hays context,0.27,Central Texas Bird Audubon interactions,National Audubon Society,https://www.audubon.org/native-plants
PLT0184,,Sparrows,Birds,broad_guild,,,Bird direct food,fruit,fruit,,Food,C - documented broad bird group,Audubon ZIP 78666 / Hays context,0.27,Central Texas Bird Audubon interactions,National Audubon Society,https://www.audubon.org/native-plants
PLT0184,,Wrens,Birds,broad_guild,,,Bird direct food,fruit,fruit,,Food,C - documented broad bird group,Audubon ZIP 78666 / Hays context,0.27,Central Texas Bird Audubon interactions,National Audubon Society,https://www.audubon.org/native-plants
PLT0184,,Thrushes,Birds,broad_guild,,,Bird direct food,nectar,flower nectar,,Food,C - documented broad bird group,Audubon ZIP 78666 / Hays context,0.27,Central Texas Bird Audubon interactions,National Audubon Society,https://www.audubon.org/native-plants
PLT0184,,Nuthatches,Birds,broad_guild,,,Bird direct food,nectar,flower nectar,,Food,C - documented broad bird group,Audubon ZIP 78666 / Hays context,0.27,Central Texas Bird Audubon interactions,National Audubon Society,https://www.audubon.org/native-plants
PLT0184,,Orioles,Birds,broad_guild,,,Bird direct food,fruit,fruit,,Food,C - documented broad bird group,Audubon ZIP 78666 / Hays context,0.27,Central Texas Bird Audubon interactions,National Audubon Society,https://www.audubon.org/native-plants
PLT0184,,Orioles,Birds,broad_guild,,,Bird direct food,seed/grain,seed/grain,,Food,C - documented broad bird group,Audubon ZIP 78666 / Hays context,0.27,Central Texas Bird Audubon interactions,National Audubon Society,https://www.audubon.org/native-plants
PLT0184,,Orioles,Birds,broad_guild,,,Bird direct food,nectar,flower nectar,,Food,C - documented broad bird group,Audubon ZIP 78666 / Hays context,0.27,Central Texas Bird Audubon interactions,National Audubon Society,https://www.audubon.org/native-plants
PLT0184,,Titmice,Birds,broad_guild,,,Bird direct food,nectar,flower nectar,,Food,C - documented broad bird group,Audubon ZIP 78666 / Hays context,0.27,Central Texas Bird Audubon interactions,National Audubon Society,https://www.audubon.org/native-plants
PLT0184,,Thrashers,Birds,broad_guild,,,Bird direct food,nectar,flower nectar,,Food,C - documented broad bird group,Audubon ZIP 78666 / Hays context,0.27,Central Texas Bird Audubon interactions,National Audubon Society,https://www.audubon.org/native-plants
PLT0184,,Thrushes,Birds,broad_guild,,,Bird direct food,fruit,fruit,,Food,C - documented broad bird group,Audubon ZIP 78666 / Hays context,0.27,Central Texas Bird Audubon interactions,National Audubon Society,https://www.audubon.org/native-plants
PLT0184,,Thrushes,Birds,broad_guild,,,Bird direct food,seed/grain,seed/grain,,Food,C - documented broad bird group,Audubon ZIP 78666 / Hays context,0.27,Central Texas Bird Audubon interactions,National Audubon Society,https://www.audubon.org/native-plants
PLT0184,,Wood Warblers,Birds,broad_guild,,,Bird direct food,nectar,flower nectar,,Food,C - documented broad bird group,Audubon ZIP 78666 / Hays context,0.27,Central Texas Bird Audubon interactions,National Audubon Society,https://www.audubon.org/native-plants
PLT0184,,Woodpeckers,Birds,broad_guild,,,Bird direct food,fruit,fruit,,Food,C - documented broad bird group,Audubon ZIP 78666 / Hays context,0.27,Central Texas Bird Audubon interactions,National Audubon Society,https://www.audubon.org/native-plants
PLT0184,,Warblers,Birds,broad_guild,,,Bird direct food,nectar,flower nectar,,Food,C - documented broad bird group,Audubon ZIP 78666 / Hays context,0.27,Central Texas Bird Audubon interactions,National Audubon Society,https://www.audubon.org/native-plants
PLT0184,,Vireos,Birds,broad_guild,,,Bird direct food,fruit,fruit,,Food,C - documented broad bird group,Audubon ZIP 78666 / Hays context,0.27,Central Texas Bird Audubon interactions,National Audubon Society,https://www.audubon.org/native-plants
PLT0184,,Vireos,Birds,broad_guild,,,Bird direct food,seed/grain,seed/grain,,Food,C - documented broad bird group,Audubon ZIP 78666 / Hays context,0.27,Central Texas Bird Audubon interactions,National Audubon Society,https://www.audubon.org/native-plants
PLT0184,,Vireos,Birds,broad_guild,,,Bird direct food,nectar,flower nectar,,Food,C - documented broad bird group,Audubon ZIP 78666 / Hays context,0.27,Central Texas Bird Audubon interactions,National Audubon Society,https://www.audubon.org/native-plants
PLT0184,,Warblers,Birds,broad_guild,,,Bird direct food,fruit,fruit,,Food,C - documented broad bird group,Audubon ZIP 78666 / Hays context,0.27,Central Texas Bird Audubon interactions,National Audubon Society,https://www.audubon.org/native-plants
PLT0184,,Warblers,Birds,broad_guild,,,Bird direct food,seed/grain,seed/grain,,Food,C - documented broad bird group,Audubon ZIP 78666 / Hays context,0.27,Central Texas Bird Audubon interactions,National Audubon Society,https://www.audubon.org/native-plants
PLT0184,,Waxwings,Birds,broad_guild,,,Bird direct food,fruit,fruit,,Food,C - documented broad bird group,Audubon ZIP 78666 / Hays context,0.27,Central Texas Bird Audubon interactions,National Audubon Society,https://www.audubon.org/native-plants
PLT0184,,Mockingbirds,Birds,broad_guild,,,Bird direct food,nectar,flower nectar,,Food,C - documented broad bird group,Audubon ZIP 78666 / Hays context,0.27,Central Texas Bird Audubon interactions,National Audubon Society,https://www.audubon.org/native-plants
PLT0184,,Grosbeaks,Birds,broad_guild,,,Bird direct food,nectar,flower nectar,,Food,C - documented broad bird group,Audubon ZIP 78666 / Hays context,0.27,Central Texas Bird Audubon interactions,National Audubon Society,https://www.audubon.org/native-plants
PLT0184,,Finches,Birds,broad_guild,,,Bird direct food,fruit,fruit,,Food,C - documented broad bird group,Audubon ZIP 78666 / Hays context,0.27,Central Texas Bird Audubon interactions,National Audubon Society,https://www.audubon.org/native-plants
PLT0184,,Finches,Birds,broad_guild,,,Bird direct food,seed/grain,seed/grain,,Food,C - documented broad bird group,Audubon ZIP 78666 / Hays context,0.27,Central Texas Bird Audubon interactions,National Audubon Society,https://www.audubon.org/native-plants
PLT0184,,Finches,Birds,broad_guild,,,Bird direct food,nectar,flower nectar,,Food,C - documented broad bird group,Audubon ZIP 78666 / Hays context,0.27,Central Texas Bird Audubon interactions,National Audubon Society,https://www.audubon.org/native-plants
PLT0184,,Woodpeckers,Birds,broad_guild,,,Bird direct food,nectar,flower nectar,,Food,C - documented broad bird group,Audubon ZIP 78666 / Hays context,0.27,Central Texas Bird Audubon interactions,National Audubon Society,https://www.audubon.org/native-plants
PLT0184,,Sparrows,Birds,broad_guild,,,Bird direct food,seed/grain,seed/grain,,Food,C - documented broad bird group,Audubon ZIP 78666 / Hays context,0.27,Central Texas Bird Audubon interactions,National Audubon Society,https://www.audubon.org/native-plants
PLT0184,,Hummingbirds,Birds,broad_guild,,,Bird direct food,fruit,fruit,,Food,C - documented broad bird group,Audubon ZIP 78666 / Hays context,0.27,Central Texas Bird Audubon interactions,National Audubon Society,https://www.audubon.org/native-plants
PLT0184,,Hummingbirds,Birds,broad_guild,,,Bird direct food,seed/grain,seed/grain,,Food,C - documented broad bird group,Audubon ZIP 78666 / Hays context,0.27,Central Texas Bird Audubon interactions,National Audubon Society,https://www.audubon.org/native-plants
PLT0184,,Cardinals,Birds,broad_guild,,,Bird direct food,seed/grain,seed/grain,,Food,C - documented broad bird group,Audubon ZIP 78666 / Hays context,0.27,Central Texas Bird Audubon interactions,National Audubon Society,https://www.audubon.org/native-plants
PLT0184,,Cardinals,Birds,broad_guild,,,Bird direct food,nectar,flower nectar,,Food,C - documented broad bird group,Audubon ZIP 78666 / Hays context,0.27,Central Texas Bird Audubon interactions,National Audubon Society,https://www.audubon.org/native-plants
PLT0184,,Chickadees,Birds,broad_guild,,,Bird direct food,fruit,fruit,,Food,C - documented broad bird group,Audubon ZIP 78666 / Hays context,0.27,Central Texas Bird Audubon interactions,National Audubon Society,https://www.audubon.org/native-plants
PLT0184,,Chickadees,Birds,broad_guild,,,Bird direct food,seed/grain,seed/grain,,Food,C - documented broad bird group,Audubon ZIP 78666 / Hays context,0.27,Central Texas Bird Audubon interactions,National Audubon Society,https://www.audubon.org/native-plants
PLT0184,,Chickadees,Birds,broad_guild,,,Bird direct food,nectar,flower nectar,,Food,C - documented broad bird group,Audubon ZIP 78666 / Hays context,0.27,Central Texas Bird Audubon interactions,National Audubon Society,https://www.audubon.org/native-plants
PLT0184,,Thrashers,Birds,broad_guild,,,Bird direct food,seed/grain,seed/grain,,Food,C - documented broad bird group,Audubon ZIP 78666 / Hays context,0.27,Central Texas Bird Audubon interactions,National Audubon Society,https://www.audubon.org/native-plants
PLT0184,,Wood Warblers,Birds,broad_guild,,,Bird direct food,fruit,fruit,,Food,C - documented broad bird group,Audubon ZIP 78666 / Hays context,0.27,Central Texas Bird Audubon interactions,National Audubon Society,https://www.audubon.org/native-plants
PLT0184,,Jays,Birds,broad_guild,,,Bird direct food,fruit,fruit,,Food,C - documented broad bird group,Audubon ZIP 78666 / Hays context,0.27,Central Texas Bird Audubon interactions,National Audubon Society,https://www.audubon.org/native-plants
PLT0184,,Sparrows,Birds,broad_guild,,,Bird direct food,nectar,flower nectar,,Food,C - documented broad bird group,Audubon ZIP 78666 / Hays context,0.27,Central Texas Bird Audubon interactions,National Audubon Society,https://www.audubon.org/native-plants
PLT0184,,Thrashers,Birds,broad_guild,,,Bird direct food,fruit,fruit,,Food,C - documented broad bird group,Audubon ZIP 78666 / Hays context,0.27,Central Texas Bird Audubon interactions,National Audubon Society,https://www.audubon.org/native-plants
PLT0184,,Jays,Birds,broad_guild,,,Bird direct food,nectar,flower nectar,,Food,C - documented broad bird group,Audubon ZIP 78666 / Hays context,0.27,Central Texas Bird Audubon interactions,National Audubon Society,https://www.audubon.org/native-plants
PLT0184,,Titmice,Birds,broad_guild,,,Bird direct food,fruit,fruit,,Food,C - documented broad bird group,Audubon ZIP 78666 / Hays context,0.27,Central Texas Bird Audubon interactions,National Audubon Society,https://www.audubon.org/native-plants
PLT0184,,Nuthatches,Birds,broad_guild,,,Bird direct food,fruit,fruit,,Food,C - documented broad bird group,Audubon ZIP 78666 / Hays context,0.27,Central Texas Bird Audubon interactions,National Audubon Society,https://www.audubon.org/native-plants
PLT0184,,Nuthatches,Birds,broad_guild,,,Bird direct food,seed/grain,seed/grain,,Food,C - documented broad bird group,Audubon ZIP 78666 / Hays context,0.27,Central Texas Bird Audubon interactions,National Audubon Society,https://www.audubon.org/native-plants
PLT0184,,Buntings,Birds,broad_guild,,,Bird direct food,nectar,flower nectar,,Food,C - documented broad bird group,Audubon ZIP 78666 / Hays context,0.27,Central Texas Bird Audubon interactions,National Audubon Society,https://www.audubon.org/native-plants
PLT0184,,Grosbeaks,Birds,broad_guild,,,Bird direct food,seed/grain,seed/grain,,Food,C - documented broad bird group,Audubon ZIP 78666 / Hays context,0.27,Central Texas Bird Audubon interactions,National Audubon Society,https://www.audubon.org/native-plants
PLT0184,,Crows,Birds,broad_guild,,,Bird direct food,fruit,fruit,,Food,C - documented broad bird group,Audubon ZIP 78666 / Hays context,0.27,Central Texas Bird Audubon interactions,National Audubon Society,https://www.audubon.org/native-plants
PLT0184,,Mockingbirds,Birds,broad_guild,,,Bird direct food,fruit,fruit,,Food,C - documented broad bird group,Audubon ZIP 78666 / Hays context,0.27,Central Texas Bird Audubon interactions,National Audubon Society,https://www.audubon.org/native-plants
PLT0184,,Mockingbirds,Birds,broad_guild,,,Bird direct food,seed/grain,seed/grain,,Food,C - documented broad bird group,Audubon ZIP 78666 / Hays context,0.27,Central Texas Bird Audubon interactions,National Audubon Society,https://www.audubon.org/native-plants
PLT0184,,Crows,Birds,broad_guild,,,Bird direct food,nectar,flower nectar,,Food,C - documented broad bird group,Audubon ZIP 78666 / Hays context,0.27,Central Texas Bird Audubon interactions,National Audubon Society,https://www.audubon.org/native-plants
PLT0184,,Wood Warblers,Birds,broad_guild,,,Bird direct food,seed/grain,seed/grain,,Food,C - documented broad bird group,Audubon ZIP 78666 / Hays context,0.27,Central Texas Bird Audubon interactions,National Audubon Society,https://www.audubon.org/native-plants
PLT0184,,Waxwings,Birds,broad_guild,,,Bird direct food,seed/grain,seed/grain,,Food,C - documented broad bird group,Audubon ZIP 78666 / Hays context,0.27,Central Texas Bird Audubon interactions,National Audubon Society,https://www.audubon.org/native-plants
PLT0184,,Grosbeaks,Birds,broad_guild,,,Bird direct food,fruit,fruit,,Food,C - documented broad bird group,Audubon ZIP 78666 / Hays context,0.27,Central Texas Bird Audubon interactions,National Audubon Society,https://www.audubon.org/native-plants
PLT0184,,Titmice,Birds,broad_guild,,,Bird direct food,seed/grain,seed/grain,,Food,C - documented broad bird group,Audubon ZIP 78666 / Hays context,0.27,Central Texas Bird Audubon interactions,National Audubon Society,https://www.audubon.org/native-plants
PLT0184,,Crows,Birds,broad_guild,,,Bird direct food,seed/grain,seed/grain,,Food,C - documented broad bird group,Audubon ZIP 78666 / Hays context,0.27,Central Texas Bird Audubon interactions,National Audubon Society,https://www.audubon.org/native-plants
PLT0184,,Buntings,Birds,broad_guild,,,Bird direct food,fruit,fruit,,Food,C - documented broad bird group,Audubon ZIP 78666 / Hays context,0.27,Central Texas Bird Audubon interactions,National Audubon Society,https://www.audubon.org/native-plants
PLT0184,,Buntings,Birds,broad_guild,,,Bird direct food,seed/grain,seed/grain,,Food,C - documented broad bird group,Audubon ZIP 78666 / Hays context,0.27,Central Texas Bird Audubon interactions,National Audubon Society,https://www.audubon.org/native-plants
PLT0184,,Waxwings,Birds,broad_guild,,,Bird direct food,nectar,flower nectar,,Food,C - documented broad bird group,Audubon ZIP 78666 / Hays context,0.27,Central Texas Bird Audubon interactions,National Audubon Society,https://www.audubon.org/native-plants
PLT0184,,Hummingbirds,Birds,broad_guild,,,Bird direct food,nectar,flower nectar,,Food,C - documented broad bird group,Audubon ZIP 78666 / Hays context,0.27,Central Texas Bird Audubon interactions,National Audubon Society,https://www.audubon.org/native-plants
PLT0184,,Jays,Birds,broad_guild,,,Bird direct food,seed/grain,seed/grain,,Food,C - documented broad bird group,Audubon ZIP 78666 / Hays context,0.27,Central Texas Bird Audubon interactions,National Audubon Society,https://www.audubon.org/native-plants
PLT0184,,Cardinals,Birds,broad_guild,,,Bird direct food,fruit,fruit,,Food,C - documented broad bird group,Audubon ZIP 78666 / Hays context,0.27,Central Texas Bird Audubon interactions,National Audubon Society,https://www.audubon.org/native-plants
PLT0193,,Orioles,Birds,broad_guild,,,Bird direct food,nectar,flower nectar,,Food,C - documented broad bird group,Audubon ZIP 78666 / Hays context,0.27,Central Texas Bird Audubon interactions,National Audubon Society,https://www.audubon.org/native-plants
PLT0193,,Nuthatches,Birds,broad_guild,,,Bird direct food,nectar,flower nectar,,Food,C - documented broad bird group,Audubon ZIP 78666 / Hays context,0.27,Central Texas Bird Audubon interactions,National Audubon Society,https://www.audubon.org/native-plants
PLT0193,,Nuthatches,Birds,broad_guild,,,Bird direct food,seed/grain,seed/grain,,Food,C - documented broad bird group,Audubon ZIP 78666 / Hays context,0.27,Central Texas Bird Audubon interactions,National Audubon Society,https://www.audubon.org/native-plants
PLT0193,,Vireos,Birds,broad_guild,,,Bird direct food,nectar,flower nectar,,Food,C - documented broad bird group,Audubon ZIP 78666 / Hays context,0.27,Central Texas Bird Audubon interactions,National Audubon Society,https://www.audubon.org/native-plants
PLT0193,,Sparrows,Birds,broad_guild,,,Bird direct food,seed/grain,seed/grain,,Food,C - documented broad bird group,Audubon ZIP 78666 / Hays context,0.27,Central Texas Bird Audubon interactions,National Audubon Society,https://www.audubon.org/native-plants
PLT0193,,Sparrows,Birds,broad_guild,,,Bird direct food,nectar,flower nectar,,Food,C - documented broad bird group,Audubon ZIP 78666 / Hays context,0.27,Central Texas Bird Audubon interactions,National Audubon Society,https://www.audubon.org/native-plants
PLT0193,,Waxwings,Birds,broad_guild,,,Bird direct food,fruit,fruit,,Food,C - documented broad bird group,Audubon ZIP 78666 / Hays context,0.27,Central Texas Bird Audubon interactions,National Audubon Society,https://www.audubon.org/native-plants
PLT0193,,Waxwings,Birds,broad_guild,,,Bird direct food,seed/grain,seed/grain,,Food,C - documented broad bird group,Audubon ZIP 78666 / Hays context,0.27,Central Texas Bird Audubon interactions,National Audubon Society,https://www.audubon.org/native-plants
PLT0193,,Waxwings,Birds,broad_guild,,,Bird direct food,nectar,flower nectar,,Food,C - documented broad bird group,Audubon ZIP 78666 / Hays context,0.27,Central Texas Bird Audubon interactions,National Audubon Society,https://www.audubon.org/native-plants
PLT0193,,Crows,Birds,broad_guild,,,Bird direct food,fruit,fruit,,Food,C - documented broad bird group,Audubon ZIP 78666 / Hays context,0.27,Central Texas Bird Audubon interactions,National Audubon Society,https://www.audubon.org/native-plants
PLT0193,,Crows,Birds,broad_guild,,,Bird direct food,nectar,flower nectar,,Food,C - documented broad bird group,Audubon ZIP 78666 / Hays context,0.27,Central Texas Bird Audubon interactions,National Audubon Society,https://www.audubon.org/native-plants
PLT0193,,Wood Warblers,Birds,broad_guild,,,Bird direct food,nectar,flower nectar,,Food,C - documented broad bird group,Audubon ZIP 78666 / Hays context,0.27,Central Texas Bird Audubon interactions,National Audubon Society,https://www.audubon.org/native-plants
PLT0193,,Woodpeckers,Birds,broad_guild,,,Bird direct food,fruit,fruit,,Food,C - documented broad bird group,Audubon ZIP 78666 / Hays context,0.27,Central Texas Bird Audubon interactions,National Audubon Society,https://www.audubon.org/native-plants
PLT0193,,Woodpeckers,Birds,broad_guild,,,Bird direct food,seed/grain,seed/grain,,Food,C - documented broad bird group,Audubon ZIP 78666 / Hays context,0.27,Central Texas Bird Audubon interactions,National Audubon Society,https://www.audubon.org/native-plants
PLT0193,,Wrens,Birds,broad_guild,,,Bird direct food,fruit,fruit,,Food,C - documented broad bird group,Audubon ZIP 78666 / Hays context,0.27,Central Texas Bird Audubon interactions,National Audubon Society,https://www.audubon.org/native-plants
PLT0193,,Woodpeckers,Birds,broad_guild,,,Bird direct food,nectar,flower nectar,,Food,C - documented broad bird group,Audubon ZIP 78666 / Hays context,0.27,Central Texas Bird Audubon interactions,National Audubon Society,https://www.audubon.org/native-plants
PLT0193,,Thrushes,Birds,broad_guild,,,Bird direct food,nectar,flower nectar,,Food,C - documented broad bird group,Audubon ZIP 78666 / Hays context,0.27,Central Texas Bird Audubon interactions,National Audubon Society,https://www.audubon.org/native-plants
PLT0193,,Titmice,Birds,broad_guild,,,Bird direct food,fruit,fruit,,Food,C - documented broad bird group,Audubon ZIP 78666 / Hays context,0.27,Central Texas Bird Audubon interactions,National Audubon Society,https://www.audubon.org/native-plants
PLT0193,,Titmice,Birds,broad_guild,,,Bird direct food,seed/grain,seed/grain,,Food,C - documented broad bird group,Audubon ZIP 78666 / Hays context,0.27,Central Texas Bird Audubon interactions,National Audubon Society,https://www.audubon.org/native-plants
PLT0193,,Titmice,Birds,broad_guild,,,Bird direct food,nectar,flower nectar,,Food,C - documented broad bird group,Audubon ZIP 78666 / Hays context,0.27,Central Texas Bird Audubon interactions,National Audubon Society,https://www.audubon.org/native-plants
PLT0193,,Vireos,Birds,broad_guild,,,Bird direct food,fruit,fruit,,Food,C - documented broad bird group,Audubon ZIP 78666 / Hays context,0.27,Central Texas Bird Audubon interactions,National Audubon Society,https://www.audubon.org/native-plants
PLT0193,,Wood Warblers,Birds,broad_guild,,,Bird direct food,fruit,fruit,,Food,C - documented broad bird group,Audubon ZIP 78666 / Hays context,0.27,Central Texas Bird Audubon interactions,National Audubon Society,https://www.audubon.org/native-plants
PLT0193,,Hummingbirds,Birds,broad_guild,,,Bird direct food,fruit,fruit,,Food,C - documented broad bird group,Audubon ZIP 78666 / Hays context,0.27,Central Texas Bird Audubon interactions,National Audubon Society,https://www.audubon.org/native-plants
PLT0193,,Thrashers,Birds,broad_guild,,,Bird direct food,fruit,fruit,,Food,C - documented broad bird group,Audubon ZIP 78666 / Hays context,0.27,Central Texas Bird Audubon interactions,National Audubon Society,https://www.audubon.org/native-plants
PLT0193,,Thrashers,Birds,broad_guild,,,Bird direct food,seed/grain,seed/grain,,Food,C - documented broad bird group,Audubon ZIP 78666 / Hays context,0.27,Central Texas Bird Audubon interactions,National Audubon Society,https://www.audubon.org/native-plants
PLT0193,,Thrashers,Birds,broad_guild,,,Bird direct food,nectar,flower nectar,,Food,C - documented broad bird group,Audubon ZIP 78666 / Hays context,0.27,Central Texas Bird Audubon interactions,National Audubon Society,https://www.audubon.org/native-plants
PLT0193,,Thrushes,Birds,broad_guild,,,Bird direct food,fruit,fruit,,Food,C - documented broad bird group,Audubon ZIP 78666 / Hays context,0.27,Central Texas Bird Audubon interactions,National Audubon Society,https://www.audubon.org/native-plants
PLT0193,,Orioles,Birds,broad_guild,,,Bird direct food,fruit,fruit,,Food,C - documented broad bird group,Audubon ZIP 78666 / Hays context,0.27,Central Texas Bird Audubon interactions,National Audubon Society,https://www.audubon.org/native-plants
PLT0193,,Orioles,Birds,broad_guild,,,Bird direct food,seed/grain,seed/grain,,Food,C - documented broad bird group,Audubon ZIP 78666 / Hays context,0.27,Central Texas Bird Audubon interactions,National Audubon Society,https://www.audubon.org/native-plants
PLT0193,,Finches,Birds,broad_guild,,,Bird direct food,seed/grain,seed/grain,,Food,C - documented broad bird group,Audubon ZIP 78666 / Hays context,0.27,Central Texas Bird Audubon interactions,National Audubon Society,https://www.audubon.org/native-plants
PLT0193,,Finches,Birds,broad_guild,,,Bird direct food,nectar,flower nectar,,Food,C - documented broad bird group,Audubon ZIP 78666 / Hays context,0.27,Central Texas Bird Audubon interactions,National Audubon Society,https://www.audubon.org/native-plants
PLT0193,,Grosbeaks,Birds,broad_guild,,,Bird direct food,fruit,fruit,,Food,C - documented broad bird group,Audubon ZIP 78666 / Hays context,0.27,Central Texas Bird Audubon interactions,National Audubon Society,https://www.audubon.org/native-plants
PLT0193,,Grosbeaks,Birds,broad_guild,,,Bird direct food,nectar,flower nectar,,Food,C - documented broad bird group,Audubon ZIP 78666 / Hays context,0.27,Central Texas Bird Audubon interactions,National Audubon Society,https://www.audubon.org/native-plants
PLT0193,,Wrens,Birds,broad_guild,,,Bird direct food,seed/grain,seed/grain,,Food,C - documented broad bird group,Audubon ZIP 78666 / Hays context,0.27,Central Texas Bird Audubon interactions,National Audubon Society,https://www.audubon.org/native-plants
PLT0193,,Hummingbirds,Birds,broad_guild,,,Bird direct food,nectar,flower nectar,,Food,C - documented broad bird group,Audubon ZIP 78666 / Hays context,0.27,Central Texas Bird Audubon interactions,National Audubon Society,https://www.audubon.org/native-plants
PLT0193,,Warblers,Birds,broad_guild,,,Bird direct food,nectar,flower nectar,,Food,C - documented broad bird group,Audubon ZIP 78666 / Hays context,0.27,Central Texas Bird Audubon interactions,National Audubon Society,https://www.audubon.org/native-plants
PLT0193,,Jays,Birds,broad_guild,,,Bird direct food,seed/grain,seed/grain,,Food,C - documented broad bird group,Audubon ZIP 78666 / Hays context,0.27,Central Texas Bird Audubon interactions,National Audubon Society,https://www.audubon.org/native-plants
PLT0193,,Jays,Birds,broad_guild,,,Bird direct food,nectar,flower nectar,,Food,C - documented broad bird group,Audubon ZIP 78666 / Hays context,0.27,Central Texas Bird Audubon interactions,National Audubon Society,https://www.audubon.org/native-plants
PLT0193,,Vireos,Birds,broad_guild,,,Bird direct food,seed/grain,seed/grain,,Food,C - documented broad bird group,Audubon ZIP 78666 / Hays context,0.27,Central Texas Bird Audubon interactions,National Audubon Society,https://www.audubon.org/native-plants
PLT0193,,Mockingbirds,Birds,broad_guild,,,Bird direct food,seed/grain,seed/grain,,Food,C - documented broad bird group,Audubon ZIP 78666 / Hays context,0.27,Central Texas Bird Audubon interactions,National Audubon Society,https://www.audubon.org/native-plants
PLT0193,,Jays,Birds,broad_guild,,,Bird direct food,fruit,fruit,,Food,C - documented broad bird group,Audubon ZIP 78666 / Hays context,0.27,Central Texas Bird Audubon interactions,National Audubon Society,https://www.audubon.org/native-plants
PLT0193,,Hummingbirds,Birds,broad_guild,,,Bird direct food,seed/grain,seed/grain,,Food,C - documented broad bird group,Audubon ZIP 78666 / Hays context,0.27,Central Texas Bird Audubon interactions,National Audubon Society,https://www.audubon.org/native-plants
PLT0193,,Finches,Birds,broad_guild,,,Bird direct food,fruit,fruit,,Food,C - documented broad bird group,Audubon ZIP 78666 / Hays context,0.27,Central Texas Bird Audubon interactions,National Audubon Society,https://www.audubon.org/native-plants
PLT0193,,Cardinals,Birds,broad_guild,,,Bird direct food,seed/grain,seed/grain,,Food,C - documented broad bird group,Audubon ZIP 78666 / Hays context,0.27,Central Texas Bird Audubon interactions,National Audubon Society,https://www.audubon.org/native-plants
PLT0193,,Cardinals,Birds,broad_guild,,,Bird direct food,nectar,flower nectar,,Food,C - documented broad bird group,Audubon ZIP 78666 / Hays context,0.27,Central Texas Bird Audubon interactions,National Audubon Society,https://www.audubon.org/native-plants
PLT0193,,Chickadees,Birds,broad_guild,,,Bird direct food,fruit,fruit,,Food,C - documented broad bird group,Audubon ZIP 78666 / Hays context,0.27,Central Texas Bird Audubon interactions,National Audubon Society,https://www.audubon.org/native-plants
PLT0193,,Chickadees,Birds,broad_guild,,,Bird direct food,seed/grain,seed/grain,,Food,C - documented broad bird group,Audubon ZIP 78666 / Hays context,0.27,Central Texas Bird Audubon interactions,National Audubon Society,https://www.audubon.org/native-plants
PLT0193,,Chickadees,Birds,broad_guild,,,Bird direct food,nectar,flower nectar,,Food,C - documented broad bird group,Audubon ZIP 78666 / Hays context,0.27,Central Texas Bird Audubon interactions,National Audubon Society,https://www.audubon.org/native-plants
PLT0193,,Mockingbirds,Birds,broad_guild,,,Bird direct food,nectar,flower nectar,,Food,C - documented broad bird group,Audubon ZIP 78666 / Hays context,0.27,Central Texas Bird Audubon interactions,National Audubon Society,https://www.audubon.org/native-plants
PLT0193,,Nuthatches,Birds,broad_guild,,,Bird direct food,fruit,fruit,,Food,C - documented broad bird group,Audubon ZIP 78666 / Hays context,0.27,Central Texas Bird Audubon interactions,National Audubon Society,https://www.audubon.org/native-plants
PLT0193,,Mockingbirds,Birds,broad_guild,,,Bird direct food,fruit,fruit,,Food,C - documented broad bird group,Audubon ZIP 78666 / Hays context,0.27,Central Texas Bird Audubon interactions,National Audubon Society,https://www.audubon.org/native-plants
PLT0193,,Sparrows,Birds,broad_guild,,,Bird direct food,fruit,fruit,,Food,C - documented broad bird group,Audubon ZIP 78666 / Hays context,0.27,Central Texas Bird Audubon interactions,National Audubon Society,https://www.audubon.org/native-plants
PLT0193,,Cardinals,Birds,broad_guild,,,Bird direct food,fruit,fruit,,Food,C - documented broad bird group,Audubon ZIP 78666 / Hays context,0.27,Central Texas Bird Audubon interactions,National Audubon Society,https://www.audubon.org/native-plants
PLT0193,,Warblers,Birds,broad_guild,,,Bird direct food,fruit,fruit,,Food,C - documented broad bird group,Audubon ZIP 78666 / Hays context,0.27,Central Texas Bird Audubon interactions,National Audubon Society,https://www.audubon.org/native-plants
PLT0193,,Warblers,Birds,broad_guild,,,Bird direct food,seed/grain,seed/grain,,Food,C - documented broad bird group,Audubon ZIP 78666 / Hays context,0.27,Central Texas Bird Audubon interactions,National Audubon Society,https://www.audubon.org/native-plants
PLT0193,,Grosbeaks,Birds,broad_guild,,,Bird direct food,seed/grain,seed/grain,,Food,C - documented broad bird group,Audubon ZIP 78666 / Hays context,0.27,Central Texas Bird Audubon interactions,National Audubon Society,https://www.audubon.org/native-plants
PLT0193,,Crows,Birds,broad_guild,,,Bird direct food,seed/grain,seed/grain,,Food,C - documented broad bird group,Audubon ZIP 78666 / Hays context,0.27,Central Texas Bird Audubon interactions,National Audubon Society,https://www.audubon.org/native-plants
PLT0193,,Wood Warblers,Birds,broad_guild,,,Bird direct food,seed/grain,seed/grain,,Food,C - documented broad bird group,Audubon ZIP 78666 / Hays context,0.27,Central Texas Bird Audubon interactions,National Audubon Society,https://www.audubon.org/native-plants
PLT0193,,Thrushes,Birds,broad_guild,,,Bird direct food,seed/grain,seed/grain,,Food,C - documented broad bird group,Audubon ZIP 78666 / Hays context,0.27,Central Texas Bird Audubon interactions,National Audubon Society,https://www.audubon.org/native-plants
PLT0193,,Wrens,Birds,broad_guild,,,Bird direct food,nectar,flower nectar,,Food,C - documented broad bird group,Audubon ZIP 78666 / Hays context,0.27,Central Texas Bird Audubon interactions,National Audubon Society,https://www.audubon.org/native-plants
PLT0195,,Thrushes,Birds,broad_guild,,,Bird direct food,nectar,flower nectar,,Food,C - documented broad bird group,Audubon ZIP 78666 / Hays context,0.27,Central Texas Bird Audubon interactions,National Audubon Society,https://www.audubon.org/native-plants
PLT0195,,Titmice,Birds,broad_guild,,,Bird direct food,seed/grain,seed/grain,,Food,C - documented broad bird group,Audubon ZIP 78666 / Hays context,0.27,Central Texas Bird Audubon interactions,National Audubon Society,https://www.audubon.org/native-plants
PLT0195,,Titmice,Birds,broad_guild,,,Bird direct food,nectar,flower nectar,,Food,C - documented broad bird group,Audubon ZIP 78666 / Hays context,0.27,Central Texas Bird Audubon interactions,National Audubon Society,https://www.audubon.org/native-plants
PLT0195,,Vireos,Birds,broad_guild,,,Bird direct food,fruit,fruit,,Food,C - documented broad bird group,Audubon ZIP 78666 / Hays context,0.27,Central Texas Bird Audubon interactions,National Audubon Society,https://www.audubon.org/native-plants
PLT0195,,Vireos,Birds,broad_guild,,,Bird direct food,seed/grain,seed/grain,,Food,C - documented broad bird group,Audubon ZIP 78666 / Hays context,0.27,Central Texas Bird Audubon interactions,National Audubon Society,https://www.audubon.org/native-plants
PLT0195,,Finches,Birds,broad_guild,,,Bird direct food,seed/grain,seed/grain,,Food,C - documented broad bird group,Audubon ZIP 78666 / Hays context,0.27,Central Texas Bird Audubon interactions,National Audubon Society,https://www.audubon.org/native-plants
PLT0195,,Wood Warblers,Birds,broad_guild,,,Bird direct food,seed/grain,seed/grain,,Food,C - documented broad bird group,Audubon ZIP 78666 / Hays context,0.27,Central Texas Bird Audubon interactions,National Audubon Society,https://www.audubon.org/native-plants
PLT0195,,Wood Warblers,Birds,broad_guild,,,Bird direct food,nectar,flower nectar,,Food,C - documented broad bird group,Audubon ZIP 78666 / Hays context,0.27,Central Texas Bird Audubon interactions,National Audubon Society,https://www.audubon.org/native-plants
PLT0195,,Mockingbirds,Birds,broad_guild,,,Bird direct food,nectar,flower nectar,,Food,C - documented broad bird group,Audubon ZIP 78666 / Hays context,0.27,Central Texas Bird Audubon interactions,National Audubon Society,https://www.audubon.org/native-plants
PLT0195,,Thrushes,Birds,broad_guild,,,Bird direct food,fruit,fruit,,Food,C - documented broad bird group,Audubon ZIP 78666 / Hays context,0.27,Central Texas Bird Audubon interactions,National Audubon Society,https://www.audubon.org/native-plants
PLT0195,,Thrushes,Birds,broad_guild,,,Bird direct food,seed/grain,seed/grain,,Food,C - documented broad bird group,Audubon ZIP 78666 / Hays context,0.27,Central Texas Bird Audubon interactions,National Audubon Society,https://www.audubon.org/native-plants
PLT0195,,Sparrows,Birds,broad_guild,,,Bird direct food,nectar,flower nectar,,Food,C - documented broad bird group,Audubon ZIP 78666 / Hays context,0.27,Central Texas Bird Audubon interactions,National Audubon Society,https://www.audubon.org/native-plants
PLT0195,,Thrashers,Birds,broad_guild,,,Bird direct food,fruit,fruit,,Food,C - documented broad bird group,Audubon ZIP 78666 / Hays context,0.27,Central Texas Bird Audubon interactions,National Audubon Society,https://www.audubon.org/native-plants
PLT0195,,Mockingbirds,Birds,broad_guild,,,Bird direct food,seed/grain,seed/grain,,Food,C - documented broad bird group,Audubon ZIP 78666 / Hays context,0.27,Central Texas Bird Audubon interactions,National Audubon Society,https://www.audubon.org/native-plants
PLT0195,,Hummingbirds,Birds,broad_guild,,,Bird direct food,nectar,flower nectar,,Food,C - documented broad bird group,Audubon ZIP 78666 / Hays context,0.27,Central Texas Bird Audubon interactions,National Audubon Society,https://www.audubon.org/native-plants
PLT0195,,Jays,Birds,broad_guild,,,Bird direct food,fruit,fruit,,Food,C - documented broad bird group,Audubon ZIP 78666 / Hays context,0.27,Central Texas Bird Audubon interactions,National Audubon Society,https://www.audubon.org/native-plants
PLT0195,,Cardinals,Birds,broad_guild,,,Bird direct food,nectar,flower nectar,,Food,C - documented broad bird group,Audubon ZIP 78666 / Hays context,0.27,Central Texas Bird Audubon interactions,National Audubon Society,https://www.audubon.org/native-plants
PLT0195,,Chickadees,Birds,broad_guild,,,Bird direct food,fruit,fruit,,Food,C - documented broad bird group,Audubon ZIP 78666 / Hays context,0.27,Central Texas Bird Audubon interactions,National Audubon Society,https://www.audubon.org/native-plants
PLT0195,,Nuthatches,Birds,broad_guild,,,Bird direct food,fruit,fruit,,Food,C - documented broad bird group,Audubon ZIP 78666 / Hays context,0.27,Central Texas Bird Audubon interactions,National Audubon Society,https://www.audubon.org/native-plants
PLT0195,,Nuthatches,Birds,broad_guild,,,Bird direct food,seed/grain,seed/grain,,Food,C - documented broad bird group,Audubon ZIP 78666 / Hays context,0.27,Central Texas Bird Audubon interactions,National Audubon Society,https://www.audubon.org/native-plants
PLT0195,,Nuthatches,Birds,broad_guild,,,Bird direct food,nectar,flower nectar,,Food,C - documented broad bird group,Audubon ZIP 78666 / Hays context,0.27,Central Texas Bird Audubon interactions,National Audubon Society,https://www.audubon.org/native-plants
PLT0195,,Orioles,Birds,broad_guild,,,Bird direct food,fruit,fruit,,Food,C - documented broad bird group,Audubon ZIP 78666 / Hays context,0.27,Central Texas Bird Audubon interactions,National Audubon Society,https://www.audubon.org/native-plants
PLT0195,,Orioles,Birds,broad_guild,,,Bird direct food,seed/grain,seed/grain,,Food,C - documented broad bird group,Audubon ZIP 78666 / Hays context,0.27,Central Texas Bird Audubon interactions,National Audubon Society,https://www.audubon.org/native-plants
PLT0195,,Thrashers,Birds,broad_guild,,,Bird direct food,seed/grain,seed/grain,,Food,C - documented broad bird group,Audubon ZIP 78666 / Hays context,0.27,Central Texas Bird Audubon interactions,National Audubon Society,https://www.audubon.org/native-plants
PLT0195,,Warblers,Birds,broad_guild,,,Bird direct food,nectar,flower nectar,,Food,C - documented broad bird group,Audubon ZIP 78666 / Hays context,0.27,Central Texas Bird Audubon interactions,National Audubon Society,https://www.audubon.org/native-plants
PLT0195,,Titmice,Birds,broad_guild,,,Bird direct food,fruit,fruit,,Food,C - documented broad bird group,Audubon ZIP 78666 / Hays context,0.27,Central Texas Bird Audubon interactions,National Audubon Society,https://www.audubon.org/native-plants
PLT0195,,Thrashers,Birds,broad_guild,,,Bird direct food,nectar,flower nectar,,Food,C - documented broad bird group,Audubon ZIP 78666 / Hays context,0.27,Central Texas Bird Audubon interactions,National Audubon Society,https://www.audubon.org/native-plants
PLT0195,,Woodpeckers,Birds,broad_guild,,,Bird direct food,seed/grain,seed/grain,,Food,C - documented broad bird group,Audubon ZIP 78666 / Hays context,0.27,Central Texas Bird Audubon interactions,National Audubon Society,https://www.audubon.org/native-plants
PLT0195,,Mockingbirds,Birds,broad_guild,,,Bird direct food,fruit,fruit,,Food,C - documented broad bird group,Audubon ZIP 78666 / Hays context,0.27,Central Texas Bird Audubon interactions,National Audubon Society,https://www.audubon.org/native-plants
PLT0195,,Finches,Birds,broad_guild,,,Bird direct food,nectar,flower nectar,,Food,C - documented broad bird group,Audubon ZIP 78666 / Hays context,0.27,Central Texas Bird Audubon interactions,National Audubon Society,https://www.audubon.org/native-plants
PLT0195,,Hummingbirds,Birds,broad_guild,,,Bird direct food,fruit,fruit,,Food,C - documented broad bird group,Audubon ZIP 78666 / Hays context,0.27,Central Texas Bird Audubon interactions,National Audubon Society,https://www.audubon.org/native-plants
PLT0195,,Jays,Birds,broad_guild,,,Bird direct food,seed/grain,seed/grain,,Food,C - documented broad bird group,Audubon ZIP 78666 / Hays context,0.27,Central Texas Bird Audubon interactions,National Audubon Society,https://www.audubon.org/native-plants
PLT0195,,Chickadees,Birds,broad_guild,,,Bird direct food,seed/grain,seed/grain,,Food,C - documented broad bird group,Audubon ZIP 78666 / Hays context,0.27,Central Texas Bird Audubon interactions,National Audubon Society,https://www.audubon.org/native-plants
PLT0195,,Chickadees,Birds,broad_guild,,,Bird direct food,nectar,flower nectar,,Food,C - documented broad bird group,Audubon ZIP 78666 / Hays context,0.27,Central Texas Bird Audubon interactions,National Audubon Society,https://www.audubon.org/native-plants
PLT0195,,Crows,Birds,broad_guild,,,Bird direct food,fruit,fruit,,Food,C - documented broad bird group,Audubon ZIP 78666 / Hays context,0.27,Central Texas Bird Audubon interactions,National Audubon Society,https://www.audubon.org/native-plants
PLT0195,,Crows,Birds,broad_guild,,,Bird direct food,nectar,flower nectar,,Food,C - documented broad bird group,Audubon ZIP 78666 / Hays context,0.27,Central Texas Bird Audubon interactions,National Audubon Society,https://www.audubon.org/native-plants
PLT0195,,Finches,Birds,broad_guild,,,Bird direct food,fruit,fruit,,Food,C - documented broad bird group,Audubon ZIP 78666 / Hays context,0.27,Central Texas Bird Audubon interactions,National Audubon Society,https://www.audubon.org/native-plants
PLT0195,,Hummingbirds,Birds,broad_guild,,,Bird direct food,seed/grain,seed/grain,,Food,C - documented broad bird group,Audubon ZIP 78666 / Hays context,0.27,Central Texas Bird Audubon interactions,National Audubon Society,https://www.audubon.org/native-plants
PLT0195,,Grosbeaks,Birds,broad_guild,,,Bird direct food,fruit,fruit,,Food,C - documented broad bird group,Audubon ZIP 78666 / Hays context,0.27,Central Texas Bird Audubon interactions,National Audubon Society,https://www.audubon.org/native-plants
PLT0195,,Cardinals,Birds,broad_guild,,,Bird direct food,fruit,fruit,,Food,C - documented broad bird group,Audubon ZIP 78666 / Hays context,0.27,Central Texas Bird Audubon interactions,National Audubon Society,https://www.audubon.org/native-plants
PLT0195,,Cardinals,Birds,broad_guild,,,Bird direct food,seed/grain,seed/grain,,Food,C - documented broad bird group,Audubon ZIP 78666 / Hays context,0.27,Central Texas Bird Audubon interactions,National Audubon Society,https://www.audubon.org/native-plants
PLT0195,,Jays,Birds,broad_guild,,,Bird direct food,nectar,flower nectar,,Food,C - documented broad bird group,Audubon ZIP 78666 / Hays context,0.27,Central Texas Bird Audubon interactions,National Audubon Society,https://www.audubon.org/native-plants
PLT0195,,Wood Warblers,Birds,broad_guild,,,Bird direct food,fruit,fruit,,Food,C - documented broad bird group,Audubon ZIP 78666 / Hays context,0.27,Central Texas Bird Audubon interactions,National Audubon Society,https://www.audubon.org/native-plants
PLT0195,,Crows,Birds,broad_guild,,,Bird direct food,seed/grain,seed/grain,,Food,C - documented broad bird group,Audubon ZIP 78666 / Hays context,0.27,Central Texas Bird Audubon interactions,National Audubon Society,https://www.audubon.org/native-plants
PLT0195,,Buntings,Birds,broad_guild,,,Bird direct food,fruit,fruit,,Food,C - documented broad bird group,Audubon ZIP 78666 / Hays context,0.27,Central Texas Bird Audubon interactions,National Audubon Society,https://www.audubon.org/native-plants
PLT0195,,Buntings,Birds,broad_guild,,,Bird direct food,seed/grain,seed/grain,,Food,C - documented broad bird group,Audubon ZIP 78666 / Hays context,0.27,Central Texas Bird Audubon interactions,National Audubon Society,https://www.audubon.org/native-plants
PLT0195,,Buntings,Birds,broad_guild,,,Bird direct food,nectar,flower nectar,,Food,C - documented broad bird group,Audubon ZIP 78666 / Hays context,0.27,Central Texas Bird Audubon interactions,National Audubon Society,https://www.audubon.org/native-plants
PLT0195,,Grosbeaks,Birds,broad_guild,,,Bird direct food,seed/grain,seed/grain,,Food,C - documented broad bird group,Audubon ZIP 78666 / Hays context,0.27,Central Texas Bird Audubon interactions,National Audubon Society,https://www.audubon.org/native-plants
PLT0195,,Grosbeaks,Birds,broad_guild,,,Bird direct food,nectar,flower nectar,,Food,C - documented broad bird group,Audubon ZIP 78666 / Hays context,0.27,Central Texas Bird Audubon interactions,National Audubon Society,https://www.audubon.org/native-plants
PLT0195,,Woodpeckers,Birds,broad_guild,,,Bird direct food,fruit,fruit,,Food,C - documented broad bird group,Audubon ZIP 78666 / Hays context,0.27,Central Texas Bird Audubon interactions,National Audubon Society,https://www.audubon.org/native-plants
PLT0195,,Woodpeckers,Birds,broad_guild,,,Bird direct food,nectar,flower nectar,,Food,C - documented broad bird group,Audubon ZIP 78666 / Hays context,0.27,Central Texas Bird Audubon interactions,National Audubon Society,https://www.audubon.org/native-plants
PLT0195,,Wrens,Birds,broad_guild,,,Bird direct food,fruit,fruit,,Food,C - documented broad bird group,Audubon ZIP 78666 / Hays context,0.27,Central Texas Bird Audubon interactions,National Audubon Society,https://www.audubon.org/native-plants
PLT0195,,Wrens,Birds,broad_guild,,,Bird direct food,seed/grain,seed/grain,,Food,C - documented broad bird group,Audubon ZIP 78666 / Hays context,0.27,Central Texas Bird Audubon interactions,National Audubon Society,https://www.audubon.org/native-plants
PLT0195,,Orioles,Birds,broad_guild,,,Bird direct food,nectar,flower nectar,,Food,C - documented broad bird group,Audubon ZIP 78666 / Hays context,0.27,Central Texas Bird Audubon interactions,National Audubon Society,https://www.audubon.org/native-plants
PLT0195,,Sparrows,Birds,broad_guild,,,Bird direct food,fruit,fruit,,Food,C - documented broad bird group,Audubon ZIP 78666 / Hays context,0.27,Central Texas Bird Audubon interactions,National Audubon Society,https://www.audubon.org/native-plants
PLT0195,,Sparrows,Birds,broad_guild,,,Bird direct food,seed/grain,seed/grain,,Food,C - documented broad bird group,Audubon ZIP 78666 / Hays context,0.27,Central Texas Bird Audubon interactions,National Audubon Society,https://www.audubon.org/native-plants
PLT0195,,Vireos,Birds,broad_guild,,,Bird direct food,nectar,flower nectar,,Food,C - documented broad bird group,Audubon ZIP 78666 / Hays context,0.27,Central Texas Bird Audubon interactions,National Audubon Society,https://www.audubon.org/native-plants
PLT0195,,Warblers,Birds,broad_guild,,,Bird direct food,fruit,fruit,,Food,C - documented broad bird group,Audubon ZIP 78666 / Hays context,0.27,Central Texas Bird Audubon interactions,National Audubon Society,https://www.audubon.org/native-plants
PLT0195,,Warblers,Birds,broad_guild,,,Bird direct food,seed/grain,seed/grain,,Food,C - documented broad bird group,Audubon ZIP 78666 / Hays context,0.27,Central Texas Bird Audubon interactions,National Audubon Society,https://www.audubon.org/native-plants
PLT0195,,Waxwings,Birds,broad_guild,,,Bird direct food,fruit,fruit,,Food,C - documented broad bird group,Audubon ZIP 78666 / Hays context,0.27,Central Texas Bird Audubon interactions,National Audubon Society,https://www.audubon.org/native-plants
PLT0195,,Waxwings,Birds,broad_guild,,,Bird direct food,seed/grain,seed/grain,,Food,C - documented broad bird group,Audubon ZIP 78666 / Hays context,0.27,Central Texas Bird Audubon interactions,National Audubon Society,https://www.audubon.org/native-plants
PLT0195,,Waxwings,Birds,broad_guild,,,Bird direct food,nectar,flower nectar,,Food,C - documented broad bird group,Audubon ZIP 78666 / Hays context,0.27,Central Texas Bird Audubon interactions,National Audubon Society,https://www.audubon.org/native-plants
PLT0195,,Wrens,Birds,broad_guild,,,Bird direct food,nectar,flower nectar,,Food,C - documented broad bird group,Audubon ZIP 78666 / Hays context,0.27,Central Texas Bird Audubon interactions,National Audubon Society,https://www.audubon.org/native-plants
PLT0203,,Wrens,Birds,broad_guild,,,Bird direct food,fruit,fruit,,Food,C - documented broad bird group,Audubon ZIP 78666 / Hays context,0.27,Central Texas Bird Audubon interactions,National Audubon Society,https://www.audubon.org/native-plants
PLT0203,,Finches,Birds,broad_guild,,,Bird direct food,fruit,fruit,,Food,C - documented broad bird group,Audubon ZIP 78666 / Hays context,0.27,Central Texas Bird Audubon interactions,National Audubon Society,https://www.audubon.org/native-plants
PLT0203,,Chickadees,Birds,broad_guild,,,Bird direct food,fruit,fruit,,Food,C - documented broad bird group,Audubon ZIP 78666 / Hays context,0.27,Central Texas Bird Audubon interactions,National Audubon Society,https://www.audubon.org/native-plants
PLT0203,,Chickadees,Birds,broad_guild,,,Bird direct food,seed/grain,seed/grain,,Food,C - documented broad bird group,Audubon ZIP 78666 / Hays context,0.27,Central Texas Bird Audubon interactions,National Audubon Society,https://www.audubon.org/native-plants
PLT0203,,Wood Warblers,Birds,broad_guild,,,Bird direct food,fruit,fruit,,Food,C - documented broad bird group,Audubon ZIP 78666 / Hays context,0.27,Central Texas Bird Audubon interactions,National Audubon Society,https://www.audubon.org/native-plants
PLT0203,,Wood Warblers,Birds,broad_guild,,,Bird direct food,seed/grain,seed/grain,,Food,C - documented broad bird group,Audubon ZIP 78666 / Hays context,0.27,Central Texas Bird Audubon interactions,National Audubon Society,https://www.audubon.org/native-plants
PLT0203,,Vireos,Birds,broad_guild,,,Bird direct food,seed/grain,seed/grain,,Food,C - documented broad bird group,Audubon ZIP 78666 / Hays context,0.27,Central Texas Bird Audubon interactions,National Audubon Society,https://www.audubon.org/native-plants
PLT0203,,Woodpeckers,Birds,broad_guild,,,Bird direct food,nectar,flower nectar,,Food,C - documented broad bird group,Audubon ZIP 78666 / Hays context,0.27,Central Texas Bird Audubon interactions,National Audubon Society,https://www.audubon.org/native-plants
PLT0203,,Woodpeckers,Birds,broad_guild,,,Bird direct food,fruit,fruit,,Food,C - documented broad bird group,Audubon ZIP 78666 / Hays context,0.27,Central Texas Bird Audubon interactions,National Audubon Society,https://www.audubon.org/native-plants
PLT0203,,Woodpeckers,Birds,broad_guild,,,Bird direct food,seed/grain,seed/grain,,Food,C - documented broad bird group,Audubon ZIP 78666 / Hays context,0.27,Central Texas Bird Audubon interactions,National Audubon Society,https://www.audubon.org/native-plants
PLT0203,,Vireos,Birds,broad_guild,,,Bird direct food,nectar,flower nectar,,Food,C - documented broad bird group,Audubon ZIP 78666 / Hays context,0.27,Central Texas Bird Audubon interactions,National Audubon Society,https://www.audubon.org/native-plants
PLT0203,,Warblers,Birds,broad_guild,,,Bird direct food,fruit,fruit,,Food,C - documented broad bird group,Audubon ZIP 78666 / Hays context,0.27,Central Texas Bird Audubon interactions,National Audubon Society,https://www.audubon.org/native-plants
PLT0203,,Buntings,Birds,broad_guild,,,Bird direct food,fruit,fruit,,Food,C - documented broad bird group,Audubon ZIP 78666 / Hays context,0.27,Central Texas Bird Audubon interactions,National Audubon Society,https://www.audubon.org/native-plants
PLT0203,,Buntings,Birds,broad_guild,,,Bird direct food,seed/grain,seed/grain,,Food,C - documented broad bird group,Audubon ZIP 78666 / Hays context,0.27,Central Texas Bird Audubon interactions,National Audubon Society,https://www.audubon.org/native-plants
PLT0203,,Cardinals,Birds,broad_guild,,,Bird direct food,fruit,fruit,,Food,C - documented broad bird group,Audubon ZIP 78666 / Hays context,0.27,Central Texas Bird Audubon interactions,National Audubon Society,https://www.audubon.org/native-plants
PLT0203,,Cardinals,Birds,broad_guild,,,Bird direct food,seed/grain,seed/grain,,Food,C - documented broad bird group,Audubon ZIP 78666 / Hays context,0.27,Central Texas Bird Audubon interactions,National Audubon Society,https://www.audubon.org/native-plants
PLT0203,,Thrushes,Birds,broad_guild,,,Bird direct food,seed/grain,seed/grain,,Food,C - documented broad bird group,Audubon ZIP 78666 / Hays context,0.27,Central Texas Bird Audubon interactions,National Audubon Society,https://www.audubon.org/native-plants
PLT0203,,Wood Warblers,Birds,broad_guild,,,Bird direct food,nectar,flower nectar,,Food,C - documented broad bird group,Audubon ZIP 78666 / Hays context,0.27,Central Texas Bird Audubon interactions,National Audubon Society,https://www.audubon.org/native-plants
PLT0203,,Chickadees,Birds,broad_guild,,,Bird direct food,nectar,flower nectar,,Food,C - documented broad bird group,Audubon ZIP 78666 / Hays context,0.27,Central Texas Bird Audubon interactions,National Audubon Society,https://www.audubon.org/native-plants
PLT0203,,Titmice,Birds,broad_guild,,,Bird direct food,fruit,fruit,,Food,C - documented broad bird group,Audubon ZIP 78666 / Hays context,0.27,Central Texas Bird Audubon interactions,National Audubon Society,https://www.audubon.org/native-plants
PLT0203,,Titmice,Birds,broad_guild,,,Bird direct food,seed/grain,seed/grain,,Food,C - documented broad bird group,Audubon ZIP 78666 / Hays context,0.27,Central Texas Bird Audubon interactions,National Audubon Society,https://www.audubon.org/native-plants
PLT0203,,Wrens,Birds,broad_guild,,,Bird direct food,seed/grain,seed/grain,,Food,C - documented broad bird group,Audubon ZIP 78666 / Hays context,0.27,Central Texas Bird Audubon interactions,National Audubon Society,https://www.audubon.org/native-plants
PLT0203,,Waxwings,Birds,broad_guild,,,Bird direct food,nectar,flower nectar,,Food,C - documented broad bird group,Audubon ZIP 78666 / Hays context,0.27,Central Texas Bird Audubon interactions,National Audubon Society,https://www.audubon.org/native-plants
PLT0203,,Crows,Birds,broad_guild,,,Bird direct food,seed/grain,seed/grain,,Food,C - documented broad bird group,Audubon ZIP 78666 / Hays context,0.27,Central Texas Bird Audubon interactions,National Audubon Society,https://www.audubon.org/native-plants
PLT0203,,Crows,Birds,broad_guild,,,Bird direct food,nectar,flower nectar,,Food,C - documented broad bird group,Audubon ZIP 78666 / Hays context,0.27,Central Texas Bird Audubon interactions,National Audubon Society,https://www.audubon.org/native-plants
PLT0203,,Warblers,Birds,broad_guild,,,Bird direct food,seed/grain,seed/grain,,Food,C - documented broad bird group,Audubon ZIP 78666 / Hays context,0.27,Central Texas Bird Audubon interactions,National Audubon Society,https://www.audubon.org/native-plants
PLT0203,,Warblers,Birds,broad_guild,,,Bird direct food,nectar,flower nectar,,Food,C - documented broad bird group,Audubon ZIP 78666 / Hays context,0.27,Central Texas Bird Audubon interactions,National Audubon Society,https://www.audubon.org/native-plants
PLT0203,,Waxwings,Birds,broad_guild,,,Bird direct food,fruit,fruit,,Food,C - documented broad bird group,Audubon ZIP 78666 / Hays context,0.27,Central Texas Bird Audubon interactions,National Audubon Society,https://www.audubon.org/native-plants
PLT0203,,Waxwings,Birds,broad_guild,,,Bird direct food,seed/grain,seed/grain,,Food,C - documented broad bird group,Audubon ZIP 78666 / Hays context,0.27,Central Texas Bird Audubon interactions,National Audubon Society,https://www.audubon.org/native-plants
PLT0203,,Thrushes,Birds,broad_guild,,,Bird direct food,nectar,flower nectar,,Food,C - documented broad bird group,Audubon ZIP 78666 / Hays context,0.27,Central Texas Bird Audubon interactions,National Audubon Society,https://www.audubon.org/native-plants
PLT0203,,Titmice,Birds,broad_guild,,,Bird direct food,nectar,flower nectar,,Food,C - documented broad bird group,Audubon ZIP 78666 / Hays context,0.27,Central Texas Bird Audubon interactions,National Audubon Society,https://www.audubon.org/native-plants
PLT0203,,Vireos,Birds,broad_guild,,,Bird direct food,fruit,fruit,,Food,C - documented broad bird group,Audubon ZIP 78666 / Hays context,0.27,Central Texas Bird Audubon interactions,National Audubon Society,https://www.audubon.org/native-plants
PLT0203,,Thrashers,Birds,broad_guild,,,Bird direct food,seed/grain,seed/grain,,Food,C - documented broad bird group,Audubon ZIP 78666 / Hays context,0.27,Central Texas Bird Audubon interactions,National Audubon Society,https://www.audubon.org/native-plants
PLT0203,,Buntings,Birds,broad_guild,,,Bird direct food,nectar,flower nectar,,Food,C - documented broad bird group,Audubon ZIP 78666 / Hays context,0.27,Central Texas Bird Audubon interactions,National Audubon Society,https://www.audubon.org/native-plants
PLT0203,,Sparrows,Birds,broad_guild,,,Bird direct food,seed/grain,seed/grain,,Food,C - documented broad bird group,Audubon ZIP 78666 / Hays context,0.27,Central Texas Bird Audubon interactions,National Audubon Society,https://www.audubon.org/native-plants
PLT0203,,Nuthatches,Birds,broad_guild,,,Bird direct food,nectar,flower nectar,,Food,C - documented broad bird group,Audubon ZIP 78666 / Hays context,0.27,Central Texas Bird Audubon interactions,National Audubon Society,https://www.audubon.org/native-plants
PLT0203,,Orioles,Birds,broad_guild,,,Bird direct food,fruit,fruit,,Food,C - documented broad bird group,Audubon ZIP 78666 / Hays context,0.27,Central Texas Bird Audubon interactions,National Audubon Society,https://www.audubon.org/native-plants
PLT0203,,Orioles,Birds,broad_guild,,,Bird direct food,seed/grain,seed/grain,,Food,C - documented broad bird group,Audubon ZIP 78666 / Hays context,0.27,Central Texas Bird Audubon interactions,National Audubon Society,https://www.audubon.org/native-plants
PLT0203,,Cardinals,Birds,broad_guild,,,Bird direct food,nectar,flower nectar,,Food,C - documented broad bird group,Audubon ZIP 78666 / Hays context,0.27,Central Texas Bird Audubon interactions,National Audubon Society,https://www.audubon.org/native-plants
PLT0203,,Grosbeaks,Birds,broad_guild,,,Bird direct food,nectar,flower nectar,,Food,C - documented broad bird group,Audubon ZIP 78666 / Hays context,0.27,Central Texas Bird Audubon interactions,National Audubon Society,https://www.audubon.org/native-plants
PLT0203,,Crows,Birds,broad_guild,,,Bird direct food,fruit,fruit,,Food,C - documented broad bird group,Audubon ZIP 78666 / Hays context,0.27,Central Texas Bird Audubon interactions,National Audubon Society,https://www.audubon.org/native-plants
PLT0203,,Nuthatches,Birds,broad_guild,,,Bird direct food,seed/grain,seed/grain,,Food,C - documented broad bird group,Audubon ZIP 78666 / Hays context,0.27,Central Texas Bird Audubon interactions,National Audubon Society,https://www.audubon.org/native-plants
PLT0203,,Wrens,Birds,broad_guild,,,Bird direct food,nectar,flower nectar,,Food,C - documented broad bird group,Audubon ZIP 78666 / Hays context,0.27,Central Texas Bird Audubon interactions,National Audubon Society,https://www.audubon.org/native-plants
PLT0203,,Hummingbirds,Birds,broad_guild,,,Bird direct food,nectar,flower nectar,,Food,C - documented broad bird group,Audubon ZIP 78666 / Hays context,0.27,Central Texas Bird Audubon interactions,National Audubon Society,https://www.audubon.org/native-plants
PLT0203,,Grosbeaks,Birds,broad_guild,,,Bird direct food,seed/grain,seed/grain,,Food,C - documented broad bird group,Audubon ZIP 78666 / Hays context,0.27,Central Texas Bird Audubon interactions,National Audubon Society,https://www.audubon.org/native-plants
PLT0203,,Thrashers,Birds,broad_guild,,,Bird direct food,nectar,flower nectar,,Food,C - documented broad bird group,Audubon ZIP 78666 / Hays context,0.27,Central Texas Bird Audubon interactions,National Audubon Society,https://www.audubon.org/native-plants
PLT0203,,Thrushes,Birds,broad_guild,,,Bird direct food,fruit,fruit,,Food,C - documented broad bird group,Audubon ZIP 78666 / Hays context,0.27,Central Texas Bird Audubon interactions,National Audubon Society,https://www.audubon.org/native-plants
PLT0203,,Sparrows,Birds,broad_guild,,,Bird direct food,fruit,fruit,,Food,C - documented broad bird group,Audubon ZIP 78666 / Hays context,0.27,Central Texas Bird Audubon interactions,National Audubon Society,https://www.audubon.org/native-plants
PLT0203,,Mockingbirds,Birds,broad_guild,,,Bird direct food,fruit,fruit,,Food,C - documented broad bird group,Audubon ZIP 78666 / Hays context,0.27,Central Texas Bird Audubon interactions,National Audubon Society,https://www.audubon.org/native-plants
PLT0203,,Mockingbirds,Birds,broad_guild,,,Bird direct food,nectar,flower nectar,,Food,C - documented broad bird group,Audubon ZIP 78666 / Hays context,0.27,Central Texas Bird Audubon interactions,National Audubon Society,https://www.audubon.org/native-plants
PLT0203,,Nuthatches,Birds,broad_guild,,,Bird direct food,fruit,fruit,,Food,C - documented broad bird group,Audubon ZIP 78666 / Hays context,0.27,Central Texas Bird Audubon interactions,National Audubon Society,https://www.audubon.org/native-plants
PLT0203,,Mockingbirds,Birds,broad_guild,,,Bird direct food,seed/grain,seed/grain,,Food,C - documented broad bird group,Audubon ZIP 78666 / Hays context,0.27,Central Texas Bird Audubon interactions,National Audubon Society,https://www.audubon.org/native-plants
PLT0203,,Finches,Birds,broad_guild,,,Bird direct food,seed/grain,seed/grain,,Food,C - documented broad bird group,Audubon ZIP 78666 / Hays context,0.27,Central Texas Bird Audubon interactions,National Audubon Society,https://www.audubon.org/native-plants
PLT0203,,Finches,Birds,broad_guild,,,Bird direct food,nectar,flower nectar,,Food,C - documented broad bird group,Audubon ZIP 78666 / Hays context,0.27,Central Texas Bird Audubon interactions,National Audubon Society,https://www.audubon.org/native-plants
PLT0203,,Grosbeaks,Birds,broad_guild,,,Bird direct food,fruit,fruit,,Food,C - documented broad bird group,Audubon ZIP 78666 / Hays context,0.27,Central Texas Bird Audubon interactions,National Audubon Society,https://www.audubon.org/native-plants
PLT0203,,Orioles,Birds,broad_guild,,,Bird direct food,nectar,flower nectar,,Food,C - documented broad bird group,Audubon ZIP 78666 / Hays context,0.27,Central Texas Bird Audubon interactions,National Audubon Society,https://www.audubon.org/native-plants
PLT0203,,Hummingbirds,Birds,broad_guild,,,Bird direct food,fruit,fruit,,Food,C - documented broad bird group,Audubon ZIP 78666 / Hays context,0.27,Central Texas Bird Audubon interactions,National Audubon Society,https://www.audubon.org/native-plants
PLT0203,,Hummingbirds,Birds,broad_guild,,,Bird direct food,seed/grain,seed/grain,,Food,C - documented broad bird group,Audubon ZIP 78666 / Hays context,0.27,Central Texas Bird Audubon interactions,National Audubon Society,https://www.audubon.org/native-plants
PLT0203,,Thrashers,Birds,broad_guild,,,Bird direct food,fruit,fruit,,Food,C - documented broad bird group,Audubon ZIP 78666 / Hays context,0.27,Central Texas Bird Audubon interactions,National Audubon Society,https://www.audubon.org/native-plants
PLT0203,,Sparrows,Birds,broad_guild,,,Bird direct food,nectar,flower nectar,,Food,C - documented broad bird group,Audubon ZIP 78666 / Hays context,0.27,Central Texas Bird Audubon interactions,National Audubon Society,https://www.audubon.org/native-plants
PLT0203,,Jays,Birds,broad_guild,,,Bird direct food,fruit,fruit,,Food,C - documented broad bird group,Audubon ZIP 78666 / Hays context,0.27,Central Texas Bird Audubon interactions,National Audubon Society,https://www.audubon.org/native-plants
PLT0203,,Jays,Birds,broad_guild,,,Bird direct food,seed/grain,seed/grain,,Food,C - documented broad bird group,Audubon ZIP 78666 / Hays context,0.27,Central Texas Bird Audubon interactions,National Audubon Society,https://www.audubon.org/native-plants
PLT0203,,Jays,Birds,broad_guild,,,Bird direct food,nectar,flower nectar,,Food,C - documented broad bird group,Audubon ZIP 78666 / Hays context,0.27,Central Texas Bird Audubon interactions,National Audubon Society,https://www.audubon.org/native-plants
PLT0208,,Titmice,Birds,broad_guild,,,Bird direct food,fruit,fruit,,Food,C - documented broad bird group,Audubon ZIP 78666 / Hays context,0.27,Central Texas Bird Audubon interactions,National Audubon Society,https://www.audubon.org/native-plants
PLT0208,,Titmice,Birds,broad_guild,,,Bird direct food,seed/grain,seed/grain,,Food,C - documented broad bird group,Audubon ZIP 78666 / Hays context,0.27,Central Texas Bird Audubon interactions,National Audubon Society,https://www.audubon.org/native-plants
PLT0208,,Cardinals,Birds,broad_guild,,,Bird direct food,fruit,fruit,,Food,C - documented broad bird group,Audubon ZIP 78666 / Hays context,0.27,Central Texas Bird Audubon interactions,National Audubon Society,https://www.audubon.org/native-plants
PLT0208,,Hummingbirds,Birds,broad_guild,,,Bird direct food,fruit,fruit,,Food,C - documented broad bird group,Audubon ZIP 78666 / Hays context,0.27,Central Texas Bird Audubon interactions,National Audubon Society,https://www.audubon.org/native-plants
PLT0208,,Hummingbirds,Birds,broad_guild,,,Bird direct food,seed/grain,seed/grain,,Food,C - documented broad bird group,Audubon ZIP 78666 / Hays context,0.27,Central Texas Bird Audubon interactions,National Audubon Society,https://www.audubon.org/native-plants
PLT0208,,Vireos,Birds,broad_guild,,,Bird direct food,nectar,flower nectar,,Food,C - documented broad bird group,Audubon ZIP 78666 / Hays context,0.27,Central Texas Bird Audubon interactions,National Audubon Society,https://www.audubon.org/native-plants
PLT0208,,Titmice,Birds,broad_guild,,,Bird direct food,nectar,flower nectar,,Food,C - documented broad bird group,Audubon ZIP 78666 / Hays context,0.27,Central Texas Bird Audubon interactions,National Audubon Society,https://www.audubon.org/native-plants
PLT0208,,Vireos,Birds,broad_guild,,,Bird direct food,fruit,fruit,,Food,C - documented broad bird group,Audubon ZIP 78666 / Hays context,0.27,Central Texas Bird Audubon interactions,National Audubon Society,https://www.audubon.org/native-plants
PLT0208,,Sparrows,Birds,broad_guild,,,Bird direct food,fruit,fruit,,Food,C - documented broad bird group,Audubon ZIP 78666 / Hays context,0.27,Central Texas Bird Audubon interactions,National Audubon Society,https://www.audubon.org/native-plants
PLT0208,,Nuthatches,Birds,broad_guild,,,Bird direct food,fruit,fruit,,Food,C - documented broad bird group,Audubon ZIP 78666 / Hays context,0.27,Central Texas Bird Audubon interactions,National Audubon Society,https://www.audubon.org/native-plants
PLT0208,,Hummingbirds,Birds,broad_guild,,,Bird direct food,nectar,flower nectar,,Food,C - documented broad bird group,Audubon ZIP 78666 / Hays context,0.27,Central Texas Bird Audubon interactions,National Audubon Society,https://www.audubon.org/native-plants
PLT0208,,Jays,Birds,broad_guild,,,Bird direct food,fruit,fruit,,Food,C - documented broad bird group,Audubon ZIP 78666 / Hays context,0.27,Central Texas Bird Audubon interactions,National Audubon Society,https://www.audubon.org/native-plants
PLT0208,,Cardinals,Birds,broad_guild,,,Bird direct food,nectar,flower nectar,,Food,C - documented broad bird group,Audubon ZIP 78666 / Hays context,0.27,Central Texas Bird Audubon interactions,National Audubon Society,https://www.audubon.org/native-plants
PLT0208,,Chickadees,Birds,broad_guild,,,Bird direct food,fruit,fruit,,Food,C - documented broad bird group,Audubon ZIP 78666 / Hays context,0.27,Central Texas Bird Audubon interactions,National Audubon Society,https://www.audubon.org/native-plants
PLT0208,,Chickadees,Birds,broad_guild,,,Bird direct food,seed/grain,seed/grain,,Food,C - documented broad bird group,Audubon ZIP 78666 / Hays context,0.27,Central Texas Bird Audubon interactions,National Audubon Society,https://www.audubon.org/native-plants
PLT0208,,Sparrows,Birds,broad_guild,,,Bird direct food,seed/grain,seed/grain,,Food,C - documented broad bird group,Audubon ZIP 78666 / Hays context,0.27,Central Texas Bird Audubon interactions,National Audubon Society,https://www.audubon.org/native-plants
PLT0208,,Waxwings,Birds,broad_guild,,,Bird direct food,fruit,fruit,,Food,C - documented broad bird group,Audubon ZIP 78666 / Hays context,0.27,Central Texas Bird Audubon interactions,National Audubon Society,https://www.audubon.org/native-plants
PLT0208,,Wood Warblers,Birds,broad_guild,,,Bird direct food,seed/grain,seed/grain,,Food,C - documented broad bird group,Audubon ZIP 78666 / Hays context,0.27,Central Texas Bird Audubon interactions,National Audubon Society,https://www.audubon.org/native-plants
PLT0208,,Grosbeaks,Birds,broad_guild,,,Bird direct food,fruit,fruit,,Food,C - documented broad bird group,Audubon ZIP 78666 / Hays context,0.27,Central Texas Bird Audubon interactions,National Audubon Society,https://www.audubon.org/native-plants
PLT0208,,Grosbeaks,Birds,broad_guild,,,Bird direct food,seed/grain,seed/grain,,Food,C - documented broad bird group,Audubon ZIP 78666 / Hays context,0.27,Central Texas Bird Audubon interactions,National Audubon Society,https://www.audubon.org/native-plants
PLT0208,,Grosbeaks,Birds,broad_guild,,,Bird direct food,nectar,flower nectar,,Food,C - documented broad bird group,Audubon ZIP 78666 / Hays context,0.27,Central Texas Bird Audubon interactions,National Audubon Society,https://www.audubon.org/native-plants
PLT0208,,Cardinals,Birds,broad_guild,,,Bird direct food,seed/grain,seed/grain,,Food,C - documented broad bird group,Audubon ZIP 78666 / Hays context,0.27,Central Texas Bird Audubon interactions,National Audubon Society,https://www.audubon.org/native-plants
PLT0208,,Orioles,Birds,broad_guild,,,Bird direct food,seed/grain,seed/grain,,Food,C - documented broad bird group,Audubon ZIP 78666 / Hays context,0.27,Central Texas Bird Audubon interactions,National Audubon Society,https://www.audubon.org/native-plants
PLT0208,,Orioles,Birds,broad_guild,,,Bird direct food,nectar,flower nectar,,Food,C - documented broad bird group,Audubon ZIP 78666 / Hays context,0.27,Central Texas Bird Audubon interactions,National Audubon Society,https://www.audubon.org/native-plants
PLT0208,,Woodpeckers,Birds,broad_guild,,,Bird direct food,seed/grain,seed/grain,,Food,C - documented broad bird group,Audubon ZIP 78666 / Hays context,0.27,Central Texas Bird Audubon interactions,National Audubon Society,https://www.audubon.org/native-plants
PLT0208,,Woodpeckers,Birds,broad_guild,,,Bird direct food,nectar,flower nectar,,Food,C - documented broad bird group,Audubon ZIP 78666 / Hays context,0.27,Central Texas Bird Audubon interactions,National Audubon Society,https://www.audubon.org/native-plants
PLT0208,,Finches,Birds,broad_guild,,,Bird direct food,nectar,flower nectar,,Food,C - documented broad bird group,Audubon ZIP 78666 / Hays context,0.27,Central Texas Bird Audubon interactions,National Audubon Society,https://www.audubon.org/native-plants
PLT0208,,Thrashers,Birds,broad_guild,,,Bird direct food,fruit,fruit,,Food,C - documented broad bird group,Audubon ZIP 78666 / Hays context,0.27,Central Texas Bird Audubon interactions,National Audubon Society,https://www.audubon.org/native-plants
PLT0208,,Thrashers,Birds,broad_guild,,,Bird direct food,seed/grain,seed/grain,,Food,C - documented broad bird group,Audubon ZIP 78666 / Hays context,0.27,Central Texas Bird Audubon interactions,National Audubon Society,https://www.audubon.org/native-plants
PLT0208,,Thrushes,Birds,broad_guild,,,Bird direct food,fruit,fruit,,Food,C - documented broad bird group,Audubon ZIP 78666 / Hays context,0.27,Central Texas Bird Audubon interactions,National Audubon Society,https://www.audubon.org/native-plants
PLT0208,,Thrushes,Birds,broad_guild,,,Bird direct food,seed/grain,seed/grain,,Food,C - documented broad bird group,Audubon ZIP 78666 / Hays context,0.27,Central Texas Bird Audubon interactions,National Audubon Society,https://www.audubon.org/native-plants
PLT0208,,Sparrows,Birds,broad_guild,,,Bird direct food,nectar,flower nectar,,Food,C - documented broad bird group,Audubon ZIP 78666 / Hays context,0.27,Central Texas Bird Audubon interactions,National Audubon Society,https://www.audubon.org/native-plants
PLT0208,,Finches,Birds,broad_guild,,,Bird direct food,fruit,fruit,,Food,C - documented broad bird group,Audubon ZIP 78666 / Hays context,0.27,Central Texas Bird Audubon interactions,National Audubon Society,https://www.audubon.org/native-plants
PLT0208,,Finches,Birds,broad_guild,,,Bird direct food,seed/grain,seed/grain,,Food,C - documented broad bird group,Audubon ZIP 78666 / Hays context,0.27,Central Texas Bird Audubon interactions,National Audubon Society,https://www.audubon.org/native-plants
PLT0208,,Thrushes,Birds,broad_guild,,,Bird direct food,nectar,flower nectar,,Food,C - documented broad bird group,Audubon ZIP 78666 / Hays context,0.27,Central Texas Bird Audubon interactions,National Audubon Society,https://www.audubon.org/native-plants
PLT0208,,Mockingbirds,Birds,broad_guild,,,Bird direct food,nectar,flower nectar,,Food,C - documented broad bird group,Audubon ZIP 78666 / Hays context,0.27,Central Texas Bird Audubon interactions,National Audubon Society,https://www.audubon.org/native-plants
PLT0208,,Mockingbirds,Birds,broad_guild,,,Bird direct food,seed/grain,seed/grain,,Food,C - documented broad bird group,Audubon ZIP 78666 / Hays context,0.27,Central Texas Bird Audubon interactions,National Audubon Society,https://www.audubon.org/native-plants
PLT0208,,Vireos,Birds,broad_guild,,,Bird direct food,seed/grain,seed/grain,,Food,C - documented broad bird group,Audubon ZIP 78666 / Hays context,0.27,Central Texas Bird Audubon interactions,National Audubon Society,https://www.audubon.org/native-plants
PLT0208,,Waxwings,Birds,broad_guild,,,Bird direct food,seed/grain,seed/grain,,Food,C - documented broad bird group,Audubon ZIP 78666 / Hays context,0.27,Central Texas Bird Audubon interactions,National Audubon Society,https://www.audubon.org/native-plants
PLT0208,,Waxwings,Birds,broad_guild,,,Bird direct food,nectar,flower nectar,,Food,C - documented broad bird group,Audubon ZIP 78666 / Hays context,0.27,Central Texas Bird Audubon interactions,National Audubon Society,https://www.audubon.org/native-plants
PLT0208,,Wood Warblers,Birds,broad_guild,,,Bird direct food,fruit,fruit,,Food,C - documented broad bird group,Audubon ZIP 78666 / Hays context,0.27,Central Texas Bird Audubon interactions,National Audubon Society,https://www.audubon.org/native-plants
PLT0208,,Wrens,Birds,broad_guild,,,Bird direct food,fruit,fruit,,Food,C - documented broad bird group,Audubon ZIP 78666 / Hays context,0.27,Central Texas Bird Audubon interactions,National Audubon Society,https://www.audubon.org/native-plants
PLT0208,,Wrens,Birds,broad_guild,,,Bird direct food,nectar,flower nectar,,Food,C - documented broad bird group,Audubon ZIP 78666 / Hays context,0.27,Central Texas Bird Audubon interactions,National Audubon Society,https://www.audubon.org/native-plants
PLT0208,,Chickadees,Birds,broad_guild,,,Bird direct food,nectar,flower nectar,,Food,C - documented broad bird group,Audubon ZIP 78666 / Hays context,0.27,Central Texas Bird Audubon interactions,National Audubon Society,https://www.audubon.org/native-plants
PLT0208,,Crows,Birds,broad_guild,,,Bird direct food,fruit,fruit,,Food,C - documented broad bird group,Audubon ZIP 78666 / Hays context,0.27,Central Texas Bird Audubon interactions,National Audubon Society,https://www.audubon.org/native-plants
PLT0208,,Warblers,Birds,broad_guild,,,Bird direct food,seed/grain,seed/grain,,Food,C - documented broad bird group,Audubon ZIP 78666 / Hays context,0.27,Central Texas Bird Audubon interactions,National Audubon Society,https://www.audubon.org/native-plants
PLT0208,,Warblers,Birds,broad_guild,,,Bird direct food,nectar,flower nectar,,Food,C - documented broad bird group,Audubon ZIP 78666 / Hays context,0.27,Central Texas Bird Audubon interactions,National Audubon Society,https://www.audubon.org/native-plants
PLT0208,,Nuthatches,Birds,broad_guild,,,Bird direct food,nectar,flower nectar,,Food,C - documented broad bird group,Audubon ZIP 78666 / Hays context,0.27,Central Texas Bird Audubon interactions,National Audubon Society,https://www.audubon.org/native-plants
PLT0208,,Wood Warblers,Birds,broad_guild,,,Bird direct food,nectar,flower nectar,,Food,C - documented broad bird group,Audubon ZIP 78666 / Hays context,0.27,Central Texas Bird Audubon interactions,National Audubon Society,https://www.audubon.org/native-plants
PLT0208,,Woodpeckers,Birds,broad_guild,,,Bird direct food,fruit,fruit,,Food,C - documented broad bird group,Audubon ZIP 78666 / Hays context,0.27,Central Texas Bird Audubon interactions,National Audubon Society,https://www.audubon.org/native-plants
PLT0208,,Wrens,Birds,broad_guild,,,Bird direct food,seed/grain,seed/grain,,Food,C - documented broad bird group,Audubon ZIP 78666 / Hays context,0.27,Central Texas Bird Audubon interactions,National Audubon Society,https://www.audubon.org/native-plants
PLT0208,,Orioles,Birds,broad_guild,,,Bird direct food,fruit,fruit,,Food,C - documented broad bird group,Audubon ZIP 78666 / Hays context,0.27,Central Texas Bird Audubon interactions,National Audubon Society,https://www.audubon.org/native-plants
PLT0208,,Thrashers,Birds,broad_guild,,,Bird direct food,nectar,flower nectar,,Food,C - documented broad bird group,Audubon ZIP 78666 / Hays context,0.27,Central Texas Bird Audubon interactions,National Audubon Society,https://www.audubon.org/native-plants
PLT0208,,Jays,Birds,broad_guild,,,Bird direct food,nectar,flower nectar,,Food,C - documented broad bird group,Audubon ZIP 78666 / Hays context,0.27,Central Texas Bird Audubon interactions,National Audubon Society,https://www.audubon.org/native-plants
PLT0208,,Mockingbirds,Birds,broad_guild,,,Bird direct food,fruit,fruit,,Food,C - documented broad bird group,Audubon ZIP 78666 / Hays context,0.27,Central Texas Bird Audubon interactions,National Audubon Society,https://www.audubon.org/native-plants
PLT0208,,Crows,Birds,broad_guild,,,Bird direct food,seed/grain,seed/grain,,Food,C - documented broad bird group,Audubon ZIP 78666 / Hays context,0.27,Central Texas Bird Audubon interactions,National Audubon Society,https://www.audubon.org/native-plants
PLT0208,,Crows,Birds,broad_guild,,,Bird direct food,nectar,flower nectar,,Food,C - documented broad bird group,Audubon ZIP 78666 / Hays context,0.27,Central Texas Bird Audubon interactions,National Audubon Society,https://www.audubon.org/native-plants
PLT0208,,Warblers,Birds,broad_guild,,,Bird direct food,fruit,fruit,,Food,C - documented broad bird group,Audubon ZIP 78666 / Hays context,0.27,Central Texas Bird Audubon interactions,National Audubon Society,https://www.audubon.org/native-plants
PLT0208,,Nuthatches,Birds,broad_guild,,,Bird direct food,seed/grain,seed/grain,,Food,C - documented broad bird group,Audubon ZIP 78666 / Hays context,0.27,Central Texas Bird Audubon interactions,National Audubon Society,https://www.audubon.org/native-plants
PLT0208,,Jays,Birds,broad_guild,,,Bird direct food,seed/grain,seed/grain,,Food,C - documented broad bird group,Audubon ZIP 78666 / Hays context,0.27,Central Texas Bird Audubon interactions,National Audubon Society,https://www.audubon.org/native-plants
PLT0211,,Vireos,Birds,broad_guild,,,Bird direct food,seed/grain,seed/grain,,Food,C - documented broad bird group,Audubon ZIP 78666 / Hays context,0.27,Central Texas Bird Audubon interactions,National Audubon Society,https://www.audubon.org/native-plants
PLT0211,,Warblers,Birds,broad_guild,,,Bird direct food,nectar,flower nectar,,Food,C - documented broad bird group,Audubon ZIP 78666 / Hays context,0.27,Central Texas Bird Audubon interactions,National Audubon Society,https://www.audubon.org/native-plants
PLT0211,,Mockingbirds,Birds,broad_guild,,,Bird direct food,fruit,fruit,,Food,C - documented broad bird group,Audubon ZIP 78666 / Hays context,0.27,Central Texas Bird Audubon interactions,National Audubon Society,https://www.audubon.org/native-plants
PLT0211,,Mockingbirds,Birds,broad_guild,,,Bird direct food,seed/grain,seed/grain,,Food,C - documented broad bird group,Audubon ZIP 78666 / Hays context,0.27,Central Texas Bird Audubon interactions,National Audubon Society,https://www.audubon.org/native-plants
PLT0211,,Grosbeaks,Birds,broad_guild,,,Bird direct food,seed/grain,seed/grain,,Food,C - documented broad bird group,Audubon ZIP 78666 / Hays context,0.27,Central Texas Bird Audubon interactions,National Audubon Society,https://www.audubon.org/native-plants
PLT0211,,Grosbeaks,Birds,broad_guild,,,Bird direct food,nectar,flower nectar,,Food,C - documented broad bird group,Audubon ZIP 78666 / Hays context,0.27,Central Texas Bird Audubon interactions,National Audubon Society,https://www.audubon.org/native-plants
PLT0211,,Hummingbirds,Birds,broad_guild,,,Bird direct food,fruit,fruit,,Food,C - documented broad bird group,Audubon ZIP 78666 / Hays context,0.27,Central Texas Bird Audubon interactions,National Audubon Society,https://www.audubon.org/native-plants
PLT0211,,Waxwings,Birds,broad_guild,,,Bird direct food,nectar,flower nectar,,Food,C - documented broad bird group,Audubon ZIP 78666 / Hays context,0.27,Central Texas Bird Audubon interactions,National Audubon Society,https://www.audubon.org/native-plants
PLT0211,,Wood Warblers,Birds,broad_guild,,,Bird direct food,fruit,fruit,,Food,C - documented broad bird group,Audubon ZIP 78666 / Hays context,0.27,Central Texas Bird Audubon interactions,National Audubon Society,https://www.audubon.org/native-plants
PLT0211,,Thrushes,Birds,broad_guild,,,Bird direct food,fruit,fruit,,Food,C - documented broad bird group,Audubon ZIP 78666 / Hays context,0.27,Central Texas Bird Audubon interactions,National Audubon Society,https://www.audubon.org/native-plants
PLT0211,,Thrushes,Birds,broad_guild,,,Bird direct food,seed/grain,seed/grain,,Food,C - documented broad bird group,Audubon ZIP 78666 / Hays context,0.27,Central Texas Bird Audubon interactions,National Audubon Society,https://www.audubon.org/native-plants
PLT0211,,Thrushes,Birds,broad_guild,,,Bird direct food,nectar,flower nectar,,Food,C - documented broad bird group,Audubon ZIP 78666 / Hays context,0.27,Central Texas Bird Audubon interactions,National Audubon Society,https://www.audubon.org/native-plants
PLT0211,,Titmice,Birds,broad_guild,,,Bird direct food,seed/grain,seed/grain,,Food,C - documented broad bird group,Audubon ZIP 78666 / Hays context,0.27,Central Texas Bird Audubon interactions,National Audubon Society,https://www.audubon.org/native-plants
PLT0211,,Titmice,Birds,broad_guild,,,Bird direct food,nectar,flower nectar,,Food,C - documented broad bird group,Audubon ZIP 78666 / Hays context,0.27,Central Texas Bird Audubon interactions,National Audubon Society,https://www.audubon.org/native-plants
PLT0211,,Vireos,Birds,broad_guild,,,Bird direct food,fruit,fruit,,Food,C - documented broad bird group,Audubon ZIP 78666 / Hays context,0.27,Central Texas Bird Audubon interactions,National Audubon Society,https://www.audubon.org/native-plants
PLT0211,,Jays,Birds,broad_guild,,,Bird direct food,nectar,flower nectar,,Food,C - documented broad bird group,Audubon ZIP 78666 / Hays context,0.27,Central Texas Bird Audubon interactions,National Audubon Society,https://www.audubon.org/native-plants
PLT0211,,Titmice,Birds,broad_guild,,,Bird direct food,fruit,fruit,,Food,C - documented broad bird group,Audubon ZIP 78666 / Hays context,0.27,Central Texas Bird Audubon interactions,National Audubon Society,https://www.audubon.org/native-plants
PLT0211,,Chickadees,Birds,broad_guild,,,Bird direct food,nectar,flower nectar,,Food,C - documented broad bird group,Audubon ZIP 78666 / Hays context,0.27,Central Texas Bird Audubon interactions,National Audubon Society,https://www.audubon.org/native-plants
PLT0211,,Crows,Birds,broad_guild,,,Bird direct food,fruit,fruit,,Food,C - documented broad bird group,Audubon ZIP 78666 / Hays context,0.27,Central Texas Bird Audubon interactions,National Audubon Society,https://www.audubon.org/native-plants
PLT0211,,Crows,Birds,broad_guild,,,Bird direct food,seed/grain,seed/grain,,Food,C - documented broad bird group,Audubon ZIP 78666 / Hays context,0.27,Central Texas Bird Audubon interactions,National Audubon Society,https://www.audubon.org/native-plants
PLT0211,,Crows,Birds,broad_guild,,,Bird direct food,nectar,flower nectar,,Food,C - documented broad bird group,Audubon ZIP 78666 / Hays context,0.27,Central Texas Bird Audubon interactions,National Audubon Society,https://www.audubon.org/native-plants
PLT0211,,Wood Warblers,Birds,broad_guild,,,Bird direct food,seed/grain,seed/grain,,Food,C - documented broad bird group,Audubon ZIP 78666 / Hays context,0.27,Central Texas Bird Audubon interactions,National Audubon Society,https://www.audubon.org/native-plants
PLT0211,,Hummingbirds,Birds,broad_guild,,,Bird direct food,seed/grain,seed/grain,,Food,C - documented broad bird group,Audubon ZIP 78666 / Hays context,0.27,Central Texas Bird Audubon interactions,National Audubon Society,https://www.audubon.org/native-plants
PLT0211,,Buntings,Birds,broad_guild,,,Bird direct food,fruit,fruit,,Food,C - documented broad bird group,Audubon ZIP 78666 / Hays context,0.27,Central Texas Bird Audubon interactions,National Audubon Society,https://www.audubon.org/native-plants
PLT0211,,Buntings,Birds,broad_guild,,,Bird direct food,seed/grain,seed/grain,,Food,C - documented broad bird group,Audubon ZIP 78666 / Hays context,0.27,Central Texas Bird Audubon interactions,National Audubon Society,https://www.audubon.org/native-plants
PLT0211,,Cardinals,Birds,broad_guild,,,Bird direct food,fruit,fruit,,Food,C - documented broad bird group,Audubon ZIP 78666 / Hays context,0.27,Central Texas Bird Audubon interactions,National Audubon Society,https://www.audubon.org/native-plants
PLT0211,,Cardinals,Birds,broad_guild,,,Bird direct food,seed/grain,seed/grain,,Food,C - documented broad bird group,Audubon ZIP 78666 / Hays context,0.27,Central Texas Bird Audubon interactions,National Audubon Society,https://www.audubon.org/native-plants
PLT0211,,Cardinals,Birds,broad_guild,,,Bird direct food,nectar,flower nectar,,Food,C - documented broad bird group,Audubon ZIP 78666 / Hays context,0.27,Central Texas Bird Audubon interactions,National Audubon Society,https://www.audubon.org/native-plants
PLT0211,,Chickadees,Birds,broad_guild,,,Bird direct food,fruit,fruit,,Food,C - documented broad bird group,Audubon ZIP 78666 / Hays context,0.27,Central Texas Bird Audubon interactions,National Audubon Society,https://www.audubon.org/native-plants
PLT0211,,Chickadees,Birds,broad_guild,,,Bird direct food,seed/grain,seed/grain,,Food,C - documented broad bird group,Audubon ZIP 78666 / Hays context,0.27,Central Texas Bird Audubon interactions,National Audubon Society,https://www.audubon.org/native-plants
PLT0211,,Woodpeckers,Birds,broad_guild,,,Bird direct food,nectar,flower nectar,,Food,C - documented broad bird group,Audubon ZIP 78666 / Hays context,0.27,Central Texas Bird Audubon interactions,National Audubon Society,https://www.audubon.org/native-plants
PLT0211,,Wrens,Birds,broad_guild,,,Bird direct food,fruit,fruit,,Food,C - documented broad bird group,Audubon ZIP 78666 / Hays context,0.27,Central Texas Bird Audubon interactions,National Audubon Society,https://www.audubon.org/native-plants
PLT0211,,Jays,Birds,broad_guild,,,Bird direct food,seed/grain,seed/grain,,Food,C - documented broad bird group,Audubon ZIP 78666 / Hays context,0.27,Central Texas Bird Audubon interactions,National Audubon Society,https://www.audubon.org/native-plants
PLT0211,,Orioles,Birds,broad_guild,,,Bird direct food,seed/grain,seed/grain,,Food,C - documented broad bird group,Audubon ZIP 78666 / Hays context,0.27,Central Texas Bird Audubon interactions,National Audubon Society,https://www.audubon.org/native-plants
PLT0211,,Orioles,Birds,broad_guild,,,Bird direct food,nectar,flower nectar,,Food,C - documented broad bird group,Audubon ZIP 78666 / Hays context,0.27,Central Texas Bird Audubon interactions,National Audubon Society,https://www.audubon.org/native-plants
PLT0211,,Sparrows,Birds,broad_guild,,,Bird direct food,seed/grain,seed/grain,,Food,C - documented broad bird group,Audubon ZIP 78666 / Hays context,0.27,Central Texas Bird Audubon interactions,National Audubon Society,https://www.audubon.org/native-plants
PLT0211,,Sparrows,Birds,broad_guild,,,Bird direct food,nectar,flower nectar,,Food,C - documented broad bird group,Audubon ZIP 78666 / Hays context,0.27,Central Texas Bird Audubon interactions,National Audubon Society,https://www.audubon.org/native-plants
PLT0211,,Woodpeckers,Birds,broad_guild,,,Bird direct food,fruit,fruit,,Food,C - documented broad bird group,Audubon ZIP 78666 / Hays context,0.27,Central Texas Bird Audubon interactions,National Audubon Society,https://www.audubon.org/native-plants
PLT0211,,Jays,Birds,broad_guild,,,Bird direct food,fruit,fruit,,Food,C - documented broad bird group,Audubon ZIP 78666 / Hays context,0.27,Central Texas Bird Audubon interactions,National Audubon Society,https://www.audubon.org/native-plants
PLT0211,,Nuthatches,Birds,broad_guild,,,Bird direct food,nectar,flower nectar,,Food,C - documented broad bird group,Audubon ZIP 78666 / Hays context,0.27,Central Texas Bird Audubon interactions,National Audubon Society,https://www.audubon.org/native-plants
PLT0211,,Orioles,Birds,broad_guild,,,Bird direct food,fruit,fruit,,Food,C - documented broad bird group,Audubon ZIP 78666 / Hays context,0.27,Central Texas Bird Audubon interactions,National Audubon Society,https://www.audubon.org/native-plants
PLT0211,,Wrens,Birds,broad_guild,,,Bird direct food,nectar,flower nectar,,Food,C - documented broad bird group,Audubon ZIP 78666 / Hays context,0.27,Central Texas Bird Audubon interactions,National Audubon Society,https://www.audubon.org/native-plants
PLT0211,,Wood Warblers,Birds,broad_guild,,,Bird direct food,nectar,flower nectar,,Food,C - documented broad bird group,Audubon ZIP 78666 / Hays context,0.27,Central Texas Bird Audubon interactions,National Audubon Society,https://www.audubon.org/native-plants
PLT0211,,Vireos,Birds,broad_guild,,,Bird direct food,nectar,flower nectar,,Food,C - documented broad bird group,Audubon ZIP 78666 / Hays context,0.27,Central Texas Bird Audubon interactions,National Audubon Society,https://www.audubon.org/native-plants
PLT0211,,Warblers,Birds,broad_guild,,,Bird direct food,fruit,fruit,,Food,C - documented broad bird group,Audubon ZIP 78666 / Hays context,0.27,Central Texas Bird Audubon interactions,National Audubon Society,https://www.audubon.org/native-plants
PLT0211,,Warblers,Birds,broad_guild,,,Bird direct food,seed/grain,seed/grain,,Food,C - documented broad bird group,Audubon ZIP 78666 / Hays context,0.27,Central Texas Bird Audubon interactions,National Audubon Society,https://www.audubon.org/native-plants
PLT0211,,Buntings,Birds,broad_guild,,,Bird direct food,nectar,flower nectar,,Food,C - documented broad bird group,Audubon ZIP 78666 / Hays context,0.27,Central Texas Bird Audubon interactions,National Audubon Society,https://www.audubon.org/native-plants
PLT0211,,Wrens,Birds,broad_guild,,,Bird direct food,seed/grain,seed/grain,,Food,C - documented broad bird group,Audubon ZIP 78666 / Hays context,0.27,Central Texas Bird Audubon interactions,National Audubon Society,https://www.audubon.org/native-plants
PLT0211,,Woodpeckers,Birds,broad_guild,,,Bird direct food,seed/grain,seed/grain,,Food,C - documented broad bird group,Audubon ZIP 78666 / Hays context,0.27,Central Texas Bird Audubon interactions,National Audubon Society,https://www.audubon.org/native-plants
PLT0211,,Sparrows,Birds,broad_guild,,,Bird direct food,fruit,fruit,,Food,C - documented broad bird group,Audubon ZIP 78666 / Hays context,0.27,Central Texas Bird Audubon interactions,National Audubon Society,https://www.audubon.org/native-plants
PLT0211,,Nuthatches,Birds,broad_guild,,,Bird direct food,seed/grain,seed/grain,,Food,C - documented broad bird group,Audubon ZIP 78666 / Hays context,0.27,Central Texas Bird Audubon interactions,National Audubon Society,https://www.audubon.org/native-plants
PLT0211,,Finches,Birds,broad_guild,,,Bird direct food,nectar,flower nectar,,Food,C - documented broad bird group,Audubon ZIP 78666 / Hays context,0.27,Central Texas Bird Audubon interactions,National Audubon Society,https://www.audubon.org/native-plants
PLT0211,,Grosbeaks,Birds,broad_guild,,,Bird direct food,fruit,fruit,,Food,C - documented broad bird group,Audubon ZIP 78666 / Hays context,0.27,Central Texas Bird Audubon interactions,National Audubon Society,https://www.audubon.org/native-plants
PLT0211,,Hummingbirds,Birds,broad_guild,,,Bird direct food,nectar,flower nectar,,Food,C - documented broad bird group,Audubon ZIP 78666 / Hays context,0.27,Central Texas Bird Audubon interactions,National Audubon Society,https://www.audubon.org/native-plants
PLT0211,,Finches,Birds,broad_guild,,,Bird direct food,fruit,fruit,,Food,C - documented broad bird group,Audubon ZIP 78666 / Hays context,0.27,Central Texas Bird Audubon interactions,National Audubon Society,https://www.audubon.org/native-plants
PLT0211,,Waxwings,Birds,broad_guild,,,Bird direct food,fruit,fruit,,Food,C - documented broad bird group,Audubon ZIP 78666 / Hays context,0.27,Central Texas Bird Audubon interactions,National Audubon Society,https://www.audubon.org/native-plants
PLT0211,,Waxwings,Birds,broad_guild,,,Bird direct food,seed/grain,seed/grain,,Food,C - documented broad bird group,Audubon ZIP 78666 / Hays context,0.27,Central Texas Bird Audubon interactions,National Audubon Society,https://www.audubon.org/native-plants
PLT0211,,Thrashers,Birds,broad_guild,,,Bird direct food,fruit,fruit,,Food,C - documented broad bird group,Audubon ZIP 78666 / Hays context,0.27,Central Texas Bird Audubon interactions,National Audubon Society,https://www.audubon.org/native-plants
PLT0211,,Thrashers,Birds,broad_guild,,,Bird direct food,seed/grain,seed/grain,,Food,C - documented broad bird group,Audubon ZIP 78666 / Hays context,0.27,Central Texas Bird Audubon interactions,National Audubon Society,https://www.audubon.org/native-plants
PLT0211,,Thrashers,Birds,broad_guild,,,Bird direct food,nectar,flower nectar,,Food,C - documented broad bird group,Audubon ZIP 78666 / Hays context,0.27,Central Texas Bird Audubon interactions,National Audubon Society,https://www.audubon.org/native-plants
PLT0211,,Mockingbirds,Birds,broad_guild,,,Bird direct food,nectar,flower nectar,,Food,C - documented broad bird group,Audubon ZIP 78666 / Hays context,0.27,Central Texas Bird Audubon interactions,National Audubon Society,https://www.audubon.org/native-plants
PLT0211,,Nuthatches,Birds,broad_guild,,,Bird direct food,fruit,fruit,,Food,C - documented broad bird group,Audubon ZIP 78666 / Hays context,0.27,Central Texas Bird Audubon interactions,National Audubon Society,https://www.audubon.org/native-plants
PLT0211,,Finches,Birds,broad_guild,,,Bird direct food,seed/grain,seed/grain,,Food,C - documented broad bird group,Audubon ZIP 78666 / Hays context,0.27,Central Texas Bird Audubon interactions,National Audubon Society,https://www.audubon.org/native-plants
PLT0213,,Wood Warblers,Birds,broad_guild,,,Bird direct food,fruit,fruit,,Food,C - documented broad bird group,Audubon ZIP 78666 / Hays context,0.27,Central Texas Bird Audubon interactions,National Audubon Society,https://www.audubon.org/native-plants
PLT0213,,Titmice,Birds,broad_guild,,,Bird direct food,nectar,flower nectar,,Food,C - documented broad bird group,Audubon ZIP 78666 / Hays context,0.27,Central Texas Bird Audubon interactions,National Audubon Society,https://www.audubon.org/native-plants
PLT0213,,Vireos,Birds,broad_guild,,,Bird direct food,fruit,fruit,,Food,C - documented broad bird group,Audubon ZIP 78666 / Hays context,0.27,Central Texas Bird Audubon interactions,National Audubon Society,https://www.audubon.org/native-plants
PLT0213,,Vireos,Birds,broad_guild,,,Bird direct food,seed/grain,seed/grain,,Food,C - documented broad bird group,Audubon ZIP 78666 / Hays context,0.27,Central Texas Bird Audubon interactions,National Audubon Society,https://www.audubon.org/native-plants
PLT0213,,Vireos,Birds,broad_guild,,,Bird direct food,nectar,flower nectar,,Food,C - documented broad bird group,Audubon ZIP 78666 / Hays context,0.27,Central Texas Bird Audubon interactions,National Audubon Society,https://www.audubon.org/native-plants
PLT0213,,Warblers,Birds,broad_guild,,,Bird direct food,seed/grain,seed/grain,,Food,C - documented broad bird group,Audubon ZIP 78666 / Hays context,0.27,Central Texas Bird Audubon interactions,National Audubon Society,https://www.audubon.org/native-plants
PLT0213,,Wrens,Birds,broad_guild,,,Bird direct food,fruit,fruit,,Food,C - documented broad bird group,Audubon ZIP 78666 / Hays context,0.27,Central Texas Bird Audubon interactions,National Audubon Society,https://www.audubon.org/native-plants
PLT0213,,Wood Warblers,Birds,broad_guild,,,Bird direct food,nectar,flower nectar,,Food,C - documented broad bird group,Audubon ZIP 78666 / Hays context,0.27,Central Texas Bird Audubon interactions,National Audubon Society,https://www.audubon.org/native-plants
PLT0213,,Warblers,Birds,broad_guild,,,Bird direct food,fruit,fruit,,Food,C - documented broad bird group,Audubon ZIP 78666 / Hays context,0.27,Central Texas Bird Audubon interactions,National Audubon Society,https://www.audubon.org/native-plants
PLT0213,,Orioles,Birds,broad_guild,,,Bird direct food,fruit,fruit,,Food,C - documented broad bird group,Audubon ZIP 78666 / Hays context,0.27,Central Texas Bird Audubon interactions,National Audubon Society,https://www.audubon.org/native-plants
PLT0213,,Orioles,Birds,broad_guild,,,Bird direct food,nectar,flower nectar,,Food,C - documented broad bird group,Audubon ZIP 78666 / Hays context,0.27,Central Texas Bird Audubon interactions,National Audubon Society,https://www.audubon.org/native-plants
PLT0213,,Sparrows,Birds,broad_guild,,,Bird direct food,fruit,fruit,,Food,C - documented broad bird group,Audubon ZIP 78666 / Hays context,0.27,Central Texas Bird Audubon interactions,National Audubon Society,https://www.audubon.org/native-plants
PLT0213,,Warblers,Birds,broad_guild,,,Bird direct food,nectar,flower nectar,,Food,C - documented broad bird group,Audubon ZIP 78666 / Hays context,0.27,Central Texas Bird Audubon interactions,National Audubon Society,https://www.audubon.org/native-plants
PLT0213,,Hummingbirds,Birds,broad_guild,,,Bird direct food,nectar,flower nectar,,Food,C - documented broad bird group,Audubon ZIP 78666 / Hays context,0.27,Central Texas Bird Audubon interactions,National Audubon Society,https://www.audubon.org/native-plants
PLT0213,,Orioles,Birds,broad_guild,,,Bird direct food,seed/grain,seed/grain,,Food,C - documented broad bird group,Audubon ZIP 78666 / Hays context,0.27,Central Texas Bird Audubon interactions,National Audubon Society,https://www.audubon.org/native-plants
PLT0213,,Sparrows,Birds,broad_guild,,,Bird direct food,nectar,flower nectar,,Food,C - documented broad bird group,Audubon ZIP 78666 / Hays context,0.27,Central Texas Bird Audubon interactions,National Audubon Society,https://www.audubon.org/native-plants
PLT0213,,Thrashers,Birds,broad_guild,,,Bird direct food,fruit,fruit,,Food,C - documented broad bird group,Audubon ZIP 78666 / Hays context,0.27,Central Texas Bird Audubon interactions,National Audubon Society,https://www.audubon.org/native-plants
PLT0213,,Thrashers,Birds,broad_guild,,,Bird direct food,seed/grain,seed/grain,,Food,C - documented broad bird group,Audubon ZIP 78666 / Hays context,0.27,Central Texas Bird Audubon interactions,National Audubon Society,https://www.audubon.org/native-plants
PLT0213,,Thrashers,Birds,broad_guild,,,Bird direct food,nectar,flower nectar,,Food,C - documented broad bird group,Audubon ZIP 78666 / Hays context,0.27,Central Texas Bird Audubon interactions,National Audubon Society,https://www.audubon.org/native-plants
PLT0213,,Thrushes,Birds,broad_guild,,,Bird direct food,fruit,fruit,,Food,C - documented broad bird group,Audubon ZIP 78666 / Hays context,0.27,Central Texas Bird Audubon interactions,National Audubon Society,https://www.audubon.org/native-plants
PLT0213,,Thrushes,Birds,broad_guild,,,Bird direct food,seed/grain,seed/grain,,Food,C - documented broad bird group,Audubon ZIP 78666 / Hays context,0.27,Central Texas Bird Audubon interactions,National Audubon Society,https://www.audubon.org/native-plants
PLT0213,,Nuthatches,Birds,broad_guild,,,Bird direct food,fruit,fruit,,Food,C - documented broad bird group,Audubon ZIP 78666 / Hays context,0.27,Central Texas Bird Audubon interactions,National Audubon Society,https://www.audubon.org/native-plants
PLT0213,,Grosbeaks,Birds,broad_guild,,,Bird direct food,seed/grain,seed/grain,,Food,C - documented broad bird group,Audubon ZIP 78666 / Hays context,0.27,Central Texas Bird Audubon interactions,National Audubon Society,https://www.audubon.org/native-plants
PLT0213,,Grosbeaks,Birds,broad_guild,,,Bird direct food,nectar,flower nectar,,Food,C - documented broad bird group,Audubon ZIP 78666 / Hays context,0.27,Central Texas Bird Audubon interactions,National Audubon Society,https://www.audubon.org/native-plants
PLT0213,,Hummingbirds,Birds,broad_guild,,,Bird direct food,fruit,fruit,,Food,C - documented broad bird group,Audubon ZIP 78666 / Hays context,0.27,Central Texas Bird Audubon interactions,National Audubon Society,https://www.audubon.org/native-plants
PLT0213,,Hummingbirds,Birds,broad_guild,,,Bird direct food,seed/grain,seed/grain,,Food,C - documented broad bird group,Audubon ZIP 78666 / Hays context,0.27,Central Texas Bird Audubon interactions,National Audubon Society,https://www.audubon.org/native-plants
PLT0213,,Wood Warblers,Birds,broad_guild,,,Bird direct food,seed/grain,seed/grain,,Food,C - documented broad bird group,Audubon ZIP 78666 / Hays context,0.27,Central Texas Bird Audubon interactions,National Audubon Society,https://www.audubon.org/native-plants
PLT0213,,Chickadees,Birds,broad_guild,,,Bird direct food,fruit,fruit,,Food,C - documented broad bird group,Audubon ZIP 78666 / Hays context,0.27,Central Texas Bird Audubon interactions,National Audubon Society,https://www.audubon.org/native-plants
PLT0213,,Sparrows,Birds,broad_guild,,,Bird direct food,seed/grain,seed/grain,,Food,C - documented broad bird group,Audubon ZIP 78666 / Hays context,0.27,Central Texas Bird Audubon interactions,National Audubon Society,https://www.audubon.org/native-plants
PLT0213,,Mockingbirds,Birds,broad_guild,,,Bird direct food,nectar,flower nectar,,Food,C - documented broad bird group,Audubon ZIP 78666 / Hays context,0.27,Central Texas Bird Audubon interactions,National Audubon Society,https://www.audubon.org/native-plants
PLT0213,,Wrens,Birds,broad_guild,,,Bird direct food,seed/grain,seed/grain,,Food,C - documented broad bird group,Audubon ZIP 78666 / Hays context,0.27,Central Texas Bird Audubon interactions,National Audubon Society,https://www.audubon.org/native-plants
PLT0213,,Waxwings,Birds,broad_guild,,,Bird direct food,seed/grain,seed/grain,,Food,C - documented broad bird group,Audubon ZIP 78666 / Hays context,0.27,Central Texas Bird Audubon interactions,National Audubon Society,https://www.audubon.org/native-plants
PLT0213,,Waxwings,Birds,broad_guild,,,Bird direct food,nectar,flower nectar,,Food,C - documented broad bird group,Audubon ZIP 78666 / Hays context,0.27,Central Texas Bird Audubon interactions,National Audubon Society,https://www.audubon.org/native-plants
PLT0213,,Titmice,Birds,broad_guild,,,Bird direct food,seed/grain,seed/grain,,Food,C - documented broad bird group,Audubon ZIP 78666 / Hays context,0.27,Central Texas Bird Audubon interactions,National Audubon Society,https://www.audubon.org/native-plants
PLT0213,,Woodpeckers,Birds,broad_guild,,,Bird direct food,fruit,fruit,,Food,C - documented broad bird group,Audubon ZIP 78666 / Hays context,0.27,Central Texas Bird Audubon interactions,National Audubon Society,https://www.audubon.org/native-plants
PLT0213,,Woodpeckers,Birds,broad_guild,,,Bird direct food,seed/grain,seed/grain,,Food,C - documented broad bird group,Audubon ZIP 78666 / Hays context,0.27,Central Texas Bird Audubon interactions,National Audubon Society,https://www.audubon.org/native-plants
PLT0213,,Woodpeckers,Birds,broad_guild,,,Bird direct food,nectar,flower nectar,,Food,C - documented broad bird group,Audubon ZIP 78666 / Hays context,0.27,Central Texas Bird Audubon interactions,National Audubon Society,https://www.audubon.org/native-plants
PLT0213,,Wrens,Birds,broad_guild,,,Bird direct food,nectar,flower nectar,,Food,C - documented broad bird group,Audubon ZIP 78666 / Hays context,0.27,Central Texas Bird Audubon interactions,National Audubon Society,https://www.audubon.org/native-plants
PLT0213,,Chickadees,Birds,broad_guild,,,Bird direct food,seed/grain,seed/grain,,Food,C - documented broad bird group,Audubon ZIP 78666 / Hays context,0.27,Central Texas Bird Audubon interactions,National Audubon Society,https://www.audubon.org/native-plants
PLT0213,,Finches,Birds,broad_guild,,,Bird direct food,seed/grain,seed/grain,,Food,C - documented broad bird group,Audubon ZIP 78666 / Hays context,0.27,Central Texas Bird Audubon interactions,National Audubon Society,https://www.audubon.org/native-plants
PLT0213,,Buntings,Birds,broad_guild,,,Bird direct food,fruit,fruit,,Food,C - documented broad bird group,Audubon ZIP 78666 / Hays context,0.27,Central Texas Bird Audubon interactions,National Audubon Society,https://www.audubon.org/native-plants
PLT0213,,Buntings,Birds,broad_guild,,,Bird direct food,seed/grain,seed/grain,,Food,C - documented broad bird group,Audubon ZIP 78666 / Hays context,0.27,Central Texas Bird Audubon interactions,National Audubon Society,https://www.audubon.org/native-plants
PLT0213,,Jays,Birds,broad_guild,,,Bird direct food,fruit,fruit,,Food,C - documented broad bird group,Audubon ZIP 78666 / Hays context,0.27,Central Texas Bird Audubon interactions,National Audubon Society,https://www.audubon.org/native-plants
PLT0213,,Jays,Birds,broad_guild,,,Bird direct food,seed/grain,seed/grain,,Food,C - documented broad bird group,Audubon ZIP 78666 / Hays context,0.27,Central Texas Bird Audubon interactions,National Audubon Society,https://www.audubon.org/native-plants
PLT0213,,Nuthatches,Birds,broad_guild,,,Bird direct food,seed/grain,seed/grain,,Food,C - documented broad bird group,Audubon ZIP 78666 / Hays context,0.27,Central Texas Bird Audubon interactions,National Audubon Society,https://www.audubon.org/native-plants
PLT0213,,Nuthatches,Birds,broad_guild,,,Bird direct food,nectar,flower nectar,,Food,C - documented broad bird group,Audubon ZIP 78666 / Hays context,0.27,Central Texas Bird Audubon interactions,National Audubon Society,https://www.audubon.org/native-plants
PLT0213,,Thrushes,Birds,broad_guild,,,Bird direct food,nectar,flower nectar,,Food,C - documented broad bird group,Audubon ZIP 78666 / Hays context,0.27,Central Texas Bird Audubon interactions,National Audubon Society,https://www.audubon.org/native-plants
PLT0213,,Jays,Birds,broad_guild,,,Bird direct food,nectar,flower nectar,,Food,C - documented broad bird group,Audubon ZIP 78666 / Hays context,0.27,Central Texas Bird Audubon interactions,National Audubon Society,https://www.audubon.org/native-plants
PLT0213,,Mockingbirds,Birds,broad_guild,,,Bird direct food,fruit,fruit,,Food,C - documented broad bird group,Audubon ZIP 78666 / Hays context,0.27,Central Texas Bird Audubon interactions,National Audubon Society,https://www.audubon.org/native-plants
PLT0213,,Mockingbirds,Birds,broad_guild,,,Bird direct food,seed/grain,seed/grain,,Food,C - documented broad bird group,Audubon ZIP 78666 / Hays context,0.27,Central Texas Bird Audubon interactions,National Audubon Society,https://www.audubon.org/native-plants
PLT0213,,Titmice,Birds,broad_guild,,,Bird direct food,fruit,fruit,,Food,C - documented broad bird group,Audubon ZIP 78666 / Hays context,0.27,Central Texas Bird Audubon interactions,National Audubon Society,https://www.audubon.org/native-plants
PLT0213,,Finches,Birds,broad_guild,,,Bird direct food,nectar,flower nectar,,Food,C - documented broad bird group,Audubon ZIP 78666 / Hays context,0.27,Central Texas Bird Audubon interactions,National Audubon Society,https://www.audubon.org/native-plants
PLT0213,,Grosbeaks,Birds,broad_guild,,,Bird direct food,fruit,fruit,,Food,C - documented broad bird group,Audubon ZIP 78666 / Hays context,0.27,Central Texas Bird Audubon interactions,National Audubon Society,https://www.audubon.org/native-plants
PLT0213,,Waxwings,Birds,broad_guild,,,Bird direct food,fruit,fruit,,Food,C - documented broad bird group,Audubon ZIP 78666 / Hays context,0.27,Central Texas Bird Audubon interactions,National Audubon Society,https://www.audubon.org/native-plants
PLT0213,,Buntings,Birds,broad_guild,,,Bird direct food,nectar,flower nectar,,Food,C - documented broad bird group,Audubon ZIP 78666 / Hays context,0.27,Central Texas Bird Audubon interactions,National Audubon Society,https://www.audubon.org/native-plants
PLT0213,,Cardinals,Birds,broad_guild,,,Bird direct food,fruit,fruit,,Food,C - documented broad bird group,Audubon ZIP 78666 / Hays context,0.27,Central Texas Bird Audubon interactions,National Audubon Society,https://www.audubon.org/native-plants
PLT0213,,Cardinals,Birds,broad_guild,,,Bird direct food,seed/grain,seed/grain,,Food,C - documented broad bird group,Audubon ZIP 78666 / Hays context,0.27,Central Texas Bird Audubon interactions,National Audubon Society,https://www.audubon.org/native-plants
PLT0213,,Cardinals,Birds,broad_guild,,,Bird direct food,nectar,flower nectar,,Food,C - documented broad bird group,Audubon ZIP 78666 / Hays context,0.27,Central Texas Bird Audubon interactions,National Audubon Society,https://www.audubon.org/native-plants
PLT0213,,Chickadees,Birds,broad_guild,,,Bird direct food,nectar,flower nectar,,Food,C - documented broad bird group,Audubon ZIP 78666 / Hays context,0.27,Central Texas Bird Audubon interactions,National Audubon Society,https://www.audubon.org/native-plants
PLT0213,,Crows,Birds,broad_guild,,,Bird direct food,fruit,fruit,,Food,C - documented broad bird group,Audubon ZIP 78666 / Hays context,0.27,Central Texas Bird Audubon interactions,National Audubon Society,https://www.audubon.org/native-plants
PLT0213,,Crows,Birds,broad_guild,,,Bird direct food,seed/grain,seed/grain,,Food,C - documented broad bird group,Audubon ZIP 78666 / Hays context,0.27,Central Texas Bird Audubon interactions,National Audubon Society,https://www.audubon.org/native-plants
PLT0213,,Crows,Birds,broad_guild,,,Bird direct food,nectar,flower nectar,,Food,C - documented broad bird group,Audubon ZIP 78666 / Hays context,0.27,Central Texas Bird Audubon interactions,National Audubon Society,https://www.audubon.org/native-plants
PLT0213,,Finches,Birds,broad_guild,,,Bird direct food,fruit,fruit,,Food,C - documented broad bird group,Audubon ZIP 78666 / Hays context,0.27,Central Texas Bird Audubon interactions,National Audubon Society,https://www.audubon.org/native-plants
PLT0214,,Warblers,Birds,broad_guild,,,Bird direct food,seed/grain,seed/grain,,Food,C - documented broad bird group,Audubon ZIP 78666 / Hays context,0.27,Central Texas Bird Audubon interactions,National Audubon Society,https://www.audubon.org/native-plants
PLT0214,,Warblers,Birds,broad_guild,,,Bird direct food,nectar,flower nectar,,Food,C - documented broad bird group,Audubon ZIP 78666 / Hays context,0.27,Central Texas Bird Audubon interactions,National Audubon Society,https://www.audubon.org/native-plants
PLT0214,,Waxwings,Birds,broad_guild,,,Bird direct food,fruit,fruit,,Food,C - documented broad bird group,Audubon ZIP 78666 / Hays context,0.27,Central Texas Bird Audubon interactions,National Audubon Society,https://www.audubon.org/native-plants
PLT0214,,Waxwings,Birds,broad_guild,,,Bird direct food,seed/grain,seed/grain,,Food,C - documented broad bird group,Audubon ZIP 78666 / Hays context,0.27,Central Texas Bird Audubon interactions,National Audubon Society,https://www.audubon.org/native-plants
PLT0214,,Waxwings,Birds,broad_guild,,,Bird direct food,nectar,flower nectar,,Food,C - documented broad bird group,Audubon ZIP 78666 / Hays context,0.27,Central Texas Bird Audubon interactions,National Audubon Society,https://www.audubon.org/native-plants
PLT0214,,Jays,Birds,broad_guild,,,Bird direct food,fruit,fruit,,Food,C - documented broad bird group,Audubon ZIP 78666 / Hays context,0.27,Central Texas Bird Audubon interactions,National Audubon Society,https://www.audubon.org/native-plants
PLT0214,,Crows,Birds,broad_guild,,,Bird direct food,fruit,fruit,,Food,C - documented broad bird group,Audubon ZIP 78666 / Hays context,0.27,Central Texas Bird Audubon interactions,National Audubon Society,https://www.audubon.org/native-plants
PLT0214,,Crows,Birds,broad_guild,,,Bird direct food,seed/grain,seed/grain,,Food,C - documented broad bird group,Audubon ZIP 78666 / Hays context,0.27,Central Texas Bird Audubon interactions,National Audubon Society,https://www.audubon.org/native-plants
PLT0214,,Crows,Birds,broad_guild,,,Bird direct food,nectar,flower nectar,,Food,C - documented broad bird group,Audubon ZIP 78666 / Hays context,0.27,Central Texas Bird Audubon interactions,National Audubon Society,https://www.audubon.org/native-plants
PLT0214,,Finches,Birds,broad_guild,,,Bird direct food,nectar,flower nectar,,Food,C - documented broad bird group,Audubon ZIP 78666 / Hays context,0.27,Central Texas Bird Audubon interactions,National Audubon Society,https://www.audubon.org/native-plants
PLT0214,,Buntings,Birds,broad_guild,,,Bird direct food,seed/grain,seed/grain,,Food,C - documented broad bird group,Audubon ZIP 78666 / Hays context,0.27,Central Texas Bird Audubon interactions,National Audubon Society,https://www.audubon.org/native-plants
PLT0214,,Hummingbirds,Birds,broad_guild,,,Bird direct food,fruit,fruit,,Food,C - documented broad bird group,Audubon ZIP 78666 / Hays context,0.27,Central Texas Bird Audubon interactions,National Audubon Society,https://www.audubon.org/native-plants
PLT0214,,Hummingbirds,Birds,broad_guild,,,Bird direct food,seed/grain,seed/grain,,Food,C - documented broad bird group,Audubon ZIP 78666 / Hays context,0.27,Central Texas Bird Audubon interactions,National Audubon Society,https://www.audubon.org/native-plants
PLT0214,,Cardinals,Birds,broad_guild,,,Bird direct food,seed/grain,seed/grain,,Food,C - documented broad bird group,Audubon ZIP 78666 / Hays context,0.27,Central Texas Bird Audubon interactions,National Audubon Society,https://www.audubon.org/native-plants
PLT0214,,Cardinals,Birds,broad_guild,,,Bird direct food,nectar,flower nectar,,Food,C - documented broad bird group,Audubon ZIP 78666 / Hays context,0.27,Central Texas Bird Audubon interactions,National Audubon Society,https://www.audubon.org/native-plants
PLT0214,,Finches,Birds,broad_guild,,,Bird direct food,fruit,fruit,,Food,C - documented broad bird group,Audubon ZIP 78666 / Hays context,0.27,Central Texas Bird Audubon interactions,National Audubon Society,https://www.audubon.org/native-plants
PLT0214,,Finches,Birds,broad_guild,,,Bird direct food,seed/grain,seed/grain,,Food,C - documented broad bird group,Audubon ZIP 78666 / Hays context,0.27,Central Texas Bird Audubon interactions,National Audubon Society,https://www.audubon.org/native-plants
PLT0214,,Chickadees,Birds,broad_guild,,,Bird direct food,fruit,fruit,,Food,C - documented broad bird group,Audubon ZIP 78666 / Hays context,0.27,Central Texas Bird Audubon interactions,National Audubon Society,https://www.audubon.org/native-plants
PLT0214,,Chickadees,Birds,broad_guild,,,Bird direct food,seed/grain,seed/grain,,Food,C - documented broad bird group,Audubon ZIP 78666 / Hays context,0.27,Central Texas Bird Audubon interactions,National Audubon Society,https://www.audubon.org/native-plants
PLT0214,,Grosbeaks,Birds,broad_guild,,,Bird direct food,fruit,fruit,,Food,C - documented broad bird group,Audubon ZIP 78666 / Hays context,0.27,Central Texas Bird Audubon interactions,National Audubon Society,https://www.audubon.org/native-plants
PLT0214,,Chickadees,Birds,broad_guild,,,Bird direct food,nectar,flower nectar,,Food,C - documented broad bird group,Audubon ZIP 78666 / Hays context,0.27,Central Texas Bird Audubon interactions,National Audubon Society,https://www.audubon.org/native-plants
PLT0214,,Wrens,Birds,broad_guild,,,Bird direct food,fruit,fruit,,Food,C - documented broad bird group,Audubon ZIP 78666 / Hays context,0.27,Central Texas Bird Audubon interactions,National Audubon Society,https://www.audubon.org/native-plants
PLT0214,,Wrens,Birds,broad_guild,,,Bird direct food,seed/grain,seed/grain,,Food,C - documented broad bird group,Audubon ZIP 78666 / Hays context,0.27,Central Texas Bird Audubon interactions,National Audubon Society,https://www.audubon.org/native-plants
PLT0214,,Wrens,Birds,broad_guild,,,Bird direct food,nectar,flower nectar,,Food,C - documented broad bird group,Audubon ZIP 78666 / Hays context,0.27,Central Texas Bird Audubon interactions,National Audubon Society,https://www.audubon.org/native-plants
PLT0214,,Vireos,Birds,broad_guild,,,Bird direct food,nectar,flower nectar,,Food,C - documented broad bird group,Audubon ZIP 78666 / Hays context,0.27,Central Texas Bird Audubon interactions,National Audubon Society,https://www.audubon.org/native-plants
PLT0214,,Nuthatches,Birds,broad_guild,,,Bird direct food,nectar,flower nectar,,Food,C - documented broad bird group,Audubon ZIP 78666 / Hays context,0.27,Central Texas Bird Audubon interactions,National Audubon Society,https://www.audubon.org/native-plants
PLT0214,,Hummingbirds,Birds,broad_guild,,,Bird direct food,nectar,flower nectar,,Food,C - documented broad bird group,Audubon ZIP 78666 / Hays context,0.27,Central Texas Bird Audubon interactions,National Audubon Society,https://www.audubon.org/native-plants
PLT0214,,Jays,Birds,broad_guild,,,Bird direct food,seed/grain,seed/grain,,Food,C - documented broad bird group,Audubon ZIP 78666 / Hays context,0.27,Central Texas Bird Audubon interactions,National Audubon Society,https://www.audubon.org/native-plants
PLT0214,,Woodpeckers,Birds,broad_guild,,,Bird direct food,nectar,flower nectar,,Food,C - documented broad bird group,Audubon ZIP 78666 / Hays context,0.27,Central Texas Bird Audubon interactions,National Audubon Society,https://www.audubon.org/native-plants
PLT0214,,Jays,Birds,broad_guild,,,Bird direct food,nectar,flower nectar,,Food,C - documented broad bird group,Audubon ZIP 78666 / Hays context,0.27,Central Texas Bird Audubon interactions,National Audubon Society,https://www.audubon.org/native-plants
PLT0214,,Thrushes,Birds,broad_guild,,,Bird direct food,seed/grain,seed/grain,,Food,C - documented broad bird group,Audubon ZIP 78666 / Hays context,0.27,Central Texas Bird Audubon interactions,National Audubon Society,https://www.audubon.org/native-plants
PLT0214,,Mockingbirds,Birds,broad_guild,,,Bird direct food,seed/grain,seed/grain,,Food,C - documented broad bird group,Audubon ZIP 78666 / Hays context,0.27,Central Texas Bird Audubon interactions,National Audubon Society,https://www.audubon.org/native-plants
PLT0214,,Thrushes,Birds,broad_guild,,,Bird direct food,fruit,fruit,,Food,C - documented broad bird group,Audubon ZIP 78666 / Hays context,0.27,Central Texas Bird Audubon interactions,National Audubon Society,https://www.audubon.org/native-plants
PLT0214,,Buntings,Birds,broad_guild,,,Bird direct food,fruit,fruit,,Food,C - documented broad bird group,Audubon ZIP 78666 / Hays context,0.27,Central Texas Bird Audubon interactions,National Audubon Society,https://www.audubon.org/native-plants
PLT0214,,Grosbeaks,Birds,broad_guild,,,Bird direct food,seed/grain,seed/grain,,Food,C - documented broad bird group,Audubon ZIP 78666 / Hays context,0.27,Central Texas Bird Audubon interactions,National Audubon Society,https://www.audubon.org/native-plants
PLT0214,,Buntings,Birds,broad_guild,,,Bird direct food,nectar,flower nectar,,Food,C - documented broad bird group,Audubon ZIP 78666 / Hays context,0.27,Central Texas Bird Audubon interactions,National Audubon Society,https://www.audubon.org/native-plants
PLT0214,,Orioles,Birds,broad_guild,,,Bird direct food,fruit,fruit,,Food,C - documented broad bird group,Audubon ZIP 78666 / Hays context,0.27,Central Texas Bird Audubon interactions,National Audubon Society,https://www.audubon.org/native-plants
PLT0214,,Grosbeaks,Birds,broad_guild,,,Bird direct food,nectar,flower nectar,,Food,C - documented broad bird group,Audubon ZIP 78666 / Hays context,0.27,Central Texas Bird Audubon interactions,National Audubon Society,https://www.audubon.org/native-plants
PLT0214,,Thrushes,Birds,broad_guild,,,Bird direct food,nectar,flower nectar,,Food,C - documented broad bird group,Audubon ZIP 78666 / Hays context,0.27,Central Texas Bird Audubon interactions,National Audubon Society,https://www.audubon.org/native-plants
PLT0214,,Titmice,Birds,broad_guild,,,Bird direct food,fruit,fruit,,Food,C - documented broad bird group,Audubon ZIP 78666 / Hays context,0.27,Central Texas Bird Audubon interactions,National Audubon Society,https://www.audubon.org/native-plants
PLT0214,,Titmice,Birds,broad_guild,,,Bird direct food,seed/grain,seed/grain,,Food,C - documented broad bird group,Audubon ZIP 78666 / Hays context,0.27,Central Texas Bird Audubon interactions,National Audubon Society,https://www.audubon.org/native-plants
PLT0214,,Mockingbirds,Birds,broad_guild,,,Bird direct food,nectar,flower nectar,,Food,C - documented broad bird group,Audubon ZIP 78666 / Hays context,0.27,Central Texas Bird Audubon interactions,National Audubon Society,https://www.audubon.org/native-plants
PLT0214,,Nuthatches,Birds,broad_guild,,,Bird direct food,fruit,fruit,,Food,C - documented broad bird group,Audubon ZIP 78666 / Hays context,0.27,Central Texas Bird Audubon interactions,National Audubon Society,https://www.audubon.org/native-plants
PLT0214,,Nuthatches,Birds,broad_guild,,,Bird direct food,seed/grain,seed/grain,,Food,C - documented broad bird group,Audubon ZIP 78666 / Hays context,0.27,Central Texas Bird Audubon interactions,National Audubon Society,https://www.audubon.org/native-plants
PLT0214,,Vireos,Birds,broad_guild,,,Bird direct food,fruit,fruit,,Food,C - documented broad bird group,Audubon ZIP 78666 / Hays context,0.27,Central Texas Bird Audubon interactions,National Audubon Society,https://www.audubon.org/native-plants
PLT0214,,Vireos,Birds,broad_guild,,,Bird direct food,seed/grain,seed/grain,,Food,C - documented broad bird group,Audubon ZIP 78666 / Hays context,0.27,Central Texas Bird Audubon interactions,National Audubon Society,https://www.audubon.org/native-plants
PLT0214,,Sparrows,Birds,broad_guild,,,Bird direct food,seed/grain,seed/grain,,Food,C - documented broad bird group,Audubon ZIP 78666 / Hays context,0.27,Central Texas Bird Audubon interactions,National Audubon Society,https://www.audubon.org/native-plants
PLT0214,,Sparrows,Birds,broad_guild,,,Bird direct food,nectar,flower nectar,,Food,C - documented broad bird group,Audubon ZIP 78666 / Hays context,0.27,Central Texas Bird Audubon interactions,National Audubon Society,https://www.audubon.org/native-plants
PLT0214,,Thrashers,Birds,broad_guild,,,Bird direct food,fruit,fruit,,Food,C - documented broad bird group,Audubon ZIP 78666 / Hays context,0.27,Central Texas Bird Audubon interactions,National Audubon Society,https://www.audubon.org/native-plants
PLT0214,,Wood Warblers,Birds,broad_guild,,,Bird direct food,seed/grain,seed/grain,,Food,C - documented broad bird group,Audubon ZIP 78666 / Hays context,0.27,Central Texas Bird Audubon interactions,National Audubon Society,https://www.audubon.org/native-plants
PLT0214,,Wood Warblers,Birds,broad_guild,,,Bird direct food,nectar,flower nectar,,Food,C - documented broad bird group,Audubon ZIP 78666 / Hays context,0.27,Central Texas Bird Audubon interactions,National Audubon Society,https://www.audubon.org/native-plants
PLT0214,,Wood Warblers,Birds,broad_guild,,,Bird direct food,fruit,fruit,,Food,C - documented broad bird group,Audubon ZIP 78666 / Hays context,0.27,Central Texas Bird Audubon interactions,National Audubon Society,https://www.audubon.org/native-plants
PLT0214,,Woodpeckers,Birds,broad_guild,,,Bird direct food,fruit,fruit,,Food,C - documented broad bird group,Audubon ZIP 78666 / Hays context,0.27,Central Texas Bird Audubon interactions,National Audubon Society,https://www.audubon.org/native-plants
PLT0214,,Woodpeckers,Birds,broad_guild,,,Bird direct food,seed/grain,seed/grain,,Food,C - documented broad bird group,Audubon ZIP 78666 / Hays context,0.27,Central Texas Bird Audubon interactions,National Audubon Society,https://www.audubon.org/native-plants
PLT0214,,Cardinals,Birds,broad_guild,,,Bird direct food,fruit,fruit,,Food,C - documented broad bird group,Audubon ZIP 78666 / Hays context,0.27,Central Texas Bird Audubon interactions,National Audubon Society,https://www.audubon.org/native-plants
PLT0214,,Titmice,Birds,broad_guild,,,Bird direct food,nectar,flower nectar,,Food,C - documented broad bird group,Audubon ZIP 78666 / Hays context,0.27,Central Texas Bird Audubon interactions,National Audubon Society,https://www.audubon.org/native-plants
PLT0214,,Orioles,Birds,broad_guild,,,Bird direct food,seed/grain,seed/grain,,Food,C - documented broad bird group,Audubon ZIP 78666 / Hays context,0.27,Central Texas Bird Audubon interactions,National Audubon Society,https://www.audubon.org/native-plants
PLT0214,,Warblers,Birds,broad_guild,,,Bird direct food,fruit,fruit,,Food,C - documented broad bird group,Audubon ZIP 78666 / Hays context,0.27,Central Texas Bird Audubon interactions,National Audubon Society,https://www.audubon.org/native-plants
PLT0214,,Sparrows,Birds,broad_guild,,,Bird direct food,fruit,fruit,,Food,C - documented broad bird group,Audubon ZIP 78666 / Hays context,0.27,Central Texas Bird Audubon interactions,National Audubon Society,https://www.audubon.org/native-plants
PLT0214,,Orioles,Birds,broad_guild,,,Bird direct food,nectar,flower nectar,,Food,C - documented broad bird group,Audubon ZIP 78666 / Hays context,0.27,Central Texas Bird Audubon interactions,National Audubon Society,https://www.audubon.org/native-plants
PLT0214,,Mockingbirds,Birds,broad_guild,,,Bird direct food,fruit,fruit,,Food,C - documented broad bird group,Audubon ZIP 78666 / Hays context,0.27,Central Texas Bird Audubon interactions,National Audubon Society,https://www.audubon.org/native-plants
PLT0214,,Thrashers,Birds,broad_guild,,,Bird direct food,seed/grain,seed/grain,,Food,C - documented broad bird group,Audubon ZIP 78666 / Hays context,0.27,Central Texas Bird Audubon interactions,National Audubon Society,https://www.audubon.org/native-plants
PLT0214,,Thrashers,Birds,broad_guild,,,Bird direct food,nectar,flower nectar,,Food,C - documented broad bird group,Audubon ZIP 78666 / Hays context,0.27,Central Texas Bird Audubon interactions,National Audubon Society,https://www.audubon.org/native-plants
PLT0222,,Nuthatches,Birds,broad_guild,,,Bird direct food,seed/grain,seed/grain,,Food,C - documented broad bird group,Audubon ZIP 78666 / Hays context,0.27,Central Texas Bird Audubon interactions,National Audubon Society,https://www.audubon.org/native-plants
PLT0222,,Nuthatches,Birds,broad_guild,,,Bird direct food,nectar,flower nectar,,Food,C - documented broad bird group,Audubon ZIP 78666 / Hays context,0.27,Central Texas Bird Audubon interactions,National Audubon Society,https://www.audubon.org/native-plants
PLT0222,,Orioles,Birds,broad_guild,,,Bird direct food,fruit,fruit,,Food,C - documented broad bird group,Audubon ZIP 78666 / Hays context,0.27,Central Texas Bird Audubon interactions,National Audubon Society,https://www.audubon.org/native-plants
PLT0222,,Chickadees,Birds,broad_guild,,,Bird direct food,nectar,flower nectar,,Food,C - documented broad bird group,Audubon ZIP 78666 / Hays context,0.27,Central Texas Bird Audubon interactions,National Audubon Society,https://www.audubon.org/native-plants
PLT0222,,Crows,Birds,broad_guild,,,Bird direct food,fruit,fruit,,Food,C - documented broad bird group,Audubon ZIP 78666 / Hays context,0.27,Central Texas Bird Audubon interactions,National Audubon Society,https://www.audubon.org/native-plants
PLT0222,,Thrashers,Birds,broad_guild,,,Bird direct food,nectar,flower nectar,,Food,C - documented broad bird group,Audubon ZIP 78666 / Hays context,0.27,Central Texas Bird Audubon interactions,National Audubon Society,https://www.audubon.org/native-plants
PLT0222,,Chickadees,Birds,broad_guild,,,Bird direct food,seed/grain,seed/grain,,Food,C - documented broad bird group,Audubon ZIP 78666 / Hays context,0.27,Central Texas Bird Audubon interactions,National Audubon Society,https://www.audubon.org/native-plants
PLT0222,,Buntings,Birds,broad_guild,,,Bird direct food,seed/grain,seed/grain,,Food,C - documented broad bird group,Audubon ZIP 78666 / Hays context,0.27,Central Texas Bird Audubon interactions,National Audubon Society,https://www.audubon.org/native-plants
PLT0222,,Buntings,Birds,broad_guild,,,Bird direct food,nectar,flower nectar,,Food,C - documented broad bird group,Audubon ZIP 78666 / Hays context,0.27,Central Texas Bird Audubon interactions,National Audubon Society,https://www.audubon.org/native-plants
PLT0222,,Cardinals,Birds,broad_guild,,,Bird direct food,fruit,fruit,,Food,C - documented broad bird group,Audubon ZIP 78666 / Hays context,0.27,Central Texas Bird Audubon interactions,National Audubon Society,https://www.audubon.org/native-plants
PLT0222,,Vireos,Birds,broad_guild,,,Bird direct food,nectar,flower nectar,,Food,C - documented broad bird group,Audubon ZIP 78666 / Hays context,0.27,Central Texas Bird Audubon interactions,National Audubon Society,https://www.audubon.org/native-plants
PLT0222,,Warblers,Birds,broad_guild,,,Bird direct food,fruit,fruit,,Food,C - documented broad bird group,Audubon ZIP 78666 / Hays context,0.27,Central Texas Bird Audubon interactions,National Audubon Society,https://www.audubon.org/native-plants
PLT0222,,Cardinals,Birds,broad_guild,,,Bird direct food,seed/grain,seed/grain,,Food,C - documented broad bird group,Audubon ZIP 78666 / Hays context,0.27,Central Texas Bird Audubon interactions,National Audubon Society,https://www.audubon.org/native-plants
PLT0222,,Cardinals,Birds,broad_guild,,,Bird direct food,nectar,flower nectar,,Food,C - documented broad bird group,Audubon ZIP 78666 / Hays context,0.27,Central Texas Bird Audubon interactions,National Audubon Society,https://www.audubon.org/native-plants
PLT0222,,Chickadees,Birds,broad_guild,,,Bird direct food,fruit,fruit,,Food,C - documented broad bird group,Audubon ZIP 78666 / Hays context,0.27,Central Texas Bird Audubon interactions,National Audubon Society,https://www.audubon.org/native-plants
PLT0222,,Thrushes,Birds,broad_guild,,,Bird direct food,fruit,fruit,,Food,C - documented broad bird group,Audubon ZIP 78666 / Hays context,0.27,Central Texas Bird Audubon interactions,National Audubon Society,https://www.audubon.org/native-plants
PLT0222,,Grosbeaks,Birds,broad_guild,,,Bird direct food,seed/grain,seed/grain,,Food,C - documented broad bird group,Audubon ZIP 78666 / Hays context,0.27,Central Texas Bird Audubon interactions,National Audubon Society,https://www.audubon.org/native-plants
PLT0222,,Grosbeaks,Birds,broad_guild,,,Bird direct food,nectar,flower nectar,,Food,C - documented broad bird group,Audubon ZIP 78666 / Hays context,0.27,Central Texas Bird Audubon interactions,National Audubon Society,https://www.audubon.org/native-plants
PLT0222,,Hummingbirds,Birds,broad_guild,,,Bird direct food,fruit,fruit,,Food,C - documented broad bird group,Audubon ZIP 78666 / Hays context,0.27,Central Texas Bird Audubon interactions,National Audubon Society,https://www.audubon.org/native-plants
PLT0222,,Titmice,Birds,broad_guild,,,Bird direct food,fruit,fruit,,Food,C - documented broad bird group,Audubon ZIP 78666 / Hays context,0.27,Central Texas Bird Audubon interactions,National Audubon Society,https://www.audubon.org/native-plants
PLT0222,,Hummingbirds,Birds,broad_guild,,,Bird direct food,seed/grain,seed/grain,,Food,C - documented broad bird group,Audubon ZIP 78666 / Hays context,0.27,Central Texas Bird Audubon interactions,National Audubon Society,https://www.audubon.org/native-plants
PLT0222,,Crows,Birds,broad_guild,,,Bird direct food,nectar,flower nectar,,Food,C - documented broad bird group,Audubon ZIP 78666 / Hays context,0.27,Central Texas Bird Audubon interactions,National Audubon Society,https://www.audubon.org/native-plants
PLT0222,,Mockingbirds,Birds,broad_guild,,,Bird direct food,fruit,fruit,,Food,C - documented broad bird group,Audubon ZIP 78666 / Hays context,0.27,Central Texas Bird Audubon interactions,National Audubon Society,https://www.audubon.org/native-plants
PLT0222,,Finches,Birds,broad_guild,,,Bird direct food,fruit,fruit,,Food,C - documented broad bird group,Audubon ZIP 78666 / Hays context,0.27,Central Texas Bird Audubon interactions,National Audubon Society,https://www.audubon.org/native-plants
PLT0222,,Finches,Birds,broad_guild,,,Bird direct food,seed/grain,seed/grain,,Food,C - documented broad bird group,Audubon ZIP 78666 / Hays context,0.27,Central Texas Bird Audubon interactions,National Audubon Society,https://www.audubon.org/native-plants
PLT0222,,Finches,Birds,broad_guild,,,Bird direct food,nectar,flower nectar,,Food,C - documented broad bird group,Audubon ZIP 78666 / Hays context,0.27,Central Texas Bird Audubon interactions,National Audubon Society,https://www.audubon.org/native-plants
PLT0222,,Grosbeaks,Birds,broad_guild,,,Bird direct food,fruit,fruit,,Food,C - documented broad bird group,Audubon ZIP 78666 / Hays context,0.27,Central Texas Bird Audubon interactions,National Audubon Society,https://www.audubon.org/native-plants
PLT0222,,Hummingbirds,Birds,broad_guild,,,Bird direct food,nectar,flower nectar,,Food,C - documented broad bird group,Audubon ZIP 78666 / Hays context,0.27,Central Texas Bird Audubon interactions,National Audubon Society,https://www.audubon.org/native-plants
PLT0222,,Jays,Birds,broad_guild,,,Bird direct food,fruit,fruit,,Food,C - documented broad bird group,Audubon ZIP 78666 / Hays context,0.27,Central Texas Bird Audubon interactions,National Audubon Society,https://www.audubon.org/native-plants
PLT0222,,Mockingbirds,Birds,broad_guild,,,Bird direct food,seed/grain,seed/grain,,Food,C - documented broad bird group,Audubon ZIP 78666 / Hays context,0.27,Central Texas Bird Audubon interactions,National Audubon Society,https://www.audubon.org/native-plants
PLT0222,,Thrushes,Birds,broad_guild,,,Bird direct food,seed/grain,seed/grain,,Food,C - documented broad bird group,Audubon ZIP 78666 / Hays context,0.27,Central Texas Bird Audubon interactions,National Audubon Society,https://www.audubon.org/native-plants
PLT0222,,Waxwings,Birds,broad_guild,,,Bird direct food,nectar,flower nectar,,Food,C - documented broad bird group,Audubon ZIP 78666 / Hays context,0.27,Central Texas Bird Audubon interactions,National Audubon Society,https://www.audubon.org/native-plants
PLT0222,,Wood Warblers,Birds,broad_guild,,,Bird direct food,fruit,fruit,,Food,C - documented broad bird group,Audubon ZIP 78666 / Hays context,0.27,Central Texas Bird Audubon interactions,National Audubon Society,https://www.audubon.org/native-plants
PLT0222,,Wood Warblers,Birds,broad_guild,,,Bird direct food,seed/grain,seed/grain,,Food,C - documented broad bird group,Audubon ZIP 78666 / Hays context,0.27,Central Texas Bird Audubon interactions,National Audubon Society,https://www.audubon.org/native-plants
PLT0222,,Wood Warblers,Birds,broad_guild,,,Bird direct food,nectar,flower nectar,,Food,C - documented broad bird group,Audubon ZIP 78666 / Hays context,0.27,Central Texas Bird Audubon interactions,National Audubon Society,https://www.audubon.org/native-plants
PLT0222,,Thrushes,Birds,broad_guild,,,Bird direct food,nectar,flower nectar,,Food,C - documented broad bird group,Audubon ZIP 78666 / Hays context,0.27,Central Texas Bird Audubon interactions,National Audubon Society,https://www.audubon.org/native-plants
PLT0222,,Orioles,Birds,broad_guild,,,Bird direct food,seed/grain,seed/grain,,Food,C - documented broad bird group,Audubon ZIP 78666 / Hays context,0.27,Central Texas Bird Audubon interactions,National Audubon Society,https://www.audubon.org/native-plants
PLT0222,,Sparrows,Birds,broad_guild,,,Bird direct food,fruit,fruit,,Food,C - documented broad bird group,Audubon ZIP 78666 / Hays context,0.27,Central Texas Bird Audubon interactions,National Audubon Society,https://www.audubon.org/native-plants
PLT0222,,Woodpeckers,Birds,broad_guild,,,Bird direct food,nectar,flower nectar,,Food,C - documented broad bird group,Audubon ZIP 78666 / Hays context,0.27,Central Texas Bird Audubon interactions,National Audubon Society,https://www.audubon.org/native-plants
PLT0222,,Wrens,Birds,broad_guild,,,Bird direct food,fruit,fruit,,Food,C - documented broad bird group,Audubon ZIP 78666 / Hays context,0.27,Central Texas Bird Audubon interactions,National Audubon Society,https://www.audubon.org/native-plants
PLT0222,,Wrens,Birds,broad_guild,,,Bird direct food,seed/grain,seed/grain,,Food,C - documented broad bird group,Audubon ZIP 78666 / Hays context,0.27,Central Texas Bird Audubon interactions,National Audubon Society,https://www.audubon.org/native-plants
PLT0222,,Wrens,Birds,broad_guild,,,Bird direct food,nectar,flower nectar,,Food,C - documented broad bird group,Audubon ZIP 78666 / Hays context,0.27,Central Texas Bird Audubon interactions,National Audubon Society,https://www.audubon.org/native-plants
PLT0222,,Warblers,Birds,broad_guild,,,Bird direct food,seed/grain,seed/grain,,Food,C - documented broad bird group,Audubon ZIP 78666 / Hays context,0.27,Central Texas Bird Audubon interactions,National Audubon Society,https://www.audubon.org/native-plants
PLT0222,,Waxwings,Birds,broad_guild,,,Bird direct food,seed/grain,seed/grain,,Food,C - documented broad bird group,Audubon ZIP 78666 / Hays context,0.27,Central Texas Bird Audubon interactions,National Audubon Society,https://www.audubon.org/native-plants
PLT0222,,Waxwings,Birds,broad_guild,,,Bird direct food,fruit,fruit,,Food,C - documented broad bird group,Audubon ZIP 78666 / Hays context,0.27,Central Texas Bird Audubon interactions,National Audubon Society,https://www.audubon.org/native-plants
PLT0222,,Woodpeckers,Birds,broad_guild,,,Bird direct food,seed/grain,seed/grain,,Food,C - documented broad bird group,Audubon ZIP 78666 / Hays context,0.27,Central Texas Bird Audubon interactions,National Audubon Society,https://www.audubon.org/native-plants
PLT0222,,Woodpeckers,Birds,broad_guild,,,Bird direct food,fruit,fruit,,Food,C - documented broad bird group,Audubon ZIP 78666 / Hays context,0.27,Central Texas Bird Audubon interactions,National Audubon Society,https://www.audubon.org/native-plants
PLT0222,,Orioles,Birds,broad_guild,,,Bird direct food,nectar,flower nectar,,Food,C - documented broad bird group,Audubon ZIP 78666 / Hays context,0.27,Central Texas Bird Audubon interactions,National Audubon Society,https://www.audubon.org/native-plants
PLT0222,,Thrashers,Birds,broad_guild,,,Bird direct food,seed/grain,seed/grain,,Food,C - documented broad bird group,Audubon ZIP 78666 / Hays context,0.27,Central Texas Bird Audubon interactions,National Audubon Society,https://www.audubon.org/native-plants
PLT0222,,Titmice,Birds,broad_guild,,,Bird direct food,seed/grain,seed/grain,,Food,C - documented broad bird group,Audubon ZIP 78666 / Hays context,0.27,Central Texas Bird Audubon interactions,National Audubon Society,https://www.audubon.org/native-plants
PLT0222,,Titmice,Birds,broad_guild,,,Bird direct food,nectar,flower nectar,,Food,C - documented broad bird group,Audubon ZIP 78666 / Hays context,0.27,Central Texas Bird Audubon interactions,National Audubon Society,https://www.audubon.org/native-plants
PLT0222,,Vireos,Birds,broad_guild,,,Bird direct food,fruit,fruit,,Food,C - documented broad bird group,Audubon ZIP 78666 / Hays context,0.27,Central Texas Bird Audubon interactions,National Audubon Society,https://www.audubon.org/native-plants
PLT0222,,Crows,Birds,broad_guild,,,Bird direct food,seed/grain,seed/grain,,Food,C - documented broad bird group,Audubon ZIP 78666 / Hays context,0.27,Central Texas Bird Audubon interactions,National Audubon Society,https://www.audubon.org/native-plants
PLT0222,,Nuthatches,Birds,broad_guild,,,Bird direct food,fruit,fruit,,Food,C - documented broad bird group,Audubon ZIP 78666 / Hays context,0.27,Central Texas Bird Audubon interactions,National Audubon Society,https://www.audubon.org/native-plants
PLT0222,,Jays,Birds,broad_guild,,,Bird direct food,seed/grain,seed/grain,,Food,C - documented broad bird group,Audubon ZIP 78666 / Hays context,0.27,Central Texas Bird Audubon interactions,National Audubon Society,https://www.audubon.org/native-plants
PLT0222,,Jays,Birds,broad_guild,,,Bird direct food,nectar,flower nectar,,Food,C - documented broad bird group,Audubon ZIP 78666 / Hays context,0.27,Central Texas Bird Audubon interactions,National Audubon Society,https://www.audubon.org/native-plants
PLT0222,,Warblers,Birds,broad_guild,,,Bird direct food,nectar,flower nectar,,Food,C - documented broad bird group,Audubon ZIP 78666 / Hays context,0.27,Central Texas Bird Audubon interactions,National Audubon Society,https://www.audubon.org/native-plants
PLT0222,,Sparrows,Birds,broad_guild,,,Bird direct food,seed/grain,seed/grain,,Food,C - documented broad bird group,Audubon ZIP 78666 / Hays context,0.27,Central Texas Bird Audubon interactions,National Audubon Society,https://www.audubon.org/native-plants
PLT0222,,Sparrows,Birds,broad_guild,,,Bird direct food,nectar,flower nectar,,Food,C - documented broad bird group,Audubon ZIP 78666 / Hays context,0.27,Central Texas Bird Audubon interactions,National Audubon Society,https://www.audubon.org/native-plants
PLT0222,,Thrashers,Birds,broad_guild,,,Bird direct food,fruit,fruit,,Food,C - documented broad bird group,Audubon ZIP 78666 / Hays context,0.27,Central Texas Bird Audubon interactions,National Audubon Society,https://www.audubon.org/native-plants
PLT0222,,Vireos,Birds,broad_guild,,,Bird direct food,seed/grain,seed/grain,,Food,C - documented broad bird group,Audubon ZIP 78666 / Hays context,0.27,Central Texas Bird Audubon interactions,National Audubon Society,https://www.audubon.org/native-plants
PLT0222,,Mockingbirds,Birds,broad_guild,,,Bird direct food,nectar,flower nectar,,Food,C - documented broad bird group,Audubon ZIP 78666 / Hays context,0.27,Central Texas Bird Audubon interactions,National Audubon Society,https://www.audubon.org/native-plants
PLT0222,,Buntings,Birds,broad_guild,,,Bird direct food,fruit,fruit,,Food,C - documented broad bird group,Audubon ZIP 78666 / Hays context,0.27,Central Texas Bird Audubon interactions,National Audubon Society,https://www.audubon.org/native-plants
PLT0243,,Thrashers,Birds,broad_guild,,,Bird direct food,fruit,fruit,,Food,C - documented broad bird group,Audubon ZIP 78666 / Hays context,0.27,Central Texas Bird Audubon interactions,National Audubon Society,https://www.audubon.org/native-plants
PLT0243,,Thrashers,Birds,broad_guild,,,Bird direct food,seed/grain,seed/grain,,Food,C - documented broad bird group,Audubon ZIP 78666 / Hays context,0.27,Central Texas Bird Audubon interactions,National Audubon Society,https://www.audubon.org/native-plants
PLT0243,,Hummingbirds,Birds,broad_guild,,,Bird direct food,seed/grain,seed/grain,,Food,C - documented broad bird group,Audubon ZIP 78666 / Hays context,0.27,Central Texas Bird Audubon interactions,National Audubon Society,https://www.audubon.org/native-plants
PLT0243,,Hummingbirds,Birds,broad_guild,,,Bird direct food,nectar,flower nectar,,Food,C - documented broad bird group,Audubon ZIP 78666 / Hays context,0.27,Central Texas Bird Audubon interactions,National Audubon Society,https://www.audubon.org/native-plants
PLT0243,,Thrashers,Birds,broad_guild,,,Bird direct food,nectar,flower nectar,,Food,C - documented broad bird group,Audubon ZIP 78666 / Hays context,0.27,Central Texas Bird Audubon interactions,National Audubon Society,https://www.audubon.org/native-plants
PLT0243,,Orioles,Birds,broad_guild,,,Bird direct food,fruit,fruit,,Food,C - documented broad bird group,Audubon ZIP 78666 / Hays context,0.27,Central Texas Bird Audubon interactions,National Audubon Society,https://www.audubon.org/native-plants
PLT0243,,Jays,Birds,broad_guild,,,Bird direct food,nectar,flower nectar,,Food,C - documented broad bird group,Audubon ZIP 78666 / Hays context,0.27,Central Texas Bird Audubon interactions,National Audubon Society,https://www.audubon.org/native-plants
PLT0243,,Mockingbirds,Birds,broad_guild,,,Bird direct food,fruit,fruit,,Food,C - documented broad bird group,Audubon ZIP 78666 / Hays context,0.27,Central Texas Bird Audubon interactions,National Audubon Society,https://www.audubon.org/native-plants
PLT0243,,Mockingbirds,Birds,broad_guild,,,Bird direct food,seed/grain,seed/grain,,Food,C - documented broad bird group,Audubon ZIP 78666 / Hays context,0.27,Central Texas Bird Audubon interactions,National Audubon Society,https://www.audubon.org/native-plants
PLT0243,,Mockingbirds,Birds,broad_guild,,,Bird direct food,nectar,flower nectar,,Food,C - documented broad bird group,Audubon ZIP 78666 / Hays context,0.27,Central Texas Bird Audubon interactions,National Audubon Society,https://www.audubon.org/native-plants
PLT0243,,Nuthatches,Birds,broad_guild,,,Bird direct food,fruit,fruit,,Food,C - documented broad bird group,Audubon ZIP 78666 / Hays context,0.27,Central Texas Bird Audubon interactions,National Audubon Society,https://www.audubon.org/native-plants
PLT0243,,Nuthatches,Birds,broad_guild,,,Bird direct food,seed/grain,seed/grain,,Food,C - documented broad bird group,Audubon ZIP 78666 / Hays context,0.27,Central Texas Bird Audubon interactions,National Audubon Society,https://www.audubon.org/native-plants
PLT0243,,Jays,Birds,broad_guild,,,Bird direct food,fruit,fruit,,Food,C - documented broad bird group,Audubon ZIP 78666 / Hays context,0.27,Central Texas Bird Audubon interactions,National Audubon Society,https://www.audubon.org/native-plants
PLT0243,,Sparrows,Birds,broad_guild,,,Bird direct food,nectar,flower nectar,,Food,C - documented broad bird group,Audubon ZIP 78666 / Hays context,0.27,Central Texas Bird Audubon interactions,National Audubon Society,https://www.audubon.org/native-plants
PLT0243,,Vireos,Birds,broad_guild,,,Bird direct food,seed/grain,seed/grain,,Food,C - documented broad bird group,Audubon ZIP 78666 / Hays context,0.27,Central Texas Bird Audubon interactions,National Audubon Society,https://www.audubon.org/native-plants
PLT0243,,Jays,Birds,broad_guild,,,Bird direct food,seed/grain,seed/grain,,Food,C - documented broad bird group,Audubon ZIP 78666 / Hays context,0.27,Central Texas Bird Audubon interactions,National Audubon Society,https://www.audubon.org/native-plants
PLT0243,,Thrushes,Birds,broad_guild,,,Bird direct food,fruit,fruit,,Food,C - documented broad bird group,Audubon ZIP 78666 / Hays context,0.27,Central Texas Bird Audubon interactions,National Audubon Society,https://www.audubon.org/native-plants
PLT0243,,Thrushes,Birds,broad_guild,,,Bird direct food,seed/grain,seed/grain,,Food,C - documented broad bird group,Audubon ZIP 78666 / Hays context,0.27,Central Texas Bird Audubon interactions,National Audubon Society,https://www.audubon.org/native-plants
PLT0243,,Orioles,Birds,broad_guild,,,Bird direct food,seed/grain,seed/grain,,Food,C - documented broad bird group,Audubon ZIP 78666 / Hays context,0.27,Central Texas Bird Audubon interactions,National Audubon Society,https://www.audubon.org/native-plants
PLT0243,,Orioles,Birds,broad_guild,,,Bird direct food,nectar,flower nectar,,Food,C - documented broad bird group,Audubon ZIP 78666 / Hays context,0.27,Central Texas Bird Audubon interactions,National Audubon Society,https://www.audubon.org/native-plants
PLT0243,,Sparrows,Birds,broad_guild,,,Bird direct food,seed/grain,seed/grain,,Food,C - documented broad bird group,Audubon ZIP 78666 / Hays context,0.27,Central Texas Bird Audubon interactions,National Audubon Society,https://www.audubon.org/native-plants
PLT0243,,Warblers,Birds,broad_guild,,,Bird direct food,fruit,fruit,,Food,C - documented broad bird group,Audubon ZIP 78666 / Hays context,0.27,Central Texas Bird Audubon interactions,National Audubon Society,https://www.audubon.org/native-plants
PLT0243,,Cardinals,Birds,broad_guild,,,Bird direct food,nectar,flower nectar,,Food,C - documented broad bird group,Audubon ZIP 78666 / Hays context,0.27,Central Texas Bird Audubon interactions,National Audubon Society,https://www.audubon.org/native-plants
PLT0243,,Chickadees,Birds,broad_guild,,,Bird direct food,seed/grain,seed/grain,,Food,C - documented broad bird group,Audubon ZIP 78666 / Hays context,0.27,Central Texas Bird Audubon interactions,National Audubon Society,https://www.audubon.org/native-plants
PLT0243,,Chickadees,Birds,broad_guild,,,Bird direct food,nectar,flower nectar,,Food,C - documented broad bird group,Audubon ZIP 78666 / Hays context,0.27,Central Texas Bird Audubon interactions,National Audubon Society,https://www.audubon.org/native-plants
PLT0243,,Crows,Birds,broad_guild,,,Bird direct food,fruit,fruit,,Food,C - documented broad bird group,Audubon ZIP 78666 / Hays context,0.27,Central Texas Bird Audubon interactions,National Audubon Society,https://www.audubon.org/native-plants
PLT0243,,Finches,Birds,broad_guild,,,Bird direct food,nectar,flower nectar,,Food,C - documented broad bird group,Audubon ZIP 78666 / Hays context,0.27,Central Texas Bird Audubon interactions,National Audubon Society,https://www.audubon.org/native-plants
PLT0243,,Vireos,Birds,broad_guild,,,Bird direct food,nectar,flower nectar,,Food,C - documented broad bird group,Audubon ZIP 78666 / Hays context,0.27,Central Texas Bird Audubon interactions,National Audubon Society,https://www.audubon.org/native-plants
PLT0243,,Chickadees,Birds,broad_guild,,,Bird direct food,fruit,fruit,,Food,C - documented broad bird group,Audubon ZIP 78666 / Hays context,0.27,Central Texas Bird Audubon interactions,National Audubon Society,https://www.audubon.org/native-plants
PLT0243,,Cardinals,Birds,broad_guild,,,Bird direct food,fruit,fruit,,Food,C - documented broad bird group,Audubon ZIP 78666 / Hays context,0.27,Central Texas Bird Audubon interactions,National Audubon Society,https://www.audubon.org/native-plants
PLT0243,,Cardinals,Birds,broad_guild,,,Bird direct food,seed/grain,seed/grain,,Food,C - documented broad bird group,Audubon ZIP 78666 / Hays context,0.27,Central Texas Bird Audubon interactions,National Audubon Society,https://www.audubon.org/native-plants
PLT0243,,Buntings,Birds,broad_guild,,,Bird direct food,fruit,fruit,,Food,C - documented broad bird group,Audubon ZIP 78666 / Hays context,0.27,Central Texas Bird Audubon interactions,National Audubon Society,https://www.audubon.org/native-plants
PLT0243,,Buntings,Birds,broad_guild,,,Bird direct food,seed/grain,seed/grain,,Food,C - documented broad bird group,Audubon ZIP 78666 / Hays context,0.27,Central Texas Bird Audubon interactions,National Audubon Society,https://www.audubon.org/native-plants
PLT0243,,Crows,Birds,broad_guild,,,Bird direct food,nectar,flower nectar,,Food,C - documented broad bird group,Audubon ZIP 78666 / Hays context,0.27,Central Texas Bird Audubon interactions,National Audubon Society,https://www.audubon.org/native-plants
PLT0243,,Finches,Birds,broad_guild,,,Bird direct food,fruit,fruit,,Food,C - documented broad bird group,Audubon ZIP 78666 / Hays context,0.27,Central Texas Bird Audubon interactions,National Audubon Society,https://www.audubon.org/native-plants
PLT0243,,Finches,Birds,broad_guild,,,Bird direct food,seed/grain,seed/grain,,Food,C - documented broad bird group,Audubon ZIP 78666 / Hays context,0.27,Central Texas Bird Audubon interactions,National Audubon Society,https://www.audubon.org/native-plants
PLT0243,,Grosbeaks,Birds,broad_guild,,,Bird direct food,fruit,fruit,,Food,C - documented broad bird group,Audubon ZIP 78666 / Hays context,0.27,Central Texas Bird Audubon interactions,National Audubon Society,https://www.audubon.org/native-plants
PLT0243,,Buntings,Birds,broad_guild,,,Bird direct food,nectar,flower nectar,,Food,C - documented broad bird group,Audubon ZIP 78666 / Hays context,0.27,Central Texas Bird Audubon interactions,National Audubon Society,https://www.audubon.org/native-plants
PLT0243,,Crows,Birds,broad_guild,,,Bird direct food,seed/grain,seed/grain,,Food,C - documented broad bird group,Audubon ZIP 78666 / Hays context,0.27,Central Texas Bird Audubon interactions,National Audubon Society,https://www.audubon.org/native-plants
PLT0243,,Grosbeaks,Birds,broad_guild,,,Bird direct food,seed/grain,seed/grain,,Food,C - documented broad bird group,Audubon ZIP 78666 / Hays context,0.27,Central Texas Bird Audubon interactions,National Audubon Society,https://www.audubon.org/native-plants
PLT0243,,Waxwings,Birds,broad_guild,,,Bird direct food,fruit,fruit,,Food,C - documented broad bird group,Audubon ZIP 78666 / Hays context,0.27,Central Texas Bird Audubon interactions,National Audubon Society,https://www.audubon.org/native-plants
PLT0243,,Waxwings,Birds,broad_guild,,,Bird direct food,seed/grain,seed/grain,,Food,C - documented broad bird group,Audubon ZIP 78666 / Hays context,0.27,Central Texas Bird Audubon interactions,National Audubon Society,https://www.audubon.org/native-plants
PLT0243,,Waxwings,Birds,broad_guild,,,Bird direct food,nectar,flower nectar,,Food,C - documented broad bird group,Audubon ZIP 78666 / Hays context,0.27,Central Texas Bird Audubon interactions,National Audubon Society,https://www.audubon.org/native-plants
PLT0243,,Wood Warblers,Birds,broad_guild,,,Bird direct food,fruit,fruit,,Food,C - documented broad bird group,Audubon ZIP 78666 / Hays context,0.27,Central Texas Bird Audubon interactions,National Audubon Society,https://www.audubon.org/native-plants
PLT0243,,Wrens,Birds,broad_guild,,,Bird direct food,nectar,flower nectar,,Food,C - documented broad bird group,Audubon ZIP 78666 / Hays context,0.27,Central Texas Bird Audubon interactions,National Audubon Society,https://www.audubon.org/native-plants
PLT0243,,Wrens,Birds,broad_guild,,,Bird direct food,seed/grain,seed/grain,,Food,C - documented broad bird group,Audubon ZIP 78666 / Hays context,0.27,Central Texas Bird Audubon interactions,National Audubon Society,https://www.audubon.org/native-plants
PLT0243,,Warblers,Birds,broad_guild,,,Bird direct food,seed/grain,seed/grain,,Food,C - documented broad bird group,Audubon ZIP 78666 / Hays context,0.27,Central Texas Bird Audubon interactions,National Audubon Society,https://www.audubon.org/native-plants
PLT0243,,Warblers,Birds,broad_guild,,,Bird direct food,nectar,flower nectar,,Food,C - documented broad bird group,Audubon ZIP 78666 / Hays context,0.27,Central Texas Bird Audubon interactions,National Audubon Society,https://www.audubon.org/native-plants
PLT0243,,Woodpeckers,Birds,broad_guild,,,Bird direct food,seed/grain,seed/grain,,Food,C - documented broad bird group,Audubon ZIP 78666 / Hays context,0.27,Central Texas Bird Audubon interactions,National Audubon Society,https://www.audubon.org/native-plants
PLT0243,,Woodpeckers,Birds,broad_guild,,,Bird direct food,fruit,fruit,,Food,C - documented broad bird group,Audubon ZIP 78666 / Hays context,0.27,Central Texas Bird Audubon interactions,National Audubon Society,https://www.audubon.org/native-plants
PLT0243,,Wrens,Birds,broad_guild,,,Bird direct food,fruit,fruit,,Food,C - documented broad bird group,Audubon ZIP 78666 / Hays context,0.27,Central Texas Bird Audubon interactions,National Audubon Society,https://www.audubon.org/native-plants
PLT0243,,Wood Warblers,Birds,broad_guild,,,Bird direct food,seed/grain,seed/grain,,Food,C - documented broad bird group,Audubon ZIP 78666 / Hays context,0.27,Central Texas Bird Audubon interactions,National Audubon Society,https://www.audubon.org/native-plants
PLT0243,,Wood Warblers,Birds,broad_guild,,,Bird direct food,nectar,flower nectar,,Food,C - documented broad bird group,Audubon ZIP 78666 / Hays context,0.27,Central Texas Bird Audubon interactions,National Audubon Society,https://www.audubon.org/native-plants
PLT0243,,Woodpeckers,Birds,broad_guild,,,Bird direct food,nectar,flower nectar,,Food,C - documented broad bird group,Audubon ZIP 78666 / Hays context,0.27,Central Texas Bird Audubon interactions,National Audubon Society,https://www.audubon.org/native-plants
PLT0243,,Thrushes,Birds,broad_guild,,,Bird direct food,nectar,flower nectar,,Food,C - documented broad bird group,Audubon ZIP 78666 / Hays context,0.27,Central Texas Bird Audubon interactions,National Audubon Society,https://www.audubon.org/native-plants
PLT0243,,Titmice,Birds,broad_guild,,,Bird direct food,fruit,fruit,,Food,C - documented broad bird group,Audubon ZIP 78666 / Hays context,0.27,Central Texas Bird Audubon interactions,National Audubon Society,https://www.audubon.org/native-plants
PLT0243,,Titmice,Birds,broad_guild,,,Bird direct food,seed/grain,seed/grain,,Food,C - documented broad bird group,Audubon ZIP 78666 / Hays context,0.27,Central Texas Bird Audubon interactions,National Audubon Society,https://www.audubon.org/native-plants
PLT0243,,Titmice,Birds,broad_guild,,,Bird direct food,nectar,flower nectar,,Food,C - documented broad bird group,Audubon ZIP 78666 / Hays context,0.27,Central Texas Bird Audubon interactions,National Audubon Society,https://www.audubon.org/native-plants
PLT0243,,Vireos,Birds,broad_guild,,,Bird direct food,fruit,fruit,,Food,C - documented broad bird group,Audubon ZIP 78666 / Hays context,0.27,Central Texas Bird Audubon interactions,National Audubon Society,https://www.audubon.org/native-plants
PLT0243,,Nuthatches,Birds,broad_guild,,,Bird direct food,nectar,flower nectar,,Food,C - documented broad bird group,Audubon ZIP 78666 / Hays context,0.27,Central Texas Bird Audubon interactions,National Audubon Society,https://www.audubon.org/native-plants
PLT0243,,Hummingbirds,Birds,broad_guild,,,Bird direct food,fruit,fruit,,Food,C - documented broad bird group,Audubon ZIP 78666 / Hays context,0.27,Central Texas Bird Audubon interactions,National Audubon Society,https://www.audubon.org/native-plants
PLT0243,,Grosbeaks,Birds,broad_guild,,,Bird direct food,nectar,flower nectar,,Food,C - documented broad bird group,Audubon ZIP 78666 / Hays context,0.27,Central Texas Bird Audubon interactions,National Audubon Society,https://www.audubon.org/native-plants
PLT0243,,Sparrows,Birds,broad_guild,,,Bird direct food,fruit,fruit,,Food,C - documented broad bird group,Audubon ZIP 78666 / Hays context,0.27,Central Texas Bird Audubon interactions,National Audubon Society,https://www.audubon.org/native-plants
PLT0245,,Woodpeckers,Birds,broad_guild,,,Bird direct food,fruit,fruit,,Food,C - documented broad bird group,Audubon ZIP 78666 / Hays context,0.27,Central Texas Bird Audubon interactions,National Audubon Society,https://www.audubon.org/native-plants
PLT0245,,Wood Warblers,Birds,broad_guild,,,Bird direct food,nectar,flower nectar,,Food,C - documented broad bird group,Audubon ZIP 78666 / Hays context,0.27,Central Texas Bird Audubon interactions,National Audubon Society,https://www.audubon.org/native-plants
PLT0245,,Wood Warblers,Birds,broad_guild,,,Bird direct food,seed/grain,seed/grain,,Food,C - documented broad bird group,Audubon ZIP 78666 / Hays context,0.27,Central Texas Bird Audubon interactions,National Audubon Society,https://www.audubon.org/native-plants
PLT0245,,Wood Warblers,Birds,broad_guild,,,Bird direct food,fruit,fruit,,Food,C - documented broad bird group,Audubon ZIP 78666 / Hays context,0.27,Central Texas Bird Audubon interactions,National Audubon Society,https://www.audubon.org/native-plants
PLT0245,,Waxwings,Birds,broad_guild,,,Bird direct food,nectar,flower nectar,,Food,C - documented broad bird group,Audubon ZIP 78666 / Hays context,0.27,Central Texas Bird Audubon interactions,National Audubon Society,https://www.audubon.org/native-plants
PLT0245,,Woodpeckers,Birds,broad_guild,,,Bird direct food,seed/grain,seed/grain,,Food,C - documented broad bird group,Audubon ZIP 78666 / Hays context,0.27,Central Texas Bird Audubon interactions,National Audubon Society,https://www.audubon.org/native-plants
PLT0245,,Thrashers,Birds,broad_guild,,,Bird direct food,nectar,flower nectar,,Food,C - documented broad bird group,Audubon ZIP 78666 / Hays context,0.27,Central Texas Bird Audubon interactions,National Audubon Society,https://www.audubon.org/native-plants
PLT0245,,Vireos,Birds,broad_guild,,,Bird direct food,nectar,flower nectar,,Food,C - documented broad bird group,Audubon ZIP 78666 / Hays context,0.27,Central Texas Bird Audubon interactions,National Audubon Society,https://www.audubon.org/native-plants
PLT0245,,Warblers,Birds,broad_guild,,,Bird direct food,fruit,fruit,,Food,C - documented broad bird group,Audubon ZIP 78666 / Hays context,0.27,Central Texas Bird Audubon interactions,National Audubon Society,https://www.audubon.org/native-plants
PLT0245,,Warblers,Birds,broad_guild,,,Bird direct food,seed/grain,seed/grain,,Food,C - documented broad bird group,Audubon ZIP 78666 / Hays context,0.27,Central Texas Bird Audubon interactions,National Audubon Society,https://www.audubon.org/native-plants
PLT0245,,Sparrows,Birds,broad_guild,,,Bird direct food,fruit,fruit,,Food,C - documented broad bird group,Audubon ZIP 78666 / Hays context,0.27,Central Texas Bird Audubon interactions,National Audubon Society,https://www.audubon.org/native-plants
PLT0245,,Woodpeckers,Birds,broad_guild,,,Bird direct food,nectar,flower nectar,,Food,C - documented broad bird group,Audubon ZIP 78666 / Hays context,0.27,Central Texas Bird Audubon interactions,National Audubon Society,https://www.audubon.org/native-plants
PLT0245,,Vireos,Birds,broad_guild,,,Bird direct food,seed/grain,seed/grain,,Food,C - documented broad bird group,Audubon ZIP 78666 / Hays context,0.27,Central Texas Bird Audubon interactions,National Audubon Society,https://www.audubon.org/native-plants
PLT0245,,Vireos,Birds,broad_guild,,,Bird direct food,fruit,fruit,,Food,C - documented broad bird group,Audubon ZIP 78666 / Hays context,0.27,Central Texas Bird Audubon interactions,National Audubon Society,https://www.audubon.org/native-plants
PLT0245,,Sparrows,Birds,broad_guild,,,Bird direct food,nectar,flower nectar,,Food,C - documented broad bird group,Audubon ZIP 78666 / Hays context,0.27,Central Texas Bird Audubon interactions,National Audubon Society,https://www.audubon.org/native-plants
PLT0245,,Sparrows,Birds,broad_guild,,,Bird direct food,seed/grain,seed/grain,,Food,C - documented broad bird group,Audubon ZIP 78666 / Hays context,0.27,Central Texas Bird Audubon interactions,National Audubon Society,https://www.audubon.org/native-plants
PLT0245,,Orioles,Birds,broad_guild,,,Bird direct food,nectar,flower nectar,,Food,C - documented broad bird group,Audubon ZIP 78666 / Hays context,0.27,Central Texas Bird Audubon interactions,National Audubon Society,https://www.audubon.org/native-plants
PLT0245,,Cardinals,Birds,broad_guild,,,Bird direct food,seed/grain,seed/grain,,Food,C - documented broad bird group,Audubon ZIP 78666 / Hays context,0.27,Central Texas Bird Audubon interactions,National Audubon Society,https://www.audubon.org/native-plants
PLT0245,,Cardinals,Birds,broad_guild,,,Bird direct food,nectar,flower nectar,,Food,C - documented broad bird group,Audubon ZIP 78666 / Hays context,0.27,Central Texas Bird Audubon interactions,National Audubon Society,https://www.audubon.org/native-plants
PLT0245,,Chickadees,Birds,broad_guild,,,Bird direct food,seed/grain,seed/grain,,Food,C - documented broad bird group,Audubon ZIP 78666 / Hays context,0.27,Central Texas Bird Audubon interactions,National Audubon Society,https://www.audubon.org/native-plants
PLT0245,,Chickadees,Birds,broad_guild,,,Bird direct food,nectar,flower nectar,,Food,C - documented broad bird group,Audubon ZIP 78666 / Hays context,0.27,Central Texas Bird Audubon interactions,National Audubon Society,https://www.audubon.org/native-plants
PLT0245,,Thrashers,Birds,broad_guild,,,Bird direct food,fruit,fruit,,Food,C - documented broad bird group,Audubon ZIP 78666 / Hays context,0.27,Central Texas Bird Audubon interactions,National Audubon Society,https://www.audubon.org/native-plants
PLT0245,,Wrens,Birds,broad_guild,,,Bird direct food,fruit,fruit,,Food,C - documented broad bird group,Audubon ZIP 78666 / Hays context,0.27,Central Texas Bird Audubon interactions,National Audubon Society,https://www.audubon.org/native-plants
PLT0245,,Chickadees,Birds,broad_guild,,,Bird direct food,fruit,fruit,,Food,C - documented broad bird group,Audubon ZIP 78666 / Hays context,0.27,Central Texas Bird Audubon interactions,National Audubon Society,https://www.audubon.org/native-plants
PLT0245,,Mockingbirds,Birds,broad_guild,,,Bird direct food,fruit,fruit,,Food,C - documented broad bird group,Audubon ZIP 78666 / Hays context,0.27,Central Texas Bird Audubon interactions,National Audubon Society,https://www.audubon.org/native-plants
PLT0245,,Buntings,Birds,broad_guild,,,Bird direct food,nectar,flower nectar,,Food,C - documented broad bird group,Audubon ZIP 78666 / Hays context,0.27,Central Texas Bird Audubon interactions,National Audubon Society,https://www.audubon.org/native-plants
PLT0245,,Hummingbirds,Birds,broad_guild,,,Bird direct food,seed/grain,seed/grain,,Food,C - documented broad bird group,Audubon ZIP 78666 / Hays context,0.27,Central Texas Bird Audubon interactions,National Audubon Society,https://www.audubon.org/native-plants
PLT0245,,Nuthatches,Birds,broad_guild,,,Bird direct food,nectar,flower nectar,,Food,C - documented broad bird group,Audubon ZIP 78666 / Hays context,0.27,Central Texas Bird Audubon interactions,National Audubon Society,https://www.audubon.org/native-plants
PLT0245,,Crows,Birds,broad_guild,,,Bird direct food,nectar,flower nectar,,Food,C - documented broad bird group,Audubon ZIP 78666 / Hays context,0.27,Central Texas Bird Audubon interactions,National Audubon Society,https://www.audubon.org/native-plants
PLT0245,,Thrushes,Birds,broad_guild,,,Bird direct food,fruit,fruit,,Food,C - documented broad bird group,Audubon ZIP 78666 / Hays context,0.27,Central Texas Bird Audubon interactions,National Audubon Society,https://www.audubon.org/native-plants
PLT0245,,Thrashers,Birds,broad_guild,,,Bird direct food,seed/grain,seed/grain,,Food,C - documented broad bird group,Audubon ZIP 78666 / Hays context,0.27,Central Texas Bird Audubon interactions,National Audubon Society,https://www.audubon.org/native-plants
PLT0245,,Waxwings,Birds,broad_guild,,,Bird direct food,seed/grain,seed/grain,,Food,C - documented broad bird group,Audubon ZIP 78666 / Hays context,0.27,Central Texas Bird Audubon interactions,National Audubon Society,https://www.audubon.org/native-plants
PLT0245,,Waxwings,Birds,broad_guild,,,Bird direct food,fruit,fruit,,Food,C - documented broad bird group,Audubon ZIP 78666 / Hays context,0.27,Central Texas Bird Audubon interactions,National Audubon Society,https://www.audubon.org/native-plants
PLT0245,,Warblers,Birds,broad_guild,,,Bird direct food,nectar,flower nectar,,Food,C - documented broad bird group,Audubon ZIP 78666 / Hays context,0.27,Central Texas Bird Audubon interactions,National Audubon Society,https://www.audubon.org/native-plants
PLT0245,,Grosbeaks,Birds,broad_guild,,,Bird direct food,nectar,flower nectar,,Food,C - documented broad bird group,Audubon ZIP 78666 / Hays context,0.27,Central Texas Bird Audubon interactions,National Audubon Society,https://www.audubon.org/native-plants
PLT0245,,Hummingbirds,Birds,broad_guild,,,Bird direct food,fruit,fruit,,Food,C - documented broad bird group,Audubon ZIP 78666 / Hays context,0.27,Central Texas Bird Audubon interactions,National Audubon Society,https://www.audubon.org/native-plants
PLT0245,,Hummingbirds,Birds,broad_guild,,,Bird direct food,nectar,flower nectar,,Food,C - documented broad bird group,Audubon ZIP 78666 / Hays context,0.27,Central Texas Bird Audubon interactions,National Audubon Society,https://www.audubon.org/native-plants
PLT0245,,Jays,Birds,broad_guild,,,Bird direct food,fruit,fruit,,Food,C - documented broad bird group,Audubon ZIP 78666 / Hays context,0.27,Central Texas Bird Audubon interactions,National Audubon Society,https://www.audubon.org/native-plants
PLT0245,,Jays,Birds,broad_guild,,,Bird direct food,seed/grain,seed/grain,,Food,C - documented broad bird group,Audubon ZIP 78666 / Hays context,0.27,Central Texas Bird Audubon interactions,National Audubon Society,https://www.audubon.org/native-plants
PLT0245,,Jays,Birds,broad_guild,,,Bird direct food,nectar,flower nectar,,Food,C - documented broad bird group,Audubon ZIP 78666 / Hays context,0.27,Central Texas Bird Audubon interactions,National Audubon Society,https://www.audubon.org/native-plants
PLT0245,,Wrens,Birds,broad_guild,,,Bird direct food,seed/grain,seed/grain,,Food,C - documented broad bird group,Audubon ZIP 78666 / Hays context,0.27,Central Texas Bird Audubon interactions,National Audubon Society,https://www.audubon.org/native-plants
PLT0245,,Crows,Birds,broad_guild,,,Bird direct food,fruit,fruit,,Food,C - documented broad bird group,Audubon ZIP 78666 / Hays context,0.27,Central Texas Bird Audubon interactions,National Audubon Society,https://www.audubon.org/native-plants
PLT0245,,Crows,Birds,broad_guild,,,Bird direct food,seed/grain,seed/grain,,Food,C - documented broad bird group,Audubon ZIP 78666 / Hays context,0.27,Central Texas Bird Audubon interactions,National Audubon Society,https://www.audubon.org/native-plants
PLT0245,,Finches,Birds,broad_guild,,,Bird direct food,fruit,fruit,,Food,C - documented broad bird group,Audubon ZIP 78666 / Hays context,0.27,Central Texas Bird Audubon interactions,National Audubon Society,https://www.audubon.org/native-plants
PLT0245,,Thrushes,Birds,broad_guild,,,Bird direct food,seed/grain,seed/grain,,Food,C - documented broad bird group,Audubon ZIP 78666 / Hays context,0.27,Central Texas Bird Audubon interactions,National Audubon Society,https://www.audubon.org/native-plants
PLT0245,,Finches,Birds,broad_guild,,,Bird direct food,nectar,flower nectar,,Food,C - documented broad bird group,Audubon ZIP 78666 / Hays context,0.27,Central Texas Bird Audubon interactions,National Audubon Society,https://www.audubon.org/native-plants
PLT0245,,Grosbeaks,Birds,broad_guild,,,Bird direct food,fruit,fruit,,Food,C - documented broad bird group,Audubon ZIP 78666 / Hays context,0.27,Central Texas Bird Audubon interactions,National Audubon Society,https://www.audubon.org/native-plants
PLT0245,,Grosbeaks,Birds,broad_guild,,,Bird direct food,seed/grain,seed/grain,,Food,C - documented broad bird group,Audubon ZIP 78666 / Hays context,0.27,Central Texas Bird Audubon interactions,National Audubon Society,https://www.audubon.org/native-plants
PLT0245,,Buntings,Birds,broad_guild,,,Bird direct food,seed/grain,seed/grain,,Food,C - documented broad bird group,Audubon ZIP 78666 / Hays context,0.27,Central Texas Bird Audubon interactions,National Audubon Society,https://www.audubon.org/native-plants
PLT0245,,Thrushes,Birds,broad_guild,,,Bird direct food,nectar,flower nectar,,Food,C - documented broad bird group,Audubon ZIP 78666 / Hays context,0.27,Central Texas Bird Audubon interactions,National Audubon Society,https://www.audubon.org/native-plants
PLT0245,,Finches,Birds,broad_guild,,,Bird direct food,seed/grain,seed/grain,,Food,C - documented broad bird group,Audubon ZIP 78666 / Hays context,0.27,Central Texas Bird Audubon interactions,National Audubon Society,https://www.audubon.org/native-plants
PLT0245,,Titmice,Birds,broad_guild,,,Bird direct food,seed/grain,seed/grain,,Food,C - documented broad bird group,Audubon ZIP 78666 / Hays context,0.27,Central Texas Bird Audubon interactions,National Audubon Society,https://www.audubon.org/native-plants
PLT0245,,Titmice,Birds,broad_guild,,,Bird direct food,fruit,fruit,,Food,C - documented broad bird group,Audubon ZIP 78666 / Hays context,0.27,Central Texas Bird Audubon interactions,National Audubon Society,https://www.audubon.org/native-plants
PLT0245,,Orioles,Birds,broad_guild,,,Bird direct food,fruit,fruit,,Food,C - documented broad bird group,Audubon ZIP 78666 / Hays context,0.27,Central Texas Bird Audubon interactions,National Audubon Society,https://www.audubon.org/native-plants
PLT0245,,Orioles,Birds,broad_guild,,,Bird direct food,seed/grain,seed/grain,,Food,C - documented broad bird group,Audubon ZIP 78666 / Hays context,0.27,Central Texas Bird Audubon interactions,National Audubon Society,https://www.audubon.org/native-plants
PLT0245,,Mockingbirds,Birds,broad_guild,,,Bird direct food,seed/grain,seed/grain,,Food,C - documented broad bird group,Audubon ZIP 78666 / Hays context,0.27,Central Texas Bird Audubon interactions,National Audubon Society,https://www.audubon.org/native-plants
PLT0245,,Mockingbirds,Birds,broad_guild,,,Bird direct food,nectar,flower nectar,,Food,C - documented broad bird group,Audubon ZIP 78666 / Hays context,0.27,Central Texas Bird Audubon interactions,National Audubon Society,https://www.audubon.org/native-plants
PLT0245,,Nuthatches,Birds,broad_guild,,,Bird direct food,fruit,fruit,,Food,C - documented broad bird group,Audubon ZIP 78666 / Hays context,0.27,Central Texas Bird Audubon interactions,National Audubon Society,https://www.audubon.org/native-plants
PLT0245,,Nuthatches,Birds,broad_guild,,,Bird direct food,seed/grain,seed/grain,,Food,C - documented broad bird group,Audubon ZIP 78666 / Hays context,0.27,Central Texas Bird Audubon interactions,National Audubon Society,https://www.audubon.org/native-plants
PLT0245,,Buntings,Birds,broad_guild,,,Bird direct food,fruit,fruit,,Food,C - documented broad bird group,Audubon ZIP 78666 / Hays context,0.27,Central Texas Bird Audubon interactions,National Audubon Society,https://www.audubon.org/native-plants
PLT0245,,Cardinals,Birds,broad_guild,,,Bird direct food,fruit,fruit,,Food,C - documented broad bird group,Audubon ZIP 78666 / Hays context,0.27,Central Texas Bird Audubon interactions,National Audubon Society,https://www.audubon.org/native-plants
PLT0245,,Wrens,Birds,broad_guild,,,Bird direct food,nectar,flower nectar,,Food,C - documented broad bird group,Audubon ZIP 78666 / Hays context,0.27,Central Texas Bird Audubon interactions,National Audubon Society,https://www.audubon.org/native-plants
PLT0245,,Titmice,Birds,broad_guild,,,Bird direct food,nectar,flower nectar,,Food,C - documented broad bird group,Audubon ZIP 78666 / Hays context,0.27,Central Texas Bird Audubon interactions,National Audubon Society,https://www.audubon.org/native-plants
PLT0247,,Wrens,Birds,broad_guild,,,Bird direct food,nectar,flower nectar,,Food,C - documented broad bird group,Audubon ZIP 78666 / Hays context,0.27,Central Texas Bird Audubon interactions,National Audubon Society,https://www.audubon.org/native-plants
PLT0247,,Thrashers,Birds,broad_guild,,,Bird direct food,seed/grain,seed/grain,,Food,C - documented broad bird group,Audubon ZIP 78666 / Hays context,0.27,Central Texas Bird Audubon interactions,National Audubon Society,https://www.audubon.org/native-plants
PLT0247,,Hummingbirds,Birds,broad_guild,,,Bird direct food,nectar,flower nectar,,Food,C - documented broad bird group,Audubon ZIP 78666 / Hays context,0.27,Central Texas Bird Audubon interactions,National Audubon Society,https://www.audubon.org/native-plants
PLT0247,,Jays,Birds,broad_guild,,,Bird direct food,fruit,fruit,,Food,C - documented broad bird group,Audubon ZIP 78666 / Hays context,0.27,Central Texas Bird Audubon interactions,National Audubon Society,https://www.audubon.org/native-plants
PLT0247,,Woodpeckers,Birds,broad_guild,,,Bird direct food,fruit,fruit,,Food,C - documented broad bird group,Audubon ZIP 78666 / Hays context,0.27,Central Texas Bird Audubon interactions,National Audubon Society,https://www.audubon.org/native-plants
PLT0247,,Woodpeckers,Birds,broad_guild,,,Bird direct food,nectar,flower nectar,,Food,C - documented broad bird group,Audubon ZIP 78666 / Hays context,0.27,Central Texas Bird Audubon interactions,National Audubon Society,https://www.audubon.org/native-plants
PLT0247,,Wrens,Birds,broad_guild,,,Bird direct food,fruit,fruit,,Food,C - documented broad bird group,Audubon ZIP 78666 / Hays context,0.27,Central Texas Bird Audubon interactions,National Audubon Society,https://www.audubon.org/native-plants
PLT0247,,Waxwings,Birds,broad_guild,,,Bird direct food,seed/grain,seed/grain,,Food,C - documented broad bird group,Audubon ZIP 78666 / Hays context,0.27,Central Texas Bird Audubon interactions,National Audubon Society,https://www.audubon.org/native-plants
PLT0247,,Waxwings,Birds,broad_guild,,,Bird direct food,nectar,flower nectar,,Food,C - documented broad bird group,Audubon ZIP 78666 / Hays context,0.27,Central Texas Bird Audubon interactions,National Audubon Society,https://www.audubon.org/native-plants
PLT0247,,Nuthatches,Birds,broad_guild,,,Bird direct food,fruit,fruit,,Food,C - documented broad bird group,Audubon ZIP 78666 / Hays context,0.27,Central Texas Bird Audubon interactions,National Audubon Society,https://www.audubon.org/native-plants
PLT0247,,Nuthatches,Birds,broad_guild,,,Bird direct food,seed/grain,seed/grain,,Food,C - documented broad bird group,Audubon ZIP 78666 / Hays context,0.27,Central Texas Bird Audubon interactions,National Audubon Society,https://www.audubon.org/native-plants
PLT0247,,Nuthatches,Birds,broad_guild,,,Bird direct food,nectar,flower nectar,,Food,C - documented broad bird group,Audubon ZIP 78666 / Hays context,0.27,Central Texas Bird Audubon interactions,National Audubon Society,https://www.audubon.org/native-plants
PLT0247,,Wrens,Birds,broad_guild,,,Bird direct food,seed/grain,seed/grain,,Food,C - documented broad bird group,Audubon ZIP 78666 / Hays context,0.27,Central Texas Bird Audubon interactions,National Audubon Society,https://www.audubon.org/native-plants
PLT0247,,Titmice,Birds,broad_guild,,,Bird direct food,fruit,fruit,,Food,C - documented broad bird group,Audubon ZIP 78666 / Hays context,0.27,Central Texas Bird Audubon interactions,National Audubon Society,https://www.audubon.org/native-plants
PLT0247,,Grosbeaks,Birds,broad_guild,,,Bird direct food,fruit,fruit,,Food,C - documented broad bird group,Audubon ZIP 78666 / Hays context,0.27,Central Texas Bird Audubon interactions,National Audubon Society,https://www.audubon.org/native-plants
PLT0247,,Grosbeaks,Birds,broad_guild,,,Bird direct food,seed/grain,seed/grain,,Food,C - documented broad bird group,Audubon ZIP 78666 / Hays context,0.27,Central Texas Bird Audubon interactions,National Audubon Society,https://www.audubon.org/native-plants
PLT0247,,Grosbeaks,Birds,broad_guild,,,Bird direct food,nectar,flower nectar,,Food,C - documented broad bird group,Audubon ZIP 78666 / Hays context,0.27,Central Texas Bird Audubon interactions,National Audubon Society,https://www.audubon.org/native-plants
PLT0247,,Thrashers,Birds,broad_guild,,,Bird direct food,nectar,flower nectar,,Food,C - documented broad bird group,Audubon ZIP 78666 / Hays context,0.27,Central Texas Bird Audubon interactions,National Audubon Society,https://www.audubon.org/native-plants
PLT0247,,Jays,Birds,broad_guild,,,Bird direct food,nectar,flower nectar,,Food,C - documented broad bird group,Audubon ZIP 78666 / Hays context,0.27,Central Texas Bird Audubon interactions,National Audubon Society,https://www.audubon.org/native-plants
PLT0247,,Mockingbirds,Birds,broad_guild,,,Bird direct food,fruit,fruit,,Food,C - documented broad bird group,Audubon ZIP 78666 / Hays context,0.27,Central Texas Bird Audubon interactions,National Audubon Society,https://www.audubon.org/native-plants
PLT0247,,Mockingbirds,Birds,broad_guild,,,Bird direct food,nectar,flower nectar,,Food,C - documented broad bird group,Audubon ZIP 78666 / Hays context,0.27,Central Texas Bird Audubon interactions,National Audubon Society,https://www.audubon.org/native-plants
PLT0247,,Wood Warblers,Birds,broad_guild,,,Bird direct food,fruit,fruit,,Food,C - documented broad bird group,Audubon ZIP 78666 / Hays context,0.27,Central Texas Bird Audubon interactions,National Audubon Society,https://www.audubon.org/native-plants
PLT0247,,Woodpeckers,Birds,broad_guild,,,Bird direct food,seed/grain,seed/grain,,Food,C - documented broad bird group,Audubon ZIP 78666 / Hays context,0.27,Central Texas Bird Audubon interactions,National Audubon Society,https://www.audubon.org/native-plants
PLT0247,,Thrushes,Birds,broad_guild,,,Bird direct food,seed/grain,seed/grain,,Food,C - documented broad bird group,Audubon ZIP 78666 / Hays context,0.27,Central Texas Bird Audubon interactions,National Audubon Society,https://www.audubon.org/native-plants
PLT0247,,Thrushes,Birds,broad_guild,,,Bird direct food,nectar,flower nectar,,Food,C - documented broad bird group,Audubon ZIP 78666 / Hays context,0.27,Central Texas Bird Audubon interactions,National Audubon Society,https://www.audubon.org/native-plants
PLT0247,,Warblers,Birds,broad_guild,,,Bird direct food,nectar,flower nectar,,Food,C - documented broad bird group,Audubon ZIP 78666 / Hays context,0.27,Central Texas Bird Audubon interactions,National Audubon Society,https://www.audubon.org/native-plants
PLT0247,,Jays,Birds,broad_guild,,,Bird direct food,seed/grain,seed/grain,,Food,C - documented broad bird group,Audubon ZIP 78666 / Hays context,0.27,Central Texas Bird Audubon interactions,National Audubon Society,https://www.audubon.org/native-plants
PLT0247,,Waxwings,Birds,broad_guild,,,Bird direct food,fruit,fruit,,Food,C - documented broad bird group,Audubon ZIP 78666 / Hays context,0.27,Central Texas Bird Audubon interactions,National Audubon Society,https://www.audubon.org/native-plants
PLT0247,,Vireos,Birds,broad_guild,,,Bird direct food,seed/grain,seed/grain,,Food,C - documented broad bird group,Audubon ZIP 78666 / Hays context,0.27,Central Texas Bird Audubon interactions,National Audubon Society,https://www.audubon.org/native-plants
PLT0247,,Vireos,Birds,broad_guild,,,Bird direct food,nectar,flower nectar,,Food,C - documented broad bird group,Audubon ZIP 78666 / Hays context,0.27,Central Texas Bird Audubon interactions,National Audubon Society,https://www.audubon.org/native-plants
PLT0247,,Warblers,Birds,broad_guild,,,Bird direct food,fruit,fruit,,Food,C - documented broad bird group,Audubon ZIP 78666 / Hays context,0.27,Central Texas Bird Audubon interactions,National Audubon Society,https://www.audubon.org/native-plants
PLT0247,,Mockingbirds,Birds,broad_guild,,,Bird direct food,seed/grain,seed/grain,,Food,C - documented broad bird group,Audubon ZIP 78666 / Hays context,0.27,Central Texas Bird Audubon interactions,National Audubon Society,https://www.audubon.org/native-plants
PLT0247,,Wood Warblers,Birds,broad_guild,,,Bird direct food,seed/grain,seed/grain,,Food,C - documented broad bird group,Audubon ZIP 78666 / Hays context,0.27,Central Texas Bird Audubon interactions,National Audubon Society,https://www.audubon.org/native-plants
PLT0247,,Wood Warblers,Birds,broad_guild,,,Bird direct food,nectar,flower nectar,,Food,C - documented broad bird group,Audubon ZIP 78666 / Hays context,0.27,Central Texas Bird Audubon interactions,National Audubon Society,https://www.audubon.org/native-plants
PLT0247,,Thrushes,Birds,broad_guild,,,Bird direct food,fruit,fruit,,Food,C - documented broad bird group,Audubon ZIP 78666 / Hays context,0.27,Central Texas Bird Audubon interactions,National Audubon Society,https://www.audubon.org/native-plants
PLT0247,,Warblers,Birds,broad_guild,,,Bird direct food,seed/grain,seed/grain,,Food,C - documented broad bird group,Audubon ZIP 78666 / Hays context,0.27,Central Texas Bird Audubon interactions,National Audubon Society,https://www.audubon.org/native-plants
PLT0247,,Titmice,Birds,broad_guild,,,Bird direct food,seed/grain,seed/grain,,Food,C - documented broad bird group,Audubon ZIP 78666 / Hays context,0.27,Central Texas Bird Audubon interactions,National Audubon Society,https://www.audubon.org/native-plants
PLT0247,,Titmice,Birds,broad_guild,,,Bird direct food,nectar,flower nectar,,Food,C - documented broad bird group,Audubon ZIP 78666 / Hays context,0.27,Central Texas Bird Audubon interactions,National Audubon Society,https://www.audubon.org/native-plants
PLT0247,,Sparrows,Birds,broad_guild,,,Bird direct food,fruit,fruit,,Food,C - documented broad bird group,Audubon ZIP 78666 / Hays context,0.27,Central Texas Bird Audubon interactions,National Audubon Society,https://www.audubon.org/native-plants
PLT0247,,Buntings,Birds,broad_guild,,,Bird direct food,nectar,flower nectar,,Food,C - documented broad bird group,Audubon ZIP 78666 / Hays context,0.27,Central Texas Bird Audubon interactions,National Audubon Society,https://www.audubon.org/native-plants
PLT0247,,Cardinals,Birds,broad_guild,,,Bird direct food,seed/grain,seed/grain,,Food,C - documented broad bird group,Audubon ZIP 78666 / Hays context,0.27,Central Texas Bird Audubon interactions,National Audubon Society,https://www.audubon.org/native-plants
PLT0247,,Chickadees,Birds,broad_guild,,,Bird direct food,seed/grain,seed/grain,,Food,C - documented broad bird group,Audubon ZIP 78666 / Hays context,0.27,Central Texas Bird Audubon interactions,National Audubon Society,https://www.audubon.org/native-plants
PLT0247,,Chickadees,Birds,broad_guild,,,Bird direct food,nectar,flower nectar,,Food,C - documented broad bird group,Audubon ZIP 78666 / Hays context,0.27,Central Texas Bird Audubon interactions,National Audubon Society,https://www.audubon.org/native-plants
PLT0247,,Crows,Birds,broad_guild,,,Bird direct food,fruit,fruit,,Food,C - documented broad bird group,Audubon ZIP 78666 / Hays context,0.27,Central Texas Bird Audubon interactions,National Audubon Society,https://www.audubon.org/native-plants
PLT0247,,Crows,Birds,broad_guild,,,Bird direct food,seed/grain,seed/grain,,Food,C - documented broad bird group,Audubon ZIP 78666 / Hays context,0.27,Central Texas Bird Audubon interactions,National Audubon Society,https://www.audubon.org/native-plants
PLT0247,,Hummingbirds,Birds,broad_guild,,,Bird direct food,seed/grain,seed/grain,,Food,C - documented broad bird group,Audubon ZIP 78666 / Hays context,0.27,Central Texas Bird Audubon interactions,National Audubon Society,https://www.audubon.org/native-plants
PLT0247,,Cardinals,Birds,broad_guild,,,Bird direct food,nectar,flower nectar,,Food,C - documented broad bird group,Audubon ZIP 78666 / Hays context,0.27,Central Texas Bird Audubon interactions,National Audubon Society,https://www.audubon.org/native-plants
PLT0247,,Chickadees,Birds,broad_guild,,,Bird direct food,fruit,fruit,,Food,C - documented broad bird group,Audubon ZIP 78666 / Hays context,0.27,Central Texas Bird Audubon interactions,National Audubon Society,https://www.audubon.org/native-plants
PLT0247,,Crows,Birds,broad_guild,,,Bird direct food,nectar,flower nectar,,Food,C - documented broad bird group,Audubon ZIP 78666 / Hays context,0.27,Central Texas Bird Audubon interactions,National Audubon Society,https://www.audubon.org/native-plants
PLT0247,,Cardinals,Birds,broad_guild,,,Bird direct food,fruit,fruit,,Food,C - documented broad bird group,Audubon ZIP 78666 / Hays context,0.27,Central Texas Bird Audubon interactions,National Audubon Society,https://www.audubon.org/native-plants
PLT0247,,Vireos,Birds,broad_guild,,,Bird direct food,fruit,fruit,,Food,C - documented broad bird group,Audubon ZIP 78666 / Hays context,0.27,Central Texas Bird Audubon interactions,National Audubon Society,https://www.audubon.org/native-plants
PLT0247,,Orioles,Birds,broad_guild,,,Bird direct food,fruit,fruit,,Food,C - documented broad bird group,Audubon ZIP 78666 / Hays context,0.27,Central Texas Bird Audubon interactions,National Audubon Society,https://www.audubon.org/native-plants
PLT0247,,Orioles,Birds,broad_guild,,,Bird direct food,seed/grain,seed/grain,,Food,C - documented broad bird group,Audubon ZIP 78666 / Hays context,0.27,Central Texas Bird Audubon interactions,National Audubon Society,https://www.audubon.org/native-plants
PLT0247,,Orioles,Birds,broad_guild,,,Bird direct food,nectar,flower nectar,,Food,C - documented broad bird group,Audubon ZIP 78666 / Hays context,0.27,Central Texas Bird Audubon interactions,National Audubon Society,https://www.audubon.org/native-plants
PLT0247,,Buntings,Birds,broad_guild,,,Bird direct food,seed/grain,seed/grain,,Food,C - documented broad bird group,Audubon ZIP 78666 / Hays context,0.27,Central Texas Bird Audubon interactions,National Audubon Society,https://www.audubon.org/native-plants
PLT0247,,Hummingbirds,Birds,broad_guild,,,Bird direct food,fruit,fruit,,Food,C - documented broad bird group,Audubon ZIP 78666 / Hays context,0.27,Central Texas Bird Audubon interactions,National Audubon Society,https://www.audubon.org/native-plants
PLT0247,,Sparrows,Birds,broad_guild,,,Bird direct food,seed/grain,seed/grain,,Food,C - documented broad bird group,Audubon ZIP 78666 / Hays context,0.27,Central Texas Bird Audubon interactions,National Audubon Society,https://www.audubon.org/native-plants
PLT0247,,Finches,Birds,broad_guild,,,Bird direct food,fruit,fruit,,Food,C - documented broad bird group,Audubon ZIP 78666 / Hays context,0.27,Central Texas Bird Audubon interactions,National Audubon Society,https://www.audubon.org/native-plants
PLT0247,,Finches,Birds,broad_guild,,,Bird direct food,seed/grain,seed/grain,,Food,C - documented broad bird group,Audubon ZIP 78666 / Hays context,0.27,Central Texas Bird Audubon interactions,National Audubon Society,https://www.audubon.org/native-plants
PLT0247,,Finches,Birds,broad_guild,,,Bird direct food,nectar,flower nectar,,Food,C - documented broad bird group,Audubon ZIP 78666 / Hays context,0.27,Central Texas Bird Audubon interactions,National Audubon Society,https://www.audubon.org/native-plants
PLT0247,,Buntings,Birds,broad_guild,,,Bird direct food,fruit,fruit,,Food,C - documented broad bird group,Audubon ZIP 78666 / Hays context,0.27,Central Texas Bird Audubon interactions,National Audubon Society,https://www.audubon.org/native-plants
PLT0247,,Sparrows,Birds,broad_guild,,,Bird direct food,nectar,flower nectar,,Food,C - documented broad bird group,Audubon ZIP 78666 / Hays context,0.27,Central Texas Bird Audubon interactions,National Audubon Society,https://www.audubon.org/native-plants
PLT0247,,Thrashers,Birds,broad_guild,,,Bird direct food,fruit,fruit,,Food,C - documented broad bird group,Audubon ZIP 78666 / Hays context,0.27,Central Texas Bird Audubon interactions,National Audubon Society,https://www.audubon.org/native-plants
PLT0261,,Orioles,Birds,broad_guild,,,Bird direct food,fruit,fruit,,Food,C - documented broad bird group,Audubon ZIP 78666 / Hays context,0.27,Central Texas Bird Audubon interactions,National Audubon Society,https://www.audubon.org/native-plants
PLT0261,,Orioles,Birds,broad_guild,,,Bird direct food,seed/grain,seed/grain,,Food,C - documented broad bird group,Audubon ZIP 78666 / Hays context,0.27,Central Texas Bird Audubon interactions,National Audubon Society,https://www.audubon.org/native-plants
PLT0261,,Sparrows,Birds,broad_guild,,,Bird direct food,fruit,fruit,,Food,C - documented broad bird group,Audubon ZIP 78666 / Hays context,0.27,Central Texas Bird Audubon interactions,National Audubon Society,https://www.audubon.org/native-plants
PLT0261,,Hummingbirds,Birds,broad_guild,,,Bird direct food,seed/grain,seed/grain,,Food,C - documented broad bird group,Audubon ZIP 78666 / Hays context,0.27,Central Texas Bird Audubon interactions,National Audubon Society,https://www.audubon.org/native-plants
PLT0261,,Sparrows,Birds,broad_guild,,,Bird direct food,seed/grain,seed/grain,,Food,C - documented broad bird group,Audubon ZIP 78666 / Hays context,0.27,Central Texas Bird Audubon interactions,National Audubon Society,https://www.audubon.org/native-plants
PLT0261,,Grosbeaks,Birds,broad_guild,,,Bird direct food,nectar,flower nectar,,Food,C - documented broad bird group,Audubon ZIP 78666 / Hays context,0.27,Central Texas Bird Audubon interactions,National Audubon Society,https://www.audubon.org/native-plants
PLT0261,,Thrushes,Birds,broad_guild,,,Bird direct food,fruit,fruit,,Food,C - documented broad bird group,Audubon ZIP 78666 / Hays context,0.27,Central Texas Bird Audubon interactions,National Audubon Society,https://www.audubon.org/native-plants
PLT0261,,Jays,Birds,broad_guild,,,Bird direct food,seed/grain,seed/grain,,Food,C - documented broad bird group,Audubon ZIP 78666 / Hays context,0.27,Central Texas Bird Audubon interactions,National Audubon Society,https://www.audubon.org/native-plants
PLT0261,,Hummingbirds,Birds,broad_guild,,,Bird direct food,nectar,flower nectar,,Food,C - documented broad bird group,Audubon ZIP 78666 / Hays context,0.27,Central Texas Bird Audubon interactions,National Audubon Society,https://www.audubon.org/native-plants
PLT0261,,Nuthatches,Birds,broad_guild,,,Bird direct food,nectar,flower nectar,,Food,C - documented broad bird group,Audubon ZIP 78666 / Hays context,0.27,Central Texas Bird Audubon interactions,National Audubon Society,https://www.audubon.org/native-plants
PLT0261,,Nuthatches,Birds,broad_guild,,,Bird direct food,seed/grain,seed/grain,,Food,C - documented broad bird group,Audubon ZIP 78666 / Hays context,0.27,Central Texas Bird Audubon interactions,National Audubon Society,https://www.audubon.org/native-plants
PLT0261,,Nuthatches,Birds,broad_guild,,,Bird direct food,fruit,fruit,,Food,C - documented broad bird group,Audubon ZIP 78666 / Hays context,0.27,Central Texas Bird Audubon interactions,National Audubon Society,https://www.audubon.org/native-plants
PLT0261,,Jays,Birds,broad_guild,,,Bird direct food,fruit,fruit,,Food,C - documented broad bird group,Audubon ZIP 78666 / Hays context,0.27,Central Texas Bird Audubon interactions,National Audubon Society,https://www.audubon.org/native-plants
PLT0261,,Crows,Birds,broad_guild,,,Bird direct food,fruit,fruit,,Food,C - documented broad bird group,Audubon ZIP 78666 / Hays context,0.27,Central Texas Bird Audubon interactions,National Audubon Society,https://www.audubon.org/native-plants
PLT0261,,Chickadees,Birds,broad_guild,,,Bird direct food,nectar,flower nectar,,Food,C - documented broad bird group,Audubon ZIP 78666 / Hays context,0.27,Central Texas Bird Audubon interactions,National Audubon Society,https://www.audubon.org/native-plants
PLT0261,,Wood Warblers,Birds,broad_guild,,,Bird direct food,nectar,flower nectar,,Food,C - documented broad bird group,Audubon ZIP 78666 / Hays context,0.27,Central Texas Bird Audubon interactions,National Audubon Society,https://www.audubon.org/native-plants
PLT0261,,Wood Warblers,Birds,broad_guild,,,Bird direct food,seed/grain,seed/grain,,Food,C - documented broad bird group,Audubon ZIP 78666 / Hays context,0.27,Central Texas Bird Audubon interactions,National Audubon Society,https://www.audubon.org/native-plants
PLT0261,,Chickadees,Birds,broad_guild,,,Bird direct food,seed/grain,seed/grain,,Food,C - documented broad bird group,Audubon ZIP 78666 / Hays context,0.27,Central Texas Bird Audubon interactions,National Audubon Society,https://www.audubon.org/native-plants
PLT0261,,Chickadees,Birds,broad_guild,,,Bird direct food,fruit,fruit,,Food,C - documented broad bird group,Audubon ZIP 78666 / Hays context,0.27,Central Texas Bird Audubon interactions,National Audubon Society,https://www.audubon.org/native-plants
PLT0261,,Grosbeaks,Birds,broad_guild,,,Bird direct food,fruit,fruit,,Food,C - documented broad bird group,Audubon ZIP 78666 / Hays context,0.27,Central Texas Bird Audubon interactions,National Audubon Society,https://www.audubon.org/native-plants
PLT0261,,Wrens,Birds,broad_guild,,,Bird direct food,nectar,flower nectar,,Food,C - documented broad bird group,Audubon ZIP 78666 / Hays context,0.27,Central Texas Bird Audubon interactions,National Audubon Society,https://www.audubon.org/native-plants
PLT0261,,Titmice,Birds,broad_guild,,,Bird direct food,seed/grain,seed/grain,,Food,C - documented broad bird group,Audubon ZIP 78666 / Hays context,0.27,Central Texas Bird Audubon interactions,National Audubon Society,https://www.audubon.org/native-plants
PLT0261,,Woodpeckers,Birds,broad_guild,,,Bird direct food,seed/grain,seed/grain,,Food,C - documented broad bird group,Audubon ZIP 78666 / Hays context,0.27,Central Texas Bird Audubon interactions,National Audubon Society,https://www.audubon.org/native-plants
PLT0261,,Woodpeckers,Birds,broad_guild,,,Bird direct food,fruit,fruit,,Food,C - documented broad bird group,Audubon ZIP 78666 / Hays context,0.27,Central Texas Bird Audubon interactions,National Audubon Society,https://www.audubon.org/native-plants
PLT0261,,Orioles,Birds,broad_guild,,,Bird direct food,nectar,flower nectar,,Food,C - documented broad bird group,Audubon ZIP 78666 / Hays context,0.27,Central Texas Bird Audubon interactions,National Audubon Society,https://www.audubon.org/native-plants
PLT0261,,Buntings,Birds,broad_guild,,,Bird direct food,nectar,flower nectar,,Food,C - documented broad bird group,Audubon ZIP 78666 / Hays context,0.27,Central Texas Bird Audubon interactions,National Audubon Society,https://www.audubon.org/native-plants
PLT0261,,Buntings,Birds,broad_guild,,,Bird direct food,seed/grain,seed/grain,,Food,C - documented broad bird group,Audubon ZIP 78666 / Hays context,0.27,Central Texas Bird Audubon interactions,National Audubon Society,https://www.audubon.org/native-plants
PLT0261,,Wrens,Birds,broad_guild,,,Bird direct food,seed/grain,seed/grain,,Food,C - documented broad bird group,Audubon ZIP 78666 / Hays context,0.27,Central Texas Bird Audubon interactions,National Audubon Society,https://www.audubon.org/native-plants
PLT0261,,Vireos,Birds,broad_guild,,,Bird direct food,nectar,flower nectar,,Food,C - documented broad bird group,Audubon ZIP 78666 / Hays context,0.27,Central Texas Bird Audubon interactions,National Audubon Society,https://www.audubon.org/native-plants
PLT0261,,Titmice,Birds,broad_guild,,,Bird direct food,fruit,fruit,,Food,C - documented broad bird group,Audubon ZIP 78666 / Hays context,0.27,Central Texas Bird Audubon interactions,National Audubon Society,https://www.audubon.org/native-plants
PLT0261,,Thrushes,Birds,broad_guild,,,Bird direct food,nectar,flower nectar,,Food,C - documented broad bird group,Audubon ZIP 78666 / Hays context,0.27,Central Texas Bird Audubon interactions,National Audubon Society,https://www.audubon.org/native-plants
PLT0261,,Thrushes,Birds,broad_guild,,,Bird direct food,seed/grain,seed/grain,,Food,C - documented broad bird group,Audubon ZIP 78666 / Hays context,0.27,Central Texas Bird Audubon interactions,National Audubon Society,https://www.audubon.org/native-plants
PLT0261,,Wrens,Birds,broad_guild,,,Bird direct food,fruit,fruit,,Food,C - documented broad bird group,Audubon ZIP 78666 / Hays context,0.27,Central Texas Bird Audubon interactions,National Audubon Society,https://www.audubon.org/native-plants
PLT0261,,Woodpeckers,Birds,broad_guild,,,Bird direct food,nectar,flower nectar,,Food,C - documented broad bird group,Audubon ZIP 78666 / Hays context,0.27,Central Texas Bird Audubon interactions,National Audubon Society,https://www.audubon.org/native-plants
PLT0261,,Buntings,Birds,broad_guild,,,Bird direct food,fruit,fruit,,Food,C - documented broad bird group,Audubon ZIP 78666 / Hays context,0.27,Central Texas Bird Audubon interactions,National Audubon Society,https://www.audubon.org/native-plants
PLT0261,,Sparrows,Birds,broad_guild,,,Bird direct food,nectar,flower nectar,,Food,C - documented broad bird group,Audubon ZIP 78666 / Hays context,0.27,Central Texas Bird Audubon interactions,National Audubon Society,https://www.audubon.org/native-plants
PLT0261,,Mockingbirds,Birds,broad_guild,,,Bird direct food,fruit,fruit,,Food,C - documented broad bird group,Audubon ZIP 78666 / Hays context,0.27,Central Texas Bird Audubon interactions,National Audubon Society,https://www.audubon.org/native-plants
PLT0261,,Warblers,Birds,broad_guild,,,Bird direct food,nectar,flower nectar,,Food,C - documented broad bird group,Audubon ZIP 78666 / Hays context,0.27,Central Texas Bird Audubon interactions,National Audubon Society,https://www.audubon.org/native-plants
PLT0261,,Warblers,Birds,broad_guild,,,Bird direct food,seed/grain,seed/grain,,Food,C - documented broad bird group,Audubon ZIP 78666 / Hays context,0.27,Central Texas Bird Audubon interactions,National Audubon Society,https://www.audubon.org/native-plants
PLT0261,,Warblers,Birds,broad_guild,,,Bird direct food,fruit,fruit,,Food,C - documented broad bird group,Audubon ZIP 78666 / Hays context,0.27,Central Texas Bird Audubon interactions,National Audubon Society,https://www.audubon.org/native-plants
PLT0261,,Vireos,Birds,broad_guild,,,Bird direct food,seed/grain,seed/grain,,Food,C - documented broad bird group,Audubon ZIP 78666 / Hays context,0.27,Central Texas Bird Audubon interactions,National Audubon Society,https://www.audubon.org/native-plants
PLT0261,,Finches,Birds,broad_guild,,,Bird direct food,seed/grain,seed/grain,,Food,C - documented broad bird group,Audubon ZIP 78666 / Hays context,0.27,Central Texas Bird Audubon interactions,National Audubon Society,https://www.audubon.org/native-plants
PLT0261,,Finches,Birds,broad_guild,,,Bird direct food,nectar,flower nectar,,Food,C - documented broad bird group,Audubon ZIP 78666 / Hays context,0.27,Central Texas Bird Audubon interactions,National Audubon Society,https://www.audubon.org/native-plants
PLT0261,,Jays,Birds,broad_guild,,,Bird direct food,nectar,flower nectar,,Food,C - documented broad bird group,Audubon ZIP 78666 / Hays context,0.27,Central Texas Bird Audubon interactions,National Audubon Society,https://www.audubon.org/native-plants
PLT0261,,Finches,Birds,broad_guild,,,Bird direct food,fruit,fruit,,Food,C - documented broad bird group,Audubon ZIP 78666 / Hays context,0.27,Central Texas Bird Audubon interactions,National Audubon Society,https://www.audubon.org/native-plants
PLT0261,,Crows,Birds,broad_guild,,,Bird direct food,nectar,flower nectar,,Food,C - documented broad bird group,Audubon ZIP 78666 / Hays context,0.27,Central Texas Bird Audubon interactions,National Audubon Society,https://www.audubon.org/native-plants
PLT0261,,Mockingbirds,Birds,broad_guild,,,Bird direct food,nectar,flower nectar,,Food,C - documented broad bird group,Audubon ZIP 78666 / Hays context,0.27,Central Texas Bird Audubon interactions,National Audubon Society,https://www.audubon.org/native-plants
PLT0261,,Wood Warblers,Birds,broad_guild,,,Bird direct food,fruit,fruit,,Food,C - documented broad bird group,Audubon ZIP 78666 / Hays context,0.27,Central Texas Bird Audubon interactions,National Audubon Society,https://www.audubon.org/native-plants
PLT0261,,Waxwings,Birds,broad_guild,,,Bird direct food,nectar,flower nectar,,Food,C - documented broad bird group,Audubon ZIP 78666 / Hays context,0.27,Central Texas Bird Audubon interactions,National Audubon Society,https://www.audubon.org/native-plants
PLT0261,,Mockingbirds,Birds,broad_guild,,,Bird direct food,seed/grain,seed/grain,,Food,C - documented broad bird group,Audubon ZIP 78666 / Hays context,0.27,Central Texas Bird Audubon interactions,National Audubon Society,https://www.audubon.org/native-plants
PLT0261,,Waxwings,Birds,broad_guild,,,Bird direct food,seed/grain,seed/grain,,Food,C - documented broad bird group,Audubon ZIP 78666 / Hays context,0.27,Central Texas Bird Audubon interactions,National Audubon Society,https://www.audubon.org/native-plants
PLT0261,,Waxwings,Birds,broad_guild,,,Bird direct food,fruit,fruit,,Food,C - documented broad bird group,Audubon ZIP 78666 / Hays context,0.27,Central Texas Bird Audubon interactions,National Audubon Society,https://www.audubon.org/native-plants
PLT0261,,Vireos,Birds,broad_guild,,,Bird direct food,fruit,fruit,,Food,C - documented broad bird group,Audubon ZIP 78666 / Hays context,0.27,Central Texas Bird Audubon interactions,National Audubon Society,https://www.audubon.org/native-plants
PLT0261,,Titmice,Birds,broad_guild,,,Bird direct food,nectar,flower nectar,,Food,C - documented broad bird group,Audubon ZIP 78666 / Hays context,0.27,Central Texas Bird Audubon interactions,National Audubon Society,https://www.audubon.org/native-plants
PLT0261,,Cardinals,Birds,broad_guild,,,Bird direct food,nectar,flower nectar,,Food,C - documented broad bird group,Audubon ZIP 78666 / Hays context,0.27,Central Texas Bird Audubon interactions,National Audubon Society,https://www.audubon.org/native-plants
PLT0261,,Cardinals,Birds,broad_guild,,,Bird direct food,seed/grain,seed/grain,,Food,C - documented broad bird group,Audubon ZIP 78666 / Hays context,0.27,Central Texas Bird Audubon interactions,National Audubon Society,https://www.audubon.org/native-plants
PLT0261,,Hummingbirds,Birds,broad_guild,,,Bird direct food,fruit,fruit,,Food,C - documented broad bird group,Audubon ZIP 78666 / Hays context,0.27,Central Texas Bird Audubon interactions,National Audubon Society,https://www.audubon.org/native-plants
PLT0261,,Crows,Birds,broad_guild,,,Bird direct food,seed/grain,seed/grain,,Food,C - documented broad bird group,Audubon ZIP 78666 / Hays context,0.27,Central Texas Bird Audubon interactions,National Audubon Society,https://www.audubon.org/native-plants
PLT0261,,Cardinals,Birds,broad_guild,,,Bird direct food,fruit,fruit,,Food,C - documented broad bird group,Audubon ZIP 78666 / Hays context,0.27,Central Texas Bird Audubon interactions,National Audubon Society,https://www.audubon.org/native-plants
PLT0261,,Thrashers,Birds,broad_guild,,,Bird direct food,nectar,flower nectar,,Food,C - documented broad bird group,Audubon ZIP 78666 / Hays context,0.27,Central Texas Bird Audubon interactions,National Audubon Society,https://www.audubon.org/native-plants
PLT0261,,Thrashers,Birds,broad_guild,,,Bird direct food,seed/grain,seed/grain,,Food,C - documented broad bird group,Audubon ZIP 78666 / Hays context,0.27,Central Texas Bird Audubon interactions,National Audubon Society,https://www.audubon.org/native-plants
PLT0261,,Thrashers,Birds,broad_guild,,,Bird direct food,fruit,fruit,,Food,C - documented broad bird group,Audubon ZIP 78666 / Hays context,0.27,Central Texas Bird Audubon interactions,National Audubon Society,https://www.audubon.org/native-plants
PLT0261,,Grosbeaks,Birds,broad_guild,,,Bird direct food,seed/grain,seed/grain,,Food,C - documented broad bird group,Audubon ZIP 78666 / Hays context,0.27,Central Texas Bird Audubon interactions,National Audubon Society,https://www.audubon.org/native-plants
PLT0265,,Jays,Birds,broad_guild,,,Bird direct food,fruit,fruit,,Food,C - documented broad bird group,Audubon ZIP 78666 / Hays context,0.27,Central Texas Bird Audubon interactions,National Audubon Society,https://www.audubon.org/native-plants
PLT0265,,Jays,Birds,broad_guild,,,Bird direct food,seed/grain,seed/grain,,Food,C - documented broad bird group,Audubon ZIP 78666 / Hays context,0.27,Central Texas Bird Audubon interactions,National Audubon Society,https://www.audubon.org/native-plants
PLT0265,,Crows,Birds,broad_guild,,,Bird direct food,nectar,flower nectar,,Food,C - documented broad bird group,Audubon ZIP 78666 / Hays context,0.27,Central Texas Bird Audubon interactions,National Audubon Society,https://www.audubon.org/native-plants
PLT0265,,Finches,Birds,broad_guild,,,Bird direct food,fruit,fruit,,Food,C - documented broad bird group,Audubon ZIP 78666 / Hays context,0.27,Central Texas Bird Audubon interactions,National Audubon Society,https://www.audubon.org/native-plants
PLT0265,,Finches,Birds,broad_guild,,,Bird direct food,seed/grain,seed/grain,,Food,C - documented broad bird group,Audubon ZIP 78666 / Hays context,0.27,Central Texas Bird Audubon interactions,National Audubon Society,https://www.audubon.org/native-plants
PLT0265,,Finches,Birds,broad_guild,,,Bird direct food,nectar,flower nectar,,Food,C - documented broad bird group,Audubon ZIP 78666 / Hays context,0.27,Central Texas Bird Audubon interactions,National Audubon Society,https://www.audubon.org/native-plants
PLT0265,,Grosbeaks,Birds,broad_guild,,,Bird direct food,fruit,fruit,,Food,C - documented broad bird group,Audubon ZIP 78666 / Hays context,0.27,Central Texas Bird Audubon interactions,National Audubon Society,https://www.audubon.org/native-plants
PLT0265,,Titmice,Birds,broad_guild,,,Bird direct food,fruit,fruit,,Food,C - documented broad bird group,Audubon ZIP 78666 / Hays context,0.27,Central Texas Bird Audubon interactions,National Audubon Society,https://www.audubon.org/native-plants
PLT0265,,Buntings,Birds,broad_guild,,,Bird direct food,nectar,flower nectar,,Food,C - documented broad bird group,Audubon ZIP 78666 / Hays context,0.27,Central Texas Bird Audubon interactions,National Audubon Society,https://www.audubon.org/native-plants
PLT0265,,Cardinals,Birds,broad_guild,,,Bird direct food,seed/grain,seed/grain,,Food,C - documented broad bird group,Audubon ZIP 78666 / Hays context,0.27,Central Texas Bird Audubon interactions,National Audubon Society,https://www.audubon.org/native-plants
PLT0265,,Titmice,Birds,broad_guild,,,Bird direct food,nectar,flower nectar,,Food,C - documented broad bird group,Audubon ZIP 78666 / Hays context,0.27,Central Texas Bird Audubon interactions,National Audubon Society,https://www.audubon.org/native-plants
PLT0265,,Vireos,Birds,broad_guild,,,Bird direct food,fruit,fruit,,Food,C - documented broad bird group,Audubon ZIP 78666 / Hays context,0.27,Central Texas Bird Audubon interactions,National Audubon Society,https://www.audubon.org/native-plants
PLT0265,,Vireos,Birds,broad_guild,,,Bird direct food,seed/grain,seed/grain,,Food,C - documented broad bird group,Audubon ZIP 78666 / Hays context,0.27,Central Texas Bird Audubon interactions,National Audubon Society,https://www.audubon.org/native-plants
PLT0265,,Vireos,Birds,broad_guild,,,Bird direct food,nectar,flower nectar,,Food,C - documented broad bird group,Audubon ZIP 78666 / Hays context,0.27,Central Texas Bird Audubon interactions,National Audubon Society,https://www.audubon.org/native-plants
PLT0265,,Hummingbirds,Birds,broad_guild,,,Bird direct food,seed/grain,seed/grain,,Food,C - documented broad bird group,Audubon ZIP 78666 / Hays context,0.27,Central Texas Bird Audubon interactions,National Audubon Society,https://www.audubon.org/native-plants
PLT0265,,Jays,Birds,broad_guild,,,Bird direct food,nectar,flower nectar,,Food,C - documented broad bird group,Audubon ZIP 78666 / Hays context,0.27,Central Texas Bird Audubon interactions,National Audubon Society,https://www.audubon.org/native-plants
PLT0265,,Sparrows,Birds,broad_guild,,,Bird direct food,nectar,flower nectar,,Food,C - documented broad bird group,Audubon ZIP 78666 / Hays context,0.27,Central Texas Bird Audubon interactions,National Audubon Society,https://www.audubon.org/native-plants
PLT0265,,Mockingbirds,Birds,broad_guild,,,Bird direct food,fruit,fruit,,Food,C - documented broad bird group,Audubon ZIP 78666 / Hays context,0.27,Central Texas Bird Audubon interactions,National Audubon Society,https://www.audubon.org/native-plants
PLT0265,,Nuthatches,Birds,broad_guild,,,Bird direct food,fruit,fruit,,Food,C - documented broad bird group,Audubon ZIP 78666 / Hays context,0.27,Central Texas Bird Audubon interactions,National Audubon Society,https://www.audubon.org/native-plants
PLT0265,,Wrens,Birds,broad_guild,,,Bird direct food,seed/grain,seed/grain,,Food,C - documented broad bird group,Audubon ZIP 78666 / Hays context,0.27,Central Texas Bird Audubon interactions,National Audubon Society,https://www.audubon.org/native-plants
PLT0265,,Thrashers,Birds,broad_guild,,,Bird direct food,seed/grain,seed/grain,,Food,C - documented broad bird group,Audubon ZIP 78666 / Hays context,0.27,Central Texas Bird Audubon interactions,National Audubon Society,https://www.audubon.org/native-plants
PLT0265,,Thrashers,Birds,broad_guild,,,Bird direct food,nectar,flower nectar,,Food,C - documented broad bird group,Audubon ZIP 78666 / Hays context,0.27,Central Texas Bird Audubon interactions,National Audubon Society,https://www.audubon.org/native-plants
PLT0265,,Thrushes,Birds,broad_guild,,,Bird direct food,fruit,fruit,,Food,C - documented broad bird group,Audubon ZIP 78666 / Hays context,0.27,Central Texas Bird Audubon interactions,National Audubon Society,https://www.audubon.org/native-plants
PLT0265,,Thrushes,Birds,broad_guild,,,Bird direct food,seed/grain,seed/grain,,Food,C - documented broad bird group,Audubon ZIP 78666 / Hays context,0.27,Central Texas Bird Audubon interactions,National Audubon Society,https://www.audubon.org/native-plants
PLT0265,,Mockingbirds,Birds,broad_guild,,,Bird direct food,seed/grain,seed/grain,,Food,C - documented broad bird group,Audubon ZIP 78666 / Hays context,0.27,Central Texas Bird Audubon interactions,National Audubon Society,https://www.audubon.org/native-plants
PLT0265,,Mockingbirds,Birds,broad_guild,,,Bird direct food,nectar,flower nectar,,Food,C - documented broad bird group,Audubon ZIP 78666 / Hays context,0.27,Central Texas Bird Audubon interactions,National Audubon Society,https://www.audubon.org/native-plants
PLT0265,,Nuthatches,Birds,broad_guild,,,Bird direct food,seed/grain,seed/grain,,Food,C - documented broad bird group,Audubon ZIP 78666 / Hays context,0.27,Central Texas Bird Audubon interactions,National Audubon Society,https://www.audubon.org/native-plants
PLT0265,,Wood Warblers,Birds,broad_guild,,,Bird direct food,seed/grain,seed/grain,,Food,C - documented broad bird group,Audubon ZIP 78666 / Hays context,0.27,Central Texas Bird Audubon interactions,National Audubon Society,https://www.audubon.org/native-plants
PLT0265,,Thrushes,Birds,broad_guild,,,Bird direct food,nectar,flower nectar,,Food,C - documented broad bird group,Audubon ZIP 78666 / Hays context,0.27,Central Texas Bird Audubon interactions,National Audubon Society,https://www.audubon.org/native-plants
PLT0265,,Sparrows,Birds,broad_guild,,,Bird direct food,fruit,fruit,,Food,C - documented broad bird group,Audubon ZIP 78666 / Hays context,0.27,Central Texas Bird Audubon interactions,National Audubon Society,https://www.audubon.org/native-plants
PLT0265,,Sparrows,Birds,broad_guild,,,Bird direct food,seed/grain,seed/grain,,Food,C - documented broad bird group,Audubon ZIP 78666 / Hays context,0.27,Central Texas Bird Audubon interactions,National Audubon Society,https://www.audubon.org/native-plants
PLT0265,,Cardinals,Birds,broad_guild,,,Bird direct food,nectar,flower nectar,,Food,C - documented broad bird group,Audubon ZIP 78666 / Hays context,0.27,Central Texas Bird Audubon interactions,National Audubon Society,https://www.audubon.org/native-plants
PLT0265,,Chickadees,Birds,broad_guild,,,Bird direct food,fruit,fruit,,Food,C - documented broad bird group,Audubon ZIP 78666 / Hays context,0.27,Central Texas Bird Audubon interactions,National Audubon Society,https://www.audubon.org/native-plants
PLT0265,,Chickadees,Birds,broad_guild,,,Bird direct food,seed/grain,seed/grain,,Food,C - documented broad bird group,Audubon ZIP 78666 / Hays context,0.27,Central Texas Bird Audubon interactions,National Audubon Society,https://www.audubon.org/native-plants
PLT0265,,Nuthatches,Birds,broad_guild,,,Bird direct food,nectar,flower nectar,,Food,C - documented broad bird group,Audubon ZIP 78666 / Hays context,0.27,Central Texas Bird Audubon interactions,National Audubon Society,https://www.audubon.org/native-plants
PLT0265,,Warblers,Birds,broad_guild,,,Bird direct food,nectar,flower nectar,,Food,C - documented broad bird group,Audubon ZIP 78666 / Hays context,0.27,Central Texas Bird Audubon interactions,National Audubon Society,https://www.audubon.org/native-plants
PLT0265,,Crows,Birds,broad_guild,,,Bird direct food,seed/grain,seed/grain,,Food,C - documented broad bird group,Audubon ZIP 78666 / Hays context,0.27,Central Texas Bird Audubon interactions,National Audubon Society,https://www.audubon.org/native-plants
PLT0265,,Waxwings,Birds,broad_guild,,,Bird direct food,seed/grain,seed/grain,,Food,C - documented broad bird group,Audubon ZIP 78666 / Hays context,0.27,Central Texas Bird Audubon interactions,National Audubon Society,https://www.audubon.org/native-plants
PLT0265,,Chickadees,Birds,broad_guild,,,Bird direct food,nectar,flower nectar,,Food,C - documented broad bird group,Audubon ZIP 78666 / Hays context,0.27,Central Texas Bird Audubon interactions,National Audubon Society,https://www.audubon.org/native-plants
PLT0265,,Crows,Birds,broad_guild,,,Bird direct food,fruit,fruit,,Food,C - documented broad bird group,Audubon ZIP 78666 / Hays context,0.27,Central Texas Bird Audubon interactions,National Audubon Society,https://www.audubon.org/native-plants
PLT0265,,Warblers,Birds,broad_guild,,,Bird direct food,fruit,fruit,,Food,C - documented broad bird group,Audubon ZIP 78666 / Hays context,0.27,Central Texas Bird Audubon interactions,National Audubon Society,https://www.audubon.org/native-plants
PLT0265,,Orioles,Birds,broad_guild,,,Bird direct food,nectar,flower nectar,,Food,C - documented broad bird group,Audubon ZIP 78666 / Hays context,0.27,Central Texas Bird Audubon interactions,National Audubon Society,https://www.audubon.org/native-plants
PLT0265,,Titmice,Birds,broad_guild,,,Bird direct food,seed/grain,seed/grain,,Food,C - documented broad bird group,Audubon ZIP 78666 / Hays context,0.27,Central Texas Bird Audubon interactions,National Audubon Society,https://www.audubon.org/native-plants
PLT0265,,Grosbeaks,Birds,broad_guild,,,Bird direct food,seed/grain,seed/grain,,Food,C - documented broad bird group,Audubon ZIP 78666 / Hays context,0.27,Central Texas Bird Audubon interactions,National Audubon Society,https://www.audubon.org/native-plants
PLT0265,,Grosbeaks,Birds,broad_guild,,,Bird direct food,nectar,flower nectar,,Food,C - documented broad bird group,Audubon ZIP 78666 / Hays context,0.27,Central Texas Bird Audubon interactions,National Audubon Society,https://www.audubon.org/native-plants
PLT0265,,Hummingbirds,Birds,broad_guild,,,Bird direct food,fruit,fruit,,Food,C - documented broad bird group,Audubon ZIP 78666 / Hays context,0.27,Central Texas Bird Audubon interactions,National Audubon Society,https://www.audubon.org/native-plants
PLT0265,,Orioles,Birds,broad_guild,,,Bird direct food,fruit,fruit,,Food,C - documented broad bird group,Audubon ZIP 78666 / Hays context,0.27,Central Texas Bird Audubon interactions,National Audubon Society,https://www.audubon.org/native-plants
PLT0265,,Orioles,Birds,broad_guild,,,Bird direct food,seed/grain,seed/grain,,Food,C - documented broad bird group,Audubon ZIP 78666 / Hays context,0.27,Central Texas Bird Audubon interactions,National Audubon Society,https://www.audubon.org/native-plants
PLT0265,,Hummingbirds,Birds,broad_guild,,,Bird direct food,nectar,flower nectar,,Food,C - documented broad bird group,Audubon ZIP 78666 / Hays context,0.27,Central Texas Bird Audubon interactions,National Audubon Society,https://www.audubon.org/native-plants
PLT0265,,Warblers,Birds,broad_guild,,,Bird direct food,seed/grain,seed/grain,,Food,C - documented broad bird group,Audubon ZIP 78666 / Hays context,0.27,Central Texas Bird Audubon interactions,National Audubon Society,https://www.audubon.org/native-plants
PLT0265,,Buntings,Birds,broad_guild,,,Bird direct food,seed/grain,seed/grain,,Food,C - documented broad bird group,Audubon ZIP 78666 / Hays context,0.27,Central Texas Bird Audubon interactions,National Audubon Society,https://www.audubon.org/native-plants
PLT0265,,Waxwings,Birds,broad_guild,,,Bird direct food,fruit,fruit,,Food,C - documented broad bird group,Audubon ZIP 78666 / Hays context,0.27,Central Texas Bird Audubon interactions,National Audubon Society,https://www.audubon.org/native-plants
PLT0265,,Thrashers,Birds,broad_guild,,,Bird direct food,fruit,fruit,,Food,C - documented broad bird group,Audubon ZIP 78666 / Hays context,0.27,Central Texas Bird Audubon interactions,National Audubon Society,https://www.audubon.org/native-plants
PLT0265,,Waxwings,Birds,broad_guild,,,Bird direct food,nectar,flower nectar,,Food,C - documented broad bird group,Audubon ZIP 78666 / Hays context,0.27,Central Texas Bird Audubon interactions,National Audubon Society,https://www.audubon.org/native-plants
PLT0265,,Wood Warblers,Birds,broad_guild,,,Bird direct food,fruit,fruit,,Food,C - documented broad bird group,Audubon ZIP 78666 / Hays context,0.27,Central Texas Bird Audubon interactions,National Audubon Society,https://www.audubon.org/native-plants
PLT0265,,Buntings,Birds,broad_guild,,,Bird direct food,fruit,fruit,,Food,C - documented broad bird group,Audubon ZIP 78666 / Hays context,0.27,Central Texas Bird Audubon interactions,National Audubon Society,https://www.audubon.org/native-plants
PLT0265,,Cardinals,Birds,broad_guild,,,Bird direct food,fruit,fruit,,Food,C - documented broad bird group,Audubon ZIP 78666 / Hays context,0.27,Central Texas Bird Audubon interactions,National Audubon Society,https://www.audubon.org/native-plants
PLT0265,,Wrens,Birds,broad_guild,,,Bird direct food,nectar,flower nectar,,Food,C - documented broad bird group,Audubon ZIP 78666 / Hays context,0.27,Central Texas Bird Audubon interactions,National Audubon Society,https://www.audubon.org/native-plants
PLT0265,,Wood Warblers,Birds,broad_guild,,,Bird direct food,nectar,flower nectar,,Food,C - documented broad bird group,Audubon ZIP 78666 / Hays context,0.27,Central Texas Bird Audubon interactions,National Audubon Society,https://www.audubon.org/native-plants
PLT0265,,Woodpeckers,Birds,broad_guild,,,Bird direct food,fruit,fruit,,Food,C - documented broad bird group,Audubon ZIP 78666 / Hays context,0.27,Central Texas Bird Audubon interactions,National Audubon Society,https://www.audubon.org/native-plants
PLT0265,,Woodpeckers,Birds,broad_guild,,,Bird direct food,seed/grain,seed/grain,,Food,C - documented broad bird group,Audubon ZIP 78666 / Hays context,0.27,Central Texas Bird Audubon interactions,National Audubon Society,https://www.audubon.org/native-plants
PLT0265,,Woodpeckers,Birds,broad_guild,,,Bird direct food,nectar,flower nectar,,Food,C - documented broad bird group,Audubon ZIP 78666 / Hays context,0.27,Central Texas Bird Audubon interactions,National Audubon Society,https://www.audubon.org/native-plants
PLT0265,,Wrens,Birds,broad_guild,,,Bird direct food,fruit,fruit,,Food,C - documented broad bird group,Audubon ZIP 78666 / Hays context,0.27,Central Texas Bird Audubon interactions,National Audubon Society,https://www.audubon.org/native-plants
PLT0267,,Orioles,Birds,broad_guild,,,Bird direct food,seed/grain,seed/grain,,Food,C - documented broad bird group,Audubon ZIP 78666 / Hays context,0.27,Central Texas Bird Audubon interactions,National Audubon Society,https://www.audubon.org/native-plants
PLT0267,,Sparrows,Birds,broad_guild,,,Bird direct food,fruit,fruit,,Food,C - documented broad bird group,Audubon ZIP 78666 / Hays context,0.27,Central Texas Bird Audubon interactions,National Audubon Society,https://www.audubon.org/native-plants
PLT0267,,Jays,Birds,broad_guild,,,Bird direct food,nectar,flower nectar,,Food,C - documented broad bird group,Audubon ZIP 78666 / Hays context,0.27,Central Texas Bird Audubon interactions,National Audubon Society,https://www.audubon.org/native-plants
PLT0267,,Chickadees,Birds,broad_guild,,,Bird direct food,fruit,fruit,,Food,C - documented broad bird group,Audubon ZIP 78666 / Hays context,0.27,Central Texas Bird Audubon interactions,National Audubon Society,https://www.audubon.org/native-plants
PLT0267,,Chickadees,Birds,broad_guild,,,Bird direct food,seed/grain,seed/grain,,Food,C - documented broad bird group,Audubon ZIP 78666 / Hays context,0.27,Central Texas Bird Audubon interactions,National Audubon Society,https://www.audubon.org/native-plants
PLT0267,,Mockingbirds,Birds,broad_guild,,,Bird direct food,nectar,flower nectar,,Food,C - documented broad bird group,Audubon ZIP 78666 / Hays context,0.27,Central Texas Bird Audubon interactions,National Audubon Society,https://www.audubon.org/native-plants
PLT0267,,Nuthatches,Birds,broad_guild,,,Bird direct food,fruit,fruit,,Food,C - documented broad bird group,Audubon ZIP 78666 / Hays context,0.27,Central Texas Bird Audubon interactions,National Audubon Society,https://www.audubon.org/native-plants
PLT0267,,Nuthatches,Birds,broad_guild,,,Bird direct food,seed/grain,seed/grain,,Food,C - documented broad bird group,Audubon ZIP 78666 / Hays context,0.27,Central Texas Bird Audubon interactions,National Audubon Society,https://www.audubon.org/native-plants
PLT0267,,Wood Warblers,Birds,broad_guild,,,Bird direct food,seed/grain,seed/grain,,Food,C - documented broad bird group,Audubon ZIP 78666 / Hays context,0.27,Central Texas Bird Audubon interactions,National Audubon Society,https://www.audubon.org/native-plants
PLT0267,,Woodpeckers,Birds,broad_guild,,,Bird direct food,seed/grain,seed/grain,,Food,C - documented broad bird group,Audubon ZIP 78666 / Hays context,0.27,Central Texas Bird Audubon interactions,National Audubon Society,https://www.audubon.org/native-plants
PLT0267,,Woodpeckers,Birds,broad_guild,,,Bird direct food,nectar,flower nectar,,Food,C - documented broad bird group,Audubon ZIP 78666 / Hays context,0.27,Central Texas Bird Audubon interactions,National Audubon Society,https://www.audubon.org/native-plants
PLT0267,,Wrens,Birds,broad_guild,,,Bird direct food,nectar,flower nectar,,Food,C - documented broad bird group,Audubon ZIP 78666 / Hays context,0.27,Central Texas Bird Audubon interactions,National Audubon Society,https://www.audubon.org/native-plants
PLT0267,,Nuthatches,Birds,broad_guild,,,Bird direct food,nectar,flower nectar,,Food,C - documented broad bird group,Audubon ZIP 78666 / Hays context,0.27,Central Texas Bird Audubon interactions,National Audubon Society,https://www.audubon.org/native-plants
PLT0267,,Orioles,Birds,broad_guild,,,Bird direct food,fruit,fruit,,Food,C - documented broad bird group,Audubon ZIP 78666 / Hays context,0.27,Central Texas Bird Audubon interactions,National Audubon Society,https://www.audubon.org/native-plants
PLT0267,,Woodpeckers,Birds,broad_guild,,,Bird direct food,fruit,fruit,,Food,C - documented broad bird group,Audubon ZIP 78666 / Hays context,0.27,Central Texas Bird Audubon interactions,National Audubon Society,https://www.audubon.org/native-plants
PLT0267,,Orioles,Birds,broad_guild,,,Bird direct food,nectar,flower nectar,,Food,C - documented broad bird group,Audubon ZIP 78666 / Hays context,0.27,Central Texas Bird Audubon interactions,National Audubon Society,https://www.audubon.org/native-plants
PLT0267,,Mockingbirds,Birds,broad_guild,,,Bird direct food,seed/grain,seed/grain,,Food,C - documented broad bird group,Audubon ZIP 78666 / Hays context,0.27,Central Texas Bird Audubon interactions,National Audubon Society,https://www.audubon.org/native-plants
PLT0267,,Cardinals,Birds,broad_guild,,,Bird direct food,seed/grain,seed/grain,,Food,C - documented broad bird group,Audubon ZIP 78666 / Hays context,0.27,Central Texas Bird Audubon interactions,National Audubon Society,https://www.audubon.org/native-plants
PLT0267,,Wood Warblers,Birds,broad_guild,,,Bird direct food,nectar,flower nectar,,Food,C - documented broad bird group,Audubon ZIP 78666 / Hays context,0.27,Central Texas Bird Audubon interactions,National Audubon Society,https://www.audubon.org/native-plants
PLT0267,,Wrens,Birds,broad_guild,,,Bird direct food,fruit,fruit,,Food,C - documented broad bird group,Audubon ZIP 78666 / Hays context,0.27,Central Texas Bird Audubon interactions,National Audubon Society,https://www.audubon.org/native-plants
PLT0267,,Wrens,Birds,broad_guild,,,Bird direct food,seed/grain,seed/grain,,Food,C - documented broad bird group,Audubon ZIP 78666 / Hays context,0.27,Central Texas Bird Audubon interactions,National Audubon Society,https://www.audubon.org/native-plants
PLT0267,,Finches,Birds,broad_guild,,,Bird direct food,fruit,fruit,,Food,C - documented broad bird group,Audubon ZIP 78666 / Hays context,0.27,Central Texas Bird Audubon interactions,National Audubon Society,https://www.audubon.org/native-plants
PLT0267,,Finches,Birds,broad_guild,,,Bird direct food,nectar,flower nectar,,Food,C - documented broad bird group,Audubon ZIP 78666 / Hays context,0.27,Central Texas Bird Audubon interactions,National Audubon Society,https://www.audubon.org/native-plants
PLT0267,,Grosbeaks,Birds,broad_guild,,,Bird direct food,seed/grain,seed/grain,,Food,C - documented broad bird group,Audubon ZIP 78666 / Hays context,0.27,Central Texas Bird Audubon interactions,National Audubon Society,https://www.audubon.org/native-plants
PLT0267,,Grosbeaks,Birds,broad_guild,,,Bird direct food,nectar,flower nectar,,Food,C - documented broad bird group,Audubon ZIP 78666 / Hays context,0.27,Central Texas Bird Audubon interactions,National Audubon Society,https://www.audubon.org/native-plants
PLT0267,,Hummingbirds,Birds,broad_guild,,,Bird direct food,fruit,fruit,,Food,C - documented broad bird group,Audubon ZIP 78666 / Hays context,0.27,Central Texas Bird Audubon interactions,National Audubon Society,https://www.audubon.org/native-plants
PLT0267,,Hummingbirds,Birds,broad_guild,,,Bird direct food,seed/grain,seed/grain,,Food,C - documented broad bird group,Audubon ZIP 78666 / Hays context,0.27,Central Texas Bird Audubon interactions,National Audubon Society,https://www.audubon.org/native-plants
PLT0267,,Hummingbirds,Birds,broad_guild,,,Bird direct food,nectar,flower nectar,,Food,C - documented broad bird group,Audubon ZIP 78666 / Hays context,0.27,Central Texas Bird Audubon interactions,National Audubon Society,https://www.audubon.org/native-plants
PLT0267,,Jays,Birds,broad_guild,,,Bird direct food,seed/grain,seed/grain,,Food,C - documented broad bird group,Audubon ZIP 78666 / Hays context,0.27,Central Texas Bird Audubon interactions,National Audubon Society,https://www.audubon.org/native-plants
PLT0267,,Vireos,Birds,broad_guild,,,Bird direct food,seed/grain,seed/grain,,Food,C - documented broad bird group,Audubon ZIP 78666 / Hays context,0.27,Central Texas Bird Audubon interactions,National Audubon Society,https://www.audubon.org/native-plants
PLT0267,,Vireos,Birds,broad_guild,,,Bird direct food,nectar,flower nectar,,Food,C - documented broad bird group,Audubon ZIP 78666 / Hays context,0.27,Central Texas Bird Audubon interactions,National Audubon Society,https://www.audubon.org/native-plants
PLT0267,,Warblers,Birds,broad_guild,,,Bird direct food,seed/grain,seed/grain,,Food,C - documented broad bird group,Audubon ZIP 78666 / Hays context,0.27,Central Texas Bird Audubon interactions,National Audubon Society,https://www.audubon.org/native-plants
PLT0267,,Sparrows,Birds,broad_guild,,,Bird direct food,seed/grain,seed/grain,,Food,C - documented broad bird group,Audubon ZIP 78666 / Hays context,0.27,Central Texas Bird Audubon interactions,National Audubon Society,https://www.audubon.org/native-plants
PLT0267,,Sparrows,Birds,broad_guild,,,Bird direct food,nectar,flower nectar,,Food,C - documented broad bird group,Audubon ZIP 78666 / Hays context,0.27,Central Texas Bird Audubon interactions,National Audubon Society,https://www.audubon.org/native-plants
PLT0267,,Grosbeaks,Birds,broad_guild,,,Bird direct food,fruit,fruit,,Food,C - documented broad bird group,Audubon ZIP 78666 / Hays context,0.27,Central Texas Bird Audubon interactions,National Audubon Society,https://www.audubon.org/native-plants
PLT0267,,Titmice,Birds,broad_guild,,,Bird direct food,nectar,flower nectar,,Food,C - documented broad bird group,Audubon ZIP 78666 / Hays context,0.27,Central Texas Bird Audubon interactions,National Audubon Society,https://www.audubon.org/native-plants
PLT0267,,Vireos,Birds,broad_guild,,,Bird direct food,fruit,fruit,,Food,C - documented broad bird group,Audubon ZIP 78666 / Hays context,0.27,Central Texas Bird Audubon interactions,National Audubon Society,https://www.audubon.org/native-plants
PLT0267,,Buntings,Birds,broad_guild,,,Bird direct food,fruit,fruit,,Food,C - documented broad bird group,Audubon ZIP 78666 / Hays context,0.27,Central Texas Bird Audubon interactions,National Audubon Society,https://www.audubon.org/native-plants
PLT0267,,Buntings,Birds,broad_guild,,,Bird direct food,seed/grain,seed/grain,,Food,C - documented broad bird group,Audubon ZIP 78666 / Hays context,0.27,Central Texas Bird Audubon interactions,National Audubon Society,https://www.audubon.org/native-plants
PLT0267,,Buntings,Birds,broad_guild,,,Bird direct food,nectar,flower nectar,,Food,C - documented broad bird group,Audubon ZIP 78666 / Hays context,0.27,Central Texas Bird Audubon interactions,National Audubon Society,https://www.audubon.org/native-plants
PLT0267,,Cardinals,Birds,broad_guild,,,Bird direct food,fruit,fruit,,Food,C - documented broad bird group,Audubon ZIP 78666 / Hays context,0.27,Central Texas Bird Audubon interactions,National Audubon Society,https://www.audubon.org/native-plants
PLT0267,,Warblers,Birds,broad_guild,,,Bird direct food,fruit,fruit,,Food,C - documented broad bird group,Audubon ZIP 78666 / Hays context,0.27,Central Texas Bird Audubon interactions,National Audubon Society,https://www.audubon.org/native-plants
PLT0267,,Jays,Birds,broad_guild,,,Bird direct food,fruit,fruit,,Food,C - documented broad bird group,Audubon ZIP 78666 / Hays context,0.27,Central Texas Bird Audubon interactions,National Audubon Society,https://www.audubon.org/native-plants
PLT0267,,Titmice,Birds,broad_guild,,,Bird direct food,seed/grain,seed/grain,,Food,C - documented broad bird group,Audubon ZIP 78666 / Hays context,0.27,Central Texas Bird Audubon interactions,National Audubon Society,https://www.audubon.org/native-plants
PLT0267,,Warblers,Birds,broad_guild,,,Bird direct food,nectar,flower nectar,,Food,C - documented broad bird group,Audubon ZIP 78666 / Hays context,0.27,Central Texas Bird Audubon interactions,National Audubon Society,https://www.audubon.org/native-plants
PLT0267,,Waxwings,Birds,broad_guild,,,Bird direct food,fruit,fruit,,Food,C - documented broad bird group,Audubon ZIP 78666 / Hays context,0.27,Central Texas Bird Audubon interactions,National Audubon Society,https://www.audubon.org/native-plants
PLT0267,,Thrashers,Birds,broad_guild,,,Bird direct food,fruit,fruit,,Food,C - documented broad bird group,Audubon ZIP 78666 / Hays context,0.27,Central Texas Bird Audubon interactions,National Audubon Society,https://www.audubon.org/native-plants
PLT0267,,Crows,Birds,broad_guild,,,Bird direct food,seed/grain,seed/grain,,Food,C - documented broad bird group,Audubon ZIP 78666 / Hays context,0.27,Central Texas Bird Audubon interactions,National Audubon Society,https://www.audubon.org/native-plants
PLT0267,,Crows,Birds,broad_guild,,,Bird direct food,nectar,flower nectar,,Food,C - documented broad bird group,Audubon ZIP 78666 / Hays context,0.27,Central Texas Bird Audubon interactions,National Audubon Society,https://www.audubon.org/native-plants
PLT0267,,Finches,Birds,broad_guild,,,Bird direct food,seed/grain,seed/grain,,Food,C - documented broad bird group,Audubon ZIP 78666 / Hays context,0.27,Central Texas Bird Audubon interactions,National Audubon Society,https://www.audubon.org/native-plants
PLT0267,,Thrushes,Birds,broad_guild,,,Bird direct food,fruit,fruit,,Food,C - documented broad bird group,Audubon ZIP 78666 / Hays context,0.27,Central Texas Bird Audubon interactions,National Audubon Society,https://www.audubon.org/native-plants
PLT0267,,Chickadees,Birds,broad_guild,,,Bird direct food,nectar,flower nectar,,Food,C - documented broad bird group,Audubon ZIP 78666 / Hays context,0.27,Central Texas Bird Audubon interactions,National Audubon Society,https://www.audubon.org/native-plants
PLT0267,,Crows,Birds,broad_guild,,,Bird direct food,fruit,fruit,,Food,C - documented broad bird group,Audubon ZIP 78666 / Hays context,0.27,Central Texas Bird Audubon interactions,National Audubon Society,https://www.audubon.org/native-plants
PLT0267,,Thrashers,Birds,broad_guild,,,Bird direct food,seed/grain,seed/grain,,Food,C - documented broad bird group,Audubon ZIP 78666 / Hays context,0.27,Central Texas Bird Audubon interactions,National Audubon Society,https://www.audubon.org/native-plants
PLT0267,,Thrashers,Birds,broad_guild,,,Bird direct food,nectar,flower nectar,,Food,C - documented broad bird group,Audubon ZIP 78666 / Hays context,0.27,Central Texas Bird Audubon interactions,National Audubon Society,https://www.audubon.org/native-plants
PLT0267,,Mockingbirds,Birds,broad_guild,,,Bird direct food,fruit,fruit,,Food,C - documented broad bird group,Audubon ZIP 78666 / Hays context,0.27,Central Texas Bird Audubon interactions,National Audubon Society,https://www.audubon.org/native-plants
PLT0267,,Thrushes,Birds,broad_guild,,,Bird direct food,nectar,flower nectar,,Food,C - documented broad bird group,Audubon ZIP 78666 / Hays context,0.27,Central Texas Bird Audubon interactions,National Audubon Society,https://www.audubon.org/native-plants
PLT0267,,Titmice,Birds,broad_guild,,,Bird direct food,fruit,fruit,,Food,C - documented broad bird group,Audubon ZIP 78666 / Hays context,0.27,Central Texas Bird Audubon interactions,National Audubon Society,https://www.audubon.org/native-plants
PLT0267,,Cardinals,Birds,broad_guild,,,Bird direct food,nectar,flower nectar,,Food,C - documented broad bird group,Audubon ZIP 78666 / Hays context,0.27,Central Texas Bird Audubon interactions,National Audubon Society,https://www.audubon.org/native-plants
PLT0267,,Waxwings,Birds,broad_guild,,,Bird direct food,seed/grain,seed/grain,,Food,C - documented broad bird group,Audubon ZIP 78666 / Hays context,0.27,Central Texas Bird Audubon interactions,National Audubon Society,https://www.audubon.org/native-plants
PLT0267,,Waxwings,Birds,broad_guild,,,Bird direct food,nectar,flower nectar,,Food,C - documented broad bird group,Audubon ZIP 78666 / Hays context,0.27,Central Texas Bird Audubon interactions,National Audubon Society,https://www.audubon.org/native-plants
PLT0267,,Wood Warblers,Birds,broad_guild,,,Bird direct food,fruit,fruit,,Food,C - documented broad bird group,Audubon ZIP 78666 / Hays context,0.27,Central Texas Bird Audubon interactions,National Audubon Society,https://www.audubon.org/native-plants
PLT0267,,Thrushes,Birds,broad_guild,,,Bird direct food,seed/grain,seed/grain,,Food,C - documented broad bird group,Audubon ZIP 78666 / Hays context,0.27,Central Texas Bird Audubon interactions,National Audubon Society,https://www.audubon.org/native-plants
PLT0271,,Hummingbirds,Birds,broad_guild,,,Bird direct food,fruit,fruit,,Food,C - documented broad bird group,Audubon ZIP 78666 / Hays context,0.27,Central Texas Bird Audubon interactions,National Audubon Society,https://www.audubon.org/native-plants
PLT0271,,Grosbeaks,Birds,broad_guild,,,Bird direct food,nectar,flower nectar,,Food,C - documented broad bird group,Audubon ZIP 78666 / Hays context,0.27,Central Texas Bird Audubon interactions,National Audubon Society,https://www.audubon.org/native-plants
PLT0271,,Hummingbirds,Birds,broad_guild,,,Bird direct food,seed/grain,seed/grain,,Food,C - documented broad bird group,Audubon ZIP 78666 / Hays context,0.27,Central Texas Bird Audubon interactions,National Audubon Society,https://www.audubon.org/native-plants
PLT0271,,Hummingbirds,Birds,broad_guild,,,Bird direct food,nectar,flower nectar,,Food,C - documented broad bird group,Audubon ZIP 78666 / Hays context,0.27,Central Texas Bird Audubon interactions,National Audubon Society,https://www.audubon.org/native-plants
PLT0271,,Jays,Birds,broad_guild,,,Bird direct food,seed/grain,seed/grain,,Food,C - documented broad bird group,Audubon ZIP 78666 / Hays context,0.27,Central Texas Bird Audubon interactions,National Audubon Society,https://www.audubon.org/native-plants
PLT0271,,Jays,Birds,broad_guild,,,Bird direct food,nectar,flower nectar,,Food,C - documented broad bird group,Audubon ZIP 78666 / Hays context,0.27,Central Texas Bird Audubon interactions,National Audubon Society,https://www.audubon.org/native-plants
PLT0271,,Jays,Birds,broad_guild,,,Bird direct food,fruit,fruit,,Food,C - documented broad bird group,Audubon ZIP 78666 / Hays context,0.27,Central Texas Bird Audubon interactions,National Audubon Society,https://www.audubon.org/native-plants
PLT0271,,Vireos,Birds,broad_guild,,,Bird direct food,seed/grain,seed/grain,,Food,C - documented broad bird group,Audubon ZIP 78666 / Hays context,0.27,Central Texas Bird Audubon interactions,National Audubon Society,https://www.audubon.org/native-plants
PLT0271,,Vireos,Birds,broad_guild,,,Bird direct food,nectar,flower nectar,,Food,C - documented broad bird group,Audubon ZIP 78666 / Hays context,0.27,Central Texas Bird Audubon interactions,National Audubon Society,https://www.audubon.org/native-plants
PLT0271,,Woodpeckers,Birds,broad_guild,,,Bird direct food,fruit,fruit,,Food,C - documented broad bird group,Audubon ZIP 78666 / Hays context,0.27,Central Texas Bird Audubon interactions,National Audubon Society,https://www.audubon.org/native-plants
PLT0271,,Woodpeckers,Birds,broad_guild,,,Bird direct food,nectar,flower nectar,,Food,C - documented broad bird group,Audubon ZIP 78666 / Hays context,0.27,Central Texas Bird Audubon interactions,National Audubon Society,https://www.audubon.org/native-plants
PLT0271,,Wrens,Birds,broad_guild,,,Bird direct food,fruit,fruit,,Food,C - documented broad bird group,Audubon ZIP 78666 / Hays context,0.27,Central Texas Bird Audubon interactions,National Audubon Society,https://www.audubon.org/native-plants
PLT0271,,Wrens,Birds,broad_guild,,,Bird direct food,seed/grain,seed/grain,,Food,C - documented broad bird group,Audubon ZIP 78666 / Hays context,0.27,Central Texas Bird Audubon interactions,National Audubon Society,https://www.audubon.org/native-plants
PLT0271,,Wrens,Birds,broad_guild,,,Bird direct food,nectar,flower nectar,,Food,C - documented broad bird group,Audubon ZIP 78666 / Hays context,0.27,Central Texas Bird Audubon interactions,National Audubon Society,https://www.audubon.org/native-plants
PLT0271,,Mockingbirds,Birds,broad_guild,,,Bird direct food,fruit,fruit,,Food,C - documented broad bird group,Audubon ZIP 78666 / Hays context,0.27,Central Texas Bird Audubon interactions,National Audubon Society,https://www.audubon.org/native-plants
PLT0271,,Warblers,Birds,broad_guild,,,Bird direct food,seed/grain,seed/grain,,Food,C - documented broad bird group,Audubon ZIP 78666 / Hays context,0.27,Central Texas Bird Audubon interactions,National Audubon Society,https://www.audubon.org/native-plants
PLT0271,,Waxwings,Birds,broad_guild,,,Bird direct food,fruit,fruit,,Food,C - documented broad bird group,Audubon ZIP 78666 / Hays context,0.27,Central Texas Bird Audubon interactions,National Audubon Society,https://www.audubon.org/native-plants
PLT0271,,Waxwings,Birds,broad_guild,,,Bird direct food,seed/grain,seed/grain,,Food,C - documented broad bird group,Audubon ZIP 78666 / Hays context,0.27,Central Texas Bird Audubon interactions,National Audubon Society,https://www.audubon.org/native-plants
PLT0271,,Waxwings,Birds,broad_guild,,,Bird direct food,nectar,flower nectar,,Food,C - documented broad bird group,Audubon ZIP 78666 / Hays context,0.27,Central Texas Bird Audubon interactions,National Audubon Society,https://www.audubon.org/native-plants
PLT0271,,Wood Warblers,Birds,broad_guild,,,Bird direct food,fruit,fruit,,Food,C - documented broad bird group,Audubon ZIP 78666 / Hays context,0.27,Central Texas Bird Audubon interactions,National Audubon Society,https://www.audubon.org/native-plants
PLT0271,,Wood Warblers,Birds,broad_guild,,,Bird direct food,seed/grain,seed/grain,,Food,C - documented broad bird group,Audubon ZIP 78666 / Hays context,0.27,Central Texas Bird Audubon interactions,National Audubon Society,https://www.audubon.org/native-plants
PLT0271,,Wood Warblers,Birds,broad_guild,,,Bird direct food,nectar,flower nectar,,Food,C - documented broad bird group,Audubon ZIP 78666 / Hays context,0.27,Central Texas Bird Audubon interactions,National Audubon Society,https://www.audubon.org/native-plants
PLT0271,,Grosbeaks,Birds,broad_guild,,,Bird direct food,seed/grain,seed/grain,,Food,C - documented broad bird group,Audubon ZIP 78666 / Hays context,0.27,Central Texas Bird Audubon interactions,National Audubon Society,https://www.audubon.org/native-plants
PLT0271,,Warblers,Birds,broad_guild,,,Bird direct food,nectar,flower nectar,,Food,C - documented broad bird group,Audubon ZIP 78666 / Hays context,0.27,Central Texas Bird Audubon interactions,National Audubon Society,https://www.audubon.org/native-plants
PLT0271,,Chickadees,Birds,broad_guild,,,Bird direct food,fruit,fruit,,Food,C - documented broad bird group,Audubon ZIP 78666 / Hays context,0.27,Central Texas Bird Audubon interactions,National Audubon Society,https://www.audubon.org/native-plants
PLT0271,,Vireos,Birds,broad_guild,,,Bird direct food,fruit,fruit,,Food,C - documented broad bird group,Audubon ZIP 78666 / Hays context,0.27,Central Texas Bird Audubon interactions,National Audubon Society,https://www.audubon.org/native-plants
PLT0271,,Chickadees,Birds,broad_guild,,,Bird direct food,nectar,flower nectar,,Food,C - documented broad bird group,Audubon ZIP 78666 / Hays context,0.27,Central Texas Bird Audubon interactions,National Audubon Society,https://www.audubon.org/native-plants
PLT0271,,Crows,Birds,broad_guild,,,Bird direct food,fruit,fruit,,Food,C - documented broad bird group,Audubon ZIP 78666 / Hays context,0.27,Central Texas Bird Audubon interactions,National Audubon Society,https://www.audubon.org/native-plants
PLT0271,,Cardinals,Birds,broad_guild,,,Bird direct food,nectar,flower nectar,,Food,C - documented broad bird group,Audubon ZIP 78666 / Hays context,0.27,Central Texas Bird Audubon interactions,National Audubon Society,https://www.audubon.org/native-plants
PLT0271,,Sparrows,Birds,broad_guild,,,Bird direct food,seed/grain,seed/grain,,Food,C - documented broad bird group,Audubon ZIP 78666 / Hays context,0.27,Central Texas Bird Audubon interactions,National Audubon Society,https://www.audubon.org/native-plants
PLT0271,,Thrashers,Birds,broad_guild,,,Bird direct food,fruit,fruit,,Food,C - documented broad bird group,Audubon ZIP 78666 / Hays context,0.27,Central Texas Bird Audubon interactions,National Audubon Society,https://www.audubon.org/native-plants
PLT0271,,Thrashers,Birds,broad_guild,,,Bird direct food,seed/grain,seed/grain,,Food,C - documented broad bird group,Audubon ZIP 78666 / Hays context,0.27,Central Texas Bird Audubon interactions,National Audubon Society,https://www.audubon.org/native-plants
PLT0271,,Thrashers,Birds,broad_guild,,,Bird direct food,nectar,flower nectar,,Food,C - documented broad bird group,Audubon ZIP 78666 / Hays context,0.27,Central Texas Bird Audubon interactions,National Audubon Society,https://www.audubon.org/native-plants
PLT0271,,Thrushes,Birds,broad_guild,,,Bird direct food,fruit,fruit,,Food,C - documented broad bird group,Audubon ZIP 78666 / Hays context,0.27,Central Texas Bird Audubon interactions,National Audubon Society,https://www.audubon.org/native-plants
PLT0271,,Buntings,Birds,broad_guild,,,Bird direct food,fruit,fruit,,Food,C - documented broad bird group,Audubon ZIP 78666 / Hays context,0.27,Central Texas Bird Audubon interactions,National Audubon Society,https://www.audubon.org/native-plants
PLT0271,,Buntings,Birds,broad_guild,,,Bird direct food,seed/grain,seed/grain,,Food,C - documented broad bird group,Audubon ZIP 78666 / Hays context,0.27,Central Texas Bird Audubon interactions,National Audubon Society,https://www.audubon.org/native-plants
PLT0271,,Cardinals,Birds,broad_guild,,,Bird direct food,fruit,fruit,,Food,C - documented broad bird group,Audubon ZIP 78666 / Hays context,0.27,Central Texas Bird Audubon interactions,National Audubon Society,https://www.audubon.org/native-plants
PLT0271,,Cardinals,Birds,broad_guild,,,Bird direct food,seed/grain,seed/grain,,Food,C - documented broad bird group,Audubon ZIP 78666 / Hays context,0.27,Central Texas Bird Audubon interactions,National Audubon Society,https://www.audubon.org/native-plants
PLT0271,,Thrushes,Birds,broad_guild,,,Bird direct food,nectar,flower nectar,,Food,C - documented broad bird group,Audubon ZIP 78666 / Hays context,0.27,Central Texas Bird Audubon interactions,National Audubon Society,https://www.audubon.org/native-plants
PLT0271,,Titmice,Birds,broad_guild,,,Bird direct food,fruit,fruit,,Food,C - documented broad bird group,Audubon ZIP 78666 / Hays context,0.27,Central Texas Bird Audubon interactions,National Audubon Society,https://www.audubon.org/native-plants
PLT0271,,Woodpeckers,Birds,broad_guild,,,Bird direct food,seed/grain,seed/grain,,Food,C - documented broad bird group,Audubon ZIP 78666 / Hays context,0.27,Central Texas Bird Audubon interactions,National Audubon Society,https://www.audubon.org/native-plants
PLT0271,,Titmice,Birds,broad_guild,,,Bird direct food,seed/grain,seed/grain,,Food,C - documented broad bird group,Audubon ZIP 78666 / Hays context,0.27,Central Texas Bird Audubon interactions,National Audubon Society,https://www.audubon.org/native-plants
PLT0271,,Titmice,Birds,broad_guild,,,Bird direct food,nectar,flower nectar,,Food,C - documented broad bird group,Audubon ZIP 78666 / Hays context,0.27,Central Texas Bird Audubon interactions,National Audubon Society,https://www.audubon.org/native-plants
PLT0271,,Warblers,Birds,broad_guild,,,Bird direct food,fruit,fruit,,Food,C - documented broad bird group,Audubon ZIP 78666 / Hays context,0.27,Central Texas Bird Audubon interactions,National Audubon Society,https://www.audubon.org/native-plants
PLT0271,,Chickadees,Birds,broad_guild,,,Bird direct food,seed/grain,seed/grain,,Food,C - documented broad bird group,Audubon ZIP 78666 / Hays context,0.27,Central Texas Bird Audubon interactions,National Audubon Society,https://www.audubon.org/native-plants
PLT0271,,Sparrows,Birds,broad_guild,,,Bird direct food,nectar,flower nectar,,Food,C - documented broad bird group,Audubon ZIP 78666 / Hays context,0.27,Central Texas Bird Audubon interactions,National Audubon Society,https://www.audubon.org/native-plants
PLT0271,,Nuthatches,Birds,broad_guild,,,Bird direct food,fruit,fruit,,Food,C - documented broad bird group,Audubon ZIP 78666 / Hays context,0.27,Central Texas Bird Audubon interactions,National Audubon Society,https://www.audubon.org/native-plants
PLT0271,,Crows,Birds,broad_guild,,,Bird direct food,nectar,flower nectar,,Food,C - documented broad bird group,Audubon ZIP 78666 / Hays context,0.27,Central Texas Bird Audubon interactions,National Audubon Society,https://www.audubon.org/native-plants
PLT0271,,Finches,Birds,broad_guild,,,Bird direct food,fruit,fruit,,Food,C - documented broad bird group,Audubon ZIP 78666 / Hays context,0.27,Central Texas Bird Audubon interactions,National Audubon Society,https://www.audubon.org/native-plants
PLT0271,,Finches,Birds,broad_guild,,,Bird direct food,seed/grain,seed/grain,,Food,C - documented broad bird group,Audubon ZIP 78666 / Hays context,0.27,Central Texas Bird Audubon interactions,National Audubon Society,https://www.audubon.org/native-plants
PLT0271,,Finches,Birds,broad_guild,,,Bird direct food,nectar,flower nectar,,Food,C - documented broad bird group,Audubon ZIP 78666 / Hays context,0.27,Central Texas Bird Audubon interactions,National Audubon Society,https://www.audubon.org/native-plants
PLT0271,,Grosbeaks,Birds,broad_guild,,,Bird direct food,fruit,fruit,,Food,C - documented broad bird group,Audubon ZIP 78666 / Hays context,0.27,Central Texas Bird Audubon interactions,National Audubon Society,https://www.audubon.org/native-plants
PLT0271,,Sparrows,Birds,broad_guild,,,Bird direct food,fruit,fruit,,Food,C - documented broad bird group,Audubon ZIP 78666 / Hays context,0.27,Central Texas Bird Audubon interactions,National Audubon Society,https://www.audubon.org/native-plants
PLT0271,,Thrushes,Birds,broad_guild,,,Bird direct food,seed/grain,seed/grain,,Food,C - documented broad bird group,Audubon ZIP 78666 / Hays context,0.27,Central Texas Bird Audubon interactions,National Audubon Society,https://www.audubon.org/native-plants
PLT0271,,Mockingbirds,Birds,broad_guild,,,Bird direct food,seed/grain,seed/grain,,Food,C - documented broad bird group,Audubon ZIP 78666 / Hays context,0.27,Central Texas Bird Audubon interactions,National Audubon Society,https://www.audubon.org/native-plants
PLT0271,,Mockingbirds,Birds,broad_guild,,,Bird direct food,nectar,flower nectar,,Food,C - documented broad bird group,Audubon ZIP 78666 / Hays context,0.27,Central Texas Bird Audubon interactions,National Audubon Society,https://www.audubon.org/native-plants
PLT0271,,Nuthatches,Birds,broad_guild,,,Bird direct food,seed/grain,seed/grain,,Food,C - documented broad bird group,Audubon ZIP 78666 / Hays context,0.27,Central Texas Bird Audubon interactions,National Audubon Society,https://www.audubon.org/native-plants
PLT0271,,Nuthatches,Birds,broad_guild,,,Bird direct food,nectar,flower nectar,,Food,C - documented broad bird group,Audubon ZIP 78666 / Hays context,0.27,Central Texas Bird Audubon interactions,National Audubon Society,https://www.audubon.org/native-plants
PLT0271,,Orioles,Birds,broad_guild,,,Bird direct food,fruit,fruit,,Food,C - documented broad bird group,Audubon ZIP 78666 / Hays context,0.27,Central Texas Bird Audubon interactions,National Audubon Society,https://www.audubon.org/native-plants
PLT0271,,Orioles,Birds,broad_guild,,,Bird direct food,seed/grain,seed/grain,,Food,C - documented broad bird group,Audubon ZIP 78666 / Hays context,0.27,Central Texas Bird Audubon interactions,National Audubon Society,https://www.audubon.org/native-plants
PLT0271,,Orioles,Birds,broad_guild,,,Bird direct food,nectar,flower nectar,,Food,C - documented broad bird group,Audubon ZIP 78666 / Hays context,0.27,Central Texas Bird Audubon interactions,National Audubon Society,https://www.audubon.org/native-plants
PLT0271,,Crows,Birds,broad_guild,,,Bird direct food,seed/grain,seed/grain,,Food,C - documented broad bird group,Audubon ZIP 78666 / Hays context,0.27,Central Texas Bird Audubon interactions,National Audubon Society,https://www.audubon.org/native-plants
PLT0271,,Buntings,Birds,broad_guild,,,Bird direct food,nectar,flower nectar,,Food,C - documented broad bird group,Audubon ZIP 78666 / Hays context,0.27,Central Texas Bird Audubon interactions,National Audubon Society,https://www.audubon.org/native-plants
PLT0275,,Orioles,Birds,broad_guild,,,Bird direct food,seed/grain,seed/grain,,Food,C - documented broad bird group,Audubon ZIP 78666 / Hays context,0.27,Central Texas Bird Audubon interactions,National Audubon Society,https://www.audubon.org/native-plants
PLT0275,,Orioles,Birds,broad_guild,,,Bird direct food,nectar,flower nectar,,Food,C - documented broad bird group,Audubon ZIP 78666 / Hays context,0.27,Central Texas Bird Audubon interactions,National Audubon Society,https://www.audubon.org/native-plants
PLT0275,,Sparrows,Birds,broad_guild,,,Bird direct food,fruit,fruit,,Food,C - documented broad bird group,Audubon ZIP 78666 / Hays context,0.27,Central Texas Bird Audubon interactions,National Audubon Society,https://www.audubon.org/native-plants
PLT0275,,Sparrows,Birds,broad_guild,,,Bird direct food,seed/grain,seed/grain,,Food,C - documented broad bird group,Audubon ZIP 78666 / Hays context,0.27,Central Texas Bird Audubon interactions,National Audubon Society,https://www.audubon.org/native-plants
PLT0275,,Thrashers,Birds,broad_guild,,,Bird direct food,fruit,fruit,,Food,C - documented broad bird group,Audubon ZIP 78666 / Hays context,0.27,Central Texas Bird Audubon interactions,National Audubon Society,https://www.audubon.org/native-plants
PLT0275,,Cardinals,Birds,broad_guild,,,Bird direct food,fruit,fruit,,Food,C - documented broad bird group,Audubon ZIP 78666 / Hays context,0.27,Central Texas Bird Audubon interactions,National Audubon Society,https://www.audubon.org/native-plants
PLT0275,,Wrens,Birds,broad_guild,,,Bird direct food,seed/grain,seed/grain,,Food,C - documented broad bird group,Audubon ZIP 78666 / Hays context,0.27,Central Texas Bird Audubon interactions,National Audubon Society,https://www.audubon.org/native-plants
PLT0275,,Hummingbirds,Birds,broad_guild,,,Bird direct food,fruit,fruit,,Food,C - documented broad bird group,Audubon ZIP 78666 / Hays context,0.27,Central Texas Bird Audubon interactions,National Audubon Society,https://www.audubon.org/native-plants
PLT0275,,Jays,Birds,broad_guild,,,Bird direct food,seed/grain,seed/grain,,Food,C - documented broad bird group,Audubon ZIP 78666 / Hays context,0.27,Central Texas Bird Audubon interactions,National Audubon Society,https://www.audubon.org/native-plants
PLT0275,,Finches,Birds,broad_guild,,,Bird direct food,nectar,flower nectar,,Food,C - documented broad bird group,Audubon ZIP 78666 / Hays context,0.27,Central Texas Bird Audubon interactions,National Audubon Society,https://www.audubon.org/native-plants
PLT0275,,Chickadees,Birds,broad_guild,,,Bird direct food,seed/grain,seed/grain,,Food,C - documented broad bird group,Audubon ZIP 78666 / Hays context,0.27,Central Texas Bird Audubon interactions,National Audubon Society,https://www.audubon.org/native-plants
PLT0275,,Mockingbirds,Birds,broad_guild,,,Bird direct food,nectar,flower nectar,,Food,C - documented broad bird group,Audubon ZIP 78666 / Hays context,0.27,Central Texas Bird Audubon interactions,National Audubon Society,https://www.audubon.org/native-plants
PLT0275,,Crows,Birds,broad_guild,,,Bird direct food,nectar,flower nectar,,Food,C - documented broad bird group,Audubon ZIP 78666 / Hays context,0.27,Central Texas Bird Audubon interactions,National Audubon Society,https://www.audubon.org/native-plants
PLT0275,,Finches,Birds,broad_guild,,,Bird direct food,fruit,fruit,,Food,C - documented broad bird group,Audubon ZIP 78666 / Hays context,0.27,Central Texas Bird Audubon interactions,National Audubon Society,https://www.audubon.org/native-plants
PLT0275,,Finches,Birds,broad_guild,,,Bird direct food,seed/grain,seed/grain,,Food,C - documented broad bird group,Audubon ZIP 78666 / Hays context,0.27,Central Texas Bird Audubon interactions,National Audubon Society,https://www.audubon.org/native-plants
PLT0275,,Mockingbirds,Birds,broad_guild,,,Bird direct food,seed/grain,seed/grain,,Food,C - documented broad bird group,Audubon ZIP 78666 / Hays context,0.27,Central Texas Bird Audubon interactions,National Audubon Society,https://www.audubon.org/native-plants
PLT0275,,Nuthatches,Birds,broad_guild,,,Bird direct food,fruit,fruit,,Food,C - documented broad bird group,Audubon ZIP 78666 / Hays context,0.27,Central Texas Bird Audubon interactions,National Audubon Society,https://www.audubon.org/native-plants
PLT0275,,Nuthatches,Birds,broad_guild,,,Bird direct food,seed/grain,seed/grain,,Food,C - documented broad bird group,Audubon ZIP 78666 / Hays context,0.27,Central Texas Bird Audubon interactions,National Audubon Society,https://www.audubon.org/native-plants
PLT0275,,Hummingbirds,Birds,broad_guild,,,Bird direct food,seed/grain,seed/grain,,Food,C - documented broad bird group,Audubon ZIP 78666 / Hays context,0.27,Central Texas Bird Audubon interactions,National Audubon Society,https://www.audubon.org/native-plants
PLT0275,,Hummingbirds,Birds,broad_guild,,,Bird direct food,nectar,flower nectar,,Food,C - documented broad bird group,Audubon ZIP 78666 / Hays context,0.27,Central Texas Bird Audubon interactions,National Audubon Society,https://www.audubon.org/native-plants
PLT0275,,Jays,Birds,broad_guild,,,Bird direct food,fruit,fruit,,Food,C - documented broad bird group,Audubon ZIP 78666 / Hays context,0.27,Central Texas Bird Audubon interactions,National Audubon Society,https://www.audubon.org/native-plants
PLT0275,,Mockingbirds,Birds,broad_guild,,,Bird direct food,fruit,fruit,,Food,C - documented broad bird group,Audubon ZIP 78666 / Hays context,0.27,Central Texas Bird Audubon interactions,National Audubon Society,https://www.audubon.org/native-plants
PLT0275,,Grosbeaks,Birds,broad_guild,,,Bird direct food,fruit,fruit,,Food,C - documented broad bird group,Audubon ZIP 78666 / Hays context,0.27,Central Texas Bird Audubon interactions,National Audubon Society,https://www.audubon.org/native-plants
PLT0275,,Grosbeaks,Birds,broad_guild,,,Bird direct food,seed/grain,seed/grain,,Food,C - documented broad bird group,Audubon ZIP 78666 / Hays context,0.27,Central Texas Bird Audubon interactions,National Audubon Society,https://www.audubon.org/native-plants
PLT0275,,Grosbeaks,Birds,broad_guild,,,Bird direct food,nectar,flower nectar,,Food,C - documented broad bird group,Audubon ZIP 78666 / Hays context,0.27,Central Texas Bird Audubon interactions,National Audubon Society,https://www.audubon.org/native-plants
PLT0275,,Jays,Birds,broad_guild,,,Bird direct food,nectar,flower nectar,,Food,C - documented broad bird group,Audubon ZIP 78666 / Hays context,0.27,Central Texas Bird Audubon interactions,National Audubon Society,https://www.audubon.org/native-plants
PLT0275,,Wrens,Birds,broad_guild,,,Bird direct food,nectar,flower nectar,,Food,C - documented broad bird group,Audubon ZIP 78666 / Hays context,0.27,Central Texas Bird Audubon interactions,National Audubon Society,https://www.audubon.org/native-plants
PLT0275,,Sparrows,Birds,broad_guild,,,Bird direct food,nectar,flower nectar,,Food,C - documented broad bird group,Audubon ZIP 78666 / Hays context,0.27,Central Texas Bird Audubon interactions,National Audubon Society,https://www.audubon.org/native-plants
PLT0275,,Orioles,Birds,broad_guild,,,Bird direct food,fruit,fruit,,Food,C - documented broad bird group,Audubon ZIP 78666 / Hays context,0.27,Central Texas Bird Audubon interactions,National Audubon Society,https://www.audubon.org/native-plants
PLT0275,,Cardinals,Birds,broad_guild,,,Bird direct food,nectar,flower nectar,,Food,C - documented broad bird group,Audubon ZIP 78666 / Hays context,0.27,Central Texas Bird Audubon interactions,National Audubon Society,https://www.audubon.org/native-plants
PLT0275,,Chickadees,Birds,broad_guild,,,Bird direct food,fruit,fruit,,Food,C - documented broad bird group,Audubon ZIP 78666 / Hays context,0.27,Central Texas Bird Audubon interactions,National Audubon Society,https://www.audubon.org/native-plants
PLT0275,,Thrashers,Birds,broad_guild,,,Bird direct food,seed/grain,seed/grain,,Food,C - documented broad bird group,Audubon ZIP 78666 / Hays context,0.27,Central Texas Bird Audubon interactions,National Audubon Society,https://www.audubon.org/native-plants
PLT0275,,Thrashers,Birds,broad_guild,,,Bird direct food,nectar,flower nectar,,Food,C - documented broad bird group,Audubon ZIP 78666 / Hays context,0.27,Central Texas Bird Audubon interactions,National Audubon Society,https://www.audubon.org/native-plants
PLT0275,,Woodpeckers,Birds,broad_guild,,,Bird direct food,seed/grain,seed/grain,,Food,C - documented broad bird group,Audubon ZIP 78666 / Hays context,0.27,Central Texas Bird Audubon interactions,National Audubon Society,https://www.audubon.org/native-plants
PLT0275,,Titmice,Birds,broad_guild,,,Bird direct food,seed/grain,seed/grain,,Food,C - documented broad bird group,Audubon ZIP 78666 / Hays context,0.27,Central Texas Bird Audubon interactions,National Audubon Society,https://www.audubon.org/native-plants
PLT0275,,Chickadees,Birds,broad_guild,,,Bird direct food,nectar,flower nectar,,Food,C - documented broad bird group,Audubon ZIP 78666 / Hays context,0.27,Central Texas Bird Audubon interactions,National Audubon Society,https://www.audubon.org/native-plants
PLT0275,,Crows,Birds,broad_guild,,,Bird direct food,fruit,fruit,,Food,C - documented broad bird group,Audubon ZIP 78666 / Hays context,0.27,Central Texas Bird Audubon interactions,National Audubon Society,https://www.audubon.org/native-plants
PLT0275,,Vireos,Birds,broad_guild,,,Bird direct food,seed/grain,seed/grain,,Food,C - documented broad bird group,Audubon ZIP 78666 / Hays context,0.27,Central Texas Bird Audubon interactions,National Audubon Society,https://www.audubon.org/native-plants
PLT0275,,Vireos,Birds,broad_guild,,,Bird direct food,nectar,flower nectar,,Food,C - documented broad bird group,Audubon ZIP 78666 / Hays context,0.27,Central Texas Bird Audubon interactions,National Audubon Society,https://www.audubon.org/native-plants
PLT0275,,Crows,Birds,broad_guild,,,Bird direct food,seed/grain,seed/grain,,Food,C - documented broad bird group,Audubon ZIP 78666 / Hays context,0.27,Central Texas Bird Audubon interactions,National Audubon Society,https://www.audubon.org/native-plants
PLT0275,,Woodpeckers,Birds,broad_guild,,,Bird direct food,nectar,flower nectar,,Food,C - documented broad bird group,Audubon ZIP 78666 / Hays context,0.27,Central Texas Bird Audubon interactions,National Audubon Society,https://www.audubon.org/native-plants
PLT0275,,Buntings,Birds,broad_guild,,,Bird direct food,fruit,fruit,,Food,C - documented broad bird group,Audubon ZIP 78666 / Hays context,0.27,Central Texas Bird Audubon interactions,National Audubon Society,https://www.audubon.org/native-plants
PLT0275,,Buntings,Birds,broad_guild,,,Bird direct food,seed/grain,seed/grain,,Food,C - documented broad bird group,Audubon ZIP 78666 / Hays context,0.27,Central Texas Bird Audubon interactions,National Audubon Society,https://www.audubon.org/native-plants
PLT0275,,Buntings,Birds,broad_guild,,,Bird direct food,nectar,flower nectar,,Food,C - documented broad bird group,Audubon ZIP 78666 / Hays context,0.27,Central Texas Bird Audubon interactions,National Audubon Society,https://www.audubon.org/native-plants
PLT0275,,Wood Warblers,Birds,broad_guild,,,Bird direct food,fruit,fruit,,Food,C - documented broad bird group,Audubon ZIP 78666 / Hays context,0.27,Central Texas Bird Audubon interactions,National Audubon Society,https://www.audubon.org/native-plants
PLT0275,,Wood Warblers,Birds,broad_guild,,,Bird direct food,seed/grain,seed/grain,,Food,C - documented broad bird group,Audubon ZIP 78666 / Hays context,0.27,Central Texas Bird Audubon interactions,National Audubon Society,https://www.audubon.org/native-plants
PLT0275,,Waxwings,Birds,broad_guild,,,Bird direct food,fruit,fruit,,Food,C - documented broad bird group,Audubon ZIP 78666 / Hays context,0.27,Central Texas Bird Audubon interactions,National Audubon Society,https://www.audubon.org/native-plants
PLT0275,,Thrushes,Birds,broad_guild,,,Bird direct food,nectar,flower nectar,,Food,C - documented broad bird group,Audubon ZIP 78666 / Hays context,0.27,Central Texas Bird Audubon interactions,National Audubon Society,https://www.audubon.org/native-plants
PLT0275,,Titmice,Birds,broad_guild,,,Bird direct food,fruit,fruit,,Food,C - documented broad bird group,Audubon ZIP 78666 / Hays context,0.27,Central Texas Bird Audubon interactions,National Audubon Society,https://www.audubon.org/native-plants
PLT0275,,Vireos,Birds,broad_guild,,,Bird direct food,fruit,fruit,,Food,C - documented broad bird group,Audubon ZIP 78666 / Hays context,0.27,Central Texas Bird Audubon interactions,National Audubon Society,https://www.audubon.org/native-plants
PLT0275,,Nuthatches,Birds,broad_guild,,,Bird direct food,nectar,flower nectar,,Food,C - documented broad bird group,Audubon ZIP 78666 / Hays context,0.27,Central Texas Bird Audubon interactions,National Audubon Society,https://www.audubon.org/native-plants
PLT0275,,Woodpeckers,Birds,broad_guild,,,Bird direct food,fruit,fruit,,Food,C - documented broad bird group,Audubon ZIP 78666 / Hays context,0.27,Central Texas Bird Audubon interactions,National Audubon Society,https://www.audubon.org/native-plants
PLT0275,,Wrens,Birds,broad_guild,,,Bird direct food,fruit,fruit,,Food,C - documented broad bird group,Audubon ZIP 78666 / Hays context,0.27,Central Texas Bird Audubon interactions,National Audubon Society,https://www.audubon.org/native-plants
PLT0275,,Warblers,Birds,broad_guild,,,Bird direct food,fruit,fruit,,Food,C - documented broad bird group,Audubon ZIP 78666 / Hays context,0.27,Central Texas Bird Audubon interactions,National Audubon Society,https://www.audubon.org/native-plants
PLT0275,,Warblers,Birds,broad_guild,,,Bird direct food,seed/grain,seed/grain,,Food,C - documented broad bird group,Audubon ZIP 78666 / Hays context,0.27,Central Texas Bird Audubon interactions,National Audubon Society,https://www.audubon.org/native-plants
PLT0275,,Warblers,Birds,broad_guild,,,Bird direct food,nectar,flower nectar,,Food,C - documented broad bird group,Audubon ZIP 78666 / Hays context,0.27,Central Texas Bird Audubon interactions,National Audubon Society,https://www.audubon.org/native-plants
PLT0275,,Waxwings,Birds,broad_guild,,,Bird direct food,nectar,flower nectar,,Food,C - documented broad bird group,Audubon ZIP 78666 / Hays context,0.27,Central Texas Bird Audubon interactions,National Audubon Society,https://www.audubon.org/native-plants
PLT0275,,Waxwings,Birds,broad_guild,,,Bird direct food,seed/grain,seed/grain,,Food,C - documented broad bird group,Audubon ZIP 78666 / Hays context,0.27,Central Texas Bird Audubon interactions,National Audubon Society,https://www.audubon.org/native-plants
PLT0275,,Cardinals,Birds,broad_guild,,,Bird direct food,seed/grain,seed/grain,,Food,C - documented broad bird group,Audubon ZIP 78666 / Hays context,0.27,Central Texas Bird Audubon interactions,National Audubon Society,https://www.audubon.org/native-plants
PLT0275,,Thrushes,Birds,broad_guild,,,Bird direct food,fruit,fruit,,Food,C - documented broad bird group,Audubon ZIP 78666 / Hays context,0.27,Central Texas Bird Audubon interactions,National Audubon Society,https://www.audubon.org/native-plants
PLT0275,,Thrushes,Birds,broad_guild,,,Bird direct food,seed/grain,seed/grain,,Food,C - documented broad bird group,Audubon ZIP 78666 / Hays context,0.27,Central Texas Bird Audubon interactions,National Audubon Society,https://www.audubon.org/native-plants
PLT0275,,Wood Warblers,Birds,broad_guild,,,Bird direct food,nectar,flower nectar,,Food,C - documented broad bird group,Audubon ZIP 78666 / Hays context,0.27,Central Texas Bird Audubon interactions,National Audubon Society,https://www.audubon.org/native-plants
PLT0275,,Titmice,Birds,broad_guild,,,Bird direct food,nectar,flower nectar,,Food,C - documented broad bird group,Audubon ZIP 78666 / Hays context,0.27,Central Texas Bird Audubon interactions,National Audubon Society,https://www.audubon.org/native-plants
PLT0277,,Vireos,Birds,broad_guild,,,Bird direct food,nectar,flower nectar,,Food,C - documented broad bird group,Audubon ZIP 78666 / Hays context,0.27,Central Texas Bird Audubon interactions,National Audubon Society,https://www.audubon.org/native-plants
PLT0277,,Wrens,Birds,broad_guild,,,Bird direct food,seed/grain,seed/grain,,Food,C - documented broad bird group,Audubon ZIP 78666 / Hays context,0.27,Central Texas Bird Audubon interactions,National Audubon Society,https://www.audubon.org/native-plants
PLT0277,,Wrens,Birds,broad_guild,,,Bird direct food,nectar,flower nectar,,Food,C - documented broad bird group,Audubon ZIP 78666 / Hays context,0.27,Central Texas Bird Audubon interactions,National Audubon Society,https://www.audubon.org/native-plants
PLT0277,,Titmice,Birds,broad_guild,,,Bird direct food,seed/grain,seed/grain,,Food,C - documented broad bird group,Audubon ZIP 78666 / Hays context,0.27,Central Texas Bird Audubon interactions,National Audubon Society,https://www.audubon.org/native-plants
PLT0277,,Sparrows,Birds,broad_guild,,,Bird direct food,nectar,flower nectar,,Food,C - documented broad bird group,Audubon ZIP 78666 / Hays context,0.27,Central Texas Bird Audubon interactions,National Audubon Society,https://www.audubon.org/native-plants
PLT0277,,Hummingbirds,Birds,broad_guild,,,Bird direct food,seed/grain,seed/grain,,Food,C - documented broad bird group,Audubon ZIP 78666 / Hays context,0.27,Central Texas Bird Audubon interactions,National Audubon Society,https://www.audubon.org/native-plants
PLT0277,,Hummingbirds,Birds,broad_guild,,,Bird direct food,nectar,flower nectar,,Food,C - documented broad bird group,Audubon ZIP 78666 / Hays context,0.27,Central Texas Bird Audubon interactions,National Audubon Society,https://www.audubon.org/native-plants
PLT0277,,Jays,Birds,broad_guild,,,Bird direct food,fruit,fruit,,Food,C - documented broad bird group,Audubon ZIP 78666 / Hays context,0.27,Central Texas Bird Audubon interactions,National Audubon Society,https://www.audubon.org/native-plants
PLT0277,,Warblers,Birds,broad_guild,,,Bird direct food,seed/grain,seed/grain,,Food,C - documented broad bird group,Audubon ZIP 78666 / Hays context,0.27,Central Texas Bird Audubon interactions,National Audubon Society,https://www.audubon.org/native-plants
PLT0277,,Warblers,Birds,broad_guild,,,Bird direct food,nectar,flower nectar,,Food,C - documented broad bird group,Audubon ZIP 78666 / Hays context,0.27,Central Texas Bird Audubon interactions,National Audubon Society,https://www.audubon.org/native-plants
PLT0277,,Cardinals,Birds,broad_guild,,,Bird direct food,seed/grain,seed/grain,,Food,C - documented broad bird group,Audubon ZIP 78666 / Hays context,0.27,Central Texas Bird Audubon interactions,National Audubon Society,https://www.audubon.org/native-plants
PLT0277,,Wrens,Birds,broad_guild,,,Bird direct food,fruit,fruit,,Food,C - documented broad bird group,Audubon ZIP 78666 / Hays context,0.27,Central Texas Bird Audubon interactions,National Audubon Society,https://www.audubon.org/native-plants
PLT0277,,Cardinals,Birds,broad_guild,,,Bird direct food,nectar,flower nectar,,Food,C - documented broad bird group,Audubon ZIP 78666 / Hays context,0.27,Central Texas Bird Audubon interactions,National Audubon Society,https://www.audubon.org/native-plants
PLT0277,,Waxwings,Birds,broad_guild,,,Bird direct food,seed/grain,seed/grain,,Food,C - documented broad bird group,Audubon ZIP 78666 / Hays context,0.27,Central Texas Bird Audubon interactions,National Audubon Society,https://www.audubon.org/native-plants
PLT0277,,Waxwings,Birds,broad_guild,,,Bird direct food,nectar,flower nectar,,Food,C - documented broad bird group,Audubon ZIP 78666 / Hays context,0.27,Central Texas Bird Audubon interactions,National Audubon Society,https://www.audubon.org/native-plants
PLT0277,,Wood Warblers,Birds,broad_guild,,,Bird direct food,fruit,fruit,,Food,C - documented broad bird group,Audubon ZIP 78666 / Hays context,0.27,Central Texas Bird Audubon interactions,National Audubon Society,https://www.audubon.org/native-plants
PLT0277,,Thrushes,Birds,broad_guild,,,Bird direct food,fruit,fruit,,Food,C - documented broad bird group,Audubon ZIP 78666 / Hays context,0.27,Central Texas Bird Audubon interactions,National Audubon Society,https://www.audubon.org/native-plants
PLT0277,,Hummingbirds,Birds,broad_guild,,,Bird direct food,fruit,fruit,,Food,C - documented broad bird group,Audubon ZIP 78666 / Hays context,0.27,Central Texas Bird Audubon interactions,National Audubon Society,https://www.audubon.org/native-plants
PLT0277,,Vireos,Birds,broad_guild,,,Bird direct food,fruit,fruit,,Food,C - documented broad bird group,Audubon ZIP 78666 / Hays context,0.27,Central Texas Bird Audubon interactions,National Audubon Society,https://www.audubon.org/native-plants
PLT0277,,Wood Warblers,Birds,broad_guild,,,Bird direct food,seed/grain,seed/grain,,Food,C - documented broad bird group,Audubon ZIP 78666 / Hays context,0.27,Central Texas Bird Audubon interactions,National Audubon Society,https://www.audubon.org/native-plants
PLT0277,,Wood Warblers,Birds,broad_guild,,,Bird direct food,nectar,flower nectar,,Food,C - documented broad bird group,Audubon ZIP 78666 / Hays context,0.27,Central Texas Bird Audubon interactions,National Audubon Society,https://www.audubon.org/native-plants
PLT0277,,Woodpeckers,Birds,broad_guild,,,Bird direct food,fruit,fruit,,Food,C - documented broad bird group,Audubon ZIP 78666 / Hays context,0.27,Central Texas Bird Audubon interactions,National Audubon Society,https://www.audubon.org/native-plants
PLT0277,,Woodpeckers,Birds,broad_guild,,,Bird direct food,seed/grain,seed/grain,,Food,C - documented broad bird group,Audubon ZIP 78666 / Hays context,0.27,Central Texas Bird Audubon interactions,National Audubon Society,https://www.audubon.org/native-plants
PLT0277,,Vireos,Birds,broad_guild,,,Bird direct food,seed/grain,seed/grain,,Food,C - documented broad bird group,Audubon ZIP 78666 / Hays context,0.27,Central Texas Bird Audubon interactions,National Audubon Society,https://www.audubon.org/native-plants
PLT0277,,Waxwings,Birds,broad_guild,,,Bird direct food,fruit,fruit,,Food,C - documented broad bird group,Audubon ZIP 78666 / Hays context,0.27,Central Texas Bird Audubon interactions,National Audubon Society,https://www.audubon.org/native-plants
PLT0277,,Mockingbirds,Birds,broad_guild,,,Bird direct food,fruit,fruit,,Food,C - documented broad bird group,Audubon ZIP 78666 / Hays context,0.27,Central Texas Bird Audubon interactions,National Audubon Society,https://www.audubon.org/native-plants
PLT0277,,Mockingbirds,Birds,broad_guild,,,Bird direct food,seed/grain,seed/grain,,Food,C - documented broad bird group,Audubon ZIP 78666 / Hays context,0.27,Central Texas Bird Audubon interactions,National Audubon Society,https://www.audubon.org/native-plants
PLT0277,,Mockingbirds,Birds,broad_guild,,,Bird direct food,nectar,flower nectar,,Food,C - documented broad bird group,Audubon ZIP 78666 / Hays context,0.27,Central Texas Bird Audubon interactions,National Audubon Society,https://www.audubon.org/native-plants
PLT0277,,Nuthatches,Birds,broad_guild,,,Bird direct food,seed/grain,seed/grain,,Food,C - documented broad bird group,Audubon ZIP 78666 / Hays context,0.27,Central Texas Bird Audubon interactions,National Audubon Society,https://www.audubon.org/native-plants
PLT0277,,Thrushes,Birds,broad_guild,,,Bird direct food,seed/grain,seed/grain,,Food,C - documented broad bird group,Audubon ZIP 78666 / Hays context,0.27,Central Texas Bird Audubon interactions,National Audubon Society,https://www.audubon.org/native-plants
PLT0277,,Thrushes,Birds,broad_guild,,,Bird direct food,nectar,flower nectar,,Food,C - documented broad bird group,Audubon ZIP 78666 / Hays context,0.27,Central Texas Bird Audubon interactions,National Audubon Society,https://www.audubon.org/native-plants
PLT0277,,Titmice,Birds,broad_guild,,,Bird direct food,fruit,fruit,,Food,C - documented broad bird group,Audubon ZIP 78666 / Hays context,0.27,Central Texas Bird Audubon interactions,National Audubon Society,https://www.audubon.org/native-plants
PLT0277,,Woodpeckers,Birds,broad_guild,,,Bird direct food,nectar,flower nectar,,Food,C - documented broad bird group,Audubon ZIP 78666 / Hays context,0.27,Central Texas Bird Audubon interactions,National Audubon Society,https://www.audubon.org/native-plants
PLT0277,,Nuthatches,Birds,broad_guild,,,Bird direct food,fruit,fruit,,Food,C - documented broad bird group,Audubon ZIP 78666 / Hays context,0.27,Central Texas Bird Audubon interactions,National Audubon Society,https://www.audubon.org/native-plants
PLT0277,,Jays,Birds,broad_guild,,,Bird direct food,seed/grain,seed/grain,,Food,C - documented broad bird group,Audubon ZIP 78666 / Hays context,0.27,Central Texas Bird Audubon interactions,National Audubon Society,https://www.audubon.org/native-plants
PLT0277,,Jays,Birds,broad_guild,,,Bird direct food,nectar,flower nectar,,Food,C - documented broad bird group,Audubon ZIP 78666 / Hays context,0.27,Central Texas Bird Audubon interactions,National Audubon Society,https://www.audubon.org/native-plants
PLT0277,,Finches,Birds,broad_guild,,,Bird direct food,seed/grain,seed/grain,,Food,C - documented broad bird group,Audubon ZIP 78666 / Hays context,0.27,Central Texas Bird Audubon interactions,National Audubon Society,https://www.audubon.org/native-plants
PLT0277,,Finches,Birds,broad_guild,,,Bird direct food,nectar,flower nectar,,Food,C - documented broad bird group,Audubon ZIP 78666 / Hays context,0.27,Central Texas Bird Audubon interactions,National Audubon Society,https://www.audubon.org/native-plants
PLT0277,,Buntings,Birds,broad_guild,,,Bird direct food,fruit,fruit,,Food,C - documented broad bird group,Audubon ZIP 78666 / Hays context,0.27,Central Texas Bird Audubon interactions,National Audubon Society,https://www.audubon.org/native-plants
PLT0277,,Buntings,Birds,broad_guild,,,Bird direct food,seed/grain,seed/grain,,Food,C - documented broad bird group,Audubon ZIP 78666 / Hays context,0.27,Central Texas Bird Audubon interactions,National Audubon Society,https://www.audubon.org/native-plants
PLT0277,,Buntings,Birds,broad_guild,,,Bird direct food,nectar,flower nectar,,Food,C - documented broad bird group,Audubon ZIP 78666 / Hays context,0.27,Central Texas Bird Audubon interactions,National Audubon Society,https://www.audubon.org/native-plants
PLT0277,,Grosbeaks,Birds,broad_guild,,,Bird direct food,seed/grain,seed/grain,,Food,C - documented broad bird group,Audubon ZIP 78666 / Hays context,0.27,Central Texas Bird Audubon interactions,National Audubon Society,https://www.audubon.org/native-plants
PLT0277,,Grosbeaks,Birds,broad_guild,,,Bird direct food,nectar,flower nectar,,Food,C - documented broad bird group,Audubon ZIP 78666 / Hays context,0.27,Central Texas Bird Audubon interactions,National Audubon Society,https://www.audubon.org/native-plants
PLT0277,,Grosbeaks,Birds,broad_guild,,,Bird direct food,fruit,fruit,,Food,C - documented broad bird group,Audubon ZIP 78666 / Hays context,0.27,Central Texas Bird Audubon interactions,National Audubon Society,https://www.audubon.org/native-plants
PLT0277,,Titmice,Birds,broad_guild,,,Bird direct food,nectar,flower nectar,,Food,C - documented broad bird group,Audubon ZIP 78666 / Hays context,0.27,Central Texas Bird Audubon interactions,National Audubon Society,https://www.audubon.org/native-plants
PLT0277,,Chickadees,Birds,broad_guild,,,Bird direct food,nectar,flower nectar,,Food,C - documented broad bird group,Audubon ZIP 78666 / Hays context,0.27,Central Texas Bird Audubon interactions,National Audubon Society,https://www.audubon.org/native-plants
PLT0277,,Cardinals,Birds,broad_guild,,,Bird direct food,fruit,fruit,,Food,C - documented broad bird group,Audubon ZIP 78666 / Hays context,0.27,Central Texas Bird Audubon interactions,National Audubon Society,https://www.audubon.org/native-plants
PLT0277,,Chickadees,Birds,broad_guild,,,Bird direct food,fruit,fruit,,Food,C - documented broad bird group,Audubon ZIP 78666 / Hays context,0.27,Central Texas Bird Audubon interactions,National Audubon Society,https://www.audubon.org/native-plants
PLT0277,,Chickadees,Birds,broad_guild,,,Bird direct food,seed/grain,seed/grain,,Food,C - documented broad bird group,Audubon ZIP 78666 / Hays context,0.27,Central Texas Bird Audubon interactions,National Audubon Society,https://www.audubon.org/native-plants
PLT0277,,Finches,Birds,broad_guild,,,Bird direct food,fruit,fruit,,Food,C - documented broad bird group,Audubon ZIP 78666 / Hays context,0.27,Central Texas Bird Audubon interactions,National Audubon Society,https://www.audubon.org/native-plants
PLT0277,,Thrashers,Birds,broad_guild,,,Bird direct food,fruit,fruit,,Food,C - documented broad bird group,Audubon ZIP 78666 / Hays context,0.27,Central Texas Bird Audubon interactions,National Audubon Society,https://www.audubon.org/native-plants
PLT0277,,Warblers,Birds,broad_guild,,,Bird direct food,fruit,fruit,,Food,C - documented broad bird group,Audubon ZIP 78666 / Hays context,0.27,Central Texas Bird Audubon interactions,National Audubon Society,https://www.audubon.org/native-plants
PLT0277,,Sparrows,Birds,broad_guild,,,Bird direct food,seed/grain,seed/grain,,Food,C - documented broad bird group,Audubon ZIP 78666 / Hays context,0.27,Central Texas Bird Audubon interactions,National Audubon Society,https://www.audubon.org/native-plants
PLT0277,,Sparrows,Birds,broad_guild,,,Bird direct food,fruit,fruit,,Food,C - documented broad bird group,Audubon ZIP 78666 / Hays context,0.27,Central Texas Bird Audubon interactions,National Audubon Society,https://www.audubon.org/native-plants
PLT0277,,Orioles,Birds,broad_guild,,,Bird direct food,nectar,flower nectar,,Food,C - documented broad bird group,Audubon ZIP 78666 / Hays context,0.27,Central Texas Bird Audubon interactions,National Audubon Society,https://www.audubon.org/native-plants
PLT0277,,Thrashers,Birds,broad_guild,,,Bird direct food,nectar,flower nectar,,Food,C - documented broad bird group,Audubon ZIP 78666 / Hays context,0.27,Central Texas Bird Audubon interactions,National Audubon Society,https://www.audubon.org/native-plants
PLT0277,,Thrashers,Birds,broad_guild,,,Bird direct food,seed/grain,seed/grain,,Food,C - documented broad bird group,Audubon ZIP 78666 / Hays context,0.27,Central Texas Bird Audubon interactions,National Audubon Society,https://www.audubon.org/native-plants
PLT0277,,Crows,Birds,broad_guild,,,Bird direct food,fruit,fruit,,Food,C - documented broad bird group,Audubon ZIP 78666 / Hays context,0.27,Central Texas Bird Audubon interactions,National Audubon Society,https://www.audubon.org/native-plants
PLT0277,,Orioles,Birds,broad_guild,,,Bird direct food,fruit,fruit,,Food,C - documented broad bird group,Audubon ZIP 78666 / Hays context,0.27,Central Texas Bird Audubon interactions,National Audubon Society,https://www.audubon.org/native-plants
PLT0277,,Nuthatches,Birds,broad_guild,,,Bird direct food,nectar,flower nectar,,Food,C - documented broad bird group,Audubon ZIP 78666 / Hays context,0.27,Central Texas Bird Audubon interactions,National Audubon Society,https://www.audubon.org/native-plants
PLT0277,,Crows,Birds,broad_guild,,,Bird direct food,nectar,flower nectar,,Food,C - documented broad bird group,Audubon ZIP 78666 / Hays context,0.27,Central Texas Bird Audubon interactions,National Audubon Society,https://www.audubon.org/native-plants
PLT0277,,Crows,Birds,broad_guild,,,Bird direct food,seed/grain,seed/grain,,Food,C - documented broad bird group,Audubon ZIP 78666 / Hays context,0.27,Central Texas Bird Audubon interactions,National Audubon Society,https://www.audubon.org/native-plants
PLT0277,,Orioles,Birds,broad_guild,,,Bird direct food,seed/grain,seed/grain,,Food,C - documented broad bird group,Audubon ZIP 78666 / Hays context,0.27,Central Texas Bird Audubon interactions,National Audubon Society,https://www.audubon.org/native-plants
PLT0280,,Finches,Birds,broad_guild,,,Bird direct food,nectar,flower nectar,,Food,C - documented broad bird group,Audubon ZIP 78666 / Hays context,0.27,Central Texas Bird Audubon interactions,National Audubon Society,https://www.audubon.org/native-plants
PLT0280,,Grosbeaks,Birds,broad_guild,,,Bird direct food,fruit,fruit,,Food,C - documented broad bird group,Audubon ZIP 78666 / Hays context,0.27,Central Texas Bird Audubon interactions,National Audubon Society,https://www.audubon.org/native-plants
PLT0280,,Grosbeaks,Birds,broad_guild,,,Bird direct food,seed/grain,seed/grain,,Food,C - documented broad bird group,Audubon ZIP 78666 / Hays context,0.27,Central Texas Bird Audubon interactions,National Audubon Society,https://www.audubon.org/native-plants
PLT0280,,Nuthatches,Birds,broad_guild,,,Bird direct food,nectar,flower nectar,,Food,C - documented broad bird group,Audubon ZIP 78666 / Hays context,0.27,Central Texas Bird Audubon interactions,National Audubon Society,https://www.audubon.org/native-plants
PLT0280,,Orioles,Birds,broad_guild,,,Bird direct food,fruit,fruit,,Food,C - documented broad bird group,Audubon ZIP 78666 / Hays context,0.27,Central Texas Bird Audubon interactions,National Audubon Society,https://www.audubon.org/native-plants
PLT0280,,Buntings,Birds,broad_guild,,,Bird direct food,nectar,flower nectar,,Food,C - documented broad bird group,Audubon ZIP 78666 / Hays context,0.27,Central Texas Bird Audubon interactions,National Audubon Society,https://www.audubon.org/native-plants
PLT0280,,Orioles,Birds,broad_guild,,,Bird direct food,nectar,flower nectar,,Food,C - documented broad bird group,Audubon ZIP 78666 / Hays context,0.27,Central Texas Bird Audubon interactions,National Audubon Society,https://www.audubon.org/native-plants
PLT0280,,Sparrows,Birds,broad_guild,,,Bird direct food,fruit,fruit,,Food,C - documented broad bird group,Audubon ZIP 78666 / Hays context,0.27,Central Texas Bird Audubon interactions,National Audubon Society,https://www.audubon.org/native-plants
PLT0280,,Jays,Birds,broad_guild,,,Bird direct food,nectar,flower nectar,,Food,C - documented broad bird group,Audubon ZIP 78666 / Hays context,0.27,Central Texas Bird Audubon interactions,National Audubon Society,https://www.audubon.org/native-plants
PLT0280,,Orioles,Birds,broad_guild,,,Bird direct food,seed/grain,seed/grain,,Food,C - documented broad bird group,Audubon ZIP 78666 / Hays context,0.27,Central Texas Bird Audubon interactions,National Audubon Society,https://www.audubon.org/native-plants
PLT0280,,Hummingbirds,Birds,broad_guild,,,Bird direct food,fruit,fruit,,Food,C - documented broad bird group,Audubon ZIP 78666 / Hays context,0.27,Central Texas Bird Audubon interactions,National Audubon Society,https://www.audubon.org/native-plants
PLT0280,,Mockingbirds,Birds,broad_guild,,,Bird direct food,nectar,flower nectar,,Food,C - documented broad bird group,Audubon ZIP 78666 / Hays context,0.27,Central Texas Bird Audubon interactions,National Audubon Society,https://www.audubon.org/native-plants
PLT0280,,Crows,Birds,broad_guild,,,Bird direct food,fruit,fruit,,Food,C - documented broad bird group,Audubon ZIP 78666 / Hays context,0.27,Central Texas Bird Audubon interactions,National Audubon Society,https://www.audubon.org/native-plants
PLT0280,,Crows,Birds,broad_guild,,,Bird direct food,seed/grain,seed/grain,,Food,C - documented broad bird group,Audubon ZIP 78666 / Hays context,0.27,Central Texas Bird Audubon interactions,National Audubon Society,https://www.audubon.org/native-plants
PLT0280,,Crows,Birds,broad_guild,,,Bird direct food,nectar,flower nectar,,Food,C - documented broad bird group,Audubon ZIP 78666 / Hays context,0.27,Central Texas Bird Audubon interactions,National Audubon Society,https://www.audubon.org/native-plants
PLT0280,,Finches,Birds,broad_guild,,,Bird direct food,fruit,fruit,,Food,C - documented broad bird group,Audubon ZIP 78666 / Hays context,0.27,Central Texas Bird Audubon interactions,National Audubon Society,https://www.audubon.org/native-plants
PLT0280,,Cardinals,Birds,broad_guild,,,Bird direct food,nectar,flower nectar,,Food,C - documented broad bird group,Audubon ZIP 78666 / Hays context,0.27,Central Texas Bird Audubon interactions,National Audubon Society,https://www.audubon.org/native-plants
PLT0280,,Cardinals,Birds,broad_guild,,,Bird direct food,fruit,fruit,,Food,C - documented broad bird group,Audubon ZIP 78666 / Hays context,0.27,Central Texas Bird Audubon interactions,National Audubon Society,https://www.audubon.org/native-plants
PLT0280,,Sparrows,Birds,broad_guild,,,Bird direct food,seed/grain,seed/grain,,Food,C - documented broad bird group,Audubon ZIP 78666 / Hays context,0.27,Central Texas Bird Audubon interactions,National Audubon Society,https://www.audubon.org/native-plants
PLT0280,,Chickadees,Birds,broad_guild,,,Bird direct food,fruit,fruit,,Food,C - documented broad bird group,Audubon ZIP 78666 / Hays context,0.27,Central Texas Bird Audubon interactions,National Audubon Society,https://www.audubon.org/native-plants
PLT0280,,Chickadees,Birds,broad_guild,,,Bird direct food,seed/grain,seed/grain,,Food,C - documented broad bird group,Audubon ZIP 78666 / Hays context,0.27,Central Texas Bird Audubon interactions,National Audubon Society,https://www.audubon.org/native-plants
PLT0280,,Chickadees,Birds,broad_guild,,,Bird direct food,nectar,flower nectar,,Food,C - documented broad bird group,Audubon ZIP 78666 / Hays context,0.27,Central Texas Bird Audubon interactions,National Audubon Society,https://www.audubon.org/native-plants
PLT0280,,Thrushes,Birds,broad_guild,,,Bird direct food,nectar,flower nectar,,Food,C - documented broad bird group,Audubon ZIP 78666 / Hays context,0.27,Central Texas Bird Audubon interactions,National Audubon Society,https://www.audubon.org/native-plants
PLT0280,,Grosbeaks,Birds,broad_guild,,,Bird direct food,nectar,flower nectar,,Food,C - documented broad bird group,Audubon ZIP 78666 / Hays context,0.27,Central Texas Bird Audubon interactions,National Audubon Society,https://www.audubon.org/native-plants
PLT0280,,Cardinals,Birds,broad_guild,,,Bird direct food,seed/grain,seed/grain,,Food,C - documented broad bird group,Audubon ZIP 78666 / Hays context,0.27,Central Texas Bird Audubon interactions,National Audubon Society,https://www.audubon.org/native-plants
PLT0280,,Sparrows,Birds,broad_guild,,,Bird direct food,nectar,flower nectar,,Food,C - documented broad bird group,Audubon ZIP 78666 / Hays context,0.27,Central Texas Bird Audubon interactions,National Audubon Society,https://www.audubon.org/native-plants
PLT0280,,Thrashers,Birds,broad_guild,,,Bird direct food,fruit,fruit,,Food,C - documented broad bird group,Audubon ZIP 78666 / Hays context,0.27,Central Texas Bird Audubon interactions,National Audubon Society,https://www.audubon.org/native-plants
PLT0280,,Thrashers,Birds,broad_guild,,,Bird direct food,seed/grain,seed/grain,,Food,C - documented broad bird group,Audubon ZIP 78666 / Hays context,0.27,Central Texas Bird Audubon interactions,National Audubon Society,https://www.audubon.org/native-plants
PLT0280,,Thrashers,Birds,broad_guild,,,Bird direct food,nectar,flower nectar,,Food,C - documented broad bird group,Audubon ZIP 78666 / Hays context,0.27,Central Texas Bird Audubon interactions,National Audubon Society,https://www.audubon.org/native-plants
PLT0280,,Thrushes,Birds,broad_guild,,,Bird direct food,seed/grain,seed/grain,,Food,C - documented broad bird group,Audubon ZIP 78666 / Hays context,0.27,Central Texas Bird Audubon interactions,National Audubon Society,https://www.audubon.org/native-plants
PLT0280,,Nuthatches,Birds,broad_guild,,,Bird direct food,seed/grain,seed/grain,,Food,C - documented broad bird group,Audubon ZIP 78666 / Hays context,0.27,Central Texas Bird Audubon interactions,National Audubon Society,https://www.audubon.org/native-plants
PLT0280,,Finches,Birds,broad_guild,,,Bird direct food,seed/grain,seed/grain,,Food,C - documented broad bird group,Audubon ZIP 78666 / Hays context,0.27,Central Texas Bird Audubon interactions,National Audubon Society,https://www.audubon.org/native-plants
PLT0280,,Hummingbirds,Birds,broad_guild,,,Bird direct food,seed/grain,seed/grain,,Food,C - documented broad bird group,Audubon ZIP 78666 / Hays context,0.27,Central Texas Bird Audubon interactions,National Audubon Society,https://www.audubon.org/native-plants
PLT0280,,Hummingbirds,Birds,broad_guild,,,Bird direct food,nectar,flower nectar,,Food,C - documented broad bird group,Audubon ZIP 78666 / Hays context,0.27,Central Texas Bird Audubon interactions,National Audubon Society,https://www.audubon.org/native-plants
PLT0280,,Jays,Birds,broad_guild,,,Bird direct food,fruit,fruit,,Food,C - documented broad bird group,Audubon ZIP 78666 / Hays context,0.27,Central Texas Bird Audubon interactions,National Audubon Society,https://www.audubon.org/native-plants
PLT0280,,Jays,Birds,broad_guild,,,Bird direct food,seed/grain,seed/grain,,Food,C - documented broad bird group,Audubon ZIP 78666 / Hays context,0.27,Central Texas Bird Audubon interactions,National Audubon Society,https://www.audubon.org/native-plants
PLT0280,,Thrushes,Birds,broad_guild,,,Bird direct food,fruit,fruit,,Food,C - documented broad bird group,Audubon ZIP 78666 / Hays context,0.27,Central Texas Bird Audubon interactions,National Audubon Society,https://www.audubon.org/native-plants
PLT0280,,Mockingbirds,Birds,broad_guild,,,Bird direct food,fruit,fruit,,Food,C - documented broad bird group,Audubon ZIP 78666 / Hays context,0.27,Central Texas Bird Audubon interactions,National Audubon Society,https://www.audubon.org/native-plants
PLT0280,,Mockingbirds,Birds,broad_guild,,,Bird direct food,seed/grain,seed/grain,,Food,C - documented broad bird group,Audubon ZIP 78666 / Hays context,0.27,Central Texas Bird Audubon interactions,National Audubon Society,https://www.audubon.org/native-plants
PLT0280,,Nuthatches,Birds,broad_guild,,,Bird direct food,fruit,fruit,,Food,C - documented broad bird group,Audubon ZIP 78666 / Hays context,0.27,Central Texas Bird Audubon interactions,National Audubon Society,https://www.audubon.org/native-plants
PLT0280,,Woodpeckers,Birds,broad_guild,,,Bird direct food,seed/grain,seed/grain,,Food,C - documented broad bird group,Audubon ZIP 78666 / Hays context,0.27,Central Texas Bird Audubon interactions,National Audubon Society,https://www.audubon.org/native-plants
PLT0280,,Vireos,Birds,broad_guild,,,Bird direct food,fruit,fruit,,Food,C - documented broad bird group,Audubon ZIP 78666 / Hays context,0.27,Central Texas Bird Audubon interactions,National Audubon Society,https://www.audubon.org/native-plants
PLT0280,,Vireos,Birds,broad_guild,,,Bird direct food,seed/grain,seed/grain,,Food,C - documented broad bird group,Audubon ZIP 78666 / Hays context,0.27,Central Texas Bird Audubon interactions,National Audubon Society,https://www.audubon.org/native-plants
PLT0280,,Vireos,Birds,broad_guild,,,Bird direct food,nectar,flower nectar,,Food,C - documented broad bird group,Audubon ZIP 78666 / Hays context,0.27,Central Texas Bird Audubon interactions,National Audubon Society,https://www.audubon.org/native-plants
PLT0280,,Waxwings,Birds,broad_guild,,,Bird direct food,fruit,fruit,,Food,C - documented broad bird group,Audubon ZIP 78666 / Hays context,0.27,Central Texas Bird Audubon interactions,National Audubon Society,https://www.audubon.org/native-plants
PLT0280,,Wood Warblers,Birds,broad_guild,,,Bird direct food,seed/grain,seed/grain,,Food,C - documented broad bird group,Audubon ZIP 78666 / Hays context,0.27,Central Texas Bird Audubon interactions,National Audubon Society,https://www.audubon.org/native-plants
PLT0280,,Wood Warblers,Birds,broad_guild,,,Bird direct food,nectar,flower nectar,,Food,C - documented broad bird group,Audubon ZIP 78666 / Hays context,0.27,Central Texas Bird Audubon interactions,National Audubon Society,https://www.audubon.org/native-plants
PLT0280,,Woodpeckers,Birds,broad_guild,,,Bird direct food,fruit,fruit,,Food,C - documented broad bird group,Audubon ZIP 78666 / Hays context,0.27,Central Texas Bird Audubon interactions,National Audubon Society,https://www.audubon.org/native-plants
PLT0280,,Wrens,Birds,broad_guild,,,Bird direct food,seed/grain,seed/grain,,Food,C - documented broad bird group,Audubon ZIP 78666 / Hays context,0.27,Central Texas Bird Audubon interactions,National Audubon Society,https://www.audubon.org/native-plants
PLT0280,,Wrens,Birds,broad_guild,,,Bird direct food,nectar,flower nectar,,Food,C - documented broad bird group,Audubon ZIP 78666 / Hays context,0.27,Central Texas Bird Audubon interactions,National Audubon Society,https://www.audubon.org/native-plants
PLT0280,,Warblers,Birds,broad_guild,,,Bird direct food,fruit,fruit,,Food,C - documented broad bird group,Audubon ZIP 78666 / Hays context,0.27,Central Texas Bird Audubon interactions,National Audubon Society,https://www.audubon.org/native-plants
PLT0280,,Warblers,Birds,broad_guild,,,Bird direct food,seed/grain,seed/grain,,Food,C - documented broad bird group,Audubon ZIP 78666 / Hays context,0.27,Central Texas Bird Audubon interactions,National Audubon Society,https://www.audubon.org/native-plants
PLT0280,,Waxwings,Birds,broad_guild,,,Bird direct food,seed/grain,seed/grain,,Food,C - documented broad bird group,Audubon ZIP 78666 / Hays context,0.27,Central Texas Bird Audubon interactions,National Audubon Society,https://www.audubon.org/native-plants
PLT0280,,Warblers,Birds,broad_guild,,,Bird direct food,nectar,flower nectar,,Food,C - documented broad bird group,Audubon ZIP 78666 / Hays context,0.27,Central Texas Bird Audubon interactions,National Audubon Society,https://www.audubon.org/native-plants
PLT0280,,Buntings,Birds,broad_guild,,,Bird direct food,seed/grain,seed/grain,,Food,C - documented broad bird group,Audubon ZIP 78666 / Hays context,0.27,Central Texas Bird Audubon interactions,National Audubon Society,https://www.audubon.org/native-plants
PLT0280,,Waxwings,Birds,broad_guild,,,Bird direct food,nectar,flower nectar,,Food,C - documented broad bird group,Audubon ZIP 78666 / Hays context,0.27,Central Texas Bird Audubon interactions,National Audubon Society,https://www.audubon.org/native-plants
PLT0280,,Wood Warblers,Birds,broad_guild,,,Bird direct food,fruit,fruit,,Food,C - documented broad bird group,Audubon ZIP 78666 / Hays context,0.27,Central Texas Bird Audubon interactions,National Audubon Society,https://www.audubon.org/native-plants
PLT0280,,Titmice,Birds,broad_guild,,,Bird direct food,fruit,fruit,,Food,C - documented broad bird group,Audubon ZIP 78666 / Hays context,0.27,Central Texas Bird Audubon interactions,National Audubon Society,https://www.audubon.org/native-plants
PLT0280,,Titmice,Birds,broad_guild,,,Bird direct food,seed/grain,seed/grain,,Food,C - documented broad bird group,Audubon ZIP 78666 / Hays context,0.27,Central Texas Bird Audubon interactions,National Audubon Society,https://www.audubon.org/native-plants
PLT0280,,Titmice,Birds,broad_guild,,,Bird direct food,nectar,flower nectar,,Food,C - documented broad bird group,Audubon ZIP 78666 / Hays context,0.27,Central Texas Bird Audubon interactions,National Audubon Society,https://www.audubon.org/native-plants
PLT0280,,Buntings,Birds,broad_guild,,,Bird direct food,fruit,fruit,,Food,C - documented broad bird group,Audubon ZIP 78666 / Hays context,0.27,Central Texas Bird Audubon interactions,National Audubon Society,https://www.audubon.org/native-plants
PLT0280,,Woodpeckers,Birds,broad_guild,,,Bird direct food,nectar,flower nectar,,Food,C - documented broad bird group,Audubon ZIP 78666 / Hays context,0.27,Central Texas Bird Audubon interactions,National Audubon Society,https://www.audubon.org/native-plants
PLT0280,,Wrens,Birds,broad_guild,,,Bird direct food,fruit,fruit,,Food,C - documented broad bird group,Audubon ZIP 78666 / Hays context,0.27,Central Texas Bird Audubon interactions,National Audubon Society,https://www.audubon.org/native-plants
PLT0283,,Wrens,Birds,broad_guild,,,Bird direct food,fruit,fruit,,Food,C - documented broad bird group,Audubon ZIP 78666 / Hays context,0.27,Central Texas Bird Audubon interactions,National Audubon Society,https://www.audubon.org/native-plants
PLT0283,,Wood Warblers,Birds,broad_guild,,,Bird direct food,nectar,flower nectar,,Food,C - documented broad bird group,Audubon ZIP 78666 / Hays context,0.27,Central Texas Bird Audubon interactions,National Audubon Society,https://www.audubon.org/native-plants
PLT0283,,Wood Warblers,Birds,broad_guild,,,Bird direct food,seed/grain,seed/grain,,Food,C - documented broad bird group,Audubon ZIP 78666 / Hays context,0.27,Central Texas Bird Audubon interactions,National Audubon Society,https://www.audubon.org/native-plants
PLT0283,,Wood Warblers,Birds,broad_guild,,,Bird direct food,fruit,fruit,,Food,C - documented broad bird group,Audubon ZIP 78666 / Hays context,0.27,Central Texas Bird Audubon interactions,National Audubon Society,https://www.audubon.org/native-plants
PLT0283,,Woodpeckers,Birds,broad_guild,,,Bird direct food,fruit,fruit,,Food,C - documented broad bird group,Audubon ZIP 78666 / Hays context,0.27,Central Texas Bird Audubon interactions,National Audubon Society,https://www.audubon.org/native-plants
PLT0283,,Woodpeckers,Birds,broad_guild,,,Bird direct food,seed/grain,seed/grain,,Food,C - documented broad bird group,Audubon ZIP 78666 / Hays context,0.27,Central Texas Bird Audubon interactions,National Audubon Society,https://www.audubon.org/native-plants
PLT0283,,Woodpeckers,Birds,broad_guild,,,Bird direct food,nectar,flower nectar,,Food,C - documented broad bird group,Audubon ZIP 78666 / Hays context,0.27,Central Texas Bird Audubon interactions,National Audubon Society,https://www.audubon.org/native-plants
PLT0283,,Wrens,Birds,broad_guild,,,Bird direct food,seed/grain,seed/grain,,Food,C - documented broad bird group,Audubon ZIP 78666 / Hays context,0.27,Central Texas Bird Audubon interactions,National Audubon Society,https://www.audubon.org/native-plants
PLT0283,,Hummingbirds,Birds,broad_guild,,,Bird direct food,nectar,flower nectar,,Food,C - documented broad bird group,Audubon ZIP 78666 / Hays context,0.27,Central Texas Bird Audubon interactions,National Audubon Society,https://www.audubon.org/native-plants
PLT0283,,Titmice,Birds,broad_guild,,,Bird direct food,nectar,flower nectar,,Food,C - documented broad bird group,Audubon ZIP 78666 / Hays context,0.27,Central Texas Bird Audubon interactions,National Audubon Society,https://www.audubon.org/native-plants
PLT0283,,Cardinals,Birds,broad_guild,,,Bird direct food,nectar,flower nectar,,Food,C - documented broad bird group,Audubon ZIP 78666 / Hays context,0.27,Central Texas Bird Audubon interactions,National Audubon Society,https://www.audubon.org/native-plants
PLT0283,,Mockingbirds,Birds,broad_guild,,,Bird direct food,seed/grain,seed/grain,,Food,C - documented broad bird group,Audubon ZIP 78666 / Hays context,0.27,Central Texas Bird Audubon interactions,National Audubon Society,https://www.audubon.org/native-plants
PLT0283,,Mockingbirds,Birds,broad_guild,,,Bird direct food,nectar,flower nectar,,Food,C - documented broad bird group,Audubon ZIP 78666 / Hays context,0.27,Central Texas Bird Audubon interactions,National Audubon Society,https://www.audubon.org/native-plants
PLT0283,,Nuthatches,Birds,broad_guild,,,Bird direct food,fruit,fruit,,Food,C - documented broad bird group,Audubon ZIP 78666 / Hays context,0.27,Central Texas Bird Audubon interactions,National Audubon Society,https://www.audubon.org/native-plants
PLT0283,,Finches,Birds,broad_guild,,,Bird direct food,seed/grain,seed/grain,,Food,C - documented broad bird group,Audubon ZIP 78666 / Hays context,0.27,Central Texas Bird Audubon interactions,National Audubon Society,https://www.audubon.org/native-plants
PLT0283,,Buntings,Birds,broad_guild,,,Bird direct food,nectar,flower nectar,,Food,C - documented broad bird group,Audubon ZIP 78666 / Hays context,0.27,Central Texas Bird Audubon interactions,National Audubon Society,https://www.audubon.org/native-plants
PLT0283,,Cardinals,Birds,broad_guild,,,Bird direct food,fruit,fruit,,Food,C - documented broad bird group,Audubon ZIP 78666 / Hays context,0.27,Central Texas Bird Audubon interactions,National Audubon Society,https://www.audubon.org/native-plants
PLT0283,,Finches,Birds,broad_guild,,,Bird direct food,nectar,flower nectar,,Food,C - documented broad bird group,Audubon ZIP 78666 / Hays context,0.27,Central Texas Bird Audubon interactions,National Audubon Society,https://www.audubon.org/native-plants
PLT0283,,Grosbeaks,Birds,broad_guild,,,Bird direct food,fruit,fruit,,Food,C - documented broad bird group,Audubon ZIP 78666 / Hays context,0.27,Central Texas Bird Audubon interactions,National Audubon Society,https://www.audubon.org/native-plants
PLT0283,,Grosbeaks,Birds,broad_guild,,,Bird direct food,seed/grain,seed/grain,,Food,C - documented broad bird group,Audubon ZIP 78666 / Hays context,0.27,Central Texas Bird Audubon interactions,National Audubon Society,https://www.audubon.org/native-plants
PLT0283,,Chickadees,Birds,broad_guild,,,Bird direct food,seed/grain,seed/grain,,Food,C - documented broad bird group,Audubon ZIP 78666 / Hays context,0.27,Central Texas Bird Audubon interactions,National Audubon Society,https://www.audubon.org/native-plants
PLT0283,,Cardinals,Birds,broad_guild,,,Bird direct food,seed/grain,seed/grain,,Food,C - documented broad bird group,Audubon ZIP 78666 / Hays context,0.27,Central Texas Bird Audubon interactions,National Audubon Society,https://www.audubon.org/native-plants
PLT0283,,Thrashers,Birds,broad_guild,,,Bird direct food,fruit,fruit,,Food,C - documented broad bird group,Audubon ZIP 78666 / Hays context,0.27,Central Texas Bird Audubon interactions,National Audubon Society,https://www.audubon.org/native-plants
PLT0283,,Thrashers,Birds,broad_guild,,,Bird direct food,seed/grain,seed/grain,,Food,C - documented broad bird group,Audubon ZIP 78666 / Hays context,0.27,Central Texas Bird Audubon interactions,National Audubon Society,https://www.audubon.org/native-plants
PLT0283,,Chickadees,Birds,broad_guild,,,Bird direct food,fruit,fruit,,Food,C - documented broad bird group,Audubon ZIP 78666 / Hays context,0.27,Central Texas Bird Audubon interactions,National Audubon Society,https://www.audubon.org/native-plants
PLT0283,,Chickadees,Birds,broad_guild,,,Bird direct food,nectar,flower nectar,,Food,C - documented broad bird group,Audubon ZIP 78666 / Hays context,0.27,Central Texas Bird Audubon interactions,National Audubon Society,https://www.audubon.org/native-plants
PLT0283,,Buntings,Birds,broad_guild,,,Bird direct food,seed/grain,seed/grain,,Food,C - documented broad bird group,Audubon ZIP 78666 / Hays context,0.27,Central Texas Bird Audubon interactions,National Audubon Society,https://www.audubon.org/native-plants
PLT0283,,Sparrows,Birds,broad_guild,,,Bird direct food,seed/grain,seed/grain,,Food,C - documented broad bird group,Audubon ZIP 78666 / Hays context,0.27,Central Texas Bird Audubon interactions,National Audubon Society,https://www.audubon.org/native-plants
PLT0283,,Sparrows,Birds,broad_guild,,,Bird direct food,nectar,flower nectar,,Food,C - documented broad bird group,Audubon ZIP 78666 / Hays context,0.27,Central Texas Bird Audubon interactions,National Audubon Society,https://www.audubon.org/native-plants
PLT0283,,Jays,Birds,broad_guild,,,Bird direct food,seed/grain,seed/grain,,Food,C - documented broad bird group,Audubon ZIP 78666 / Hays context,0.27,Central Texas Bird Audubon interactions,National Audubon Society,https://www.audubon.org/native-plants
PLT0283,,Jays,Birds,broad_guild,,,Bird direct food,fruit,fruit,,Food,C - documented broad bird group,Audubon ZIP 78666 / Hays context,0.27,Central Texas Bird Audubon interactions,National Audubon Society,https://www.audubon.org/native-plants
PLT0283,,Hummingbirds,Birds,broad_guild,,,Bird direct food,fruit,fruit,,Food,C - documented broad bird group,Audubon ZIP 78666 / Hays context,0.27,Central Texas Bird Audubon interactions,National Audubon Society,https://www.audubon.org/native-plants
PLT0283,,Wrens,Birds,broad_guild,,,Bird direct food,nectar,flower nectar,,Food,C - documented broad bird group,Audubon ZIP 78666 / Hays context,0.27,Central Texas Bird Audubon interactions,National Audubon Society,https://www.audubon.org/native-plants
PLT0283,,Warblers,Birds,broad_guild,,,Bird direct food,seed/grain,seed/grain,,Food,C - documented broad bird group,Audubon ZIP 78666 / Hays context,0.27,Central Texas Bird Audubon interactions,National Audubon Society,https://www.audubon.org/native-plants
PLT0283,,Warblers,Birds,broad_guild,,,Bird direct food,nectar,flower nectar,,Food,C - documented broad bird group,Audubon ZIP 78666 / Hays context,0.27,Central Texas Bird Audubon interactions,National Audubon Society,https://www.audubon.org/native-plants
PLT0283,,Waxwings,Birds,broad_guild,,,Bird direct food,fruit,fruit,,Food,C - documented broad bird group,Audubon ZIP 78666 / Hays context,0.27,Central Texas Bird Audubon interactions,National Audubon Society,https://www.audubon.org/native-plants
PLT0283,,Waxwings,Birds,broad_guild,,,Bird direct food,seed/grain,seed/grain,,Food,C - documented broad bird group,Audubon ZIP 78666 / Hays context,0.27,Central Texas Bird Audubon interactions,National Audubon Society,https://www.audubon.org/native-plants
PLT0283,,Orioles,Birds,broad_guild,,,Bird direct food,seed/grain,seed/grain,,Food,C - documented broad bird group,Audubon ZIP 78666 / Hays context,0.27,Central Texas Bird Audubon interactions,National Audubon Society,https://www.audubon.org/native-plants
PLT0283,,Hummingbirds,Birds,broad_guild,,,Bird direct food,seed/grain,seed/grain,,Food,C - documented broad bird group,Audubon ZIP 78666 / Hays context,0.27,Central Texas Bird Audubon interactions,National Audubon Society,https://www.audubon.org/native-plants
PLT0283,,Mockingbirds,Birds,broad_guild,,,Bird direct food,fruit,fruit,,Food,C - documented broad bird group,Audubon ZIP 78666 / Hays context,0.27,Central Texas Bird Audubon interactions,National Audubon Society,https://www.audubon.org/native-plants
PLT0283,,Grosbeaks,Birds,broad_guild,,,Bird direct food,nectar,flower nectar,,Food,C - documented broad bird group,Audubon ZIP 78666 / Hays context,0.27,Central Texas Bird Audubon interactions,National Audubon Society,https://www.audubon.org/native-plants
PLT0283,,Orioles,Birds,broad_guild,,,Bird direct food,nectar,flower nectar,,Food,C - documented broad bird group,Audubon ZIP 78666 / Hays context,0.27,Central Texas Bird Audubon interactions,National Audubon Society,https://www.audubon.org/native-plants
PLT0283,,Vireos,Birds,broad_guild,,,Bird direct food,fruit,fruit,,Food,C - documented broad bird group,Audubon ZIP 78666 / Hays context,0.27,Central Texas Bird Audubon interactions,National Audubon Society,https://www.audubon.org/native-plants
PLT0283,,Vireos,Birds,broad_guild,,,Bird direct food,seed/grain,seed/grain,,Food,C - documented broad bird group,Audubon ZIP 78666 / Hays context,0.27,Central Texas Bird Audubon interactions,National Audubon Society,https://www.audubon.org/native-plants
PLT0283,,Vireos,Birds,broad_guild,,,Bird direct food,nectar,flower nectar,,Food,C - documented broad bird group,Audubon ZIP 78666 / Hays context,0.27,Central Texas Bird Audubon interactions,National Audubon Society,https://www.audubon.org/native-plants
PLT0283,,Warblers,Birds,broad_guild,,,Bird direct food,fruit,fruit,,Food,C - documented broad bird group,Audubon ZIP 78666 / Hays context,0.27,Central Texas Bird Audubon interactions,National Audubon Society,https://www.audubon.org/native-plants
PLT0283,,Nuthatches,Birds,broad_guild,,,Bird direct food,nectar,flower nectar,,Food,C - documented broad bird group,Audubon ZIP 78666 / Hays context,0.27,Central Texas Bird Audubon interactions,National Audubon Society,https://www.audubon.org/native-plants
PLT0283,,Orioles,Birds,broad_guild,,,Bird direct food,fruit,fruit,,Food,C - documented broad bird group,Audubon ZIP 78666 / Hays context,0.27,Central Texas Bird Audubon interactions,National Audubon Society,https://www.audubon.org/native-plants
PLT0283,,Sparrows,Birds,broad_guild,,,Bird direct food,fruit,fruit,,Food,C - documented broad bird group,Audubon ZIP 78666 / Hays context,0.27,Central Texas Bird Audubon interactions,National Audubon Society,https://www.audubon.org/native-plants
PLT0283,,Waxwings,Birds,broad_guild,,,Bird direct food,nectar,flower nectar,,Food,C - documented broad bird group,Audubon ZIP 78666 / Hays context,0.27,Central Texas Bird Audubon interactions,National Audubon Society,https://www.audubon.org/native-plants
PLT0283,,Jays,Birds,broad_guild,,,Bird direct food,nectar,flower nectar,,Food,C - documented broad bird group,Audubon ZIP 78666 / Hays context,0.27,Central Texas Bird Audubon interactions,National Audubon Society,https://www.audubon.org/native-plants
PLT0283,,Nuthatches,Birds,broad_guild,,,Bird direct food,seed/grain,seed/grain,,Food,C - documented broad bird group,Audubon ZIP 78666 / Hays context,0.27,Central Texas Bird Audubon interactions,National Audubon Society,https://www.audubon.org/native-plants
PLT0283,,Finches,Birds,broad_guild,,,Bird direct food,fruit,fruit,,Food,C - documented broad bird group,Audubon ZIP 78666 / Hays context,0.27,Central Texas Bird Audubon interactions,National Audubon Society,https://www.audubon.org/native-plants
PLT0283,,Buntings,Birds,broad_guild,,,Bird direct food,fruit,fruit,,Food,C - documented broad bird group,Audubon ZIP 78666 / Hays context,0.27,Central Texas Bird Audubon interactions,National Audubon Society,https://www.audubon.org/native-plants
PLT0283,,Thrashers,Birds,broad_guild,,,Bird direct food,nectar,flower nectar,,Food,C - documented broad bird group,Audubon ZIP 78666 / Hays context,0.27,Central Texas Bird Audubon interactions,National Audubon Society,https://www.audubon.org/native-plants
PLT0283,,Thrushes,Birds,broad_guild,,,Bird direct food,fruit,fruit,,Food,C - documented broad bird group,Audubon ZIP 78666 / Hays context,0.27,Central Texas Bird Audubon interactions,National Audubon Society,https://www.audubon.org/native-plants
PLT0283,,Crows,Birds,broad_guild,,,Bird direct food,seed/grain,seed/grain,,Food,C - documented broad bird group,Audubon ZIP 78666 / Hays context,0.27,Central Texas Bird Audubon interactions,National Audubon Society,https://www.audubon.org/native-plants
PLT0283,,Crows,Birds,broad_guild,,,Bird direct food,nectar,flower nectar,,Food,C - documented broad bird group,Audubon ZIP 78666 / Hays context,0.27,Central Texas Bird Audubon interactions,National Audubon Society,https://www.audubon.org/native-plants
PLT0283,,Thrushes,Birds,broad_guild,,,Bird direct food,nectar,flower nectar,,Food,C - documented broad bird group,Audubon ZIP 78666 / Hays context,0.27,Central Texas Bird Audubon interactions,National Audubon Society,https://www.audubon.org/native-plants
PLT0283,,Titmice,Birds,broad_guild,,,Bird direct food,seed/grain,seed/grain,,Food,C - documented broad bird group,Audubon ZIP 78666 / Hays context,0.27,Central Texas Bird Audubon interactions,National Audubon Society,https://www.audubon.org/native-plants
PLT0283,,Titmice,Birds,broad_guild,,,Bird direct food,fruit,fruit,,Food,C - documented broad bird group,Audubon ZIP 78666 / Hays context,0.27,Central Texas Bird Audubon interactions,National Audubon Society,https://www.audubon.org/native-plants
PLT0283,,Thrushes,Birds,broad_guild,,,Bird direct food,seed/grain,seed/grain,,Food,C - documented broad bird group,Audubon ZIP 78666 / Hays context,0.27,Central Texas Bird Audubon interactions,National Audubon Society,https://www.audubon.org/native-plants
PLT0283,,Crows,Birds,broad_guild,,,Bird direct food,fruit,fruit,,Food,C - documented broad bird group,Audubon ZIP 78666 / Hays context,0.27,Central Texas Bird Audubon interactions,National Audubon Society,https://www.audubon.org/native-plants
PLT0287,,Orioles,Birds,broad_guild,,,Bird direct food,seed/grain,seed/grain,,Food,C - documented broad bird group,Audubon ZIP 78666 / Hays context,0.27,Central Texas Bird Audubon interactions,National Audubon Society,https://www.audubon.org/native-plants
PLT0287,,Orioles,Birds,broad_guild,,,Bird direct food,nectar,flower nectar,,Food,C - documented broad bird group,Audubon ZIP 78666 / Hays context,0.27,Central Texas Bird Audubon interactions,National Audubon Society,https://www.audubon.org/native-plants
PLT0287,,Thrashers,Birds,broad_guild,,,Bird direct food,fruit,fruit,,Food,C - documented broad bird group,Audubon ZIP 78666 / Hays context,0.27,Central Texas Bird Audubon interactions,National Audubon Society,https://www.audubon.org/native-plants
PLT0287,,Titmice,Birds,broad_guild,,,Bird direct food,seed/grain,seed/grain,,Food,C - documented broad bird group,Audubon ZIP 78666 / Hays context,0.27,Central Texas Bird Audubon interactions,National Audubon Society,https://www.audubon.org/native-plants
PLT0287,,Thrushes,Birds,broad_guild,,,Bird direct food,fruit,fruit,,Food,C - documented broad bird group,Audubon ZIP 78666 / Hays context,0.27,Central Texas Bird Audubon interactions,National Audubon Society,https://www.audubon.org/native-plants
PLT0287,,Thrushes,Birds,broad_guild,,,Bird direct food,seed/grain,seed/grain,,Food,C - documented broad bird group,Audubon ZIP 78666 / Hays context,0.27,Central Texas Bird Audubon interactions,National Audubon Society,https://www.audubon.org/native-plants
PLT0287,,Sparrows,Birds,broad_guild,,,Bird direct food,nectar,flower nectar,,Food,C - documented broad bird group,Audubon ZIP 78666 / Hays context,0.27,Central Texas Bird Audubon interactions,National Audubon Society,https://www.audubon.org/native-plants
PLT0287,,Finches,Birds,broad_guild,,,Bird direct food,seed/grain,seed/grain,,Food,C - documented broad bird group,Audubon ZIP 78666 / Hays context,0.27,Central Texas Bird Audubon interactions,National Audubon Society,https://www.audubon.org/native-plants
PLT0287,,Finches,Birds,broad_guild,,,Bird direct food,nectar,flower nectar,,Food,C - documented broad bird group,Audubon ZIP 78666 / Hays context,0.27,Central Texas Bird Audubon interactions,National Audubon Society,https://www.audubon.org/native-plants
PLT0287,,Titmice,Birds,broad_guild,,,Bird direct food,nectar,flower nectar,,Food,C - documented broad bird group,Audubon ZIP 78666 / Hays context,0.27,Central Texas Bird Audubon interactions,National Audubon Society,https://www.audubon.org/native-plants
PLT0287,,Orioles,Birds,broad_guild,,,Bird direct food,fruit,fruit,,Food,C - documented broad bird group,Audubon ZIP 78666 / Hays context,0.27,Central Texas Bird Audubon interactions,National Audubon Society,https://www.audubon.org/native-plants
PLT0287,,Nuthatches,Birds,broad_guild,,,Bird direct food,nectar,flower nectar,,Food,C - documented broad bird group,Audubon ZIP 78666 / Hays context,0.27,Central Texas Bird Audubon interactions,National Audubon Society,https://www.audubon.org/native-plants
PLT0287,,Woodpeckers,Birds,broad_guild,,,Bird direct food,nectar,flower nectar,,Food,C - documented broad bird group,Audubon ZIP 78666 / Hays context,0.27,Central Texas Bird Audubon interactions,National Audubon Society,https://www.audubon.org/native-plants
PLT0287,,Wrens,Birds,broad_guild,,,Bird direct food,fruit,fruit,,Food,C - documented broad bird group,Audubon ZIP 78666 / Hays context,0.27,Central Texas Bird Audubon interactions,National Audubon Society,https://www.audubon.org/native-plants
PLT0287,,Wrens,Birds,broad_guild,,,Bird direct food,seed/grain,seed/grain,,Food,C - documented broad bird group,Audubon ZIP 78666 / Hays context,0.27,Central Texas Bird Audubon interactions,National Audubon Society,https://www.audubon.org/native-plants
PLT0287,,Wood Warblers,Birds,broad_guild,,,Bird direct food,fruit,fruit,,Food,C - documented broad bird group,Audubon ZIP 78666 / Hays context,0.27,Central Texas Bird Audubon interactions,National Audubon Society,https://www.audubon.org/native-plants
PLT0287,,Buntings,Birds,broad_guild,,,Bird direct food,fruit,fruit,,Food,C - documented broad bird group,Audubon ZIP 78666 / Hays context,0.27,Central Texas Bird Audubon interactions,National Audubon Society,https://www.audubon.org/native-plants
PLT0287,,Buntings,Birds,broad_guild,,,Bird direct food,seed/grain,seed/grain,,Food,C - documented broad bird group,Audubon ZIP 78666 / Hays context,0.27,Central Texas Bird Audubon interactions,National Audubon Society,https://www.audubon.org/native-plants
PLT0287,,Mockingbirds,Birds,broad_guild,,,Bird direct food,nectar,flower nectar,,Food,C - documented broad bird group,Audubon ZIP 78666 / Hays context,0.27,Central Texas Bird Audubon interactions,National Audubon Society,https://www.audubon.org/native-plants
PLT0287,,Grosbeaks,Birds,broad_guild,,,Bird direct food,fruit,fruit,,Food,C - documented broad bird group,Audubon ZIP 78666 / Hays context,0.27,Central Texas Bird Audubon interactions,National Audubon Society,https://www.audubon.org/native-plants
PLT0287,,Grosbeaks,Birds,broad_guild,,,Bird direct food,seed/grain,seed/grain,,Food,C - documented broad bird group,Audubon ZIP 78666 / Hays context,0.27,Central Texas Bird Audubon interactions,National Audubon Society,https://www.audubon.org/native-plants
PLT0287,,Grosbeaks,Birds,broad_guild,,,Bird direct food,nectar,flower nectar,,Food,C - documented broad bird group,Audubon ZIP 78666 / Hays context,0.27,Central Texas Bird Audubon interactions,National Audubon Society,https://www.audubon.org/native-plants
PLT0287,,Hummingbirds,Birds,broad_guild,,,Bird direct food,fruit,fruit,,Food,C - documented broad bird group,Audubon ZIP 78666 / Hays context,0.27,Central Texas Bird Audubon interactions,National Audubon Society,https://www.audubon.org/native-plants
PLT0287,,Hummingbirds,Birds,broad_guild,,,Bird direct food,seed/grain,seed/grain,,Food,C - documented broad bird group,Audubon ZIP 78666 / Hays context,0.27,Central Texas Bird Audubon interactions,National Audubon Society,https://www.audubon.org/native-plants
PLT0287,,Cardinals,Birds,broad_guild,,,Bird direct food,nectar,flower nectar,,Food,C - documented broad bird group,Audubon ZIP 78666 / Hays context,0.27,Central Texas Bird Audubon interactions,National Audubon Society,https://www.audubon.org/native-plants
PLT0287,,Nuthatches,Birds,broad_guild,,,Bird direct food,fruit,fruit,,Food,C - documented broad bird group,Audubon ZIP 78666 / Hays context,0.27,Central Texas Bird Audubon interactions,National Audubon Society,https://www.audubon.org/native-plants
PLT0287,,Nuthatches,Birds,broad_guild,,,Bird direct food,seed/grain,seed/grain,,Food,C - documented broad bird group,Audubon ZIP 78666 / Hays context,0.27,Central Texas Bird Audubon interactions,National Audubon Society,https://www.audubon.org/native-plants
PLT0287,,Jays,Birds,broad_guild,,,Bird direct food,fruit,fruit,,Food,C - documented broad bird group,Audubon ZIP 78666 / Hays context,0.27,Central Texas Bird Audubon interactions,National Audubon Society,https://www.audubon.org/native-plants
PLT0287,,Jays,Birds,broad_guild,,,Bird direct food,seed/grain,seed/grain,,Food,C - documented broad bird group,Audubon ZIP 78666 / Hays context,0.27,Central Texas Bird Audubon interactions,National Audubon Society,https://www.audubon.org/native-plants
PLT0287,,Finches,Birds,broad_guild,,,Bird direct food,fruit,fruit,,Food,C - documented broad bird group,Audubon ZIP 78666 / Hays context,0.27,Central Texas Bird Audubon interactions,National Audubon Society,https://www.audubon.org/native-plants
PLT0287,,Thrushes,Birds,broad_guild,,,Bird direct food,nectar,flower nectar,,Food,C - documented broad bird group,Audubon ZIP 78666 / Hays context,0.27,Central Texas Bird Audubon interactions,National Audubon Society,https://www.audubon.org/native-plants
PLT0287,,Titmice,Birds,broad_guild,,,Bird direct food,fruit,fruit,,Food,C - documented broad bird group,Audubon ZIP 78666 / Hays context,0.27,Central Texas Bird Audubon interactions,National Audubon Society,https://www.audubon.org/native-plants
PLT0287,,Cardinals,Birds,broad_guild,,,Bird direct food,fruit,fruit,,Food,C - documented broad bird group,Audubon ZIP 78666 / Hays context,0.27,Central Texas Bird Audubon interactions,National Audubon Society,https://www.audubon.org/native-plants
PLT0287,,Buntings,Birds,broad_guild,,,Bird direct food,nectar,flower nectar,,Food,C - documented broad bird group,Audubon ZIP 78666 / Hays context,0.27,Central Texas Bird Audubon interactions,National Audubon Society,https://www.audubon.org/native-plants
PLT0287,,Wood Warblers,Birds,broad_guild,,,Bird direct food,nectar,flower nectar,,Food,C - documented broad bird group,Audubon ZIP 78666 / Hays context,0.27,Central Texas Bird Audubon interactions,National Audubon Society,https://www.audubon.org/native-plants
PLT0287,,Woodpeckers,Birds,broad_guild,,,Bird direct food,fruit,fruit,,Food,C - documented broad bird group,Audubon ZIP 78666 / Hays context,0.27,Central Texas Bird Audubon interactions,National Audubon Society,https://www.audubon.org/native-plants
PLT0287,,Woodpeckers,Birds,broad_guild,,,Bird direct food,seed/grain,seed/grain,,Food,C - documented broad bird group,Audubon ZIP 78666 / Hays context,0.27,Central Texas Bird Audubon interactions,National Audubon Society,https://www.audubon.org/native-plants
PLT0287,,Vireos,Birds,broad_guild,,,Bird direct food,fruit,fruit,,Food,C - documented broad bird group,Audubon ZIP 78666 / Hays context,0.27,Central Texas Bird Audubon interactions,National Audubon Society,https://www.audubon.org/native-plants
PLT0287,,Vireos,Birds,broad_guild,,,Bird direct food,seed/grain,seed/grain,,Food,C - documented broad bird group,Audubon ZIP 78666 / Hays context,0.27,Central Texas Bird Audubon interactions,National Audubon Society,https://www.audubon.org/native-plants
PLT0287,,Vireos,Birds,broad_guild,,,Bird direct food,nectar,flower nectar,,Food,C - documented broad bird group,Audubon ZIP 78666 / Hays context,0.27,Central Texas Bird Audubon interactions,National Audubon Society,https://www.audubon.org/native-plants
PLT0287,,Warblers,Birds,broad_guild,,,Bird direct food,fruit,fruit,,Food,C - documented broad bird group,Audubon ZIP 78666 / Hays context,0.27,Central Texas Bird Audubon interactions,National Audubon Society,https://www.audubon.org/native-plants
PLT0287,,Warblers,Birds,broad_guild,,,Bird direct food,seed/grain,seed/grain,,Food,C - documented broad bird group,Audubon ZIP 78666 / Hays context,0.27,Central Texas Bird Audubon interactions,National Audubon Society,https://www.audubon.org/native-plants
PLT0287,,Warblers,Birds,broad_guild,,,Bird direct food,nectar,flower nectar,,Food,C - documented broad bird group,Audubon ZIP 78666 / Hays context,0.27,Central Texas Bird Audubon interactions,National Audubon Society,https://www.audubon.org/native-plants
PLT0287,,Chickadees,Birds,broad_guild,,,Bird direct food,fruit,fruit,,Food,C - documented broad bird group,Audubon ZIP 78666 / Hays context,0.27,Central Texas Bird Audubon interactions,National Audubon Society,https://www.audubon.org/native-plants
PLT0287,,Chickadees,Birds,broad_guild,,,Bird direct food,seed/grain,seed/grain,,Food,C - documented broad bird group,Audubon ZIP 78666 / Hays context,0.27,Central Texas Bird Audubon interactions,National Audubon Society,https://www.audubon.org/native-plants
PLT0287,,Chickadees,Birds,broad_guild,,,Bird direct food,nectar,flower nectar,,Food,C - documented broad bird group,Audubon ZIP 78666 / Hays context,0.27,Central Texas Bird Audubon interactions,National Audubon Society,https://www.audubon.org/native-plants
PLT0287,,Crows,Birds,broad_guild,,,Bird direct food,fruit,fruit,,Food,C - documented broad bird group,Audubon ZIP 78666 / Hays context,0.27,Central Texas Bird Audubon interactions,National Audubon Society,https://www.audubon.org/native-plants
PLT0287,,Crows,Birds,broad_guild,,,Bird direct food,seed/grain,seed/grain,,Food,C - documented broad bird group,Audubon ZIP 78666 / Hays context,0.27,Central Texas Bird Audubon interactions,National Audubon Society,https://www.audubon.org/native-plants
PLT0287,,Crows,Birds,broad_guild,,,Bird direct food,nectar,flower nectar,,Food,C - documented broad bird group,Audubon ZIP 78666 / Hays context,0.27,Central Texas Bird Audubon interactions,National Audubon Society,https://www.audubon.org/native-plants
PLT0287,,Hummingbirds,Birds,broad_guild,,,Bird direct food,nectar,flower nectar,,Food,C - documented broad bird group,Audubon ZIP 78666 / Hays context,0.27,Central Texas Bird Audubon interactions,National Audubon Society,https://www.audubon.org/native-plants
PLT0287,,Cardinals,Birds,broad_guild,,,Bird direct food,seed/grain,seed/grain,,Food,C - documented broad bird group,Audubon ZIP 78666 / Hays context,0.27,Central Texas Bird Audubon interactions,National Audubon Society,https://www.audubon.org/native-plants
PLT0287,,Mockingbirds,Birds,broad_guild,,,Bird direct food,fruit,fruit,,Food,C - documented broad bird group,Audubon ZIP 78666 / Hays context,0.27,Central Texas Bird Audubon interactions,National Audubon Society,https://www.audubon.org/native-plants
PLT0287,,Mockingbirds,Birds,broad_guild,,,Bird direct food,seed/grain,seed/grain,,Food,C - documented broad bird group,Audubon ZIP 78666 / Hays context,0.27,Central Texas Bird Audubon interactions,National Audubon Society,https://www.audubon.org/native-plants
PLT0287,,Wood Warblers,Birds,broad_guild,,,Bird direct food,seed/grain,seed/grain,,Food,C - documented broad bird group,Audubon ZIP 78666 / Hays context,0.27,Central Texas Bird Audubon interactions,National Audubon Society,https://www.audubon.org/native-plants
PLT0287,,Wrens,Birds,broad_guild,,,Bird direct food,nectar,flower nectar,,Food,C - documented broad bird group,Audubon ZIP 78666 / Hays context,0.27,Central Texas Bird Audubon interactions,National Audubon Society,https://www.audubon.org/native-plants
PLT0287,,Waxwings,Birds,broad_guild,,,Bird direct food,nectar,flower nectar,,Food,C - documented broad bird group,Audubon ZIP 78666 / Hays context,0.27,Central Texas Bird Audubon interactions,National Audubon Society,https://www.audubon.org/native-plants
PLT0287,,Sparrows,Birds,broad_guild,,,Bird direct food,fruit,fruit,,Food,C - documented broad bird group,Audubon ZIP 78666 / Hays context,0.27,Central Texas Bird Audubon interactions,National Audubon Society,https://www.audubon.org/native-plants
PLT0287,,Sparrows,Birds,broad_guild,,,Bird direct food,seed/grain,seed/grain,,Food,C - documented broad bird group,Audubon ZIP 78666 / Hays context,0.27,Central Texas Bird Audubon interactions,National Audubon Society,https://www.audubon.org/native-plants
PLT0287,,Waxwings,Birds,broad_guild,,,Bird direct food,fruit,fruit,,Food,C - documented broad bird group,Audubon ZIP 78666 / Hays context,0.27,Central Texas Bird Audubon interactions,National Audubon Society,https://www.audubon.org/native-plants
PLT0287,,Waxwings,Birds,broad_guild,,,Bird direct food,seed/grain,seed/grain,,Food,C - documented broad bird group,Audubon ZIP 78666 / Hays context,0.27,Central Texas Bird Audubon interactions,National Audubon Society,https://www.audubon.org/native-plants
PLT0287,,Thrashers,Birds,broad_guild,,,Bird direct food,seed/grain,seed/grain,,Food,C - documented broad bird group,Audubon ZIP 78666 / Hays context,0.27,Central Texas Bird Audubon interactions,National Audubon Society,https://www.audubon.org/native-plants
PLT0287,,Thrashers,Birds,broad_guild,,,Bird direct food,nectar,flower nectar,,Food,C - documented broad bird group,Audubon ZIP 78666 / Hays context,0.27,Central Texas Bird Audubon interactions,National Audubon Society,https://www.audubon.org/native-plants
PLT0287,,Jays,Birds,broad_guild,,,Bird direct food,nectar,flower nectar,,Food,C - documented broad bird group,Audubon ZIP 78666 / Hays context,0.27,Central Texas Bird Audubon interactions,National Audubon Society,https://www.audubon.org/native-plants
PLT0288,,Jays,Birds,broad_guild,,,Bird direct food,fruit,fruit,,Food,C - documented broad bird group,Audubon ZIP 78666 / Hays context,0.27,Central Texas Bird Audubon interactions,National Audubon Society,https://www.audubon.org/native-plants
PLT0288,,Titmice,Birds,broad_guild,,,Bird direct food,nectar,flower nectar,,Food,C - documented broad bird group,Audubon ZIP 78666 / Hays context,0.27,Central Texas Bird Audubon interactions,National Audubon Society,https://www.audubon.org/native-plants
PLT0288,,Hummingbirds,Birds,broad_guild,,,Bird direct food,seed/grain,seed/grain,,Food,C - documented broad bird group,Audubon ZIP 78666 / Hays context,0.27,Central Texas Bird Audubon interactions,National Audubon Society,https://www.audubon.org/native-plants
PLT0288,,Mockingbirds,Birds,broad_guild,,,Bird direct food,nectar,flower nectar,,Food,C - documented broad bird group,Audubon ZIP 78666 / Hays context,0.27,Central Texas Bird Audubon interactions,National Audubon Society,https://www.audubon.org/native-plants
PLT0288,,Finches,Birds,broad_guild,,,Bird direct food,fruit,fruit,,Food,C - documented broad bird group,Audubon ZIP 78666 / Hays context,0.27,Central Texas Bird Audubon interactions,National Audubon Society,https://www.audubon.org/native-plants
PLT0288,,Finches,Birds,broad_guild,,,Bird direct food,seed/grain,seed/grain,,Food,C - documented broad bird group,Audubon ZIP 78666 / Hays context,0.27,Central Texas Bird Audubon interactions,National Audubon Society,https://www.audubon.org/native-plants
PLT0288,,Grosbeaks,Birds,broad_guild,,,Bird direct food,fruit,fruit,,Food,C - documented broad bird group,Audubon ZIP 78666 / Hays context,0.27,Central Texas Bird Audubon interactions,National Audubon Society,https://www.audubon.org/native-plants
PLT0288,,Grosbeaks,Birds,broad_guild,,,Bird direct food,seed/grain,seed/grain,,Food,C - documented broad bird group,Audubon ZIP 78666 / Hays context,0.27,Central Texas Bird Audubon interactions,National Audubon Society,https://www.audubon.org/native-plants
PLT0288,,Grosbeaks,Birds,broad_guild,,,Bird direct food,nectar,flower nectar,,Food,C - documented broad bird group,Audubon ZIP 78666 / Hays context,0.27,Central Texas Bird Audubon interactions,National Audubon Society,https://www.audubon.org/native-plants
PLT0288,,Nuthatches,Birds,broad_guild,,,Bird direct food,seed/grain,seed/grain,,Food,C - documented broad bird group,Audubon ZIP 78666 / Hays context,0.27,Central Texas Bird Audubon interactions,National Audubon Society,https://www.audubon.org/native-plants
PLT0288,,Nuthatches,Birds,broad_guild,,,Bird direct food,nectar,flower nectar,,Food,C - documented broad bird group,Audubon ZIP 78666 / Hays context,0.27,Central Texas Bird Audubon interactions,National Audubon Society,https://www.audubon.org/native-plants
PLT0288,,Titmice,Birds,broad_guild,,,Bird direct food,seed/grain,seed/grain,,Food,C - documented broad bird group,Audubon ZIP 78666 / Hays context,0.27,Central Texas Bird Audubon interactions,National Audubon Society,https://www.audubon.org/native-plants
PLT0288,,Hummingbirds,Birds,broad_guild,,,Bird direct food,nectar,flower nectar,,Food,C - documented broad bird group,Audubon ZIP 78666 / Hays context,0.27,Central Texas Bird Audubon interactions,National Audubon Society,https://www.audubon.org/native-plants
PLT0288,,Jays,Birds,broad_guild,,,Bird direct food,seed/grain,seed/grain,,Food,C - documented broad bird group,Audubon ZIP 78666 / Hays context,0.27,Central Texas Bird Audubon interactions,National Audubon Society,https://www.audubon.org/native-plants
PLT0288,,Jays,Birds,broad_guild,,,Bird direct food,nectar,flower nectar,,Food,C - documented broad bird group,Audubon ZIP 78666 / Hays context,0.27,Central Texas Bird Audubon interactions,National Audubon Society,https://www.audubon.org/native-plants
PLT0288,,Mockingbirds,Birds,broad_guild,,,Bird direct food,fruit,fruit,,Food,C - documented broad bird group,Audubon ZIP 78666 / Hays context,0.27,Central Texas Bird Audubon interactions,National Audubon Society,https://www.audubon.org/native-plants
PLT0288,,Vireos,Birds,broad_guild,,,Bird direct food,fruit,fruit,,Food,C - documented broad bird group,Audubon ZIP 78666 / Hays context,0.27,Central Texas Bird Audubon interactions,National Audubon Society,https://www.audubon.org/native-plants
PLT0288,,Vireos,Birds,broad_guild,,,Bird direct food,seed/grain,seed/grain,,Food,C - documented broad bird group,Audubon ZIP 78666 / Hays context,0.27,Central Texas Bird Audubon interactions,National Audubon Society,https://www.audubon.org/native-plants
PLT0288,,Vireos,Birds,broad_guild,,,Bird direct food,nectar,flower nectar,,Food,C - documented broad bird group,Audubon ZIP 78666 / Hays context,0.27,Central Texas Bird Audubon interactions,National Audubon Society,https://www.audubon.org/native-plants
PLT0288,,Warblers,Birds,broad_guild,,,Bird direct food,fruit,fruit,,Food,C - documented broad bird group,Audubon ZIP 78666 / Hays context,0.27,Central Texas Bird Audubon interactions,National Audubon Society,https://www.audubon.org/native-plants
PLT0288,,Finches,Birds,broad_guild,,,Bird direct food,nectar,flower nectar,,Food,C - documented broad bird group,Audubon ZIP 78666 / Hays context,0.27,Central Texas Bird Audubon interactions,National Audubon Society,https://www.audubon.org/native-plants
PLT0288,,Warblers,Birds,broad_guild,,,Bird direct food,seed/grain,seed/grain,,Food,C - documented broad bird group,Audubon ZIP 78666 / Hays context,0.27,Central Texas Bird Audubon interactions,National Audubon Society,https://www.audubon.org/native-plants
PLT0288,,Mockingbirds,Birds,broad_guild,,,Bird direct food,seed/grain,seed/grain,,Food,C - documented broad bird group,Audubon ZIP 78666 / Hays context,0.27,Central Texas Bird Audubon interactions,National Audubon Society,https://www.audubon.org/native-plants
PLT0288,,Cardinals,Birds,broad_guild,,,Bird direct food,fruit,fruit,,Food,C - documented broad bird group,Audubon ZIP 78666 / Hays context,0.27,Central Texas Bird Audubon interactions,National Audubon Society,https://www.audubon.org/native-plants
PLT0288,,Orioles,Birds,broad_guild,,,Bird direct food,fruit,fruit,,Food,C - documented broad bird group,Audubon ZIP 78666 / Hays context,0.27,Central Texas Bird Audubon interactions,National Audubon Society,https://www.audubon.org/native-plants
PLT0288,,Orioles,Birds,broad_guild,,,Bird direct food,seed/grain,seed/grain,,Food,C - documented broad bird group,Audubon ZIP 78666 / Hays context,0.27,Central Texas Bird Audubon interactions,National Audubon Society,https://www.audubon.org/native-plants
PLT0288,,Titmice,Birds,broad_guild,,,Bird direct food,fruit,fruit,,Food,C - documented broad bird group,Audubon ZIP 78666 / Hays context,0.27,Central Texas Bird Audubon interactions,National Audubon Society,https://www.audubon.org/native-plants
PLT0288,,Woodpeckers,Birds,broad_guild,,,Bird direct food,nectar,flower nectar,,Food,C - documented broad bird group,Audubon ZIP 78666 / Hays context,0.27,Central Texas Bird Audubon interactions,National Audubon Society,https://www.audubon.org/native-plants
PLT0288,,Sparrows,Birds,broad_guild,,,Bird direct food,seed/grain,seed/grain,,Food,C - documented broad bird group,Audubon ZIP 78666 / Hays context,0.27,Central Texas Bird Audubon interactions,National Audubon Society,https://www.audubon.org/native-plants
PLT0288,,Sparrows,Birds,broad_guild,,,Bird direct food,fruit,fruit,,Food,C - documented broad bird group,Audubon ZIP 78666 / Hays context,0.27,Central Texas Bird Audubon interactions,National Audubon Society,https://www.audubon.org/native-plants
PLT0288,,Thrushes,Birds,broad_guild,,,Bird direct food,fruit,fruit,,Food,C - documented broad bird group,Audubon ZIP 78666 / Hays context,0.27,Central Texas Bird Audubon interactions,National Audubon Society,https://www.audubon.org/native-plants
PLT0288,,Thrushes,Birds,broad_guild,,,Bird direct food,seed/grain,seed/grain,,Food,C - documented broad bird group,Audubon ZIP 78666 / Hays context,0.27,Central Texas Bird Audubon interactions,National Audubon Society,https://www.audubon.org/native-plants
PLT0288,,Thrushes,Birds,broad_guild,,,Bird direct food,nectar,flower nectar,,Food,C - documented broad bird group,Audubon ZIP 78666 / Hays context,0.27,Central Texas Bird Audubon interactions,National Audubon Society,https://www.audubon.org/native-plants
PLT0288,,Buntings,Birds,broad_guild,,,Bird direct food,nectar,flower nectar,,Food,C - documented broad bird group,Audubon ZIP 78666 / Hays context,0.27,Central Texas Bird Audubon interactions,National Audubon Society,https://www.audubon.org/native-plants
PLT0288,,Orioles,Birds,broad_guild,,,Bird direct food,nectar,flower nectar,,Food,C - documented broad bird group,Audubon ZIP 78666 / Hays context,0.27,Central Texas Bird Audubon interactions,National Audubon Society,https://www.audubon.org/native-plants
PLT0288,,Wood Warblers,Birds,broad_guild,,,Bird direct food,fruit,fruit,,Food,C - documented broad bird group,Audubon ZIP 78666 / Hays context,0.27,Central Texas Bird Audubon interactions,National Audubon Society,https://www.audubon.org/native-plants
PLT0288,,Wood Warblers,Birds,broad_guild,,,Bird direct food,seed/grain,seed/grain,,Food,C - documented broad bird group,Audubon ZIP 78666 / Hays context,0.27,Central Texas Bird Audubon interactions,National Audubon Society,https://www.audubon.org/native-plants
PLT0288,,Wood Warblers,Birds,broad_guild,,,Bird direct food,nectar,flower nectar,,Food,C - documented broad bird group,Audubon ZIP 78666 / Hays context,0.27,Central Texas Bird Audubon interactions,National Audubon Society,https://www.audubon.org/native-plants
PLT0288,,Woodpeckers,Birds,broad_guild,,,Bird direct food,fruit,fruit,,Food,C - documented broad bird group,Audubon ZIP 78666 / Hays context,0.27,Central Texas Bird Audubon interactions,National Audubon Society,https://www.audubon.org/native-plants
PLT0288,,Thrashers,Birds,broad_guild,,,Bird direct food,nectar,flower nectar,,Food,C - documented broad bird group,Audubon ZIP 78666 / Hays context,0.27,Central Texas Bird Audubon interactions,National Audubon Society,https://www.audubon.org/native-plants
PLT0288,,Waxwings,Birds,broad_guild,,,Bird direct food,fruit,fruit,,Food,C - documented broad bird group,Audubon ZIP 78666 / Hays context,0.27,Central Texas Bird Audubon interactions,National Audubon Society,https://www.audubon.org/native-plants
PLT0288,,Buntings,Birds,broad_guild,,,Bird direct food,fruit,fruit,,Food,C - documented broad bird group,Audubon ZIP 78666 / Hays context,0.27,Central Texas Bird Audubon interactions,National Audubon Society,https://www.audubon.org/native-plants
PLT0288,,Buntings,Birds,broad_guild,,,Bird direct food,seed/grain,seed/grain,,Food,C - documented broad bird group,Audubon ZIP 78666 / Hays context,0.27,Central Texas Bird Audubon interactions,National Audubon Society,https://www.audubon.org/native-plants
PLT0288,,Wrens,Birds,broad_guild,,,Bird direct food,seed/grain,seed/grain,,Food,C - documented broad bird group,Audubon ZIP 78666 / Hays context,0.27,Central Texas Bird Audubon interactions,National Audubon Society,https://www.audubon.org/native-plants
PLT0288,,Chickadees,Birds,broad_guild,,,Bird direct food,fruit,fruit,,Food,C - documented broad bird group,Audubon ZIP 78666 / Hays context,0.27,Central Texas Bird Audubon interactions,National Audubon Society,https://www.audubon.org/native-plants
PLT0288,,Sparrows,Birds,broad_guild,,,Bird direct food,nectar,flower nectar,,Food,C - documented broad bird group,Audubon ZIP 78666 / Hays context,0.27,Central Texas Bird Audubon interactions,National Audubon Society,https://www.audubon.org/native-plants
PLT0288,,Hummingbirds,Birds,broad_guild,,,Bird direct food,fruit,fruit,,Food,C - documented broad bird group,Audubon ZIP 78666 / Hays context,0.27,Central Texas Bird Audubon interactions,National Audubon Society,https://www.audubon.org/native-plants
PLT0288,,Cardinals,Birds,broad_guild,,,Bird direct food,seed/grain,seed/grain,,Food,C - documented broad bird group,Audubon ZIP 78666 / Hays context,0.27,Central Texas Bird Audubon interactions,National Audubon Society,https://www.audubon.org/native-plants
PLT0288,,Nuthatches,Birds,broad_guild,,,Bird direct food,fruit,fruit,,Food,C - documented broad bird group,Audubon ZIP 78666 / Hays context,0.27,Central Texas Bird Audubon interactions,National Audubon Society,https://www.audubon.org/native-plants
PLT0288,,Wrens,Birds,broad_guild,,,Bird direct food,fruit,fruit,,Food,C - documented broad bird group,Audubon ZIP 78666 / Hays context,0.27,Central Texas Bird Audubon interactions,National Audubon Society,https://www.audubon.org/native-plants
PLT0288,,Warblers,Birds,broad_guild,,,Bird direct food,nectar,flower nectar,,Food,C - documented broad bird group,Audubon ZIP 78666 / Hays context,0.27,Central Texas Bird Audubon interactions,National Audubon Society,https://www.audubon.org/native-plants
PLT0288,,Cardinals,Birds,broad_guild,,,Bird direct food,nectar,flower nectar,,Food,C - documented broad bird group,Audubon ZIP 78666 / Hays context,0.27,Central Texas Bird Audubon interactions,National Audubon Society,https://www.audubon.org/native-plants
PLT0288,,Waxwings,Birds,broad_guild,,,Bird direct food,seed/grain,seed/grain,,Food,C - documented broad bird group,Audubon ZIP 78666 / Hays context,0.27,Central Texas Bird Audubon interactions,National Audubon Society,https://www.audubon.org/native-plants
PLT0288,,Waxwings,Birds,broad_guild,,,Bird direct food,nectar,flower nectar,,Food,C - documented broad bird group,Audubon ZIP 78666 / Hays context,0.27,Central Texas Bird Audubon interactions,National Audubon Society,https://www.audubon.org/native-plants
PLT0288,,Chickadees,Birds,broad_guild,,,Bird direct food,seed/grain,seed/grain,,Food,C - documented broad bird group,Audubon ZIP 78666 / Hays context,0.27,Central Texas Bird Audubon interactions,National Audubon Society,https://www.audubon.org/native-plants
PLT0288,,Chickadees,Birds,broad_guild,,,Bird direct food,nectar,flower nectar,,Food,C - documented broad bird group,Audubon ZIP 78666 / Hays context,0.27,Central Texas Bird Audubon interactions,National Audubon Society,https://www.audubon.org/native-plants
PLT0288,,Crows,Birds,broad_guild,,,Bird direct food,fruit,fruit,,Food,C - documented broad bird group,Audubon ZIP 78666 / Hays context,0.27,Central Texas Bird Audubon interactions,National Audubon Society,https://www.audubon.org/native-plants
PLT0288,,Crows,Birds,broad_guild,,,Bird direct food,seed/grain,seed/grain,,Food,C - documented broad bird group,Audubon ZIP 78666 / Hays context,0.27,Central Texas Bird Audubon interactions,National Audubon Society,https://www.audubon.org/native-plants
PLT0288,,Crows,Birds,broad_guild,,,Bird direct food,nectar,flower nectar,,Food,C - documented broad bird group,Audubon ZIP 78666 / Hays context,0.27,Central Texas Bird Audubon interactions,National Audubon Society,https://www.audubon.org/native-plants
PLT0288,,Woodpeckers,Birds,broad_guild,,,Bird direct food,seed/grain,seed/grain,,Food,C - documented broad bird group,Audubon ZIP 78666 / Hays context,0.27,Central Texas Bird Audubon interactions,National Audubon Society,https://www.audubon.org/native-plants
PLT0288,,Wrens,Birds,broad_guild,,,Bird direct food,nectar,flower nectar,,Food,C - documented broad bird group,Audubon ZIP 78666 / Hays context,0.27,Central Texas Bird Audubon interactions,National Audubon Society,https://www.audubon.org/native-plants
PLT0288,,Thrashers,Birds,broad_guild,,,Bird direct food,seed/grain,seed/grain,,Food,C - documented broad bird group,Audubon ZIP 78666 / Hays context,0.27,Central Texas Bird Audubon interactions,National Audubon Society,https://www.audubon.org/native-plants
PLT0288,,Thrashers,Birds,broad_guild,,,Bird direct food,fruit,fruit,,Food,C - documented broad bird group,Audubon ZIP 78666 / Hays context,0.27,Central Texas Bird Audubon interactions,National Audubon Society,https://www.audubon.org/native-plants
PLT0289,,Finches,Birds,broad_guild,,,Bird direct food,seed/grain,seed/grain,,Food,C - documented broad bird group,Audubon ZIP 78666 / Hays context,0.27,Central Texas Bird Audubon interactions,National Audubon Society,https://www.audubon.org/native-plants
PLT0289,,Orioles,Birds,broad_guild,,,Bird direct food,fruit,fruit,,Food,C - documented broad bird group,Audubon ZIP 78666 / Hays context,0.27,Central Texas Bird Audubon interactions,National Audubon Society,https://www.audubon.org/native-plants
PLT0289,,Grosbeaks,Birds,broad_guild,,,Bird direct food,fruit,fruit,,Food,C - documented broad bird group,Audubon ZIP 78666 / Hays context,0.27,Central Texas Bird Audubon interactions,National Audubon Society,https://www.audubon.org/native-plants
PLT0289,,Cardinals,Birds,broad_guild,,,Bird direct food,nectar,flower nectar,,Food,C - documented broad bird group,Audubon ZIP 78666 / Hays context,0.27,Central Texas Bird Audubon interactions,National Audubon Society,https://www.audubon.org/native-plants
PLT0289,,Waxwings,Birds,broad_guild,,,Bird direct food,seed/grain,seed/grain,,Food,C - documented broad bird group,Audubon ZIP 78666 / Hays context,0.27,Central Texas Bird Audubon interactions,National Audubon Society,https://www.audubon.org/native-plants
PLT0289,,Chickadees,Birds,broad_guild,,,Bird direct food,fruit,fruit,,Food,C - documented broad bird group,Audubon ZIP 78666 / Hays context,0.27,Central Texas Bird Audubon interactions,National Audubon Society,https://www.audubon.org/native-plants
PLT0289,,Chickadees,Birds,broad_guild,,,Bird direct food,nectar,flower nectar,,Food,C - documented broad bird group,Audubon ZIP 78666 / Hays context,0.27,Central Texas Bird Audubon interactions,National Audubon Society,https://www.audubon.org/native-plants
PLT0289,,Jays,Birds,broad_guild,,,Bird direct food,seed/grain,seed/grain,,Food,C - documented broad bird group,Audubon ZIP 78666 / Hays context,0.27,Central Texas Bird Audubon interactions,National Audubon Society,https://www.audubon.org/native-plants
PLT0289,,Chickadees,Birds,broad_guild,,,Bird direct food,seed/grain,seed/grain,,Food,C - documented broad bird group,Audubon ZIP 78666 / Hays context,0.27,Central Texas Bird Audubon interactions,National Audubon Society,https://www.audubon.org/native-plants
PLT0289,,Hummingbirds,Birds,broad_guild,,,Bird direct food,nectar,flower nectar,,Food,C - documented broad bird group,Audubon ZIP 78666 / Hays context,0.27,Central Texas Bird Audubon interactions,National Audubon Society,https://www.audubon.org/native-plants
PLT0289,,Jays,Birds,broad_guild,,,Bird direct food,fruit,fruit,,Food,C - documented broad bird group,Audubon ZIP 78666 / Hays context,0.27,Central Texas Bird Audubon interactions,National Audubon Society,https://www.audubon.org/native-plants
PLT0289,,Wood Warblers,Birds,broad_guild,,,Bird direct food,fruit,fruit,,Food,C - documented broad bird group,Audubon ZIP 78666 / Hays context,0.27,Central Texas Bird Audubon interactions,National Audubon Society,https://www.audubon.org/native-plants
PLT0289,,Titmice,Birds,broad_guild,,,Bird direct food,nectar,flower nectar,,Food,C - documented broad bird group,Audubon ZIP 78666 / Hays context,0.27,Central Texas Bird Audubon interactions,National Audubon Society,https://www.audubon.org/native-plants
PLT0289,,Wrens,Birds,broad_guild,,,Bird direct food,seed/grain,seed/grain,,Food,C - documented broad bird group,Audubon ZIP 78666 / Hays context,0.27,Central Texas Bird Audubon interactions,National Audubon Society,https://www.audubon.org/native-plants
PLT0289,,Mockingbirds,Birds,broad_guild,,,Bird direct food,fruit,fruit,,Food,C - documented broad bird group,Audubon ZIP 78666 / Hays context,0.27,Central Texas Bird Audubon interactions,National Audubon Society,https://www.audubon.org/native-plants
PLT0289,,Mockingbirds,Birds,broad_guild,,,Bird direct food,seed/grain,seed/grain,,Food,C - documented broad bird group,Audubon ZIP 78666 / Hays context,0.27,Central Texas Bird Audubon interactions,National Audubon Society,https://www.audubon.org/native-plants
PLT0289,,Warblers,Birds,broad_guild,,,Bird direct food,fruit,fruit,,Food,C - documented broad bird group,Audubon ZIP 78666 / Hays context,0.27,Central Texas Bird Audubon interactions,National Audubon Society,https://www.audubon.org/native-plants
PLT0289,,Warblers,Birds,broad_guild,,,Bird direct food,seed/grain,seed/grain,,Food,C - documented broad bird group,Audubon ZIP 78666 / Hays context,0.27,Central Texas Bird Audubon interactions,National Audubon Society,https://www.audubon.org/native-plants
PLT0289,,Jays,Birds,broad_guild,,,Bird direct food,nectar,flower nectar,,Food,C - documented broad bird group,Audubon ZIP 78666 / Hays context,0.27,Central Texas Bird Audubon interactions,National Audubon Society,https://www.audubon.org/native-plants
PLT0289,,Waxwings,Birds,broad_guild,,,Bird direct food,fruit,fruit,,Food,C - documented broad bird group,Audubon ZIP 78666 / Hays context,0.27,Central Texas Bird Audubon interactions,National Audubon Society,https://www.audubon.org/native-plants
PLT0289,,Vireos,Birds,broad_guild,,,Bird direct food,fruit,fruit,,Food,C - documented broad bird group,Audubon ZIP 78666 / Hays context,0.27,Central Texas Bird Audubon interactions,National Audubon Society,https://www.audubon.org/native-plants
PLT0289,,Titmice,Birds,broad_guild,,,Bird direct food,fruit,fruit,,Food,C - documented broad bird group,Audubon ZIP 78666 / Hays context,0.27,Central Texas Bird Audubon interactions,National Audubon Society,https://www.audubon.org/native-plants
PLT0289,,Titmice,Birds,broad_guild,,,Bird direct food,seed/grain,seed/grain,,Food,C - documented broad bird group,Audubon ZIP 78666 / Hays context,0.27,Central Texas Bird Audubon interactions,National Audubon Society,https://www.audubon.org/native-plants
PLT0289,,Crows,Birds,broad_guild,,,Bird direct food,fruit,fruit,,Food,C - documented broad bird group,Audubon ZIP 78666 / Hays context,0.27,Central Texas Bird Audubon interactions,National Audubon Society,https://www.audubon.org/native-plants
PLT0289,,Crows,Birds,broad_guild,,,Bird direct food,seed/grain,seed/grain,,Food,C - documented broad bird group,Audubon ZIP 78666 / Hays context,0.27,Central Texas Bird Audubon interactions,National Audubon Society,https://www.audubon.org/native-plants
PLT0289,,Crows,Birds,broad_guild,,,Bird direct food,nectar,flower nectar,,Food,C - documented broad bird group,Audubon ZIP 78666 / Hays context,0.27,Central Texas Bird Audubon interactions,National Audubon Society,https://www.audubon.org/native-plants
PLT0289,,Finches,Birds,broad_guild,,,Bird direct food,fruit,fruit,,Food,C - documented broad bird group,Audubon ZIP 78666 / Hays context,0.27,Central Texas Bird Audubon interactions,National Audubon Society,https://www.audubon.org/native-plants
PLT0289,,Vireos,Birds,broad_guild,,,Bird direct food,seed/grain,seed/grain,,Food,C - documented broad bird group,Audubon ZIP 78666 / Hays context,0.27,Central Texas Bird Audubon interactions,National Audubon Society,https://www.audubon.org/native-plants
PLT0289,,Waxwings,Birds,broad_guild,,,Bird direct food,nectar,flower nectar,,Food,C - documented broad bird group,Audubon ZIP 78666 / Hays context,0.27,Central Texas Bird Audubon interactions,National Audubon Society,https://www.audubon.org/native-plants
PLT0289,,Vireos,Birds,broad_guild,,,Bird direct food,nectar,flower nectar,,Food,C - documented broad bird group,Audubon ZIP 78666 / Hays context,0.27,Central Texas Bird Audubon interactions,National Audubon Society,https://www.audubon.org/native-plants
PLT0289,,Warblers,Birds,broad_guild,,,Bird direct food,nectar,flower nectar,,Food,C - documented broad bird group,Audubon ZIP 78666 / Hays context,0.27,Central Texas Bird Audubon interactions,National Audubon Society,https://www.audubon.org/native-plants
PLT0289,,Thrashers,Birds,broad_guild,,,Bird direct food,nectar,flower nectar,,Food,C - documented broad bird group,Audubon ZIP 78666 / Hays context,0.27,Central Texas Bird Audubon interactions,National Audubon Society,https://www.audubon.org/native-plants
PLT0289,,Buntings,Birds,broad_guild,,,Bird direct food,fruit,fruit,,Food,C - documented broad bird group,Audubon ZIP 78666 / Hays context,0.27,Central Texas Bird Audubon interactions,National Audubon Society,https://www.audubon.org/native-plants
PLT0289,,Buntings,Birds,broad_guild,,,Bird direct food,seed/grain,seed/grain,,Food,C - documented broad bird group,Audubon ZIP 78666 / Hays context,0.27,Central Texas Bird Audubon interactions,National Audubon Society,https://www.audubon.org/native-plants
PLT0289,,Buntings,Birds,broad_guild,,,Bird direct food,nectar,flower nectar,,Food,C - documented broad bird group,Audubon ZIP 78666 / Hays context,0.27,Central Texas Bird Audubon interactions,National Audubon Society,https://www.audubon.org/native-plants
PLT0289,,Cardinals,Birds,broad_guild,,,Bird direct food,seed/grain,seed/grain,,Food,C - documented broad bird group,Audubon ZIP 78666 / Hays context,0.27,Central Texas Bird Audubon interactions,National Audubon Society,https://www.audubon.org/native-plants
PLT0289,,Cardinals,Birds,broad_guild,,,Bird direct food,fruit,fruit,,Food,C - documented broad bird group,Audubon ZIP 78666 / Hays context,0.27,Central Texas Bird Audubon interactions,National Audubon Society,https://www.audubon.org/native-plants
PLT0289,,Thrushes,Birds,broad_guild,,,Bird direct food,nectar,flower nectar,,Food,C - documented broad bird group,Audubon ZIP 78666 / Hays context,0.27,Central Texas Bird Audubon interactions,National Audubon Society,https://www.audubon.org/native-plants
PLT0289,,Sparrows,Birds,broad_guild,,,Bird direct food,fruit,fruit,,Food,C - documented broad bird group,Audubon ZIP 78666 / Hays context,0.27,Central Texas Bird Audubon interactions,National Audubon Society,https://www.audubon.org/native-plants
PLT0289,,Orioles,Birds,broad_guild,,,Bird direct food,seed/grain,seed/grain,,Food,C - documented broad bird group,Audubon ZIP 78666 / Hays context,0.27,Central Texas Bird Audubon interactions,National Audubon Society,https://www.audubon.org/native-plants
PLT0289,,Grosbeaks,Birds,broad_guild,,,Bird direct food,seed/grain,seed/grain,,Food,C - documented broad bird group,Audubon ZIP 78666 / Hays context,0.27,Central Texas Bird Audubon interactions,National Audubon Society,https://www.audubon.org/native-plants
PLT0289,,Grosbeaks,Birds,broad_guild,,,Bird direct food,nectar,flower nectar,,Food,C - documented broad bird group,Audubon ZIP 78666 / Hays context,0.27,Central Texas Bird Audubon interactions,National Audubon Society,https://www.audubon.org/native-plants
PLT0289,,Thrushes,Birds,broad_guild,,,Bird direct food,seed/grain,seed/grain,,Food,C - documented broad bird group,Audubon ZIP 78666 / Hays context,0.27,Central Texas Bird Audubon interactions,National Audubon Society,https://www.audubon.org/native-plants
PLT0289,,Hummingbirds,Birds,broad_guild,,,Bird direct food,fruit,fruit,,Food,C - documented broad bird group,Audubon ZIP 78666 / Hays context,0.27,Central Texas Bird Audubon interactions,National Audubon Society,https://www.audubon.org/native-plants
PLT0289,,Hummingbirds,Birds,broad_guild,,,Bird direct food,seed/grain,seed/grain,,Food,C - documented broad bird group,Audubon ZIP 78666 / Hays context,0.27,Central Texas Bird Audubon interactions,National Audubon Society,https://www.audubon.org/native-plants
PLT0289,,Orioles,Birds,broad_guild,,,Bird direct food,nectar,flower nectar,,Food,C - documented broad bird group,Audubon ZIP 78666 / Hays context,0.27,Central Texas Bird Audubon interactions,National Audubon Society,https://www.audubon.org/native-plants
PLT0289,,Sparrows,Birds,broad_guild,,,Bird direct food,seed/grain,seed/grain,,Food,C - documented broad bird group,Audubon ZIP 78666 / Hays context,0.27,Central Texas Bird Audubon interactions,National Audubon Society,https://www.audubon.org/native-plants
PLT0289,,Sparrows,Birds,broad_guild,,,Bird direct food,nectar,flower nectar,,Food,C - documented broad bird group,Audubon ZIP 78666 / Hays context,0.27,Central Texas Bird Audubon interactions,National Audubon Society,https://www.audubon.org/native-plants
PLT0289,,Thrashers,Birds,broad_guild,,,Bird direct food,fruit,fruit,,Food,C - documented broad bird group,Audubon ZIP 78666 / Hays context,0.27,Central Texas Bird Audubon interactions,National Audubon Society,https://www.audubon.org/native-plants
PLT0289,,Thrashers,Birds,broad_guild,,,Bird direct food,seed/grain,seed/grain,,Food,C - documented broad bird group,Audubon ZIP 78666 / Hays context,0.27,Central Texas Bird Audubon interactions,National Audubon Society,https://www.audubon.org/native-plants
PLT0289,,Thrushes,Birds,broad_guild,,,Bird direct food,fruit,fruit,,Food,C - documented broad bird group,Audubon ZIP 78666 / Hays context,0.27,Central Texas Bird Audubon interactions,National Audubon Society,https://www.audubon.org/native-plants
PLT0289,,Wood Warblers,Birds,broad_guild,,,Bird direct food,seed/grain,seed/grain,,Food,C - documented broad bird group,Audubon ZIP 78666 / Hays context,0.27,Central Texas Bird Audubon interactions,National Audubon Society,https://www.audubon.org/native-plants
PLT0289,,Finches,Birds,broad_guild,,,Bird direct food,nectar,flower nectar,,Food,C - documented broad bird group,Audubon ZIP 78666 / Hays context,0.27,Central Texas Bird Audubon interactions,National Audubon Society,https://www.audubon.org/native-plants
PLT0289,,Wrens,Birds,broad_guild,,,Bird direct food,nectar,flower nectar,,Food,C - documented broad bird group,Audubon ZIP 78666 / Hays context,0.27,Central Texas Bird Audubon interactions,National Audubon Society,https://www.audubon.org/native-plants
PLT0289,,Woodpeckers,Birds,broad_guild,,,Bird direct food,nectar,flower nectar,,Food,C - documented broad bird group,Audubon ZIP 78666 / Hays context,0.27,Central Texas Bird Audubon interactions,National Audubon Society,https://www.audubon.org/native-plants
PLT0289,,Wrens,Birds,broad_guild,,,Bird direct food,fruit,fruit,,Food,C - documented broad bird group,Audubon ZIP 78666 / Hays context,0.27,Central Texas Bird Audubon interactions,National Audubon Society,https://www.audubon.org/native-plants
PLT0289,,Mockingbirds,Birds,broad_guild,,,Bird direct food,nectar,flower nectar,,Food,C - documented broad bird group,Audubon ZIP 78666 / Hays context,0.27,Central Texas Bird Audubon interactions,National Audubon Society,https://www.audubon.org/native-plants
PLT0289,,Nuthatches,Birds,broad_guild,,,Bird direct food,fruit,fruit,,Food,C - documented broad bird group,Audubon ZIP 78666 / Hays context,0.27,Central Texas Bird Audubon interactions,National Audubon Society,https://www.audubon.org/native-plants
PLT0289,,Nuthatches,Birds,broad_guild,,,Bird direct food,seed/grain,seed/grain,,Food,C - documented broad bird group,Audubon ZIP 78666 / Hays context,0.27,Central Texas Bird Audubon interactions,National Audubon Society,https://www.audubon.org/native-plants
PLT0289,,Nuthatches,Birds,broad_guild,,,Bird direct food,nectar,flower nectar,,Food,C - documented broad bird group,Audubon ZIP 78666 / Hays context,0.27,Central Texas Bird Audubon interactions,National Audubon Society,https://www.audubon.org/native-plants
PLT0289,,Woodpeckers,Birds,broad_guild,,,Bird direct food,seed/grain,seed/grain,,Food,C - documented broad bird group,Audubon ZIP 78666 / Hays context,0.27,Central Texas Bird Audubon interactions,National Audubon Society,https://www.audubon.org/native-plants
PLT0289,,Wood Warblers,Birds,broad_guild,,,Bird direct food,nectar,flower nectar,,Food,C - documented broad bird group,Audubon ZIP 78666 / Hays context,0.27,Central Texas Bird Audubon interactions,National Audubon Society,https://www.audubon.org/native-plants
PLT0289,,Woodpeckers,Birds,broad_guild,,,Bird direct food,fruit,fruit,,Food,C - documented broad bird group,Audubon ZIP 78666 / Hays context,0.27,Central Texas Bird Audubon interactions,National Audubon Society,https://www.audubon.org/native-plants
PLT0290,,Vireos,Birds,broad_guild,,,Bird direct food,fruit,fruit,,Food,C - documented broad bird group,Audubon ZIP 78666 / Hays context,0.27,Central Texas Bird Audubon interactions,National Audubon Society,https://www.audubon.org/native-plants
PLT0290,,Vireos,Birds,broad_guild,,,Bird direct food,seed/grain,seed/grain,,Food,C - documented broad bird group,Audubon ZIP 78666 / Hays context,0.27,Central Texas Bird Audubon interactions,National Audubon Society,https://www.audubon.org/native-plants
PLT0290,,Vireos,Birds,broad_guild,,,Bird direct food,nectar,flower nectar,,Food,C - documented broad bird group,Audubon ZIP 78666 / Hays context,0.27,Central Texas Bird Audubon interactions,National Audubon Society,https://www.audubon.org/native-plants
PLT0290,,Finches,Birds,broad_guild,,,Bird direct food,nectar,flower nectar,,Food,C - documented broad bird group,Audubon ZIP 78666 / Hays context,0.27,Central Texas Bird Audubon interactions,National Audubon Society,https://www.audubon.org/native-plants
PLT0290,,Grosbeaks,Birds,broad_guild,,,Bird direct food,fruit,fruit,,Food,C - documented broad bird group,Audubon ZIP 78666 / Hays context,0.27,Central Texas Bird Audubon interactions,National Audubon Society,https://www.audubon.org/native-plants
PLT0290,,Cardinals,Birds,broad_guild,,,Bird direct food,fruit,fruit,,Food,C - documented broad bird group,Audubon ZIP 78666 / Hays context,0.27,Central Texas Bird Audubon interactions,National Audubon Society,https://www.audubon.org/native-plants
PLT0290,,Cardinals,Birds,broad_guild,,,Bird direct food,seed/grain,seed/grain,,Food,C - documented broad bird group,Audubon ZIP 78666 / Hays context,0.27,Central Texas Bird Audubon interactions,National Audubon Society,https://www.audubon.org/native-plants
PLT0290,,Cardinals,Birds,broad_guild,,,Bird direct food,nectar,flower nectar,,Food,C - documented broad bird group,Audubon ZIP 78666 / Hays context,0.27,Central Texas Bird Audubon interactions,National Audubon Society,https://www.audubon.org/native-plants
PLT0290,,Chickadees,Birds,broad_guild,,,Bird direct food,fruit,fruit,,Food,C - documented broad bird group,Audubon ZIP 78666 / Hays context,0.27,Central Texas Bird Audubon interactions,National Audubon Society,https://www.audubon.org/native-plants
PLT0290,,Jays,Birds,broad_guild,,,Bird direct food,fruit,fruit,,Food,C - documented broad bird group,Audubon ZIP 78666 / Hays context,0.27,Central Texas Bird Audubon interactions,National Audubon Society,https://www.audubon.org/native-plants
PLT0290,,Orioles,Birds,broad_guild,,,Bird direct food,fruit,fruit,,Food,C - documented broad bird group,Audubon ZIP 78666 / Hays context,0.27,Central Texas Bird Audubon interactions,National Audubon Society,https://www.audubon.org/native-plants
PLT0290,,Orioles,Birds,broad_guild,,,Bird direct food,seed/grain,seed/grain,,Food,C - documented broad bird group,Audubon ZIP 78666 / Hays context,0.27,Central Texas Bird Audubon interactions,National Audubon Society,https://www.audubon.org/native-plants
PLT0290,,Titmice,Birds,broad_guild,,,Bird direct food,fruit,fruit,,Food,C - documented broad bird group,Audubon ZIP 78666 / Hays context,0.27,Central Texas Bird Audubon interactions,National Audubon Society,https://www.audubon.org/native-plants
PLT0290,,Crows,Birds,broad_guild,,,Bird direct food,seed/grain,seed/grain,,Food,C - documented broad bird group,Audubon ZIP 78666 / Hays context,0.27,Central Texas Bird Audubon interactions,National Audubon Society,https://www.audubon.org/native-plants
PLT0290,,Titmice,Birds,broad_guild,,,Bird direct food,nectar,flower nectar,,Food,C - documented broad bird group,Audubon ZIP 78666 / Hays context,0.27,Central Texas Bird Audubon interactions,National Audubon Society,https://www.audubon.org/native-plants
PLT0290,,Buntings,Birds,broad_guild,,,Bird direct food,fruit,fruit,,Food,C - documented broad bird group,Audubon ZIP 78666 / Hays context,0.27,Central Texas Bird Audubon interactions,National Audubon Society,https://www.audubon.org/native-plants
PLT0290,,Buntings,Birds,broad_guild,,,Bird direct food,seed/grain,seed/grain,,Food,C - documented broad bird group,Audubon ZIP 78666 / Hays context,0.27,Central Texas Bird Audubon interactions,National Audubon Society,https://www.audubon.org/native-plants
PLT0290,,Grosbeaks,Birds,broad_guild,,,Bird direct food,seed/grain,seed/grain,,Food,C - documented broad bird group,Audubon ZIP 78666 / Hays context,0.27,Central Texas Bird Audubon interactions,National Audubon Society,https://www.audubon.org/native-plants
PLT0290,,Orioles,Birds,broad_guild,,,Bird direct food,nectar,flower nectar,,Food,C - documented broad bird group,Audubon ZIP 78666 / Hays context,0.27,Central Texas Bird Audubon interactions,National Audubon Society,https://www.audubon.org/native-plants
PLT0290,,Hummingbirds,Birds,broad_guild,,,Bird direct food,fruit,fruit,,Food,C - documented broad bird group,Audubon ZIP 78666 / Hays context,0.27,Central Texas Bird Audubon interactions,National Audubon Society,https://www.audubon.org/native-plants
PLT0290,,Hummingbirds,Birds,broad_guild,,,Bird direct food,seed/grain,seed/grain,,Food,C - documented broad bird group,Audubon ZIP 78666 / Hays context,0.27,Central Texas Bird Audubon interactions,National Audubon Society,https://www.audubon.org/native-plants
PLT0290,,Hummingbirds,Birds,broad_guild,,,Bird direct food,nectar,flower nectar,,Food,C - documented broad bird group,Audubon ZIP 78666 / Hays context,0.27,Central Texas Bird Audubon interactions,National Audubon Society,https://www.audubon.org/native-plants
PLT0290,,Crows,Birds,broad_guild,,,Bird direct food,nectar,flower nectar,,Food,C - documented broad bird group,Audubon ZIP 78666 / Hays context,0.27,Central Texas Bird Audubon interactions,National Audubon Society,https://www.audubon.org/native-plants
PLT0290,,Finches,Birds,broad_guild,,,Bird direct food,fruit,fruit,,Food,C - documented broad bird group,Audubon ZIP 78666 / Hays context,0.27,Central Texas Bird Audubon interactions,National Audubon Society,https://www.audubon.org/native-plants
PLT0290,,Finches,Birds,broad_guild,,,Bird direct food,seed/grain,seed/grain,,Food,C - documented broad bird group,Audubon ZIP 78666 / Hays context,0.27,Central Texas Bird Audubon interactions,National Audubon Society,https://www.audubon.org/native-plants
PLT0290,,Grosbeaks,Birds,broad_guild,,,Bird direct food,nectar,flower nectar,,Food,C - documented broad bird group,Audubon ZIP 78666 / Hays context,0.27,Central Texas Bird Audubon interactions,National Audubon Society,https://www.audubon.org/native-plants
PLT0290,,Wrens,Birds,broad_guild,,,Bird direct food,seed/grain,seed/grain,,Food,C - documented broad bird group,Audubon ZIP 78666 / Hays context,0.27,Central Texas Bird Audubon interactions,National Audubon Society,https://www.audubon.org/native-plants
PLT0290,,Warblers,Birds,broad_guild,,,Bird direct food,nectar,flower nectar,,Food,C - documented broad bird group,Audubon ZIP 78666 / Hays context,0.27,Central Texas Bird Audubon interactions,National Audubon Society,https://www.audubon.org/native-plants
PLT0290,,Waxwings,Birds,broad_guild,,,Bird direct food,fruit,fruit,,Food,C - documented broad bird group,Audubon ZIP 78666 / Hays context,0.27,Central Texas Bird Audubon interactions,National Audubon Society,https://www.audubon.org/native-plants
PLT0290,,Sparrows,Birds,broad_guild,,,Bird direct food,seed/grain,seed/grain,,Food,C - documented broad bird group,Audubon ZIP 78666 / Hays context,0.27,Central Texas Bird Audubon interactions,National Audubon Society,https://www.audubon.org/native-plants
PLT0290,,Wood Warblers,Birds,broad_guild,,,Bird direct food,seed/grain,seed/grain,,Food,C - documented broad bird group,Audubon ZIP 78666 / Hays context,0.27,Central Texas Bird Audubon interactions,National Audubon Society,https://www.audubon.org/native-plants
PLT0290,,Wood Warblers,Birds,broad_guild,,,Bird direct food,nectar,flower nectar,,Food,C - documented broad bird group,Audubon ZIP 78666 / Hays context,0.27,Central Texas Bird Audubon interactions,National Audubon Society,https://www.audubon.org/native-plants
PLT0290,,Wrens,Birds,broad_guild,,,Bird direct food,fruit,fruit,,Food,C - documented broad bird group,Audubon ZIP 78666 / Hays context,0.27,Central Texas Bird Audubon interactions,National Audubon Society,https://www.audubon.org/native-plants
PLT0290,,Waxwings,Birds,broad_guild,,,Bird direct food,seed/grain,seed/grain,,Food,C - documented broad bird group,Audubon ZIP 78666 / Hays context,0.27,Central Texas Bird Audubon interactions,National Audubon Society,https://www.audubon.org/native-plants
PLT0290,,Waxwings,Birds,broad_guild,,,Bird direct food,nectar,flower nectar,,Food,C - documented broad bird group,Audubon ZIP 78666 / Hays context,0.27,Central Texas Bird Audubon interactions,National Audubon Society,https://www.audubon.org/native-plants
PLT0290,,Woodpeckers,Birds,broad_guild,,,Bird direct food,fruit,fruit,,Food,C - documented broad bird group,Audubon ZIP 78666 / Hays context,0.27,Central Texas Bird Audubon interactions,National Audubon Society,https://www.audubon.org/native-plants
PLT0290,,Warblers,Birds,broad_guild,,,Bird direct food,seed/grain,seed/grain,,Food,C - documented broad bird group,Audubon ZIP 78666 / Hays context,0.27,Central Texas Bird Audubon interactions,National Audubon Society,https://www.audubon.org/native-plants
PLT0290,,Woodpeckers,Birds,broad_guild,,,Bird direct food,seed/grain,seed/grain,,Food,C - documented broad bird group,Audubon ZIP 78666 / Hays context,0.27,Central Texas Bird Audubon interactions,National Audubon Society,https://www.audubon.org/native-plants
PLT0290,,Woodpeckers,Birds,broad_guild,,,Bird direct food,nectar,flower nectar,,Food,C - documented broad bird group,Audubon ZIP 78666 / Hays context,0.27,Central Texas Bird Audubon interactions,National Audubon Society,https://www.audubon.org/native-plants
PLT0290,,Nuthatches,Birds,broad_guild,,,Bird direct food,fruit,fruit,,Food,C - documented broad bird group,Audubon ZIP 78666 / Hays context,0.27,Central Texas Bird Audubon interactions,National Audubon Society,https://www.audubon.org/native-plants
PLT0290,,Nuthatches,Birds,broad_guild,,,Bird direct food,seed/grain,seed/grain,,Food,C - documented broad bird group,Audubon ZIP 78666 / Hays context,0.27,Central Texas Bird Audubon interactions,National Audubon Society,https://www.audubon.org/native-plants
PLT0290,,Sparrows,Birds,broad_guild,,,Bird direct food,nectar,flower nectar,,Food,C - documented broad bird group,Audubon ZIP 78666 / Hays context,0.27,Central Texas Bird Audubon interactions,National Audubon Society,https://www.audubon.org/native-plants
PLT0290,,Warblers,Birds,broad_guild,,,Bird direct food,fruit,fruit,,Food,C - documented broad bird group,Audubon ZIP 78666 / Hays context,0.27,Central Texas Bird Audubon interactions,National Audubon Society,https://www.audubon.org/native-plants
PLT0290,,Sparrows,Birds,broad_guild,,,Bird direct food,fruit,fruit,,Food,C - documented broad bird group,Audubon ZIP 78666 / Hays context,0.27,Central Texas Bird Audubon interactions,National Audubon Society,https://www.audubon.org/native-plants
PLT0290,,Thrushes,Birds,broad_guild,,,Bird direct food,seed/grain,seed/grain,,Food,C - documented broad bird group,Audubon ZIP 78666 / Hays context,0.27,Central Texas Bird Audubon interactions,National Audubon Society,https://www.audubon.org/native-plants
PLT0290,,Titmice,Birds,broad_guild,,,Bird direct food,seed/grain,seed/grain,,Food,C - documented broad bird group,Audubon ZIP 78666 / Hays context,0.27,Central Texas Bird Audubon interactions,National Audubon Society,https://www.audubon.org/native-plants
PLT0290,,Buntings,Birds,broad_guild,,,Bird direct food,nectar,flower nectar,,Food,C - documented broad bird group,Audubon ZIP 78666 / Hays context,0.27,Central Texas Bird Audubon interactions,National Audubon Society,https://www.audubon.org/native-plants
PLT0290,,Thrashers,Birds,broad_guild,,,Bird direct food,seed/grain,seed/grain,,Food,C - documented broad bird group,Audubon ZIP 78666 / Hays context,0.27,Central Texas Bird Audubon interactions,National Audubon Society,https://www.audubon.org/native-plants
PLT0290,,Thrashers,Birds,broad_guild,,,Bird direct food,nectar,flower nectar,,Food,C - documented broad bird group,Audubon ZIP 78666 / Hays context,0.27,Central Texas Bird Audubon interactions,National Audubon Society,https://www.audubon.org/native-plants
PLT0290,,Thrushes,Birds,broad_guild,,,Bird direct food,fruit,fruit,,Food,C - documented broad bird group,Audubon ZIP 78666 / Hays context,0.27,Central Texas Bird Audubon interactions,National Audubon Society,https://www.audubon.org/native-plants
PLT0290,,Chickadees,Birds,broad_guild,,,Bird direct food,seed/grain,seed/grain,,Food,C - documented broad bird group,Audubon ZIP 78666 / Hays context,0.27,Central Texas Bird Audubon interactions,National Audubon Society,https://www.audubon.org/native-plants
PLT0290,,Thrushes,Birds,broad_guild,,,Bird direct food,nectar,flower nectar,,Food,C - documented broad bird group,Audubon ZIP 78666 / Hays context,0.27,Central Texas Bird Audubon interactions,National Audubon Society,https://www.audubon.org/native-plants
PLT0290,,Mockingbirds,Birds,broad_guild,,,Bird direct food,nectar,flower nectar,,Food,C - documented broad bird group,Audubon ZIP 78666 / Hays context,0.27,Central Texas Bird Audubon interactions,National Audubon Society,https://www.audubon.org/native-plants
PLT0290,,Thrashers,Birds,broad_guild,,,Bird direct food,fruit,fruit,,Food,C - documented broad bird group,Audubon ZIP 78666 / Hays context,0.27,Central Texas Bird Audubon interactions,National Audubon Society,https://www.audubon.org/native-plants
PLT0290,,Jays,Birds,broad_guild,,,Bird direct food,seed/grain,seed/grain,,Food,C - documented broad bird group,Audubon ZIP 78666 / Hays context,0.27,Central Texas Bird Audubon interactions,National Audubon Society,https://www.audubon.org/native-plants
PLT0290,,Mockingbirds,Birds,broad_guild,,,Bird direct food,fruit,fruit,,Food,C - documented broad bird group,Audubon ZIP 78666 / Hays context,0.27,Central Texas Bird Audubon interactions,National Audubon Society,https://www.audubon.org/native-plants
PLT0290,,Mockingbirds,Birds,broad_guild,,,Bird direct food,seed/grain,seed/grain,,Food,C - documented broad bird group,Audubon ZIP 78666 / Hays context,0.27,Central Texas Bird Audubon interactions,National Audubon Society,https://www.audubon.org/native-plants
PLT0290,,Nuthatches,Birds,broad_guild,,,Bird direct food,nectar,flower nectar,,Food,C - documented broad bird group,Audubon ZIP 78666 / Hays context,0.27,Central Texas Bird Audubon interactions,National Audubon Society,https://www.audubon.org/native-plants
PLT0290,,Wrens,Birds,broad_guild,,,Bird direct food,nectar,flower nectar,,Food,C - documented broad bird group,Audubon ZIP 78666 / Hays context,0.27,Central Texas Bird Audubon interactions,National Audubon Society,https://www.audubon.org/native-plants
PLT0290,,Chickadees,Birds,broad_guild,,,Bird direct food,nectar,flower nectar,,Food,C - documented broad bird group,Audubon ZIP 78666 / Hays context,0.27,Central Texas Bird Audubon interactions,National Audubon Society,https://www.audubon.org/native-plants
PLT0290,,Crows,Birds,broad_guild,,,Bird direct food,fruit,fruit,,Food,C - documented broad bird group,Audubon ZIP 78666 / Hays context,0.27,Central Texas Bird Audubon interactions,National Audubon Society,https://www.audubon.org/native-plants
PLT0290,,Wood Warblers,Birds,broad_guild,,,Bird direct food,fruit,fruit,,Food,C - documented broad bird group,Audubon ZIP 78666 / Hays context,0.27,Central Texas Bird Audubon interactions,National Audubon Society,https://www.audubon.org/native-plants
PLT0290,,Jays,Birds,broad_guild,,,Bird direct food,nectar,flower nectar,,Food,C - documented broad bird group,Audubon ZIP 78666 / Hays context,0.27,Central Texas Bird Audubon interactions,National Audubon Society,https://www.audubon.org/native-plants
PLT0294,,Sparrows,Birds,broad_guild,,,Bird direct food,fruit,fruit,,Food,C - documented broad bird group,Audubon ZIP 78666 / Hays context,0.27,Central Texas Bird Audubon interactions,National Audubon Society,https://www.audubon.org/native-plants
PLT0294,,Sparrows,Birds,broad_guild,,,Bird direct food,seed/grain,seed/grain,,Food,C - documented broad bird group,Audubon ZIP 78666 / Hays context,0.27,Central Texas Bird Audubon interactions,National Audubon Society,https://www.audubon.org/native-plants
PLT0294,,Sparrows,Birds,broad_guild,,,Bird direct food,nectar,flower nectar,,Food,C - documented broad bird group,Audubon ZIP 78666 / Hays context,0.27,Central Texas Bird Audubon interactions,National Audubon Society,https://www.audubon.org/native-plants
PLT0294,,Thrashers,Birds,broad_guild,,,Bird direct food,fruit,fruit,,Food,C - documented broad bird group,Audubon ZIP 78666 / Hays context,0.27,Central Texas Bird Audubon interactions,National Audubon Society,https://www.audubon.org/native-plants
PLT0294,,Nuthatches,Birds,broad_guild,,,Bird direct food,nectar,flower nectar,,Food,C - documented broad bird group,Audubon ZIP 78666 / Hays context,0.27,Central Texas Bird Audubon interactions,National Audubon Society,https://www.audubon.org/native-plants
PLT0294,,Cardinals,Birds,broad_guild,,,Bird direct food,fruit,fruit,,Food,C - documented broad bird group,Audubon ZIP 78666 / Hays context,0.27,Central Texas Bird Audubon interactions,National Audubon Society,https://www.audubon.org/native-plants
PLT0294,,Thrashers,Birds,broad_guild,,,Bird direct food,nectar,flower nectar,,Food,C - documented broad bird group,Audubon ZIP 78666 / Hays context,0.27,Central Texas Bird Audubon interactions,National Audubon Society,https://www.audubon.org/native-plants
PLT0294,,Cardinals,Birds,broad_guild,,,Bird direct food,nectar,flower nectar,,Food,C - documented broad bird group,Audubon ZIP 78666 / Hays context,0.27,Central Texas Bird Audubon interactions,National Audubon Society,https://www.audubon.org/native-plants
PLT0294,,Chickadees,Birds,broad_guild,,,Bird direct food,fruit,fruit,,Food,C - documented broad bird group,Audubon ZIP 78666 / Hays context,0.27,Central Texas Bird Audubon interactions,National Audubon Society,https://www.audubon.org/native-plants
PLT0294,,Wood Warblers,Birds,broad_guild,,,Bird direct food,nectar,flower nectar,,Food,C - documented broad bird group,Audubon ZIP 78666 / Hays context,0.27,Central Texas Bird Audubon interactions,National Audubon Society,https://www.audubon.org/native-plants
PLT0294,,Cardinals,Birds,broad_guild,,,Bird direct food,seed/grain,seed/grain,,Food,C - documented broad bird group,Audubon ZIP 78666 / Hays context,0.27,Central Texas Bird Audubon interactions,National Audubon Society,https://www.audubon.org/native-plants
PLT0294,,Orioles,Birds,broad_guild,,,Bird direct food,fruit,fruit,,Food,C - documented broad bird group,Audubon ZIP 78666 / Hays context,0.27,Central Texas Bird Audubon interactions,National Audubon Society,https://www.audubon.org/native-plants
PLT0294,,Thrashers,Birds,broad_guild,,,Bird direct food,seed/grain,seed/grain,,Food,C - documented broad bird group,Audubon ZIP 78666 / Hays context,0.27,Central Texas Bird Audubon interactions,National Audubon Society,https://www.audubon.org/native-plants
PLT0294,,Jays,Birds,broad_guild,,,Bird direct food,nectar,flower nectar,,Food,C - documented broad bird group,Audubon ZIP 78666 / Hays context,0.27,Central Texas Bird Audubon interactions,National Audubon Society,https://www.audubon.org/native-plants
PLT0294,,Mockingbirds,Birds,broad_guild,,,Bird direct food,fruit,fruit,,Food,C - documented broad bird group,Audubon ZIP 78666 / Hays context,0.27,Central Texas Bird Audubon interactions,National Audubon Society,https://www.audubon.org/native-plants
PLT0294,,Crows,Birds,broad_guild,,,Bird direct food,fruit,fruit,,Food,C - documented broad bird group,Audubon ZIP 78666 / Hays context,0.27,Central Texas Bird Audubon interactions,National Audubon Society,https://www.audubon.org/native-plants
PLT0294,,Wrens,Birds,broad_guild,,,Bird direct food,nectar,flower nectar,,Food,C - documented broad bird group,Audubon ZIP 78666 / Hays context,0.27,Central Texas Bird Audubon interactions,National Audubon Society,https://www.audubon.org/native-plants
PLT0294,,Chickadees,Birds,broad_guild,,,Bird direct food,seed/grain,seed/grain,,Food,C - documented broad bird group,Audubon ZIP 78666 / Hays context,0.27,Central Texas Bird Audubon interactions,National Audubon Society,https://www.audubon.org/native-plants
PLT0294,,Chickadees,Birds,broad_guild,,,Bird direct food,nectar,flower nectar,,Food,C - documented broad bird group,Audubon ZIP 78666 / Hays context,0.27,Central Texas Bird Audubon interactions,National Audubon Society,https://www.audubon.org/native-plants
PLT0294,,Woodpeckers,Birds,broad_guild,,,Bird direct food,fruit,fruit,,Food,C - documented broad bird group,Audubon ZIP 78666 / Hays context,0.27,Central Texas Bird Audubon interactions,National Audubon Society,https://www.audubon.org/native-plants
PLT0294,,Wood Warblers,Birds,broad_guild,,,Bird direct food,fruit,fruit,,Food,C - documented broad bird group,Audubon ZIP 78666 / Hays context,0.27,Central Texas Bird Audubon interactions,National Audubon Society,https://www.audubon.org/native-plants
PLT0294,,Thrushes,Birds,broad_guild,,,Bird direct food,nectar,flower nectar,,Food,C - documented broad bird group,Audubon ZIP 78666 / Hays context,0.27,Central Texas Bird Audubon interactions,National Audubon Society,https://www.audubon.org/native-plants
PLT0294,,Crows,Birds,broad_guild,,,Bird direct food,seed/grain,seed/grain,,Food,C - documented broad bird group,Audubon ZIP 78666 / Hays context,0.27,Central Texas Bird Audubon interactions,National Audubon Society,https://www.audubon.org/native-plants
PLT0294,,Wood Warblers,Birds,broad_guild,,,Bird direct food,seed/grain,seed/grain,,Food,C - documented broad bird group,Audubon ZIP 78666 / Hays context,0.27,Central Texas Bird Audubon interactions,National Audubon Society,https://www.audubon.org/native-plants
PLT0294,,Hummingbirds,Birds,broad_guild,,,Bird direct food,seed/grain,seed/grain,,Food,C - documented broad bird group,Audubon ZIP 78666 / Hays context,0.27,Central Texas Bird Audubon interactions,National Audubon Society,https://www.audubon.org/native-plants
PLT0294,,Hummingbirds,Birds,broad_guild,,,Bird direct food,nectar,flower nectar,,Food,C - documented broad bird group,Audubon ZIP 78666 / Hays context,0.27,Central Texas Bird Audubon interactions,National Audubon Society,https://www.audubon.org/native-plants
PLT0294,,Jays,Birds,broad_guild,,,Bird direct food,fruit,fruit,,Food,C - documented broad bird group,Audubon ZIP 78666 / Hays context,0.27,Central Texas Bird Audubon interactions,National Audubon Society,https://www.audubon.org/native-plants
PLT0294,,Titmice,Birds,broad_guild,,,Bird direct food,nectar,flower nectar,,Food,C - documented broad bird group,Audubon ZIP 78666 / Hays context,0.27,Central Texas Bird Audubon interactions,National Audubon Society,https://www.audubon.org/native-plants
PLT0294,,Vireos,Birds,broad_guild,,,Bird direct food,fruit,fruit,,Food,C - documented broad bird group,Audubon ZIP 78666 / Hays context,0.27,Central Texas Bird Audubon interactions,National Audubon Society,https://www.audubon.org/native-plants
PLT0294,,Vireos,Birds,broad_guild,,,Bird direct food,nectar,flower nectar,,Food,C - documented broad bird group,Audubon ZIP 78666 / Hays context,0.27,Central Texas Bird Audubon interactions,National Audubon Society,https://www.audubon.org/native-plants
PLT0294,,Warblers,Birds,broad_guild,,,Bird direct food,fruit,fruit,,Food,C - documented broad bird group,Audubon ZIP 78666 / Hays context,0.27,Central Texas Bird Audubon interactions,National Audubon Society,https://www.audubon.org/native-plants
PLT0294,,Orioles,Birds,broad_guild,,,Bird direct food,seed/grain,seed/grain,,Food,C - documented broad bird group,Audubon ZIP 78666 / Hays context,0.27,Central Texas Bird Audubon interactions,National Audubon Society,https://www.audubon.org/native-plants
PLT0294,,Orioles,Birds,broad_guild,,,Bird direct food,nectar,flower nectar,,Food,C - documented broad bird group,Audubon ZIP 78666 / Hays context,0.27,Central Texas Bird Audubon interactions,National Audubon Society,https://www.audubon.org/native-plants
PLT0294,,Hummingbirds,Birds,broad_guild,,,Bird direct food,fruit,fruit,,Food,C - documented broad bird group,Audubon ZIP 78666 / Hays context,0.27,Central Texas Bird Audubon interactions,National Audubon Society,https://www.audubon.org/native-plants
PLT0294,,Titmice,Birds,broad_guild,,,Bird direct food,fruit,fruit,,Food,C - documented broad bird group,Audubon ZIP 78666 / Hays context,0.27,Central Texas Bird Audubon interactions,National Audubon Society,https://www.audubon.org/native-plants
PLT0294,,Thrushes,Birds,broad_guild,,,Bird direct food,fruit,fruit,,Food,C - documented broad bird group,Audubon ZIP 78666 / Hays context,0.27,Central Texas Bird Audubon interactions,National Audubon Society,https://www.audubon.org/native-plants
PLT0294,,Thrushes,Birds,broad_guild,,,Bird direct food,seed/grain,seed/grain,,Food,C - documented broad bird group,Audubon ZIP 78666 / Hays context,0.27,Central Texas Bird Audubon interactions,National Audubon Society,https://www.audubon.org/native-plants
PLT0294,,Mockingbirds,Birds,broad_guild,,,Bird direct food,nectar,flower nectar,,Food,C - documented broad bird group,Audubon ZIP 78666 / Hays context,0.27,Central Texas Bird Audubon interactions,National Audubon Society,https://www.audubon.org/native-plants
PLT0294,,Nuthatches,Birds,broad_guild,,,Bird direct food,fruit,fruit,,Food,C - documented broad bird group,Audubon ZIP 78666 / Hays context,0.27,Central Texas Bird Audubon interactions,National Audubon Society,https://www.audubon.org/native-plants
PLT0294,,Nuthatches,Birds,broad_guild,,,Bird direct food,seed/grain,seed/grain,,Food,C - documented broad bird group,Audubon ZIP 78666 / Hays context,0.27,Central Texas Bird Audubon interactions,National Audubon Society,https://www.audubon.org/native-plants
PLT0294,,Mockingbirds,Birds,broad_guild,,,Bird direct food,seed/grain,seed/grain,,Food,C - documented broad bird group,Audubon ZIP 78666 / Hays context,0.27,Central Texas Bird Audubon interactions,National Audubon Society,https://www.audubon.org/native-plants
PLT0294,,Warblers,Birds,broad_guild,,,Bird direct food,nectar,flower nectar,,Food,C - documented broad bird group,Audubon ZIP 78666 / Hays context,0.27,Central Texas Bird Audubon interactions,National Audubon Society,https://www.audubon.org/native-plants
PLT0294,,Vireos,Birds,broad_guild,,,Bird direct food,seed/grain,seed/grain,,Food,C - documented broad bird group,Audubon ZIP 78666 / Hays context,0.27,Central Texas Bird Audubon interactions,National Audubon Society,https://www.audubon.org/native-plants
PLT0294,,Crows,Birds,broad_guild,,,Bird direct food,nectar,flower nectar,,Food,C - documented broad bird group,Audubon ZIP 78666 / Hays context,0.27,Central Texas Bird Audubon interactions,National Audubon Society,https://www.audubon.org/native-plants
PLT0294,,Finches,Birds,broad_guild,,,Bird direct food,fruit,fruit,,Food,C - documented broad bird group,Audubon ZIP 78666 / Hays context,0.27,Central Texas Bird Audubon interactions,National Audubon Society,https://www.audubon.org/native-plants
PLT0294,,Finches,Birds,broad_guild,,,Bird direct food,seed/grain,seed/grain,,Food,C - documented broad bird group,Audubon ZIP 78666 / Hays context,0.27,Central Texas Bird Audubon interactions,National Audubon Society,https://www.audubon.org/native-plants
PLT0294,,Grosbeaks,Birds,broad_guild,,,Bird direct food,fruit,fruit,,Food,C - documented broad bird group,Audubon ZIP 78666 / Hays context,0.27,Central Texas Bird Audubon interactions,National Audubon Society,https://www.audubon.org/native-plants
PLT0294,,Grosbeaks,Birds,broad_guild,,,Bird direct food,seed/grain,seed/grain,,Food,C - documented broad bird group,Audubon ZIP 78666 / Hays context,0.27,Central Texas Bird Audubon interactions,National Audubon Society,https://www.audubon.org/native-plants
PLT0294,,Grosbeaks,Birds,broad_guild,,,Bird direct food,nectar,flower nectar,,Food,C - documented broad bird group,Audubon ZIP 78666 / Hays context,0.27,Central Texas Bird Audubon interactions,National Audubon Society,https://www.audubon.org/native-plants
PLT0294,,Finches,Birds,broad_guild,,,Bird direct food,nectar,flower nectar,,Food,C - documented broad bird group,Audubon ZIP 78666 / Hays context,0.27,Central Texas Bird Audubon interactions,National Audubon Society,https://www.audubon.org/native-plants
PLT0294,,Waxwings,Birds,broad_guild,,,Bird direct food,fruit,fruit,,Food,C - documented broad bird group,Audubon ZIP 78666 / Hays context,0.27,Central Texas Bird Audubon interactions,National Audubon Society,https://www.audubon.org/native-plants
PLT0294,,Waxwings,Birds,broad_guild,,,Bird direct food,seed/grain,seed/grain,,Food,C - documented broad bird group,Audubon ZIP 78666 / Hays context,0.27,Central Texas Bird Audubon interactions,National Audubon Society,https://www.audubon.org/native-plants
PLT0294,,Waxwings,Birds,broad_guild,,,Bird direct food,nectar,flower nectar,,Food,C - documented broad bird group,Audubon ZIP 78666 / Hays context,0.27,Central Texas Bird Audubon interactions,National Audubon Society,https://www.audubon.org/native-plants
PLT0294,,Jays,Birds,broad_guild,,,Bird direct food,seed/grain,seed/grain,,Food,C - documented broad bird group,Audubon ZIP 78666 / Hays context,0.27,Central Texas Bird Audubon interactions,National Audubon Society,https://www.audubon.org/native-plants
PLT0294,,Warblers,Birds,broad_guild,,,Bird direct food,seed/grain,seed/grain,,Food,C - documented broad bird group,Audubon ZIP 78666 / Hays context,0.27,Central Texas Bird Audubon interactions,National Audubon Society,https://www.audubon.org/native-plants
PLT0294,,Titmice,Birds,broad_guild,,,Bird direct food,seed/grain,seed/grain,,Food,C - documented broad bird group,Audubon ZIP 78666 / Hays context,0.27,Central Texas Bird Audubon interactions,National Audubon Society,https://www.audubon.org/native-plants
PLT0294,,Woodpeckers,Birds,broad_guild,,,Bird direct food,seed/grain,seed/grain,,Food,C - documented broad bird group,Audubon ZIP 78666 / Hays context,0.27,Central Texas Bird Audubon interactions,National Audubon Society,https://www.audubon.org/native-plants
PLT0294,,Woodpeckers,Birds,broad_guild,,,Bird direct food,nectar,flower nectar,,Food,C - documented broad bird group,Audubon ZIP 78666 / Hays context,0.27,Central Texas Bird Audubon interactions,National Audubon Society,https://www.audubon.org/native-plants
PLT0294,,Wrens,Birds,broad_guild,,,Bird direct food,fruit,fruit,,Food,C - documented broad bird group,Audubon ZIP 78666 / Hays context,0.27,Central Texas Bird Audubon interactions,National Audubon Society,https://www.audubon.org/native-plants
PLT0294,,Wrens,Birds,broad_guild,,,Bird direct food,seed/grain,seed/grain,,Food,C - documented broad bird group,Audubon ZIP 78666 / Hays context,0.27,Central Texas Bird Audubon interactions,National Audubon Society,https://www.audubon.org/native-plants
PLT0301,,Wrens,Birds,broad_guild,,,Bird direct food,fruit,fruit,,Food,C - documented broad bird group,Audubon ZIP 78666 / Hays context,0.27,Central Texas Bird Audubon interactions,National Audubon Society,https://www.audubon.org/native-plants
PLT0301,,Wrens,Birds,broad_guild,,,Bird direct food,seed/grain,seed/grain,,Food,C - documented broad bird group,Audubon ZIP 78666 / Hays context,0.27,Central Texas Bird Audubon interactions,National Audubon Society,https://www.audubon.org/native-plants
PLT0301,,Wrens,Birds,broad_guild,,,Bird direct food,nectar,flower nectar,,Food,C - documented broad bird group,Audubon ZIP 78666 / Hays context,0.27,Central Texas Bird Audubon interactions,National Audubon Society,https://www.audubon.org/native-plants
PLT0301,,Woodpeckers,Birds,broad_guild,,,Bird direct food,seed/grain,seed/grain,,Food,C - documented broad bird group,Audubon ZIP 78666 / Hays context,0.27,Central Texas Bird Audubon interactions,National Audubon Society,https://www.audubon.org/native-plants
PLT0301,,Mockingbirds,Birds,broad_guild,,,Bird direct food,nectar,flower nectar,,Food,C - documented broad bird group,Audubon ZIP 78666 / Hays context,0.27,Central Texas Bird Audubon interactions,National Audubon Society,https://www.audubon.org/native-plants
PLT0301,,Cardinals,Birds,broad_guild,,,Bird direct food,fruit,fruit,,Food,C - documented broad bird group,Audubon ZIP 78666 / Hays context,0.27,Central Texas Bird Audubon interactions,National Audubon Society,https://www.audubon.org/native-plants
PLT0301,,Cardinals,Birds,broad_guild,,,Bird direct food,nectar,flower nectar,,Food,C - documented broad bird group,Audubon ZIP 78666 / Hays context,0.27,Central Texas Bird Audubon interactions,National Audubon Society,https://www.audubon.org/native-plants
PLT0301,,Wood Warblers,Birds,broad_guild,,,Bird direct food,fruit,fruit,,Food,C - documented broad bird group,Audubon ZIP 78666 / Hays context,0.27,Central Texas Bird Audubon interactions,National Audubon Society,https://www.audubon.org/native-plants
PLT0301,,Cardinals,Birds,broad_guild,,,Bird direct food,seed/grain,seed/grain,,Food,C - documented broad bird group,Audubon ZIP 78666 / Hays context,0.27,Central Texas Bird Audubon interactions,National Audubon Society,https://www.audubon.org/native-plants
PLT0301,,Nuthatches,Birds,broad_guild,,,Bird direct food,fruit,fruit,,Food,C - documented broad bird group,Audubon ZIP 78666 / Hays context,0.27,Central Texas Bird Audubon interactions,National Audubon Society,https://www.audubon.org/native-plants
PLT0301,,Nuthatches,Birds,broad_guild,,,Bird direct food,seed/grain,seed/grain,,Food,C - documented broad bird group,Audubon ZIP 78666 / Hays context,0.27,Central Texas Bird Audubon interactions,National Audubon Society,https://www.audubon.org/native-plants
PLT0301,,Nuthatches,Birds,broad_guild,,,Bird direct food,nectar,flower nectar,,Food,C - documented broad bird group,Audubon ZIP 78666 / Hays context,0.27,Central Texas Bird Audubon interactions,National Audubon Society,https://www.audubon.org/native-plants
PLT0301,,Orioles,Birds,broad_guild,,,Bird direct food,seed/grain,seed/grain,,Food,C - documented broad bird group,Audubon ZIP 78666 / Hays context,0.27,Central Texas Bird Audubon interactions,National Audubon Society,https://www.audubon.org/native-plants
PLT0301,,Thrashers,Birds,broad_guild,,,Bird direct food,seed/grain,seed/grain,,Food,C - documented broad bird group,Audubon ZIP 78666 / Hays context,0.27,Central Texas Bird Audubon interactions,National Audubon Society,https://www.audubon.org/native-plants
PLT0301,,Orioles,Birds,broad_guild,,,Bird direct food,fruit,fruit,,Food,C - documented broad bird group,Audubon ZIP 78666 / Hays context,0.27,Central Texas Bird Audubon interactions,National Audubon Society,https://www.audubon.org/native-plants
PLT0301,,Orioles,Birds,broad_guild,,,Bird direct food,nectar,flower nectar,,Food,C - documented broad bird group,Audubon ZIP 78666 / Hays context,0.27,Central Texas Bird Audubon interactions,National Audubon Society,https://www.audubon.org/native-plants
PLT0301,,Sparrows,Birds,broad_guild,,,Bird direct food,fruit,fruit,,Food,C - documented broad bird group,Audubon ZIP 78666 / Hays context,0.27,Central Texas Bird Audubon interactions,National Audubon Society,https://www.audubon.org/native-plants
PLT0301,,Sparrows,Birds,broad_guild,,,Bird direct food,seed/grain,seed/grain,,Food,C - documented broad bird group,Audubon ZIP 78666 / Hays context,0.27,Central Texas Bird Audubon interactions,National Audubon Society,https://www.audubon.org/native-plants
PLT0301,,Sparrows,Birds,broad_guild,,,Bird direct food,nectar,flower nectar,,Food,C - documented broad bird group,Audubon ZIP 78666 / Hays context,0.27,Central Texas Bird Audubon interactions,National Audubon Society,https://www.audubon.org/native-plants
PLT0301,,Thrashers,Birds,broad_guild,,,Bird direct food,fruit,fruit,,Food,C - documented broad bird group,Audubon ZIP 78666 / Hays context,0.27,Central Texas Bird Audubon interactions,National Audubon Society,https://www.audubon.org/native-plants
PLT0301,,Chickadees,Birds,broad_guild,,,Bird direct food,nectar,flower nectar,,Food,C - documented broad bird group,Audubon ZIP 78666 / Hays context,0.27,Central Texas Bird Audubon interactions,National Audubon Society,https://www.audubon.org/native-plants
PLT0301,,Crows,Birds,broad_guild,,,Bird direct food,fruit,fruit,,Food,C - documented broad bird group,Audubon ZIP 78666 / Hays context,0.27,Central Texas Bird Audubon interactions,National Audubon Society,https://www.audubon.org/native-plants
PLT0301,,Crows,Birds,broad_guild,,,Bird direct food,seed/grain,seed/grain,,Food,C - documented broad bird group,Audubon ZIP 78666 / Hays context,0.27,Central Texas Bird Audubon interactions,National Audubon Society,https://www.audubon.org/native-plants
PLT0301,,Crows,Birds,broad_guild,,,Bird direct food,nectar,flower nectar,,Food,C - documented broad bird group,Audubon ZIP 78666 / Hays context,0.27,Central Texas Bird Audubon interactions,National Audubon Society,https://www.audubon.org/native-plants
PLT0301,,Finches,Birds,broad_guild,,,Bird direct food,fruit,fruit,,Food,C - documented broad bird group,Audubon ZIP 78666 / Hays context,0.27,Central Texas Bird Audubon interactions,National Audubon Society,https://www.audubon.org/native-plants
PLT0301,,Finches,Birds,broad_guild,,,Bird direct food,seed/grain,seed/grain,,Food,C - documented broad bird group,Audubon ZIP 78666 / Hays context,0.27,Central Texas Bird Audubon interactions,National Audubon Society,https://www.audubon.org/native-plants
PLT0301,,Grosbeaks,Birds,broad_guild,,,Bird direct food,seed/grain,seed/grain,,Food,C - documented broad bird group,Audubon ZIP 78666 / Hays context,0.27,Central Texas Bird Audubon interactions,National Audubon Society,https://www.audubon.org/native-plants
PLT0301,,Hummingbirds,Birds,broad_guild,,,Bird direct food,fruit,fruit,,Food,C - documented broad bird group,Audubon ZIP 78666 / Hays context,0.27,Central Texas Bird Audubon interactions,National Audubon Society,https://www.audubon.org/native-plants
PLT0301,,Hummingbirds,Birds,broad_guild,,,Bird direct food,seed/grain,seed/grain,,Food,C - documented broad bird group,Audubon ZIP 78666 / Hays context,0.27,Central Texas Bird Audubon interactions,National Audubon Society,https://www.audubon.org/native-plants
PLT0301,,Hummingbirds,Birds,broad_guild,,,Bird direct food,nectar,flower nectar,,Food,C - documented broad bird group,Audubon ZIP 78666 / Hays context,0.27,Central Texas Bird Audubon interactions,National Audubon Society,https://www.audubon.org/native-plants
PLT0301,,Jays,Birds,broad_guild,,,Bird direct food,fruit,fruit,,Food,C - documented broad bird group,Audubon ZIP 78666 / Hays context,0.27,Central Texas Bird Audubon interactions,National Audubon Society,https://www.audubon.org/native-plants
PLT0301,,Chickadees,Birds,broad_guild,,,Bird direct food,fruit,fruit,,Food,C - documented broad bird group,Audubon ZIP 78666 / Hays context,0.27,Central Texas Bird Audubon interactions,National Audubon Society,https://www.audubon.org/native-plants
PLT0301,,Titmice,Birds,broad_guild,,,Bird direct food,nectar,flower nectar,,Food,C - documented broad bird group,Audubon ZIP 78666 / Hays context,0.27,Central Texas Bird Audubon interactions,National Audubon Society,https://www.audubon.org/native-plants
PLT0301,,Grosbeaks,Birds,broad_guild,,,Bird direct food,fruit,fruit,,Food,C - documented broad bird group,Audubon ZIP 78666 / Hays context,0.27,Central Texas Bird Audubon interactions,National Audubon Society,https://www.audubon.org/native-plants
PLT0301,,Warblers,Birds,broad_guild,,,Bird direct food,fruit,fruit,,Food,C - documented broad bird group,Audubon ZIP 78666 / Hays context,0.27,Central Texas Bird Audubon interactions,National Audubon Society,https://www.audubon.org/native-plants
PLT0301,,Warblers,Birds,broad_guild,,,Bird direct food,seed/grain,seed/grain,,Food,C - documented broad bird group,Audubon ZIP 78666 / Hays context,0.27,Central Texas Bird Audubon interactions,National Audubon Society,https://www.audubon.org/native-plants
PLT0301,,Warblers,Birds,broad_guild,,,Bird direct food,nectar,flower nectar,,Food,C - documented broad bird group,Audubon ZIP 78666 / Hays context,0.27,Central Texas Bird Audubon interactions,National Audubon Society,https://www.audubon.org/native-plants
PLT0301,,Waxwings,Birds,broad_guild,,,Bird direct food,fruit,fruit,,Food,C - documented broad bird group,Audubon ZIP 78666 / Hays context,0.27,Central Texas Bird Audubon interactions,National Audubon Society,https://www.audubon.org/native-plants
PLT0301,,Jays,Birds,broad_guild,,,Bird direct food,nectar,flower nectar,,Food,C - documented broad bird group,Audubon ZIP 78666 / Hays context,0.27,Central Texas Bird Audubon interactions,National Audubon Society,https://www.audubon.org/native-plants
PLT0301,,Woodpeckers,Birds,broad_guild,,,Bird direct food,nectar,flower nectar,,Food,C - documented broad bird group,Audubon ZIP 78666 / Hays context,0.27,Central Texas Bird Audubon interactions,National Audubon Society,https://www.audubon.org/native-plants
PLT0301,,Waxwings,Birds,broad_guild,,,Bird direct food,seed/grain,seed/grain,,Food,C - documented broad bird group,Audubon ZIP 78666 / Hays context,0.27,Central Texas Bird Audubon interactions,National Audubon Society,https://www.audubon.org/native-plants
PLT0301,,Waxwings,Birds,broad_guild,,,Bird direct food,nectar,flower nectar,,Food,C - documented broad bird group,Audubon ZIP 78666 / Hays context,0.27,Central Texas Bird Audubon interactions,National Audubon Society,https://www.audubon.org/native-plants
PLT0301,,Thrashers,Birds,broad_guild,,,Bird direct food,nectar,flower nectar,,Food,C - documented broad bird group,Audubon ZIP 78666 / Hays context,0.27,Central Texas Bird Audubon interactions,National Audubon Society,https://www.audubon.org/native-plants
PLT0301,,Chickadees,Birds,broad_guild,,,Bird direct food,seed/grain,seed/grain,,Food,C - documented broad bird group,Audubon ZIP 78666 / Hays context,0.27,Central Texas Bird Audubon interactions,National Audubon Society,https://www.audubon.org/native-plants
PLT0301,,Thrushes,Birds,broad_guild,,,Bird direct food,fruit,fruit,,Food,C - documented broad bird group,Audubon ZIP 78666 / Hays context,0.27,Central Texas Bird Audubon interactions,National Audubon Society,https://www.audubon.org/native-plants
PLT0301,,Mockingbirds,Birds,broad_guild,,,Bird direct food,fruit,fruit,,Food,C - documented broad bird group,Audubon ZIP 78666 / Hays context,0.27,Central Texas Bird Audubon interactions,National Audubon Society,https://www.audubon.org/native-plants
PLT0301,,Mockingbirds,Birds,broad_guild,,,Bird direct food,seed/grain,seed/grain,,Food,C - documented broad bird group,Audubon ZIP 78666 / Hays context,0.27,Central Texas Bird Audubon interactions,National Audubon Society,https://www.audubon.org/native-plants
PLT0301,,Finches,Birds,broad_guild,,,Bird direct food,nectar,flower nectar,,Food,C - documented broad bird group,Audubon ZIP 78666 / Hays context,0.27,Central Texas Bird Audubon interactions,National Audubon Society,https://www.audubon.org/native-plants
PLT0301,,Grosbeaks,Birds,broad_guild,,,Bird direct food,nectar,flower nectar,,Food,C - documented broad bird group,Audubon ZIP 78666 / Hays context,0.27,Central Texas Bird Audubon interactions,National Audubon Society,https://www.audubon.org/native-plants
PLT0301,,Buntings,Birds,broad_guild,,,Bird direct food,seed/grain,seed/grain,,Food,C - documented broad bird group,Audubon ZIP 78666 / Hays context,0.27,Central Texas Bird Audubon interactions,National Audubon Society,https://www.audubon.org/native-plants
PLT0301,,Buntings,Birds,broad_guild,,,Bird direct food,nectar,flower nectar,,Food,C - documented broad bird group,Audubon ZIP 78666 / Hays context,0.27,Central Texas Bird Audubon interactions,National Audubon Society,https://www.audubon.org/native-plants
PLT0301,,Thrushes,Birds,broad_guild,,,Bird direct food,seed/grain,seed/grain,,Food,C - documented broad bird group,Audubon ZIP 78666 / Hays context,0.27,Central Texas Bird Audubon interactions,National Audubon Society,https://www.audubon.org/native-plants
PLT0301,,Thrushes,Birds,broad_guild,,,Bird direct food,nectar,flower nectar,,Food,C - documented broad bird group,Audubon ZIP 78666 / Hays context,0.27,Central Texas Bird Audubon interactions,National Audubon Society,https://www.audubon.org/native-plants
PLT0301,,Titmice,Birds,broad_guild,,,Bird direct food,fruit,fruit,,Food,C - documented broad bird group,Audubon ZIP 78666 / Hays context,0.27,Central Texas Bird Audubon interactions,National Audubon Society,https://www.audubon.org/native-plants
PLT0301,,Titmice,Birds,broad_guild,,,Bird direct food,seed/grain,seed/grain,,Food,C - documented broad bird group,Audubon ZIP 78666 / Hays context,0.27,Central Texas Bird Audubon interactions,National Audubon Society,https://www.audubon.org/native-plants
PLT0301,,Vireos,Birds,broad_guild,,,Bird direct food,fruit,fruit,,Food,C - documented broad bird group,Audubon ZIP 78666 / Hays context,0.27,Central Texas Bird Audubon interactions,National Audubon Society,https://www.audubon.org/native-plants
PLT0301,,Vireos,Birds,broad_guild,,,Bird direct food,nectar,flower nectar,,Food,C - documented broad bird group,Audubon ZIP 78666 / Hays context,0.27,Central Texas Bird Audubon interactions,National Audubon Society,https://www.audubon.org/native-plants
PLT0301,,Jays,Birds,broad_guild,,,Bird direct food,seed/grain,seed/grain,,Food,C - documented broad bird group,Audubon ZIP 78666 / Hays context,0.27,Central Texas Bird Audubon interactions,National Audubon Society,https://www.audubon.org/native-plants
PLT0301,,Buntings,Birds,broad_guild,,,Bird direct food,fruit,fruit,,Food,C - documented broad bird group,Audubon ZIP 78666 / Hays context,0.27,Central Texas Bird Audubon interactions,National Audubon Society,https://www.audubon.org/native-plants
PLT0301,,Wood Warblers,Birds,broad_guild,,,Bird direct food,nectar,flower nectar,,Food,C - documented broad bird group,Audubon ZIP 78666 / Hays context,0.27,Central Texas Bird Audubon interactions,National Audubon Society,https://www.audubon.org/native-plants
PLT0301,,Woodpeckers,Birds,broad_guild,,,Bird direct food,fruit,fruit,,Food,C - documented broad bird group,Audubon ZIP 78666 / Hays context,0.27,Central Texas Bird Audubon interactions,National Audubon Society,https://www.audubon.org/native-plants
PLT0301,,Vireos,Birds,broad_guild,,,Bird direct food,seed/grain,seed/grain,,Food,C - documented broad bird group,Audubon ZIP 78666 / Hays context,0.27,Central Texas Bird Audubon interactions,National Audubon Society,https://www.audubon.org/native-plants
PLT0301,,Wood Warblers,Birds,broad_guild,,,Bird direct food,seed/grain,seed/grain,,Food,C - documented broad bird group,Audubon ZIP 78666 / Hays context,0.27,Central Texas Bird Audubon interactions,National Audubon Society,https://www.audubon.org/native-plants
