plant_id,animal,common,group,rank,family,order,category,raw,part,stage,use,evidence,scope,weight,sources,citations,urls
CAND0929,"Cardinals, Grosbeaks and Buntings",Audubon broad bird-family group,Birds,broad_audubon_group,,,Broad bird habitat/resource support,"Audubon May Attract: Cardinals, Grosbeaks and Buntings",Audubon plant-resource profile; not bird-group-specific,,Bird-friendly profile support,D - Audubon broad bird-friendly support; not species-level direct interaction,Audubon ZIP 78666 native-plant profile; broad family/guild context,0.07,Central Texas Bird Audubon interactions,National Audubon Society Native Plants Database,https://www.audubon.org/native-plants
CAND0929,Chickadees and Titmice,Audubon broad bird-family group,Birds,broad_audubon_group,,,Broad bird habitat/resource support,Audubon May Attract: Chickadees and Titmice,Audubon plant-resource profile; not bird-group-specific,,Bird-friendly profile support,D - Audubon broad bird-friendly support; not species-level direct interaction,Audubon ZIP 78666 native-plant profile; broad family/guild context,0.07,Central Texas Bird Audubon interactions,National Audubon Society Native Plants Database,https://www.audubon.org/native-plants
CAND0929,"Crows, Magpies and Jays",Audubon broad bird-family group,Birds,broad_audubon_group,,,Broad bird habitat/resource support,"Audubon May Attract: Crows, Magpies and Jays",Audubon plant-resource profile; not bird-group-specific,,Bird-friendly profile support,D - Audubon broad bird-friendly support; not species-level direct interaction,Audubon ZIP 78666 native-plant profile; broad family/guild context,0.07,Central Texas Bird Audubon interactions,National Audubon Society Native Plants Database,https://www.audubon.org/native-plants
CAND0929,Finches,Audubon broad bird-family group,Birds,broad_audubon_group,,,Broad bird habitat/resource support,Audubon May Attract: Finches,Audubon plant-resource profile; not bird-group-specific,,Bird-friendly profile support,D - Audubon broad bird-friendly support; not species-level direct interaction,Audubon ZIP 78666 native-plant profile; broad family/guild context,0.07,Central Texas Bird Audubon interactions,National Audubon Society Native Plants Database,https://www.audubon.org/native-plants
CAND0929,Hummingbirds,Audubon broad bird-family group,Birds,broad_audubon_group,,,Broad bird habitat/resource support,Audubon May Attract: Hummingbirds,Audubon plant-resource profile; not bird-group-specific,,Bird-friendly profile support,D - Audubon broad bird-friendly support; not species-level direct interaction,Audubon ZIP 78666 native-plant profile; broad family/guild context,0.07,Central Texas Bird Audubon interactions,National Audubon Society Native Plants Database,https://www.audubon.org/native-plants
CAND0929,Mockingbirds and Thrashers,Audubon broad bird-family group,Birds,broad_audubon_group,,,Broad bird habitat/resource support,Audubon May Attract: Mockingbirds and Thrashers,Audubon plant-resource profile; not bird-group-specific,,Bird-friendly profile support,D - Audubon broad bird-friendly support; not species-level direct interaction,Audubon ZIP 78666 native-plant profile; broad family/guild context,0.07,Central Texas Bird Audubon interactions,National Audubon Society Native Plants Database,https://www.audubon.org/native-plants
CAND0929,New World Sparrows,Audubon broad bird-family group,Birds,broad_audubon_group,,,Broad bird habitat/resource support,Audubon May Attract: New World Sparrows,Audubon plant-resource profile; not bird-group-specific,,Bird-friendly profile support,D - Audubon broad bird-friendly support; not species-level direct interaction,Audubon ZIP 78666 native-plant profile; broad family/guild context,0.07,Central Texas Bird Audubon interactions,National Audubon Society Native Plants Database,https://www.audubon.org/native-plants
CAND0929,Nuthatches,Audubon broad bird-family group,Birds,broad_audubon_group,,,Broad bird habitat/resource support,Audubon May Attract: Nuthatches,Audubon plant-resource profile; not bird-group-specific,,Bird-friendly profile support,D - Audubon broad bird-friendly support; not species-level direct interaction,Audubon ZIP 78666 native-plant profile; broad family/guild context,0.07,Central Texas Bird Audubon interactions,National Audubon Society Native Plants Database,https://www.audubon.org/native-plants
CAND0929,Orioles,Audubon broad bird-family group,Birds,broad_audubon_group,,,Broad bird habitat/resource support,Audubon May Attract: Orioles,Audubon plant-resource profile; not bird-group-specific,,Bird-friendly profile support,D - Audubon broad bird-friendly support; not species-level direct interaction,Audubon ZIP 78666 native-plant profile; broad family/guild context,0.07,Central Texas Bird Audubon interactions,National Audubon Society Native Plants Database,https://www.audubon.org/native-plants
CAND0929,Thrushes,Audubon broad bird-family group,Birds,broad_audubon_group,,,Broad bird habitat/resource support,Audubon May Attract: Thrushes,Audubon plant-resource profile; not bird-group-specific,,Bird-friendly profile support,D - Audubon broad bird-friendly support; not species-level direct interaction,Audubon ZIP 78666 native-plant profile; broad family/guild context,0.07,Central Texas Bird Audubon interactions,National Audubon Society Native Plants Database,https://www.audubon.org/native-plants
CAND0929,Vireos,Audubon broad bird-family group,Birds,broad_audubon_group,,,Broad bird habitat/resource support,Audubon May Attract: Vireos,Audubon plant-resource profile; not bird-group-specific,,Bird-friendly profile support,D - Audubon broad bird-friendly support; not species-level direct interaction,Audubon ZIP 78666 native-plant profile; broad family/guild context,0.07,Central Texas Bird Audubon interactions,National Audubon Society Native Plants Database,https://www.audubon.org/native-plants
CAND0929,Waxwings,Audubon broad bird-family group,Birds,broad_audubon_group,,,Broad bird habitat/resource support,Audubon May Attract: Waxwings,Audubon plant-resource profile; not bird-group-specific,,Bird-friendly profile support,D - Audubon broad bird-friendly support; not species-level direct interaction,Audubon ZIP 78666 native-plant profile; broad family/guild context,0.07,Central Texas Bird Audubon interactions,National Audubon Society Native Plants Database,https://www.audubon.org/native-plants
CAND0929,Wood Warblers,Audubon broad bird-family group,Birds,broad_audubon_group,,,Broad bird habitat/resource support,Audubon May Attract: Wood Warblers,Audubon plant-resource profile; not bird-group-specific,,Bird-friendly profile support,D - Audubon broad bird-friendly support; not species-level direct interaction,Audubon ZIP 78666 native-plant profile; broad family/guild context,0.07,Central Texas Bird Audubon interactions,National Audubon Society Native Plants Database,https://www.audubon.org/native-plants
CAND0929,Woodpeckers,Audubon broad bird-family group,Birds,broad_audubon_group,,,Broad bird habitat/resource support,Audubon May Attract: Woodpeckers,Audubon plant-resource profile; not bird-group-specific,,Bird-friendly profile support,D - Audubon broad bird-friendly support; not species-level direct interaction,Audubon ZIP 78666 native-plant profile; broad family/guild context,0.07,Central Texas Bird Audubon interactions,National Audubon Society Native Plants Database,https://www.audubon.org/native-plants
CAND0929,Wrens,Audubon broad bird-family group,Birds,broad_audubon_group,,,Broad bird habitat/resource support,Audubon May Attract: Wrens,Audubon plant-resource profile; not bird-group-specific,,Bird-friendly profile support,D - Audubon broad bird-friendly support; not species-level direct interaction,Audubon ZIP 78666 native-plant profile; broad family/guild context,0.07,Central Texas Bird Audubon interactions,National Audubon Society Native Plants Database,https://www.audubon.org/native-plants
CAND0930,"Cardinals, Grosbeaks and Buntings",Audubon broad bird-family group,Birds,broad_audubon_group,,,Broad bird habitat/resource support,"Audubon May Attract: Cardinals, Grosbeaks and Buntings",Audubon plant-resource profile; not bird-group-specific,,Bird-friendly profile support,D - Audubon broad bird-friendly support; not species-level direct interaction,Audubon ZIP 78666 native-plant profile; broad family/guild context,0.07,Central Texas Bird Audubon interactions,National Audubon Society Native Plants Database,https://www.audubon.org/native-plants
CAND0930,Chickadees and Titmice,Audubon broad bird-family group,Birds,broad_audubon_group,,,Broad bird habitat/resource support,Audubon May Attract: Chickadees and Titmice,Audubon plant-resource profile; not bird-group-specific,,Bird-friendly profile support,D - Audubon broad bird-friendly support; not species-level direct interaction,Audubon ZIP 78666 native-plant profile; broad family/guild context,0.07,Central Texas Bird Audubon interactions,National Audubon Society Native Plants Database,https://www.audubon.org/native-plants
CAND0930,"Crows, Magpies and Jays",Audubon broad bird-family group,Birds,broad_audubon_group,,,Broad bird habitat/resource support,"Audubon May Attract: Crows, Magpies and Jays",Audubon plant-resource profile; not bird-group-specific,,Bird-friendly profile support,D - Audubon broad bird-friendly support; not species-level direct interaction,Audubon ZIP 78666 native-plant profile; broad family/guild context,0.07,Central Texas Bird Audubon interactions,National Audubon Society Native Plants Database,https://www.audubon.org/native-plants
CAND0930,Finches,Audubon broad bird-family group,Birds,broad_audubon_group,,,Broad bird habitat/resource support,Audubon May Attract: Finches,Audubon plant-resource profile; not bird-group-specific,,Bird-friendly profile support,D - Audubon broad bird-friendly support; not species-level direct interaction,Audubon ZIP 78666 native-plant profile; broad family/guild context,0.07,Central Texas Bird Audubon interactions,National Audubon Society Native Plants Database,https://www.audubon.org/native-plants
CAND0930,Hummingbirds,Audubon broad bird-family group,Birds,broad_audubon_group,,,Broad bird habitat/resource support,Audubon May Attract: Hummingbirds,Audubon plant-resource profile; not bird-group-specific,,Bird-friendly profile support,D - Audubon broad bird-friendly support; not species-level direct interaction,Audubon ZIP 78666 native-plant profile; broad family/guild context,0.07,Central Texas Bird Audubon interactions,National Audubon Society Native Plants Database,https://www.audubon.org/native-plants
CAND0930,Mockingbirds and Thrashers,Audubon broad bird-family group,Birds,broad_audubon_group,,,Broad bird habitat/resource support,Audubon May Attract: Mockingbirds and Thrashers,Audubon plant-resource profile; not bird-group-specific,,Bird-friendly profile support,D - Audubon broad bird-friendly support; not species-level direct interaction,Audubon ZIP 78666 native-plant profile; broad family/guild context,0.07,Central Texas Bird Audubon interactions,National Audubon Society Native Plants Database,https://www.audubon.org/native-plants
CAND0930,New World Sparrows,Audubon broad bird-family group,Birds,broad_audubon_group,,,Broad bird habitat/resource support,Audubon May Attract: New World Sparrows,Audubon plant-resource profile; not bird-group-specific,,Bird-friendly profile support,D - Audubon broad bird-friendly support; not species-level direct interaction,Audubon ZIP 78666 native-plant profile; broad family/guild context,0.07,Central Texas Bird Audubon interactions,National Audubon Society Native Plants Database,https://www.audubon.org/native-plants
CAND0930,Nuthatches,Audubon broad bird-family group,Birds,broad_audubon_group,,,Broad bird habitat/resource support,Audubon May Attract: Nuthatches,Audubon plant-resource profile; not bird-group-specific,,Bird-friendly profile support,D - Audubon broad bird-friendly support; not species-level direct interaction,Audubon ZIP 78666 native-plant profile; broad family/guild context,0.07,Central Texas Bird Audubon interactions,National Audubon Society Native Plants Database,https://www.audubon.org/native-plants
CAND0930,Orioles,Audubon broad bird-family group,Birds,broad_audubon_group,,,Broad bird habitat/resource support,Audubon May Attract: Orioles,Audubon plant-resource profile; not bird-group-specific,,Bird-friendly profile support,D - Audubon broad bird-friendly support; not species-level direct interaction,Audubon ZIP 78666 native-plant profile; broad family/guild context,0.07,Central Texas Bird Audubon interactions,National Audubon Society Native Plants Database,https://www.audubon.org/native-plants
CAND0930,Thrushes,Audubon broad bird-family group,Birds,broad_audubon_group,,,Broad bird habitat/resource support,Audubon May Attract: Thrushes,Audubon plant-resource profile; not bird-group-specific,,Bird-friendly profile support,D - Audubon broad bird-friendly support; not species-level direct interaction,Audubon ZIP 78666 native-plant profile; broad family/guild context,0.07,Central Texas Bird Audubon interactions,National Audubon Society Native Plants Database,https://www.audubon.org/native-plants
CAND0930,Vireos,Audubon broad bird-family group,Birds,broad_audubon_group,,,Broad bird habitat/resource support,Audubon May Attract: Vireos,Audubon plant-resource profile; not bird-group-specific,,Bird-friendly profile support,D - Audubon broad bird-friendly support; not species-level direct interaction,Audubon ZIP 78666 native-plant profile; broad family/guild context,0.07,Central Texas Bird Audubon interactions,National Audubon Society Native Plants Database,https://www.audubon.org/native-plants
CAND0930,Waxwings,Audubon broad bird-family group,Birds,broad_audubon_group,,,Broad bird habitat/resource support,Audubon May Attract: Waxwings,Audubon plant-resource profile; not bird-group-specific,,Bird-friendly profile support,D - Audubon broad bird-friendly support; not species-level direct interaction,Audubon ZIP 78666 native-plant profile; broad family/guild context,0.07,Central Texas Bird Audubon interactions,National Audubon Society Native Plants Database,https://www.audubon.org/native-plants
CAND0930,Wood Warblers,Audubon broad bird-family group,Birds,broad_audubon_group,,,Broad bird habitat/resource support,Audubon May Attract: Wood Warblers,Audubon plant-resource profile; not bird-group-specific,,Bird-friendly profile support,D - Audubon broad bird-friendly support; not species-level direct interaction,Audubon ZIP 78666 native-plant profile; broad family/guild context,0.07,Central Texas Bird Audubon interactions,National Audubon Society Native Plants Database,https://www.audubon.org/native-plants
CAND0930,Woodpeckers,Audubon broad bird-family group,Birds,broad_audubon_group,,,Broad bird habitat/resource support,Audubon May Attract: Woodpeckers,Audubon plant-resource profile; not bird-group-specific,,Bird-friendly profile support,D - Audubon broad bird-friendly support; not species-level direct interaction,Audubon ZIP 78666 native-plant profile; broad family/guild context,0.07,Central Texas Bird Audubon interactions,National Audubon Society Native Plants Database,https://www.audubon.org/native-plants
CAND0930,Wrens,Audubon broad bird-family group,Birds,broad_audubon_group,,,Broad bird habitat/resource support,Audubon May Attract: Wrens,Audubon plant-resource profile; not bird-group-specific,,Bird-friendly profile support,D - Audubon broad bird-friendly support; not species-level direct interaction,Audubon ZIP 78666 native-plant profile; broad family/guild context,0.07,Central Texas Bird Audubon interactions,National Audubon Society Native Plants Database,https://www.audubon.org/native-plants
CAND2073,"Cardinals, Grosbeaks and Buntings",Audubon broad bird-family group,Birds,broad_audubon_group,,,Broad bird habitat/resource support,"Audubon May Attract: Cardinals, Grosbeaks and Buntings",Audubon plant-resource profile; not bird-group-specific,,Bird-friendly profile support,D - Audubon broad bird-friendly support; not species-level direct interaction,Audubon ZIP 78666 native-plant profile; broad family/guild context,0.07,Central Texas Bird Audubon interactions,National Audubon Society Native Plants Database,https://www.audubon.org/native-plants
CAND2073,Chickadees and Titmice,Audubon broad bird-family group,Birds,broad_audubon_group,,,Broad bird habitat/resource support,Audubon May Attract: Chickadees and Titmice,Audubon plant-resource profile; not bird-group-specific,,Bird-friendly profile support,D - Audubon broad bird-friendly support; not species-level direct interaction,Audubon ZIP 78666 native-plant profile; broad family/guild context,0.07,Central Texas Bird Audubon interactions,National Audubon Society Native Plants Database,https://www.audubon.org/native-plants
CAND2073,"Crows, Magpies and Jays",Audubon broad bird-family group,Birds,broad_audubon_group,,,Broad bird habitat/resource support,"Audubon May Attract: Crows, Magpies and Jays",Audubon plant-resource profile; not bird-group-specific,,Bird-friendly profile support,D - Audubon broad bird-friendly support; not species-level direct interaction,Audubon ZIP 78666 native-plant profile; broad family/guild context,0.07,Central Texas Bird Audubon interactions,National Audubon Society Native Plants Database,https://www.audubon.org/native-plants
CAND2073,Finches,Audubon broad bird-family group,Birds,broad_audubon_group,,,Broad bird habitat/resource support,Audubon May Attract: Finches,Audubon plant-resource profile; not bird-group-specific,,Bird-friendly profile support,D - Audubon broad bird-friendly support; not species-level direct interaction,Audubon ZIP 78666 native-plant profile; broad family/guild context,0.07,Central Texas Bird Audubon interactions,National Audubon Society Native Plants Database,https://www.audubon.org/native-plants
CAND2073,Hummingbirds,Audubon broad bird-family group,Birds,broad_audubon_group,,,Broad bird habitat/resource support,Audubon May Attract: Hummingbirds,Audubon plant-resource profile; not bird-group-specific,,Bird-friendly profile support,D - Audubon broad bird-friendly support; not species-level direct interaction,Audubon ZIP 78666 native-plant profile; broad family/guild context,0.07,Central Texas Bird Audubon interactions,National Audubon Society Native Plants Database,https://www.audubon.org/native-plants
CAND2073,Mockingbirds and Thrashers,Audubon broad bird-family group,Birds,broad_audubon_group,,,Broad bird habitat/resource support,Audubon May Attract: Mockingbirds and Thrashers,Audubon plant-resource profile; not bird-group-specific,,Bird-friendly profile support,D - Audubon broad bird-friendly support; not species-level direct interaction,Audubon ZIP 78666 native-plant profile; broad family/guild context,0.07,Central Texas Bird Audubon interactions,National Audubon Society Native Plants Database,https://www.audubon.org/native-plants
CAND2073,New World Sparrows,Audubon broad bird-family group,Birds,broad_audubon_group,,,Broad bird habitat/resource support,Audubon May Attract: New World Sparrows,Audubon plant-resource profile; not bird-group-specific,,Bird-friendly profile support,D - Audubon broad bird-friendly support; not species-level direct interaction,Audubon ZIP 78666 native-plant profile; broad family/guild context,0.07,Central Texas Bird Audubon interactions,National Audubon Society Native Plants Database,https://www.audubon.org/native-plants
CAND2073,Nuthatches,Audubon broad bird-family group,Birds,broad_audubon_group,,,Broad bird habitat/resource support,Audubon May Attract: Nuthatches,Audubon plant-resource profile; not bird-group-specific,,Bird-friendly profile support,D - Audubon broad bird-friendly support; not species-level direct interaction,Audubon ZIP 78666 native-plant profile; broad family/guild context,0.07,Central Texas Bird Audubon interactions,National Audubon Society Native Plants Database,https://www.audubon.org/native-plants
CAND2073,Orioles,Audubon broad bird-family group,Birds,broad_audubon_group,,,Broad bird habitat/resource support,Audubon May Attract: Orioles,Audubon plant-resource profile; not bird-group-specific,,Bird-friendly profile support,D - Audubon broad bird-friendly support; not species-level direct interaction,Audubon ZIP 78666 native-plant profile; broad family/guild context,0.07,Central Texas Bird Audubon interactions,National Audubon Society Native Plants Database,https://www.audubon.org/native-plants
CAND2073,Thrushes,Audubon broad bird-family group,Birds,broad_audubon_group,,,Broad bird habitat/resource support,Audubon May Attract: Thrushes,Audubon plant-resource profile; not bird-group-specific,,Bird-friendly profile support,D - Audubon broad bird-friendly support; not species-level direct interaction,Audubon ZIP 78666 native-plant profile; broad family/guild context,0.07,Central Texas Bird Audubon interactions,National Audubon Society Native Plants Database,https://www.audubon.org/native-plants
CAND2073,Vireos,Audubon broad bird-family group,Birds,broad_audubon_group,,,Broad bird habitat/resource support,Audubon May Attract: Vireos,Audubon plant-resource profile; not bird-group-specific,,Bird-friendly profile support,D - Audubon broad bird-friendly support; not species-level direct interaction,Audubon ZIP 78666 native-plant profile; broad family/guild context,0.07,Central Texas Bird Audubon interactions,National Audubon Society Native Plants Database,https://www.audubon.org/native-plants
CAND2073,Waxwings,Audubon broad bird-family group,Birds,broad_audubon_group,,,Broad bird habitat/resource support,Audubon May Attract: Waxwings,Audubon plant-resource profile; not bird-group-specific,,Bird-friendly profile support,D - Audubon broad bird-friendly support; not species-level direct interaction,Audubon ZIP 78666 native-plant profile; broad family/guild context,0.07,Central Texas Bird Audubon interactions,National Audubon Society Native Plants Database,https://www.audubon.org/native-plants
CAND2073,Wood Warblers,Audubon broad bird-family group,Birds,broad_audubon_group,,,Broad bird habitat/resource support,Audubon May Attract: Wood Warblers,Audubon plant-resource profile; not bird-group-specific,,Bird-friendly profile support,D - Audubon broad bird-friendly support; not species-level direct interaction,Audubon ZIP 78666 native-plant profile; broad family/guild context,0.07,Central Texas Bird Audubon interactions,National Audubon Society Native Plants Database,https://www.audubon.org/native-plants
CAND2073,Woodpeckers,Audubon broad bird-family group,Birds,broad_audubon_group,,,Broad bird habitat/resource support,Audubon May Attract: Woodpeckers,Audubon plant-resource profile; not bird-group-specific,,Bird-friendly profile support,D - Audubon broad bird-friendly support; not species-level direct interaction,Audubon ZIP 78666 native-plant profile; broad family/guild context,0.07,Central Texas Bird Audubon interactions,National Audubon Society Native Plants Database,https://www.audubon.org/native-plants
CAND2073,Wrens,Audubon broad bird-family group,Birds,broad_audubon_group,,,Broad bird habitat/resource support,Audubon May Attract: Wrens,Audubon plant-resource profile; not bird-group-specific,,Bird-friendly profile support,D - Audubon broad bird-friendly support; not species-level direct interaction,Audubon ZIP 78666 native-plant profile; broad family/guild context,0.07,Central Texas Bird Audubon interactions,National Audubon Society Native Plants Database,https://www.audubon.org/native-plants
CAND2525,"Cardinals, Grosbeaks and Buntings",Audubon broad bird-family group,Birds,broad_audubon_group,,,Broad bird habitat/resource support,"Audubon May Attract: Cardinals, Grosbeaks and Buntings",Audubon plant-resource profile; not bird-group-specific,,Bird-friendly profile support,D - Audubon broad bird-friendly support; not species-level direct interaction,Audubon ZIP 78666 native-plant profile; broad family/guild context,0.07,Central Texas Bird Audubon interactions,National Audubon Society Native Plants Database,https://www.audubon.org/native-plants
CAND2525,Chickadees and Titmice,Audubon broad bird-family group,Birds,broad_audubon_group,,,Broad bird habitat/resource support,Audubon May Attract: Chickadees and Titmice,Audubon plant-resource profile; not bird-group-specific,,Bird-friendly profile support,D - Audubon broad bird-friendly support; not species-level direct interaction,Audubon ZIP 78666 native-plant profile; broad family/guild context,0.07,Central Texas Bird Audubon interactions,National Audubon Society Native Plants Database,https://www.audubon.org/native-plants
CAND2525,"Crows, Magpies and Jays",Audubon broad bird-family group,Birds,broad_audubon_group,,,Broad bird habitat/resource support,"Audubon May Attract: Crows, Magpies and Jays",Audubon plant-resource profile; not bird-group-specific,,Bird-friendly profile support,D - Audubon broad bird-friendly support; not species-level direct interaction,Audubon ZIP 78666 native-plant profile; broad family/guild context,0.07,Central Texas Bird Audubon interactions,National Audubon Society Native Plants Database,https://www.audubon.org/native-plants
CAND2525,Finches,Audubon broad bird-family group,Birds,broad_audubon_group,,,Broad bird habitat/resource support,Audubon May Attract: Finches,Audubon plant-resource profile; not bird-group-specific,,Bird-friendly profile support,D - Audubon broad bird-friendly support; not species-level direct interaction,Audubon ZIP 78666 native-plant profile; broad family/guild context,0.07,Central Texas Bird Audubon interactions,National Audubon Society Native Plants Database,https://www.audubon.org/native-plants
CAND2525,Hummingbirds,Audubon broad bird-family group,Birds,broad_audubon_group,,,Broad bird habitat/resource support,Audubon May Attract: Hummingbirds,Audubon plant-resource profile; not bird-group-specific,,Bird-friendly profile support,D - Audubon broad bird-friendly support; not species-level direct interaction,Audubon ZIP 78666 native-plant profile; broad family/guild context,0.07,Central Texas Bird Audubon interactions,National Audubon Society Native Plants Database,https://www.audubon.org/native-plants
CAND2525,Mockingbirds and Thrashers,Audubon broad bird-family group,Birds,broad_audubon_group,,,Broad bird habitat/resource support,Audubon May Attract: Mockingbirds and Thrashers,Audubon plant-resource profile; not bird-group-specific,,Bird-friendly profile support,D - Audubon broad bird-friendly support; not species-level direct interaction,Audubon ZIP 78666 native-plant profile; broad family/guild context,0.07,Central Texas Bird Audubon interactions,National Audubon Society Native Plants Database,https://www.audubon.org/native-plants
CAND2525,New World Sparrows,Audubon broad bird-family group,Birds,broad_audubon_group,,,Broad bird habitat/resource support,Audubon May Attract: New World Sparrows,Audubon plant-resource profile; not bird-group-specific,,Bird-friendly profile support,D - Audubon broad bird-friendly support; not species-level direct interaction,Audubon ZIP 78666 native-plant profile; broad family/guild context,0.07,Central Texas Bird Audubon interactions,National Audubon Society Native Plants Database,https://www.audubon.org/native-plants
CAND2525,Nuthatches,Audubon broad bird-family group,Birds,broad_audubon_group,,,Broad bird habitat/resource support,Audubon May Attract: Nuthatches,Audubon plant-resource profile; not bird-group-specific,,Bird-friendly profile support,D - Audubon broad bird-friendly support; not species-level direct interaction,Audubon ZIP 78666 native-plant profile; broad family/guild context,0.07,Central Texas Bird Audubon interactions,National Audubon Society Native Plants Database,https://www.audubon.org/native-plants
CAND2525,Orioles,Audubon broad bird-family group,Birds,broad_audubon_group,,,Broad bird habitat/resource support,Audubon May Attract: Orioles,Audubon plant-resource profile; not bird-group-specific,,Bird-friendly profile support,D - Audubon broad bird-friendly support; not species-level direct interaction,Audubon ZIP 78666 native-plant profile; broad family/guild context,0.07,Central Texas Bird Audubon interactions,National Audubon Society Native Plants Database,https://www.audubon.org/native-plants
CAND2525,Thrushes,Audubon broad bird-family group,Birds,broad_audubon_group,,,Broad bird habitat/resource support,Audubon May Attract: Thrushes,Audubon plant-resource profile; not bird-group-specific,,Bird-friendly profile support,D - Audubon broad bird-friendly support; not species-level direct interaction,Audubon ZIP 78666 native-plant profile; broad family/guild context,0.07,Central Texas Bird Audubon interactions,National Audubon Society Native Plants Database,https://www.audubon.org/native-plants
CAND2525,Vireos,Audubon broad bird-family group,Birds,broad_audubon_group,,,Broad bird habitat/resource support,Audubon May Attract: Vireos,Audubon plant-resource profile; not bird-group-specific,,Bird-friendly profile support,D - Audubon broad bird-friendly support; not species-level direct interaction,Audubon ZIP 78666 native-plant profile; broad family/guild context,0.07,Central Texas Bird Audubon interactions,National Audubon Society Native Plants Database,https://www.audubon.org/native-plants
CAND2525,Waxwings,Audubon broad bird-family group,Birds,broad_audubon_group,,,Broad bird habitat/resource support,Audubon May Attract: Waxwings,Audubon plant-resource profile; not bird-group-specific,,Bird-friendly profile support,D - Audubon broad bird-friendly support; not species-level direct interaction,Audubon ZIP 78666 native-plant profile; broad family/guild context,0.07,Central Texas Bird Audubon interactions,National Audubon Society Native Plants Database,https://www.audubon.org/native-plants
CAND2525,Wood Warblers,Audubon broad bird-family group,Birds,broad_audubon_group,,,Broad bird habitat/resource support,Audubon May Attract: Wood Warblers,Audubon plant-resource profile; not bird-group-specific,,Bird-friendly profile support,D - Audubon broad bird-friendly support; not species-level direct interaction,Audubon ZIP 78666 native-plant profile; broad family/guild context,0.07,Central Texas Bird Audubon interactions,National Audubon Society Native Plants Database,https://www.audubon.org/native-plants
CAND2525,Woodpeckers,Audubon broad bird-family group,Birds,broad_audubon_group,,,Broad bird habitat/resource support,Audubon May Attract: Woodpeckers,Audubon plant-resource profile; not bird-group-specific,,Bird-friendly profile support,D - Audubon broad bird-friendly support; not species-level direct interaction,Audubon ZIP 78666 native-plant profile; broad family/guild context,0.07,Central Texas Bird Audubon interactions,National Audubon Society Native Plants Database,https://www.audubon.org/native-plants
CAND2525,Wrens,Audubon broad bird-family group,Birds,broad_audubon_group,,,Broad bird habitat/resource support,Audubon May Attract: Wrens,Audubon plant-resource profile; not bird-group-specific,,Bird-friendly profile support,D - Audubon broad bird-friendly support; not species-level direct interaction,Audubon ZIP 78666 native-plant profile; broad family/guild context,0.07,Central Texas Bird Audubon interactions,National Audubon Society Native Plants Database,https://www.audubon.org/native-plants
CAND3254,"Cardinals, Grosbeaks and Buntings",Audubon broad bird-family group,Birds,broad_audubon_group,,,Broad bird habitat/resource support,"Audubon May Attract: Cardinals, Grosbeaks and Buntings",Audubon plant-resource profile; not bird-group-specific,,Bird-friendly profile support,D - Audubon broad bird-friendly support; not species-level direct interaction,Audubon ZIP 78666 native-plant profile; broad family/guild context,0.07,Central Texas Bird Audubon interactions,National Audubon Society Native Plants Database,https://www.audubon.org/native-plants
CAND3254,Chickadees and Titmice,Audubon broad bird-family group,Birds,broad_audubon_group,,,Broad bird habitat/resource support,Audubon May Attract: Chickadees and Titmice,Audubon plant-resource profile; not bird-group-specific,,Bird-friendly profile support,D - Audubon broad bird-friendly support; not species-level direct interaction,Audubon ZIP 78666 native-plant profile; broad family/guild context,0.07,Central Texas Bird Audubon interactions,National Audubon Society Native Plants Database,https://www.audubon.org/native-plants
CAND3254,"Crows, Magpies and Jays",Audubon broad bird-family group,Birds,broad_audubon_group,,,Broad bird habitat/resource support,"Audubon May Attract: Crows, Magpies and Jays",Audubon plant-resource profile; not bird-group-specific,,Bird-friendly profile support,D - Audubon broad bird-friendly support; not species-level direct interaction,Audubon ZIP 78666 native-plant profile; broad family/guild context,0.07,Central Texas Bird Audubon interactions,National Audubon Society Native Plants Database,https://www.audubon.org/native-plants
CAND3254,Finches,Audubon broad bird-family group,Birds,broad_audubon_group,,,Broad bird habitat/resource support,Audubon May Attract: Finches,Audubon plant-resource profile; not bird-group-specific,,Bird-friendly profile support,D - Audubon broad bird-friendly support; not species-level direct interaction,Audubon ZIP 78666 native-plant profile; broad family/guild context,0.07,Central Texas Bird Audubon interactions,National Audubon Society Native Plants Database,https://www.audubon.org/native-plants
CAND3254,Hummingbirds,Audubon broad bird-family group,Birds,broad_audubon_group,,,Broad bird habitat/resource support,Audubon May Attract: Hummingbirds,Audubon plant-resource profile; not bird-group-specific,,Bird-friendly profile support,D - Audubon broad bird-friendly support; not species-level direct interaction,Audubon ZIP 78666 native-plant profile; broad family/guild context,0.07,Central Texas Bird Audubon interactions,National Audubon Society Native Plants Database,https://www.audubon.org/native-plants
CAND3254,Mockingbirds and Thrashers,Audubon broad bird-family group,Birds,broad_audubon_group,,,Broad bird habitat/resource support,Audubon May Attract: Mockingbirds and Thrashers,Audubon plant-resource profile; not bird-group-specific,,Bird-friendly profile support,D - Audubon broad bird-friendly support; not species-level direct interaction,Audubon ZIP 78666 native-plant profile; broad family/guild context,0.07,Central Texas Bird Audubon interactions,National Audubon Society Native Plants Database,https://www.audubon.org/native-plants
CAND3254,New World Sparrows,Audubon broad bird-family group,Birds,broad_audubon_group,,,Broad bird habitat/resource support,Audubon May Attract: New World Sparrows,Audubon plant-resource profile; not bird-group-specific,,Bird-friendly profile support,D - Audubon broad bird-friendly support; not species-level direct interaction,Audubon ZIP 78666 native-plant profile; broad family/guild context,0.07,Central Texas Bird Audubon interactions,National Audubon Society Native Plants Database,https://www.audubon.org/native-plants
CAND3254,Nuthatches,Audubon broad bird-family group,Birds,broad_audubon_group,,,Broad bird habitat/resource support,Audubon May Attract: Nuthatches,Audubon plant-resource profile; not bird-group-specific,,Bird-friendly profile support,D - Audubon broad bird-friendly support; not species-level direct interaction,Audubon ZIP 78666 native-plant profile; broad family/guild context,0.07,Central Texas Bird Audubon interactions,National Audubon Society Native Plants Database,https://www.audubon.org/native-plants
CAND3254,Orioles,Audubon broad bird-family group,Birds,broad_audubon_group,,,Broad bird habitat/resource support,Audubon May Attract: Orioles,Audubon plant-resource profile; not bird-group-specific,,Bird-friendly profile support,D - Audubon broad bird-friendly support; not species-level direct interaction,Audubon ZIP 78666 native-plant profile; broad family/guild context,0.07,Central Texas Bird Audubon interactions,National Audubon Society Native Plants Database,https://www.audubon.org/native-plants
CAND3254,Thrushes,Audubon broad bird-family group,Birds,broad_audubon_group,,,Broad bird habitat/resource support,Audubon May Attract: Thrushes,Audubon plant-resource profile; not bird-group-specific,,Bird-friendly profile support,D - Audubon broad bird-friendly support; not species-level direct interaction,Audubon ZIP 78666 native-plant profile; broad family/guild context,0.07,Central Texas Bird Audubon interactions,National Audubon Society Native Plants Database,https://www.audubon.org/native-plants
CAND3254,Vireos,Audubon broad bird-family group,Birds,broad_audubon_group,,,Broad bird habitat/resource support,Audubon May Attract: Vireos,Audubon plant-resource profile; not bird-group-specific,,Bird-friendly profile support,D - Audubon broad bird-friendly support; not species-level direct interaction,Audubon ZIP 78666 native-plant profile; broad family/guild context,0.07,Central Texas Bird Audubon interactions,National Audubon Society Native Plants Database,https://www.audubon.org/native-plants
CAND3254,Waxwings,Audubon broad bird-family group,Birds,broad_audubon_group,,,Broad bird habitat/resource support,Audubon May Attract: Waxwings,Audubon plant-resource profile; not bird-group-specific,,Bird-friendly profile support,D - Audubon broad bird-friendly support; not species-level direct interaction,Audubon ZIP 78666 native-plant profile; broad family/guild context,0.07,Central Texas Bird Audubon interactions,National Audubon Society Native Plants Database,https://www.audubon.org/native-plants
CAND3254,Wood Warblers,Audubon broad bird-family group,Birds,broad_audubon_group,,,Broad bird habitat/resource support,Audubon May Attract: Wood Warblers,Audubon plant-resource profile; not bird-group-specific,,Bird-friendly profile support,D - Audubon broad bird-friendly support; not species-level direct interaction,Audubon ZIP 78666 native-plant profile; broad family/guild context,0.07,Central Texas Bird Audubon interactions,National Audubon Society Native Plants Database,https://www.audubon.org/native-plants
CAND3254,Woodpeckers,Audubon broad bird-family group,Birds,broad_audubon_group,,,Broad bird habitat/resource support,Audubon May Attract: Woodpeckers,Audubon plant-resource profile; not bird-group-specific,,Bird-friendly profile support,D - Audubon broad bird-friendly support; not species-level direct interaction,Audubon ZIP 78666 native-plant profile; broad family/guild context,0.07,Central Texas Bird Audubon interactions,National Audubon Society Native Plants Database,https://www.audubon.org/native-plants
CAND3254,Wrens,Audubon broad bird-family group,Birds,broad_audubon_group,,,Broad bird habitat/resource support,Audubon May Attract: Wrens,Audubon plant-resource profile; not bird-group-specific,,Bird-friendly profile support,D - Audubon broad bird-friendly support; not species-level direct interaction,Audubon ZIP 78666 native-plant profile; broad family/guild context,0.07,Central Texas Bird Audubon interactions,National Audubon Society Native Plants Database,https://www.audubon.org/native-plants
CAND3765,"Cardinals, Grosbeaks and Buntings",Audubon broad bird-family group,Birds,broad_audubon_group,,,Broad bird habitat/resource support,"Audubon May Attract: Cardinals, Grosbeaks and Buntings",Audubon plant-resource profile; not bird-group-specific,,Bird-friendly profile support,D - Audubon broad bird-friendly support; not species-level direct interaction,Audubon ZIP 78666 native-plant profile; broad family/guild context,0.07,Central Texas Bird Audubon interactions,National Audubon Society Native Plants Database,https://www.audubon.org/native-plants
CAND3765,Chickadees and Titmice,Audubon broad bird-family group,Birds,broad_audubon_group,,,Broad bird habitat/resource support,Audubon May Attract: Chickadees and Titmice,Audubon plant-resource profile; not bird-group-specific,,Bird-friendly profile support,D - Audubon broad bird-friendly support; not species-level direct interaction,Audubon ZIP 78666 native-plant profile; broad family/guild context,0.07,Central Texas Bird Audubon interactions,National Audubon Society Native Plants Database,https://www.audubon.org/native-plants
CAND3765,"Crows, Magpies and Jays",Audubon broad bird-family group,Birds,broad_audubon_group,,,Broad bird habitat/resource support,"Audubon May Attract: Crows, Magpies and Jays",Audubon plant-resource profile; not bird-group-specific,,Bird-friendly profile support,D - Audubon broad bird-friendly support; not species-level direct interaction,Audubon ZIP 78666 native-plant profile; broad family/guild context,0.07,Central Texas Bird Audubon interactions,National Audubon Society Native Plants Database,https://www.audubon.org/native-plants
CAND3765,Finches,Audubon broad bird-family group,Birds,broad_audubon_group,,,Broad bird habitat/resource support,Audubon May Attract: Finches,Audubon plant-resource profile; not bird-group-specific,,Bird-friendly profile support,D - Audubon broad bird-friendly support; not species-level direct interaction,Audubon ZIP 78666 native-plant profile; broad family/guild context,0.07,Central Texas Bird Audubon interactions,National Audubon Society Native Plants Database,https://www.audubon.org/native-plants
CAND3765,Hummingbirds,Audubon broad bird-family group,Birds,broad_audubon_group,,,Broad bird habitat/resource support,Audubon May Attract: Hummingbirds,Audubon plant-resource profile; not bird-group-specific,,Bird-friendly profile support,D - Audubon broad bird-friendly support; not species-level direct interaction,Audubon ZIP 78666 native-plant profile; broad family/guild context,0.07,Central Texas Bird Audubon interactions,National Audubon Society Native Plants Database,https://www.audubon.org/native-plants
CAND3765,Mockingbirds and Thrashers,Audubon broad bird-family group,Birds,broad_audubon_group,,,Broad bird habitat/resource support,Audubon May Attract: Mockingbirds and Thrashers,Audubon plant-resource profile; not bird-group-specific,,Bird-friendly profile support,D - Audubon broad bird-friendly support; not species-level direct interaction,Audubon ZIP 78666 native-plant profile; broad family/guild context,0.07,Central Texas Bird Audubon interactions,National Audubon Society Native Plants Database,https://www.audubon.org/native-plants
CAND3765,New World Sparrows,Audubon broad bird-family group,Birds,broad_audubon_group,,,Broad bird habitat/resource support,Audubon May Attract: New World Sparrows,Audubon plant-resource profile; not bird-group-specific,,Bird-friendly profile support,D - Audubon broad bird-friendly support; not species-level direct interaction,Audubon ZIP 78666 native-plant profile; broad family/guild context,0.07,Central Texas Bird Audubon interactions,National Audubon Society Native Plants Database,https://www.audubon.org/native-plants
CAND3765,Nuthatches,Audubon broad bird-family group,Birds,broad_audubon_group,,,Broad bird habitat/resource support,Audubon May Attract: Nuthatches,Audubon plant-resource profile; not bird-group-specific,,Bird-friendly profile support,D - Audubon broad bird-friendly support; not species-level direct interaction,Audubon ZIP 78666 native-plant profile; broad family/guild context,0.07,Central Texas Bird Audubon interactions,National Audubon Society Native Plants Database,https://www.audubon.org/native-plants
CAND3765,Orioles,Audubon broad bird-family group,Birds,broad_audubon_group,,,Broad bird habitat/resource support,Audubon May Attract: Orioles,Audubon plant-resource profile; not bird-group-specific,,Bird-friendly profile support,D - Audubon broad bird-friendly support; not species-level direct interaction,Audubon ZIP 78666 native-plant profile; broad family/guild context,0.07,Central Texas Bird Audubon interactions,National Audubon Society Native Plants Database,https://www.audubon.org/native-plants
CAND3765,Thrushes,Audubon broad bird-family group,Birds,broad_audubon_group,,,Broad bird habitat/resource support,Audubon May Attract: Thrushes,Audubon plant-resource profile; not bird-group-specific,,Bird-friendly profile support,D - Audubon broad bird-friendly support; not species-level direct interaction,Audubon ZIP 78666 native-plant profile; broad family/guild context,0.07,Central Texas Bird Audubon interactions,National Audubon Society Native Plants Database,https://www.audubon.org/native-plants
CAND3765,Vireos,Audubon broad bird-family group,Birds,broad_audubon_group,,,Broad bird habitat/resource support,Audubon May Attract: Vireos,Audubon plant-resource profile; not bird-group-specific,,Bird-friendly profile support,D - Audubon broad bird-friendly support; not species-level direct interaction,Audubon ZIP 78666 native-plant profile; broad family/guild context,0.07,Central Texas Bird Audubon interactions,National Audubon Society Native Plants Database,https://www.audubon.org/native-plants
CAND3765,Waxwings,Audubon broad bird-family group,Birds,broad_audubon_group,,,Broad bird habitat/resource support,Audubon May Attract: Waxwings,Audubon plant-resource profile; not bird-group-specific,,Bird-friendly profile support,D - Audubon broad bird-friendly support; not species-level direct interaction,Audubon ZIP 78666 native-plant profile; broad family/guild context,0.07,Central Texas Bird Audubon interactions,National Audubon Society Native Plants Database,https://www.audubon.org/native-plants
CAND3765,Wood Warblers,Audubon broad bird-family group,Birds,broad_audubon_group,,,Broad bird habitat/resource support,Audubon May Attract: Wood Warblers,Audubon plant-resource profile; not bird-group-specific,,Bird-friendly profile support,D - Audubon broad bird-friendly support; not species-level direct interaction,Audubon ZIP 78666 native-plant profile; broad family/guild context,0.07,Central Texas Bird Audubon interactions,National Audubon Society Native Plants Database,https://www.audubon.org/native-plants
CAND3765,Woodpeckers,Audubon broad bird-family group,Birds,broad_audubon_group,,,Broad bird habitat/resource support,Audubon May Attract: Woodpeckers,Audubon plant-resource profile; not bird-group-specific,,Bird-friendly profile support,D - Audubon broad bird-friendly support; not species-level direct interaction,Audubon ZIP 78666 native-plant profile; broad family/guild context,0.07,Central Texas Bird Audubon interactions,National Audubon Society Native Plants Database,https://www.audubon.org/native-plants
CAND3765,Wrens,Audubon broad bird-family group,Birds,broad_audubon_group,,,Broad bird habitat/resource support,Audubon May Attract: Wrens,Audubon plant-resource profile; not bird-group-specific,,Bird-friendly profile support,D - Audubon broad bird-friendly support; not species-level direct interaction,Audubon ZIP 78666 native-plant profile; broad family/guild context,0.07,Central Texas Bird Audubon interactions,National Audubon Society Native Plants Database,https://www.audubon.org/native-plants
CAND3813,"Cardinals, Grosbeaks and Buntings",Audubon broad bird-family group,Birds,broad_audubon_group,,,Broad bird habitat/resource support,"Audubon May Attract: Cardinals, Grosbeaks and Buntings",Audubon plant-resource profile; not bird-group-specific,,Bird-friendly profile support,D - Audubon broad bird-friendly support; not species-level direct interaction,Audubon ZIP 78666 native-plant profile; broad family/guild context,0.07,Central Texas Bird Audubon interactions,National Audubon Society Native Plants Database,https://www.audubon.org/native-plants
CAND3813,Chickadees and Titmice,Audubon broad bird-family group,Birds,broad_audubon_group,,,Broad bird habitat/resource support,Audubon May Attract: Chickadees and Titmice,Audubon plant-resource profile; not bird-group-specific,,Bird-friendly profile support,D - Audubon broad bird-friendly support; not species-level direct interaction,Audubon ZIP 78666 native-plant profile; broad family/guild context,0.07,Central Texas Bird Audubon interactions,National Audubon Society Native Plants Database,https://www.audubon.org/native-plants
CAND3813,"Crows, Magpies and Jays",Audubon broad bird-family group,Birds,broad_audubon_group,,,Broad bird habitat/resource support,"Audubon May Attract: Crows, Magpies and Jays",Audubon plant-resource profile; not bird-group-specific,,Bird-friendly profile support,D - Audubon broad bird-friendly support; not species-level direct interaction,Audubon ZIP 78666 native-plant profile; broad family/guild context,0.07,Central Texas Bird Audubon interactions,National Audubon Society Native Plants Database,https://www.audubon.org/native-plants
CAND3813,Finches,Audubon broad bird-family group,Birds,broad_audubon_group,,,Broad bird habitat/resource support,Audubon May Attract: Finches,Audubon plant-resource profile; not bird-group-specific,,Bird-friendly profile support,D - Audubon broad bird-friendly support; not species-level direct interaction,Audubon ZIP 78666 native-plant profile; broad family/guild context,0.07,Central Texas Bird Audubon interactions,National Audubon Society Native Plants Database,https://www.audubon.org/native-plants
CAND3813,Hummingbirds,Audubon broad bird-family group,Birds,broad_audubon_group,,,Broad bird habitat/resource support,Audubon May Attract: Hummingbirds,Audubon plant-resource profile; not bird-group-specific,,Bird-friendly profile support,D - Audubon broad bird-friendly support; not species-level direct interaction,Audubon ZIP 78666 native-plant profile; broad family/guild context,0.07,Central Texas Bird Audubon interactions,National Audubon Society Native Plants Database,https://www.audubon.org/native-plants
CAND3813,Mockingbirds and Thrashers,Audubon broad bird-family group,Birds,broad_audubon_group,,,Broad bird habitat/resource support,Audubon May Attract: Mockingbirds and Thrashers,Audubon plant-resource profile; not bird-group-specific,,Bird-friendly profile support,D - Audubon broad bird-friendly support; not species-level direct interaction,Audubon ZIP 78666 native-plant profile; broad family/guild context,0.07,Central Texas Bird Audubon interactions,National Audubon Society Native Plants Database,https://www.audubon.org/native-plants
CAND3813,New World Sparrows,Audubon broad bird-family group,Birds,broad_audubon_group,,,Broad bird habitat/resource support,Audubon May Attract: New World Sparrows,Audubon plant-resource profile; not bird-group-specific,,Bird-friendly profile support,D - Audubon broad bird-friendly support; not species-level direct interaction,Audubon ZIP 78666 native-plant profile; broad family/guild context,0.07,Central Texas Bird Audubon interactions,National Audubon Society Native Plants Database,https://www.audubon.org/native-plants
CAND3813,Nuthatches,Audubon broad bird-family group,Birds,broad_audubon_group,,,Broad bird habitat/resource support,Audubon May Attract: Nuthatches,Audubon plant-resource profile; not bird-group-specific,,Bird-friendly profile support,D - Audubon broad bird-friendly support; not species-level direct interaction,Audubon ZIP 78666 native-plant profile; broad family/guild context,0.07,Central Texas Bird Audubon interactions,National Audubon Society Native Plants Database,https://www.audubon.org/native-plants
CAND3813,Orioles,Audubon broad bird-family group,Birds,broad_audubon_group,,,Broad bird habitat/resource support,Audubon May Attract: Orioles,Audubon plant-resource profile; not bird-group-specific,,Bird-friendly profile support,D - Audubon broad bird-friendly support; not species-level direct interaction,Audubon ZIP 78666 native-plant profile; broad family/guild context,0.07,Central Texas Bird Audubon interactions,National Audubon Society Native Plants Database,https://www.audubon.org/native-plants
CAND3813,Thrushes,Audubon broad bird-family group,Birds,broad_audubon_group,,,Broad bird habitat/resource support,Audubon May Attract: Thrushes,Audubon plant-resource profile; not bird-group-specific,,Bird-friendly profile support,D - Audubon broad bird-friendly support; not species-level direct interaction,Audubon ZIP 78666 native-plant profile; broad family/guild context,0.07,Central Texas Bird Audubon interactions,National Audubon Society Native Plants Database,https://www.audubon.org/native-plants
CAND3813,Vireos,Audubon broad bird-family group,Birds,broad_audubon_group,,,Broad bird habitat/resource support,Audubon May Attract: Vireos,Audubon plant-resource profile; not bird-group-specific,,Bird-friendly profile support,D - Audubon broad bird-friendly support; not species-level direct interaction,Audubon ZIP 78666 native-plant profile; broad family/guild context,0.07,Central Texas Bird Audubon interactions,National Audubon Society Native Plants Database,https://www.audubon.org/native-plants
CAND3813,Waxwings,Audubon broad bird-family group,Birds,broad_audubon_group,,,Broad bird habitat/resource support,Audubon May Attract: Waxwings,Audubon plant-resource profile; not bird-group-specific,,Bird-friendly profile support,D - Audubon broad bird-friendly support; not species-level direct interaction,Audubon ZIP 78666 native-plant profile; broad family/guild context,0.07,Central Texas Bird Audubon interactions,National Audubon Society Native Plants Database,https://www.audubon.org/native-plants
CAND3813,Wood Warblers,Audubon broad bird-family group,Birds,broad_audubon_group,,,Broad bird habitat/resource support,Audubon May Attract: Wood Warblers,Audubon plant-resource profile; not bird-group-specific,,Bird-friendly profile support,D - Audubon broad bird-friendly support; not species-level direct interaction,Audubon ZIP 78666 native-plant profile; broad family/guild context,0.07,Central Texas Bird Audubon interactions,National Audubon Society Native Plants Database,https://www.audubon.org/native-plants
CAND3813,Woodpeckers,Audubon broad bird-family group,Birds,broad_audubon_group,,,Broad bird habitat/resource support,Audubon May Attract: Woodpeckers,Audubon plant-resource profile; not bird-group-specific,,Bird-friendly profile support,D - Audubon broad bird-friendly support; not species-level direct interaction,Audubon ZIP 78666 native-plant profile; broad family/guild context,0.07,Central Texas Bird Audubon interactions,National Audubon Society Native Plants Database,https://www.audubon.org/native-plants
CAND3813,Wrens,Audubon broad bird-family group,Birds,broad_audubon_group,,,Broad bird habitat/resource support,Audubon May Attract: Wrens,Audubon plant-resource profile; not bird-group-specific,,Bird-friendly profile support,D - Audubon broad bird-friendly support; not species-level direct interaction,Audubon ZIP 78666 native-plant profile; broad family/guild context,0.07,Central Texas Bird Audubon interactions,National Audubon Society Native Plants Database,https://www.audubon.org/native-plants
CAND3956,"Cardinals, Grosbeaks and Buntings",Audubon broad bird-family group,Birds,broad_audubon_group,,,Broad bird habitat/resource support,"Audubon May Attract: Cardinals, Grosbeaks and Buntings",Audubon plant-resource profile; not bird-group-specific,,Bird-friendly profile support,D - Audubon broad bird-friendly support; not species-level direct interaction,Audubon ZIP 78666 native-plant profile; broad family/guild context,0.07,Central Texas Bird Audubon interactions,National Audubon Society Native Plants Database,https://www.audubon.org/native-plants
CAND3956,Chickadees and Titmice,Audubon broad bird-family group,Birds,broad_audubon_group,,,Broad bird habitat/resource support,Audubon May Attract: Chickadees and Titmice,Audubon plant-resource profile; not bird-group-specific,,Bird-friendly profile support,D - Audubon broad bird-friendly support; not species-level direct interaction,Audubon ZIP 78666 native-plant profile; broad family/guild context,0.07,Central Texas Bird Audubon interactions,National Audubon Society Native Plants Database,https://www.audubon.org/native-plants
CAND3956,"Crows, Magpies and Jays",Audubon broad bird-family group,Birds,broad_audubon_group,,,Broad bird habitat/resource support,"Audubon May Attract: Crows, Magpies and Jays",Audubon plant-resource profile; not bird-group-specific,,Bird-friendly profile support,D - Audubon broad bird-friendly support; not species-level direct interaction,Audubon ZIP 78666 native-plant profile; broad family/guild context,0.07,Central Texas Bird Audubon interactions,National Audubon Society Native Plants Database,https://www.audubon.org/native-plants
CAND3956,Finches,Audubon broad bird-family group,Birds,broad_audubon_group,,,Broad bird habitat/resource support,Audubon May Attract: Finches,Audubon plant-resource profile; not bird-group-specific,,Bird-friendly profile support,D - Audubon broad bird-friendly support; not species-level direct interaction,Audubon ZIP 78666 native-plant profile; broad family/guild context,0.07,Central Texas Bird Audubon interactions,National Audubon Society Native Plants Database,https://www.audubon.org/native-plants
CAND3956,Hummingbirds,Audubon broad bird-family group,Birds,broad_audubon_group,,,Broad bird habitat/resource support,Audubon May Attract: Hummingbirds,Audubon plant-resource profile; not bird-group-specific,,Bird-friendly profile support,D - Audubon broad bird-friendly support; not species-level direct interaction,Audubon ZIP 78666 native-plant profile; broad family/guild context,0.07,Central Texas Bird Audubon interactions,National Audubon Society Native Plants Database,https://www.audubon.org/native-plants
CAND3956,Mockingbirds and Thrashers,Audubon broad bird-family group,Birds,broad_audubon_group,,,Broad bird habitat/resource support,Audubon May Attract: Mockingbirds and Thrashers,Audubon plant-resource profile; not bird-group-specific,,Bird-friendly profile support,D - Audubon broad bird-friendly support; not species-level direct interaction,Audubon ZIP 78666 native-plant profile; broad family/guild context,0.07,Central Texas Bird Audubon interactions,National Audubon Society Native Plants Database,https://www.audubon.org/native-plants
CAND3956,New World Sparrows,Audubon broad bird-family group,Birds,broad_audubon_group,,,Broad bird habitat/resource support,Audubon May Attract: New World Sparrows,Audubon plant-resource profile; not bird-group-specific,,Bird-friendly profile support,D - Audubon broad bird-friendly support; not species-level direct interaction,Audubon ZIP 78666 native-plant profile; broad family/guild context,0.07,Central Texas Bird Audubon interactions,National Audubon Society Native Plants Database,https://www.audubon.org/native-plants
CAND3956,Nuthatches,Audubon broad bird-family group,Birds,broad_audubon_group,,,Broad bird habitat/resource support,Audubon May Attract: Nuthatches,Audubon plant-resource profile; not bird-group-specific,,Bird-friendly profile support,D - Audubon broad bird-friendly support; not species-level direct interaction,Audubon ZIP 78666 native-plant profile; broad family/guild context,0.07,Central Texas Bird Audubon interactions,National Audubon Society Native Plants Database,https://www.audubon.org/native-plants
CAND3956,Orioles,Audubon broad bird-family group,Birds,broad_audubon_group,,,Broad bird habitat/resource support,Audubon May Attract: Orioles,Audubon plant-resource profile; not bird-group-specific,,Bird-friendly profile support,D - Audubon broad bird-friendly support; not species-level direct interaction,Audubon ZIP 78666 native-plant profile; broad family/guild context,0.07,Central Texas Bird Audubon interactions,National Audubon Society Native Plants Database,https://www.audubon.org/native-plants
CAND3956,Thrushes,Audubon broad bird-family group,Birds,broad_audubon_group,,,Broad bird habitat/resource support,Audubon May Attract: Thrushes,Audubon plant-resource profile; not bird-group-specific,,Bird-friendly profile support,D - Audubon broad bird-friendly support; not species-level direct interaction,Audubon ZIP 78666 native-plant profile; broad family/guild context,0.07,Central Texas Bird Audubon interactions,National Audubon Society Native Plants Database,https://www.audubon.org/native-plants
CAND3956,Vireos,Audubon broad bird-family group,Birds,broad_audubon_group,,,Broad bird habitat/resource support,Audubon May Attract: Vireos,Audubon plant-resource profile; not bird-group-specific,,Bird-friendly profile support,D - Audubon broad bird-friendly support; not species-level direct interaction,Audubon ZIP 78666 native-plant profile; broad family/guild context,0.07,Central Texas Bird Audubon interactions,National Audubon Society Native Plants Database,https://www.audubon.org/native-plants
CAND3956,Waxwings,Audubon broad bird-family group,Birds,broad_audubon_group,,,Broad bird habitat/resource support,Audubon May Attract: Waxwings,Audubon plant-resource profile; not bird-group-specific,,Bird-friendly profile support,D - Audubon broad bird-friendly support; not species-level direct interaction,Audubon ZIP 78666 native-plant profile; broad family/guild context,0.07,Central Texas Bird Audubon interactions,National Audubon Society Native Plants Database,https://www.audubon.org/native-plants
CAND3956,Wood Warblers,Audubon broad bird-family group,Birds,broad_audubon_group,,,Broad bird habitat/resource support,Audubon May Attract: Wood Warblers,Audubon plant-resource profile; not bird-group-specific,,Bird-friendly profile support,D - Audubon broad bird-friendly support; not species-level direct interaction,Audubon ZIP 78666 native-plant profile; broad family/guild context,0.07,Central Texas Bird Audubon interactions,National Audubon Society Native Plants Database,https://www.audubon.org/native-plants
CAND3956,Woodpeckers,Audubon broad bird-family group,Birds,broad_audubon_group,,,Broad bird habitat/resource support,Audubon May Attract: Woodpeckers,Audubon plant-resource profile; not bird-group-specific,,Bird-friendly profile support,D - Audubon broad bird-friendly support; not species-level direct interaction,Audubon ZIP 78666 native-plant profile; broad family/guild context,0.07,Central Texas Bird Audubon interactions,National Audubon Society Native Plants Database,https://www.audubon.org/native-plants
CAND3956,Wrens,Audubon broad bird-family group,Birds,broad_audubon_group,,,Broad bird habitat/resource support,Audubon May Attract: Wrens,Audubon plant-resource profile; not bird-group-specific,,Bird-friendly profile support,D - Audubon broad bird-friendly support; not species-level direct interaction,Audubon ZIP 78666 native-plant profile; broad family/guild context,0.07,Central Texas Bird Audubon interactions,National Audubon Society Native Plants Database,https://www.audubon.org/native-plants
CAND4654,"Cardinals, Grosbeaks and Buntings",Audubon broad bird-family group,Birds,broad_audubon_group,,,Broad bird habitat/resource support,"Audubon May Attract: Cardinals, Grosbeaks and Buntings",Audubon plant-resource profile; not bird-group-specific,,Bird-friendly profile support,D - Audubon broad bird-friendly support; not species-level direct interaction,Audubon ZIP 78666 native-plant profile; broad family/guild context,0.07,Central Texas Bird Audubon interactions,National Audubon Society Native Plants Database,https://www.audubon.org/native-plants
CAND4654,Chickadees and Titmice,Audubon broad bird-family group,Birds,broad_audubon_group,,,Broad bird habitat/resource support,Audubon May Attract: Chickadees and Titmice,Audubon plant-resource profile; not bird-group-specific,,Bird-friendly profile support,D - Audubon broad bird-friendly support; not species-level direct interaction,Audubon ZIP 78666 native-plant profile; broad family/guild context,0.07,Central Texas Bird Audubon interactions,National Audubon Society Native Plants Database,https://www.audubon.org/native-plants
CAND4654,"Crows, Magpies and Jays",Audubon broad bird-family group,Birds,broad_audubon_group,,,Broad bird habitat/resource support,"Audubon May Attract: Crows, Magpies and Jays",Audubon plant-resource profile; not bird-group-specific,,Bird-friendly profile support,D - Audubon broad bird-friendly support; not species-level direct interaction,Audubon ZIP 78666 native-plant profile; broad family/guild context,0.07,Central Texas Bird Audubon interactions,National Audubon Society Native Plants Database,https://www.audubon.org/native-plants
CAND4654,Finches,Audubon broad bird-family group,Birds,broad_audubon_group,,,Broad bird habitat/resource support,Audubon May Attract: Finches,Audubon plant-resource profile; not bird-group-specific,,Bird-friendly profile support,D - Audubon broad bird-friendly support; not species-level direct interaction,Audubon ZIP 78666 native-plant profile; broad family/guild context,0.07,Central Texas Bird Audubon interactions,National Audubon Society Native Plants Database,https://www.audubon.org/native-plants
CAND4654,Hummingbirds,Audubon broad bird-family group,Birds,broad_audubon_group,,,Broad bird habitat/resource support,Audubon May Attract: Hummingbirds,Audubon plant-resource profile; not bird-group-specific,,Bird-friendly profile support,D - Audubon broad bird-friendly support; not species-level direct interaction,Audubon ZIP 78666 native-plant profile; broad family/guild context,0.07,Central Texas Bird Audubon interactions,National Audubon Society Native Plants Database,https://www.audubon.org/native-plants
CAND4654,Mockingbirds and Thrashers,Audubon broad bird-family group,Birds,broad_audubon_group,,,Broad bird habitat/resource support,Audubon May Attract: Mockingbirds and Thrashers,Audubon plant-resource profile; not bird-group-specific,,Bird-friendly profile support,D - Audubon broad bird-friendly support; not species-level direct interaction,Audubon ZIP 78666 native-plant profile; broad family/guild context,0.07,Central Texas Bird Audubon interactions,National Audubon Society Native Plants Database,https://www.audubon.org/native-plants
CAND4654,New World Sparrows,Audubon broad bird-family group,Birds,broad_audubon_group,,,Broad bird habitat/resource support,Audubon May Attract: New World Sparrows,Audubon plant-resource profile; not bird-group-specific,,Bird-friendly profile support,D - Audubon broad bird-friendly support; not species-level direct interaction,Audubon ZIP 78666 native-plant profile; broad family/guild context,0.07,Central Texas Bird Audubon interactions,National Audubon Society Native Plants Database,https://www.audubon.org/native-plants
CAND4654,Nuthatches,Audubon broad bird-family group,Birds,broad_audubon_group,,,Broad bird habitat/resource support,Audubon May Attract: Nuthatches,Audubon plant-resource profile; not bird-group-specific,,Bird-friendly profile support,D - Audubon broad bird-friendly support; not species-level direct interaction,Audubon ZIP 78666 native-plant profile; broad family/guild context,0.07,Central Texas Bird Audubon interactions,National Audubon Society Native Plants Database,https://www.audubon.org/native-plants
CAND4654,Orioles,Audubon broad bird-family group,Birds,broad_audubon_group,,,Broad bird habitat/resource support,Audubon May Attract: Orioles,Audubon plant-resource profile; not bird-group-specific,,Bird-friendly profile support,D - Audubon broad bird-friendly support; not species-level direct interaction,Audubon ZIP 78666 native-plant profile; broad family/guild context,0.07,Central Texas Bird Audubon interactions,National Audubon Society Native Plants Database,https://www.audubon.org/native-plants
CAND4654,Thrushes,Audubon broad bird-family group,Birds,broad_audubon_group,,,Broad bird habitat/resource support,Audubon May Attract: Thrushes,Audubon plant-resource profile; not bird-group-specific,,Bird-friendly profile support,D - Audubon broad bird-friendly support; not species-level direct interaction,Audubon ZIP 78666 native-plant profile; broad family/guild context,0.07,Central Texas Bird Audubon interactions,National Audubon Society Native Plants Database,https://www.audubon.org/native-plants
CAND4654,Vireos,Audubon broad bird-family group,Birds,broad_audubon_group,,,Broad bird habitat/resource support,Audubon May Attract: Vireos,Audubon plant-resource profile; not bird-group-specific,,Bird-friendly profile support,D - Audubon broad bird-friendly support; not species-level direct interaction,Audubon ZIP 78666 native-plant profile; broad family/guild context,0.07,Central Texas Bird Audubon interactions,National Audubon Society Native Plants Database,https://www.audubon.org/native-plants
CAND4654,Waxwings,Audubon broad bird-family group,Birds,broad_audubon_group,,,Broad bird habitat/resource support,Audubon May Attract: Waxwings,Audubon plant-resource profile; not bird-group-specific,,Bird-friendly profile support,D - Audubon broad bird-friendly support; not species-level direct interaction,Audubon ZIP 78666 native-plant profile; broad family/guild context,0.07,Central Texas Bird Audubon interactions,National Audubon Society Native Plants Database,https://www.audubon.org/native-plants
CAND4654,Wood Warblers,Audubon broad bird-family group,Birds,broad_audubon_group,,,Broad bird habitat/resource support,Audubon May Attract: Wood Warblers,Audubon plant-resource profile; not bird-group-specific,,Bird-friendly profile support,D - Audubon broad bird-friendly support; not species-level direct interaction,Audubon ZIP 78666 native-plant profile; broad family/guild context,0.07,Central Texas Bird Audubon interactions,National Audubon Society Native Plants Database,https://www.audubon.org/native-plants
CAND4654,Woodpeckers,Audubon broad bird-family group,Birds,broad_audubon_group,,,Broad bird habitat/resource support,Audubon May Attract: Woodpeckers,Audubon plant-resource profile; not bird-group-specific,,Bird-friendly profile support,D - Audubon broad bird-friendly support; not species-level direct interaction,Audubon ZIP 78666 native-plant profile; broad family/guild context,0.07,Central Texas Bird Audubon interactions,National Audubon Society Native Plants Database,https://www.audubon.org/native-plants
CAND4654,Wrens,Audubon broad bird-family group,Birds,broad_audubon_group,,,Broad bird habitat/resource support,Audubon May Attract: Wrens,Audubon plant-resource profile; not bird-group-specific,,Bird-friendly profile support,D - Audubon broad bird-friendly support; not species-level direct interaction,Audubon ZIP 78666 native-plant profile; broad family/guild context,0.07,Central Texas Bird Audubon interactions,National Audubon Society Native Plants Database,https://www.audubon.org/native-plants
CAND5003,"Cardinals, Grosbeaks and Buntings",Audubon broad bird-family group,Birds,broad_audubon_group,,,Broad bird habitat/resource support,"Audubon May Attract: Cardinals, Grosbeaks and Buntings",Audubon plant-resource profile; not bird-group-specific,,Bird-friendly profile support,D - Audubon broad bird-friendly support; not species-level direct interaction,Audubon ZIP 78666 native-plant profile; broad family/guild context,0.07,Central Texas Bird Audubon interactions,National Audubon Society Native Plants Database,https://www.audubon.org/native-plants
CAND5003,Chickadees and Titmice,Audubon broad bird-family group,Birds,broad_audubon_group,,,Broad bird habitat/resource support,Audubon May Attract: Chickadees and Titmice,Audubon plant-resource profile; not bird-group-specific,,Bird-friendly profile support,D - Audubon broad bird-friendly support; not species-level direct interaction,Audubon ZIP 78666 native-plant profile; broad family/guild context,0.07,Central Texas Bird Audubon interactions,National Audubon Society Native Plants Database,https://www.audubon.org/native-plants
CAND5003,"Crows, Magpies and Jays",Audubon broad bird-family group,Birds,broad_audubon_group,,,Broad bird habitat/resource support,"Audubon May Attract: Crows, Magpies and Jays",Audubon plant-resource profile; not bird-group-specific,,Bird-friendly profile support,D - Audubon broad bird-friendly support; not species-level direct interaction,Audubon ZIP 78666 native-plant profile; broad family/guild context,0.07,Central Texas Bird Audubon interactions,National Audubon Society Native Plants Database,https://www.audubon.org/native-plants
CAND5003,Finches,Audubon broad bird-family group,Birds,broad_audubon_group,,,Broad bird habitat/resource support,Audubon May Attract: Finches,Audubon plant-resource profile; not bird-group-specific,,Bird-friendly profile support,D - Audubon broad bird-friendly support; not species-level direct interaction,Audubon ZIP 78666 native-plant profile; broad family/guild context,0.07,Central Texas Bird Audubon interactions,National Audubon Society Native Plants Database,https://www.audubon.org/native-plants
CAND5003,Hummingbirds,Audubon broad bird-family group,Birds,broad_audubon_group,,,Broad bird habitat/resource support,Audubon May Attract: Hummingbirds,Audubon plant-resource profile; not bird-group-specific,,Bird-friendly profile support,D - Audubon broad bird-friendly support; not species-level direct interaction,Audubon ZIP 78666 native-plant profile; broad family/guild context,0.07,Central Texas Bird Audubon interactions,National Audubon Society Native Plants Database,https://www.audubon.org/native-plants
CAND5003,Mockingbirds and Thrashers,Audubon broad bird-family group,Birds,broad_audubon_group,,,Broad bird habitat/resource support,Audubon May Attract: Mockingbirds and Thrashers,Audubon plant-resource profile; not bird-group-specific,,Bird-friendly profile support,D - Audubon broad bird-friendly support; not species-level direct interaction,Audubon ZIP 78666 native-plant profile; broad family/guild context,0.07,Central Texas Bird Audubon interactions,National Audubon Society Native Plants Database,https://www.audubon.org/native-plants
CAND5003,New World Sparrows,Audubon broad bird-family group,Birds,broad_audubon_group,,,Broad bird habitat/resource support,Audubon May Attract: New World Sparrows,Audubon plant-resource profile; not bird-group-specific,,Bird-friendly profile support,D - Audubon broad bird-friendly support; not species-level direct interaction,Audubon ZIP 78666 native-plant profile; broad family/guild context,0.07,Central Texas Bird Audubon interactions,National Audubon Society Native Plants Database,https://www.audubon.org/native-plants
CAND5003,Nuthatches,Audubon broad bird-family group,Birds,broad_audubon_group,,,Broad bird habitat/resource support,Audubon May Attract: Nuthatches,Audubon plant-resource profile; not bird-group-specific,,Bird-friendly profile support,D - Audubon broad bird-friendly support; not species-level direct interaction,Audubon ZIP 78666 native-plant profile; broad family/guild context,0.07,Central Texas Bird Audubon interactions,National Audubon Society Native Plants Database,https://www.audubon.org/native-plants
CAND5003,Orioles,Audubon broad bird-family group,Birds,broad_audubon_group,,,Broad bird habitat/resource support,Audubon May Attract: Orioles,Audubon plant-resource profile; not bird-group-specific,,Bird-friendly profile support,D - Audubon broad bird-friendly support; not species-level direct interaction,Audubon ZIP 78666 native-plant profile; broad family/guild context,0.07,Central Texas Bird Audubon interactions,National Audubon Society Native Plants Database,https://www.audubon.org/native-plants
CAND5003,Thrushes,Audubon broad bird-family group,Birds,broad_audubon_group,,,Broad bird habitat/resource support,Audubon May Attract: Thrushes,Audubon plant-resource profile; not bird-group-specific,,Bird-friendly profile support,D - Audubon broad bird-friendly support; not species-level direct interaction,Audubon ZIP 78666 native-plant profile; broad family/guild context,0.07,Central Texas Bird Audubon interactions,National Audubon Society Native Plants Database,https://www.audubon.org/native-plants
CAND5003,Vireos,Audubon broad bird-family group,Birds,broad_audubon_group,,,Broad bird habitat/resource support,Audubon May Attract: Vireos,Audubon plant-resource profile; not bird-group-specific,,Bird-friendly profile support,D - Audubon broad bird-friendly support; not species-level direct interaction,Audubon ZIP 78666 native-plant profile; broad family/guild context,0.07,Central Texas Bird Audubon interactions,National Audubon Society Native Plants Database,https://www.audubon.org/native-plants
CAND5003,Waxwings,Audubon broad bird-family group,Birds,broad_audubon_group,,,Broad bird habitat/resource support,Audubon May Attract: Waxwings,Audubon plant-resource profile; not bird-group-specific,,Bird-friendly profile support,D - Audubon broad bird-friendly support; not species-level direct interaction,Audubon ZIP 78666 native-plant profile; broad family/guild context,0.07,Central Texas Bird Audubon interactions,National Audubon Society Native Plants Database,https://www.audubon.org/native-plants
CAND5003,Wood Warblers,Audubon broad bird-family group,Birds,broad_audubon_group,,,Broad bird habitat/resource support,Audubon May Attract: Wood Warblers,Audubon plant-resource profile; not bird-group-specific,,Bird-friendly profile support,D - Audubon broad bird-friendly support; not species-level direct interaction,Audubon ZIP 78666 native-plant profile; broad family/guild context,0.07,Central Texas Bird Audubon interactions,National Audubon Society Native Plants Database,https://www.audubon.org/native-plants
CAND5003,Woodpeckers,Audubon broad bird-family group,Birds,broad_audubon_group,,,Broad bird habitat/resource support,Audubon May Attract: Woodpeckers,Audubon plant-resource profile; not bird-group-specific,,Bird-friendly profile support,D - Audubon broad bird-friendly support; not species-level direct interaction,Audubon ZIP 78666 native-plant profile; broad family/guild context,0.07,Central Texas Bird Audubon interactions,National Audubon Society Native Plants Database,https://www.audubon.org/native-plants
CAND5003,Wrens,Audubon broad bird-family group,Birds,broad_audubon_group,,,Broad bird habitat/resource support,Audubon May Attract: Wrens,Audubon plant-resource profile; not bird-group-specific,,Bird-friendly profile support,D - Audubon broad bird-friendly support; not species-level direct interaction,Audubon ZIP 78666 native-plant profile; broad family/guild context,0.07,Central Texas Bird Audubon interactions,National Audubon Society Native Plants Database,https://www.audubon.org/native-plants
PLT0007,"Cardinals, Grosbeaks and Buntings",Audubon broad bird-family group,Birds,broad_audubon_group,,,Broad bird habitat/resource support,"Audubon May Attract: Cardinals, Grosbeaks and Buntings",Audubon plant-resource profile; not bird-group-specific,,Bird-friendly profile support,D - Audubon broad bird-friendly support; not species-level direct interaction,Audubon ZIP 78666 native-plant profile; broad family/guild context,0.07,Central Texas Bird Audubon interactions,National Audubon Society Native Plants Database,https://www.audubon.org/native-plants
PLT0007,Chickadees and Titmice,Audubon broad bird-family group,Birds,broad_audubon_group,,,Broad bird habitat/resource support,Audubon May Attract: Chickadees and Titmice,Audubon plant-resource profile; not bird-group-specific,,Bird-friendly profile support,D - Audubon broad bird-friendly support; not species-level direct interaction,Audubon ZIP 78666 native-plant profile; broad family/guild context,0.07,Central Texas Bird Audubon interactions,National Audubon Society Native Plants Database,https://www.audubon.org/native-plants
PLT0007,"Crows, Magpies and Jays",Audubon broad bird-family group,Birds,broad_audubon_group,,,Broad bird habitat/resource support,"Audubon May Attract: Crows, Magpies and Jays",Audubon plant-resource profile; not bird-group-specific,,Bird-friendly profile support,D - Audubon broad bird-friendly support; not species-level direct interaction,Audubon ZIP 78666 native-plant profile; broad family/guild context,0.07,Central Texas Bird Audubon interactions,National Audubon Society Native Plants Database,https://www.audubon.org/native-plants
PLT0007,Finches,Audubon broad bird-family group,Birds,broad_audubon_group,,,Broad bird habitat/resource support,Audubon May Attract: Finches,Audubon plant-resource profile; not bird-group-specific,,Bird-friendly profile support,D - Audubon broad bird-friendly support; not species-level direct interaction,Audubon ZIP 78666 native-plant profile; broad family/guild context,0.07,Central Texas Bird Audubon interactions,National Audubon Society Native Plants Database,https://www.audubon.org/native-plants
PLT0007,Hummingbirds,Audubon broad bird-family group,Birds,broad_audubon_group,,,Broad bird habitat/resource support,Audubon May Attract: Hummingbirds,Audubon plant-resource profile; not bird-group-specific,,Bird-friendly profile support,D - Audubon broad bird-friendly support; not species-level direct interaction,Audubon ZIP 78666 native-plant profile; broad family/guild context,0.07,Central Texas Bird Audubon interactions,National Audubon Society Native Plants Database,https://www.audubon.org/native-plants
PLT0007,Mockingbirds and Thrashers,Audubon broad bird-family group,Birds,broad_audubon_group,,,Broad bird habitat/resource support,Audubon May Attract: Mockingbirds and Thrashers,Audubon plant-resource profile; not bird-group-specific,,Bird-friendly profile support,D - Audubon broad bird-friendly support; not species-level direct interaction,Audubon ZIP 78666 native-plant profile; broad family/guild context,0.07,Central Texas Bird Audubon interactions,National Audubon Society Native Plants Database,https://www.audubon.org/native-plants
PLT0007,New World Sparrows,Audubon broad bird-family group,Birds,broad_audubon_group,,,Broad bird habitat/resource support,Audubon May Attract: New World Sparrows,Audubon plant-resource profile; not bird-group-specific,,Bird-friendly profile support,D - Audubon broad bird-friendly support; not species-level direct interaction,Audubon ZIP 78666 native-plant profile; broad family/guild context,0.07,Central Texas Bird Audubon interactions,National Audubon Society Native Plants Database,https://www.audubon.org/native-plants
PLT0007,Nuthatches,Audubon broad bird-family group,Birds,broad_audubon_group,,,Broad bird habitat/resource support,Audubon May Attract: Nuthatches,Audubon plant-resource profile; not bird-group-specific,,Bird-friendly profile support,D - Audubon broad bird-friendly support; not species-level direct interaction,Audubon ZIP 78666 native-plant profile; broad family/guild context,0.07,Central Texas Bird Audubon interactions,National Audubon Society Native Plants Database,https://www.audubon.org/native-plants
PLT0007,Orioles,Audubon broad bird-family group,Birds,broad_audubon_group,,,Broad bird habitat/resource support,Audubon May Attract: Orioles,Audubon plant-resource profile; not bird-group-specific,,Bird-friendly profile support,D - Audubon broad bird-friendly support; not species-level direct interaction,Audubon ZIP 78666 native-plant profile; broad family/guild context,0.07,Central Texas Bird Audubon interactions,National Audubon Society Native Plants Database,https://www.audubon.org/native-plants
PLT0007,Thrushes,Audubon broad bird-family group,Birds,broad_audubon_group,,,Broad bird habitat/resource support,Audubon May Attract: Thrushes,Audubon plant-resource profile; not bird-group-specific,,Bird-friendly profile support,D - Audubon broad bird-friendly support; not species-level direct interaction,Audubon ZIP 78666 native-plant profile; broad family/guild context,0.07,Central Texas Bird Audubon interactions,National Audubon Society Native Plants Database,https://www.audubon.org/native-plants
PLT0007,Vireos,Audubon broad bird-family group,Birds,broad_audubon_group,,,Broad bird habitat/resource support,Audubon May Attract: Vireos,Audubon plant-resource profile; not bird-group-specific,,Bird-friendly profile support,D - Audubon broad bird-friendly support; not species-level direct interaction,Audubon ZIP 78666 native-plant profile; broad family/guild context,0.07,Central Texas Bird Audubon interactions,National Audubon Society Native Plants Database,https://www.audubon.org/native-plants
PLT0007,Waxwings,Audubon broad bird-family group,Birds,broad_audubon_group,,,Broad bird habitat/resource support,Audubon May Attract: Waxwings,Audubon plant-resource profile; not bird-group-specific,,Bird-friendly profile support,D - Audubon broad bird-friendly support; not species-level direct interaction,Audubon ZIP 78666 native-plant profile; broad family/guild context,0.07,Central Texas Bird Audubon interactions,National Audubon Society Native Plants Database,https://www.audubon.org/native-plants
PLT0007,Wood Warblers,Audubon broad bird-family group,Birds,broad_audubon_group,,,Broad bird habitat/resource support,Audubon May Attract: Wood Warblers,Audubon plant-resource profile; not bird-group-specific,,Bird-friendly profile support,D - Audubon broad bird-friendly support; not species-level direct interaction,Audubon ZIP 78666 native-plant profile; broad family/guild context,0.07,Central Texas Bird Audubon interactions,National Audubon Society Native Plants Database,https://www.audubon.org/native-plants
PLT0007,Woodpeckers,Audubon broad bird-family group,Birds,broad_audubon_group,,,Broad bird habitat/resource support,Audubon May Attract: Woodpeckers,Audubon plant-resource profile; not bird-group-specific,,Bird-friendly profile support,D - Audubon broad bird-friendly support; not species-level direct interaction,Audubon ZIP 78666 native-plant profile; broad family/guild context,0.07,Central Texas Bird Audubon interactions,National Audubon Society Native Plants Database,https://www.audubon.org/native-plants
PLT0007,Wrens,Audubon broad bird-family group,Birds,broad_audubon_group,,,Broad bird habitat/resource support,Audubon May Attract: Wrens,Audubon plant-resource profile; not bird-group-specific,,Bird-friendly profile support,D - Audubon broad bird-friendly support; not species-level direct interaction,Audubon ZIP 78666 native-plant profile; broad family/guild context,0.07,Central Texas Bird Audubon interactions,National Audubon Society Native Plants Database,https://www.audubon.org/native-plants
PLT0009,"Cardinals, Grosbeaks and Buntings",Audubon broad bird-family group,Birds,broad_audubon_group,,,Broad bird habitat/resource support,"Audubon May Attract: Cardinals, Grosbeaks and Buntings",Audubon plant-resource profile; not bird-group-specific,,Bird-friendly profile support,D - Audubon broad bird-friendly support; not species-level direct interaction,Audubon ZIP 78666 native-plant profile; broad family/guild context,0.07,Central Texas Bird Audubon interactions,National Audubon Society Native Plants Database,https://www.audubon.org/native-plants
PLT0009,Chickadees and Titmice,Audubon broad bird-family group,Birds,broad_audubon_group,,,Broad bird habitat/resource support,Audubon May Attract: Chickadees and Titmice,Audubon plant-resource profile; not bird-group-specific,,Bird-friendly profile support,D - Audubon broad bird-friendly support; not species-level direct interaction,Audubon ZIP 78666 native-plant profile; broad family/guild context,0.07,Central Texas Bird Audubon interactions,National Audubon Society Native Plants Database,https://www.audubon.org/native-plants
PLT0009,"Crows, Magpies and Jays",Audubon broad bird-family group,Birds,broad_audubon_group,,,Broad bird habitat/resource support,"Audubon May Attract: Crows, Magpies and Jays",Audubon plant-resource profile; not bird-group-specific,,Bird-friendly profile support,D - Audubon broad bird-friendly support; not species-level direct interaction,Audubon ZIP 78666 native-plant profile; broad family/guild context,0.07,Central Texas Bird Audubon interactions,National Audubon Society Native Plants Database,https://www.audubon.org/native-plants
PLT0009,Finches,Audubon broad bird-family group,Birds,broad_audubon_group,,,Broad bird habitat/resource support,Audubon May Attract: Finches,Audubon plant-resource profile; not bird-group-specific,,Bird-friendly profile support,D - Audubon broad bird-friendly support; not species-level direct interaction,Audubon ZIP 78666 native-plant profile; broad family/guild context,0.07,Central Texas Bird Audubon interactions,National Audubon Society Native Plants Database,https://www.audubon.org/native-plants
PLT0009,Hummingbirds,Audubon broad bird-family group,Birds,broad_audubon_group,,,Broad bird habitat/resource support,Audubon May Attract: Hummingbirds,Audubon plant-resource profile; not bird-group-specific,,Bird-friendly profile support,D - Audubon broad bird-friendly support; not species-level direct interaction,Audubon ZIP 78666 native-plant profile; broad family/guild context,0.07,Central Texas Bird Audubon interactions,National Audubon Society Native Plants Database,https://www.audubon.org/native-plants
PLT0009,Mockingbirds and Thrashers,Audubon broad bird-family group,Birds,broad_audubon_group,,,Broad bird habitat/resource support,Audubon May Attract: Mockingbirds and Thrashers,Audubon plant-resource profile; not bird-group-specific,,Bird-friendly profile support,D - Audubon broad bird-friendly support; not species-level direct interaction,Audubon ZIP 78666 native-plant profile; broad family/guild context,0.07,Central Texas Bird Audubon interactions,National Audubon Society Native Plants Database,https://www.audubon.org/native-plants
PLT0009,New World Sparrows,Audubon broad bird-family group,Birds,broad_audubon_group,,,Broad bird habitat/resource support,Audubon May Attract: New World Sparrows,Audubon plant-resource profile; not bird-group-specific,,Bird-friendly profile support,D - Audubon broad bird-friendly support; not species-level direct interaction,Audubon ZIP 78666 native-plant profile; broad family/guild context,0.07,Central Texas Bird Audubon interactions,National Audubon Society Native Plants Database,https://www.audubon.org/native-plants
PLT0009,Nuthatches,Audubon broad bird-family group,Birds,broad_audubon_group,,,Broad bird habitat/resource support,Audubon May Attract: Nuthatches,Audubon plant-resource profile; not bird-group-specific,,Bird-friendly profile support,D - Audubon broad bird-friendly support; not species-level direct interaction,Audubon ZIP 78666 native-plant profile; broad family/guild context,0.07,Central Texas Bird Audubon interactions,National Audubon Society Native Plants Database,https://www.audubon.org/native-plants
PLT0009,Orioles,Audubon broad bird-family group,Birds,broad_audubon_group,,,Broad bird habitat/resource support,Audubon May Attract: Orioles,Audubon plant-resource profile; not bird-group-specific,,Bird-friendly profile support,D - Audubon broad bird-friendly support; not species-level direct interaction,Audubon ZIP 78666 native-plant profile; broad family/guild context,0.07,Central Texas Bird Audubon interactions,National Audubon Society Native Plants Database,https://www.audubon.org/native-plants
PLT0009,Thrushes,Audubon broad bird-family group,Birds,broad_audubon_group,,,Broad bird habitat/resource support,Audubon May Attract: Thrushes,Audubon plant-resource profile; not bird-group-specific,,Bird-friendly profile support,D - Audubon broad bird-friendly support; not species-level direct interaction,Audubon ZIP 78666 native-plant profile; broad family/guild context,0.07,Central Texas Bird Audubon interactions,National Audubon Society Native Plants Database,https://www.audubon.org/native-plants
PLT0009,Vireos,Audubon broad bird-family group,Birds,broad_audubon_group,,,Broad bird habitat/resource support,Audubon May Attract: Vireos,Audubon plant-resource profile; not bird-group-specific,,Bird-friendly profile support,D - Audubon broad bird-friendly support; not species-level direct interaction,Audubon ZIP 78666 native-plant profile; broad family/guild context,0.07,Central Texas Bird Audubon interactions,National Audubon Society Native Plants Database,https://www.audubon.org/native-plants
PLT0009,Waxwings,Audubon broad bird-family group,Birds,broad_audubon_group,,,Broad bird habitat/resource support,Audubon May Attract: Waxwings,Audubon plant-resource profile; not bird-group-specific,,Bird-friendly profile support,D - Audubon broad bird-friendly support; not species-level direct interaction,Audubon ZIP 78666 native-plant profile; broad family/guild context,0.07,Central Texas Bird Audubon interactions,National Audubon Society Native Plants Database,https://www.audubon.org/native-plants
PLT0009,Wood Warblers,Audubon broad bird-family group,Birds,broad_audubon_group,,,Broad bird habitat/resource support,Audubon May Attract: Wood Warblers,Audubon plant-resource profile; not bird-group-specific,,Bird-friendly profile support,D - Audubon broad bird-friendly support; not species-level direct interaction,Audubon ZIP 78666 native-plant profile; broad family/guild context,0.07,Central Texas Bird Audubon interactions,National Audubon Society Native Plants Database,https://www.audubon.org/native-plants
PLT0009,Woodpeckers,Audubon broad bird-family group,Birds,broad_audubon_group,,,Broad bird habitat/resource support,Audubon May Attract: Woodpeckers,Audubon plant-resource profile; not bird-group-specific,,Bird-friendly profile support,D - Audubon broad bird-friendly support; not species-level direct interaction,Audubon ZIP 78666 native-plant profile; broad family/guild context,0.07,Central Texas Bird Audubon interactions,National Audubon Society Native Plants Database,https://www.audubon.org/native-plants
PLT0009,Wrens,Audubon broad bird-family group,Birds,broad_audubon_group,,,Broad bird habitat/resource support,Audubon May Attract: Wrens,Audubon plant-resource profile; not bird-group-specific,,Bird-friendly profile support,D - Audubon broad bird-friendly support; not species-level direct interaction,Audubon ZIP 78666 native-plant profile; broad family/guild context,0.07,Central Texas Bird Audubon interactions,National Audubon Society Native Plants Database,https://www.audubon.org/native-plants
PLT0013,"Cardinals, Grosbeaks and Buntings",Audubon broad bird-family group,Birds,broad_audubon_group,,,Broad bird habitat/resource support,"Audubon May Attract: Cardinals, Grosbeaks and Buntings",Audubon plant-resource profile; not bird-group-specific,,Bird-friendly profile support,D - Audubon broad bird-friendly support; not species-level direct interaction,Audubon ZIP 78666 native-plant profile; broad family/guild context,0.07,Central Texas Bird Audubon interactions,National Audubon Society Native Plants Database,https://www.audubon.org/native-plants
PLT0013,Chickadees and Titmice,Audubon broad bird-family group,Birds,broad_audubon_group,,,Broad bird habitat/resource support,Audubon May Attract: Chickadees and Titmice,Audubon plant-resource profile; not bird-group-specific,,Bird-friendly profile support,D - Audubon broad bird-friendly support; not species-level direct interaction,Audubon ZIP 78666 native-plant profile; broad family/guild context,0.07,Central Texas Bird Audubon interactions,National Audubon Society Native Plants Database,https://www.audubon.org/native-plants
PLT0013,"Crows, Magpies and Jays",Audubon broad bird-family group,Birds,broad_audubon_group,,,Broad bird habitat/resource support,"Audubon May Attract: Crows, Magpies and Jays",Audubon plant-resource profile; not bird-group-specific,,Bird-friendly profile support,D - Audubon broad bird-friendly support; not species-level direct interaction,Audubon ZIP 78666 native-plant profile; broad family/guild context,0.07,Central Texas Bird Audubon interactions,National Audubon Society Native Plants Database,https://www.audubon.org/native-plants
PLT0013,Finches,Audubon broad bird-family group,Birds,broad_audubon_group,,,Broad bird habitat/resource support,Audubon May Attract: Finches,Audubon plant-resource profile; not bird-group-specific,,Bird-friendly profile support,D - Audubon broad bird-friendly support; not species-level direct interaction,Audubon ZIP 78666 native-plant profile; broad family/guild context,0.07,Central Texas Bird Audubon interactions,National Audubon Society Native Plants Database,https://www.audubon.org/native-plants
PLT0013,Hummingbirds,Audubon broad bird-family group,Birds,broad_audubon_group,,,Broad bird habitat/resource support,Audubon May Attract: Hummingbirds,Audubon plant-resource profile; not bird-group-specific,,Bird-friendly profile support,D - Audubon broad bird-friendly support; not species-level direct interaction,Audubon ZIP 78666 native-plant profile; broad family/guild context,0.07,Central Texas Bird Audubon interactions,National Audubon Society Native Plants Database,https://www.audubon.org/native-plants
PLT0013,Mockingbirds and Thrashers,Audubon broad bird-family group,Birds,broad_audubon_group,,,Broad bird habitat/resource support,Audubon May Attract: Mockingbirds and Thrashers,Audubon plant-resource profile; not bird-group-specific,,Bird-friendly profile support,D - Audubon broad bird-friendly support; not species-level direct interaction,Audubon ZIP 78666 native-plant profile; broad family/guild context,0.07,Central Texas Bird Audubon interactions,National Audubon Society Native Plants Database,https://www.audubon.org/native-plants
PLT0013,New World Sparrows,Audubon broad bird-family group,Birds,broad_audubon_group,,,Broad bird habitat/resource support,Audubon May Attract: New World Sparrows,Audubon plant-resource profile; not bird-group-specific,,Bird-friendly profile support,D - Audubon broad bird-friendly support; not species-level direct interaction,Audubon ZIP 78666 native-plant profile; broad family/guild context,0.07,Central Texas Bird Audubon interactions,National Audubon Society Native Plants Database,https://www.audubon.org/native-plants
PLT0013,Nuthatches,Audubon broad bird-family group,Birds,broad_audubon_group,,,Broad bird habitat/resource support,Audubon May Attract: Nuthatches,Audubon plant-resource profile; not bird-group-specific,,Bird-friendly profile support,D - Audubon broad bird-friendly support; not species-level direct interaction,Audubon ZIP 78666 native-plant profile; broad family/guild context,0.07,Central Texas Bird Audubon interactions,National Audubon Society Native Plants Database,https://www.audubon.org/native-plants
PLT0013,Orioles,Audubon broad bird-family group,Birds,broad_audubon_group,,,Broad bird habitat/resource support,Audubon May Attract: Orioles,Audubon plant-resource profile; not bird-group-specific,,Bird-friendly profile support,D - Audubon broad bird-friendly support; not species-level direct interaction,Audubon ZIP 78666 native-plant profile; broad family/guild context,0.07,Central Texas Bird Audubon interactions,National Audubon Society Native Plants Database,https://www.audubon.org/native-plants
PLT0013,Thrushes,Audubon broad bird-family group,Birds,broad_audubon_group,,,Broad bird habitat/resource support,Audubon May Attract: Thrushes,Audubon plant-resource profile; not bird-group-specific,,Bird-friendly profile support,D - Audubon broad bird-friendly support; not species-level direct interaction,Audubon ZIP 78666 native-plant profile; broad family/guild context,0.07,Central Texas Bird Audubon interactions,National Audubon Society Native Plants Database,https://www.audubon.org/native-plants
PLT0013,Vireos,Audubon broad bird-family group,Birds,broad_audubon_group,,,Broad bird habitat/resource support,Audubon May Attract: Vireos,Audubon plant-resource profile; not bird-group-specific,,Bird-friendly profile support,D - Audubon broad bird-friendly support; not species-level direct interaction,Audubon ZIP 78666 native-plant profile; broad family/guild context,0.07,Central Texas Bird Audubon interactions,National Audubon Society Native Plants Database,https://www.audubon.org/native-plants
PLT0013,Waxwings,Audubon broad bird-family group,Birds,broad_audubon_group,,,Broad bird habitat/resource support,Audubon May Attract: Waxwings,Audubon plant-resource profile; not bird-group-specific,,Bird-friendly profile support,D - Audubon broad bird-friendly support; not species-level direct interaction,Audubon ZIP 78666 native-plant profile; broad family/guild context,0.07,Central Texas Bird Audubon interactions,National Audubon Society Native Plants Database,https://www.audubon.org/native-plants
PLT0013,Wood Warblers,Audubon broad bird-family group,Birds,broad_audubon_group,,,Broad bird habitat/resource support,Audubon May Attract: Wood Warblers,Audubon plant-resource profile; not bird-group-specific,,Bird-friendly profile support,D - Audubon broad bird-friendly support; not species-level direct interaction,Audubon ZIP 78666 native-plant profile; broad family/guild context,0.07,Central Texas Bird Audubon interactions,National Audubon Society Native Plants Database,https://www.audubon.org/native-plants
PLT0013,Woodpeckers,Audubon broad bird-family group,Birds,broad_audubon_group,,,Broad bird habitat/resource support,Audubon May Attract: Woodpeckers,Audubon plant-resource profile; not bird-group-specific,,Bird-friendly profile support,D - Audubon broad bird-friendly support; not species-level direct interaction,Audubon ZIP 78666 native-plant profile; broad family/guild context,0.07,Central Texas Bird Audubon interactions,National Audubon Society Native Plants Database,https://www.audubon.org/native-plants
PLT0013,Wrens,Audubon broad bird-family group,Birds,broad_audubon_group,,,Broad bird habitat/resource support,Audubon May Attract: Wrens,Audubon plant-resource profile; not bird-group-specific,,Bird-friendly profile support,D - Audubon broad bird-friendly support; not species-level direct interaction,Audubon ZIP 78666 native-plant profile; broad family/guild context,0.07,Central Texas Bird Audubon interactions,National Audubon Society Native Plants Database,https://www.audubon.org/native-plants
PLT0024,"Cardinals, Grosbeaks and Buntings",Audubon broad bird-family group,Birds,broad_audubon_group,,,Broad bird habitat/resource support,"Audubon May Attract: Cardinals, Grosbeaks and Buntings",Audubon plant-resource profile; not bird-group-specific,,Bird-friendly profile support,D - Audubon broad bird-friendly support; not species-level direct interaction,Audubon ZIP 78666 native-plant profile; broad family/guild context,0.07,Central Texas Bird Audubon interactions,National Audubon Society Native Plants Database,https://www.audubon.org/native-plants
PLT0024,Chickadees and Titmice,Audubon broad bird-family group,Birds,broad_audubon_group,,,Broad bird habitat/resource support,Audubon May Attract: Chickadees and Titmice,Audubon plant-resource profile; not bird-group-specific,,Bird-friendly profile support,D - Audubon broad bird-friendly support; not species-level direct interaction,Audubon ZIP 78666 native-plant profile; broad family/guild context,0.07,Central Texas Bird Audubon interactions,National Audubon Society Native Plants Database,https://www.audubon.org/native-plants
PLT0024,"Crows, Magpies and Jays",Audubon broad bird-family group,Birds,broad_audubon_group,,,Broad bird habitat/resource support,"Audubon May Attract: Crows, Magpies and Jays",Audubon plant-resource profile; not bird-group-specific,,Bird-friendly profile support,D - Audubon broad bird-friendly support; not species-level direct interaction,Audubon ZIP 78666 native-plant profile; broad family/guild context,0.07,Central Texas Bird Audubon interactions,National Audubon Society Native Plants Database,https://www.audubon.org/native-plants
PLT0024,Finches,Audubon broad bird-family group,Birds,broad_audubon_group,,,Broad bird habitat/resource support,Audubon May Attract: Finches,Audubon plant-resource profile; not bird-group-specific,,Bird-friendly profile support,D - Audubon broad bird-friendly support; not species-level direct interaction,Audubon ZIP 78666 native-plant profile; broad family/guild context,0.07,Central Texas Bird Audubon interactions,National Audubon Society Native Plants Database,https://www.audubon.org/native-plants
PLT0024,Hummingbirds,Audubon broad bird-family group,Birds,broad_audubon_group,,,Broad bird habitat/resource support,Audubon May Attract: Hummingbirds,Audubon plant-resource profile; not bird-group-specific,,Bird-friendly profile support,D - Audubon broad bird-friendly support; not species-level direct interaction,Audubon ZIP 78666 native-plant profile; broad family/guild context,0.07,Central Texas Bird Audubon interactions,National Audubon Society Native Plants Database,https://www.audubon.org/native-plants
PLT0024,Mockingbirds and Thrashers,Audubon broad bird-family group,Birds,broad_audubon_group,,,Broad bird habitat/resource support,Audubon May Attract: Mockingbirds and Thrashers,Audubon plant-resource profile; not bird-group-specific,,Bird-friendly profile support,D - Audubon broad bird-friendly support; not species-level direct interaction,Audubon ZIP 78666 native-plant profile; broad family/guild context,0.07,Central Texas Bird Audubon interactions,National Audubon Society Native Plants Database,https://www.audubon.org/native-plants
PLT0024,New World Sparrows,Audubon broad bird-family group,Birds,broad_audubon_group,,,Broad bird habitat/resource support,Audubon May Attract: New World Sparrows,Audubon plant-resource profile; not bird-group-specific,,Bird-friendly profile support,D - Audubon broad bird-friendly support; not species-level direct interaction,Audubon ZIP 78666 native-plant profile; broad family/guild context,0.07,Central Texas Bird Audubon interactions,National Audubon Society Native Plants Database,https://www.audubon.org/native-plants
PLT0024,Nuthatches,Audubon broad bird-family group,Birds,broad_audubon_group,,,Broad bird habitat/resource support,Audubon May Attract: Nuthatches,Audubon plant-resource profile; not bird-group-specific,,Bird-friendly profile support,D - Audubon broad bird-friendly support; not species-level direct interaction,Audubon ZIP 78666 native-plant profile; broad family/guild context,0.07,Central Texas Bird Audubon interactions,National Audubon Society Native Plants Database,https://www.audubon.org/native-plants
PLT0024,Orioles,Audubon broad bird-family group,Birds,broad_audubon_group,,,Broad bird habitat/resource support,Audubon May Attract: Orioles,Audubon plant-resource profile; not bird-group-specific,,Bird-friendly profile support,D - Audubon broad bird-friendly support; not species-level direct interaction,Audubon ZIP 78666 native-plant profile; broad family/guild context,0.07,Central Texas Bird Audubon interactions,National Audubon Society Native Plants Database,https://www.audubon.org/native-plants
PLT0024,Thrushes,Audubon broad bird-family group,Birds,broad_audubon_group,,,Broad bird habitat/resource support,Audubon May Attract: Thrushes,Audubon plant-resource profile; not bird-group-specific,,Bird-friendly profile support,D - Audubon broad bird-friendly support; not species-level direct interaction,Audubon ZIP 78666 native-plant profile; broad family/guild context,0.07,Central Texas Bird Audubon interactions,National Audubon Society Native Plants Database,https://www.audubon.org/native-plants
PLT0024,Vireos,Audubon broad bird-family group,Birds,broad_audubon_group,,,Broad bird habitat/resource support,Audubon May Attract: Vireos,Audubon plant-resource profile; not bird-group-specific,,Bird-friendly profile support,D - Audubon broad bird-friendly support; not species-level direct interaction,Audubon ZIP 78666 native-plant profile; broad family/guild context,0.07,Central Texas Bird Audubon interactions,National Audubon Society Native Plants Database,https://www.audubon.org/native-plants
PLT0024,Waxwings,Audubon broad bird-family group,Birds,broad_audubon_group,,,Broad bird habitat/resource support,Audubon May Attract: Waxwings,Audubon plant-resource profile; not bird-group-specific,,Bird-friendly profile support,D - Audubon broad bird-friendly support; not species-level direct interaction,Audubon ZIP 78666 native-plant profile; broad family/guild context,0.07,Central Texas Bird Audubon interactions,National Audubon Society Native Plants Database,https://www.audubon.org/native-plants
PLT0024,Wood Warblers,Audubon broad bird-family group,Birds,broad_audubon_group,,,Broad bird habitat/resource support,Audubon May Attract: Wood Warblers,Audubon plant-resource profile; not bird-group-specific,,Bird-friendly profile support,D - Audubon broad bird-friendly support; not species-level direct interaction,Audubon ZIP 78666 native-plant profile; broad family/guild context,0.07,Central Texas Bird Audubon interactions,National Audubon Society Native Plants Database,https://www.audubon.org/native-plants
PLT0024,Woodpeckers,Audubon broad bird-family group,Birds,broad_audubon_group,,,Broad bird habitat/resource support,Audubon May Attract: Woodpeckers,Audubon plant-resource profile; not bird-group-specific,,Bird-friendly profile support,D - Audubon broad bird-friendly support; not species-level direct interaction,Audubon ZIP 78666 native-plant profile; broad family/guild context,0.07,Central Texas Bird Audubon interactions,National Audubon Society Native Plants Database,https://www.audubon.org/native-plants
PLT0024,Wrens,Audubon broad bird-family group,Birds,broad_audubon_group,,,Broad bird habitat/resource support,Audubon May Attract: Wrens,Audubon plant-resource profile; not bird-group-specific,,Bird-friendly profile support,D - Audubon broad bird-friendly support; not species-level direct interaction,Audubon ZIP 78666 native-plant profile; broad family/guild context,0.07,Central Texas Bird Audubon interactions,National Audubon Society Native Plants Database,https://www.audubon.org/native-plants
PLT0026,"Cardinals, Grosbeaks and Buntings",Audubon broad bird-family group,Birds,broad_audubon_group,,,Broad bird habitat/resource support,"Audubon May Attract: Cardinals, Grosbeaks and Buntings",Audubon plant-resource profile; not bird-group-specific,,Bird-friendly profile support,D - Audubon broad bird-friendly support; not species-level direct interaction,Audubon ZIP 78666 native-plant profile; broad family/guild context,0.07,Central Texas Bird Audubon interactions,National Audubon Society Native Plants Database,https://www.audubon.org/native-plants
PLT0026,Chickadees and Titmice,Audubon broad bird-family group,Birds,broad_audubon_group,,,Broad bird habitat/resource support,Audubon May Attract: Chickadees and Titmice,Audubon plant-resource profile; not bird-group-specific,,Bird-friendly profile support,D - Audubon broad bird-friendly support; not species-level direct interaction,Audubon ZIP 78666 native-plant profile; broad family/guild context,0.07,Central Texas Bird Audubon interactions,National Audubon Society Native Plants Database,https://www.audubon.org/native-plants
PLT0026,"Crows, Magpies and Jays",Audubon broad bird-family group,Birds,broad_audubon_group,,,Broad bird habitat/resource support,"Audubon May Attract: Crows, Magpies and Jays",Audubon plant-resource profile; not bird-group-specific,,Bird-friendly profile support,D - Audubon broad bird-friendly support; not species-level direct interaction,Audubon ZIP 78666 native-plant profile; broad family/guild context,0.07,Central Texas Bird Audubon interactions,National Audubon Society Native Plants Database,https://www.audubon.org/native-plants
PLT0026,Finches,Audubon broad bird-family group,Birds,broad_audubon_group,,,Broad bird habitat/resource support,Audubon May Attract: Finches,Audubon plant-resource profile; not bird-group-specific,,Bird-friendly profile support,D - Audubon broad bird-friendly support; not species-level direct interaction,Audubon ZIP 78666 native-plant profile; broad family/guild context,0.07,Central Texas Bird Audubon interactions,National Audubon Society Native Plants Database,https://www.audubon.org/native-plants
PLT0026,Hummingbirds,Audubon broad bird-family group,Birds,broad_audubon_group,,,Broad bird habitat/resource support,Audubon May Attract: Hummingbirds,Audubon plant-resource profile; not bird-group-specific,,Bird-friendly profile support,D - Audubon broad bird-friendly support; not species-level direct interaction,Audubon ZIP 78666 native-plant profile; broad family/guild context,0.07,Central Texas Bird Audubon interactions,National Audubon Society Native Plants Database,https://www.audubon.org/native-plants
PLT0026,Mockingbirds and Thrashers,Audubon broad bird-family group,Birds,broad_audubon_group,,,Broad bird habitat/resource support,Audubon May Attract: Mockingbirds and Thrashers,Audubon plant-resource profile; not bird-group-specific,,Bird-friendly profile support,D - Audubon broad bird-friendly support; not species-level direct interaction,Audubon ZIP 78666 native-plant profile; broad family/guild context,0.07,Central Texas Bird Audubon interactions,National Audubon Society Native Plants Database,https://www.audubon.org/native-plants
PLT0026,New World Sparrows,Audubon broad bird-family group,Birds,broad_audubon_group,,,Broad bird habitat/resource support,Audubon May Attract: New World Sparrows,Audubon plant-resource profile; not bird-group-specific,,Bird-friendly profile support,D - Audubon broad bird-friendly support; not species-level direct interaction,Audubon ZIP 78666 native-plant profile; broad family/guild context,0.07,Central Texas Bird Audubon interactions,National Audubon Society Native Plants Database,https://www.audubon.org/native-plants
PLT0026,Nuthatches,Audubon broad bird-family group,Birds,broad_audubon_group,,,Broad bird habitat/resource support,Audubon May Attract: Nuthatches,Audubon plant-resource profile; not bird-group-specific,,Bird-friendly profile support,D - Audubon broad bird-friendly support; not species-level direct interaction,Audubon ZIP 78666 native-plant profile; broad family/guild context,0.07,Central Texas Bird Audubon interactions,National Audubon Society Native Plants Database,https://www.audubon.org/native-plants
PLT0026,Orioles,Audubon broad bird-family group,Birds,broad_audubon_group,,,Broad bird habitat/resource support,Audubon May Attract: Orioles,Audubon plant-resource profile; not bird-group-specific,,Bird-friendly profile support,D - Audubon broad bird-friendly support; not species-level direct interaction,Audubon ZIP 78666 native-plant profile; broad family/guild context,0.07,Central Texas Bird Audubon interactions,National Audubon Society Native Plants Database,https://www.audubon.org/native-plants
PLT0026,Thrushes,Audubon broad bird-family group,Birds,broad_audubon_group,,,Broad bird habitat/resource support,Audubon May Attract: Thrushes,Audubon plant-resource profile; not bird-group-specific,,Bird-friendly profile support,D - Audubon broad bird-friendly support; not species-level direct interaction,Audubon ZIP 78666 native-plant profile; broad family/guild context,0.07,Central Texas Bird Audubon interactions,National Audubon Society Native Plants Database,https://www.audubon.org/native-plants
PLT0026,Vireos,Audubon broad bird-family group,Birds,broad_audubon_group,,,Broad bird habitat/resource support,Audubon May Attract: Vireos,Audubon plant-resource profile; not bird-group-specific,,Bird-friendly profile support,D - Audubon broad bird-friendly support; not species-level direct interaction,Audubon ZIP 78666 native-plant profile; broad family/guild context,0.07,Central Texas Bird Audubon interactions,National Audubon Society Native Plants Database,https://www.audubon.org/native-plants
PLT0026,Waxwings,Audubon broad bird-family group,Birds,broad_audubon_group,,,Broad bird habitat/resource support,Audubon May Attract: Waxwings,Audubon plant-resource profile; not bird-group-specific,,Bird-friendly profile support,D - Audubon broad bird-friendly support; not species-level direct interaction,Audubon ZIP 78666 native-plant profile; broad family/guild context,0.07,Central Texas Bird Audubon interactions,National Audubon Society Native Plants Database,https://www.audubon.org/native-plants
PLT0026,Wood Warblers,Audubon broad bird-family group,Birds,broad_audubon_group,,,Broad bird habitat/resource support,Audubon May Attract: Wood Warblers,Audubon plant-resource profile; not bird-group-specific,,Bird-friendly profile support,D - Audubon broad bird-friendly support; not species-level direct interaction,Audubon ZIP 78666 native-plant profile; broad family/guild context,0.07,Central Texas Bird Audubon interactions,National Audubon Society Native Plants Database,https://www.audubon.org/native-plants
PLT0026,Woodpeckers,Audubon broad bird-family group,Birds,broad_audubon_group,,,Broad bird habitat/resource support,Audubon May Attract: Woodpeckers,Audubon plant-resource profile; not bird-group-specific,,Bird-friendly profile support,D - Audubon broad bird-friendly support; not species-level direct interaction,Audubon ZIP 78666 native-plant profile; broad family/guild context,0.07,Central Texas Bird Audubon interactions,National Audubon Society Native Plants Database,https://www.audubon.org/native-plants
PLT0026,Wrens,Audubon broad bird-family group,Birds,broad_audubon_group,,,Broad bird habitat/resource support,Audubon May Attract: Wrens,Audubon plant-resource profile; not bird-group-specific,,Bird-friendly profile support,D - Audubon broad bird-friendly support; not species-level direct interaction,Audubon ZIP 78666 native-plant profile; broad family/guild context,0.07,Central Texas Bird Audubon interactions,National Audubon Society Native Plants Database,https://www.audubon.org/native-plants
PLT0028,"Cardinals, Grosbeaks and Buntings",Audubon broad bird-family group,Birds,broad_audubon_group,,,Broad bird habitat/resource support,"Audubon May Attract: Cardinals, Grosbeaks and Buntings",Audubon plant-resource profile; not bird-group-specific,,Bird-friendly profile support,D - Audubon broad bird-friendly support; not species-level direct interaction,Audubon ZIP 78666 native-plant profile; broad family/guild context,0.07,Central Texas Bird Audubon interactions,National Audubon Society Native Plants Database,https://www.audubon.org/native-plants
PLT0028,Chickadees and Titmice,Audubon broad bird-family group,Birds,broad_audubon_group,,,Broad bird habitat/resource support,Audubon May Attract: Chickadees and Titmice,Audubon plant-resource profile; not bird-group-specific,,Bird-friendly profile support,D - Audubon broad bird-friendly support; not species-level direct interaction,Audubon ZIP 78666 native-plant profile; broad family/guild context,0.07,Central Texas Bird Audubon interactions,National Audubon Society Native Plants Database,https://www.audubon.org/native-plants
PLT0028,"Crows, Magpies and Jays",Audubon broad bird-family group,Birds,broad_audubon_group,,,Broad bird habitat/resource support,"Audubon May Attract: Crows, Magpies and Jays",Audubon plant-resource profile; not bird-group-specific,,Bird-friendly profile support,D - Audubon broad bird-friendly support; not species-level direct interaction,Audubon ZIP 78666 native-plant profile; broad family/guild context,0.07,Central Texas Bird Audubon interactions,National Audubon Society Native Plants Database,https://www.audubon.org/native-plants
PLT0028,Finches,Audubon broad bird-family group,Birds,broad_audubon_group,,,Broad bird habitat/resource support,Audubon May Attract: Finches,Audubon plant-resource profile; not bird-group-specific,,Bird-friendly profile support,D - Audubon broad bird-friendly support; not species-level direct interaction,Audubon ZIP 78666 native-plant profile; broad family/guild context,0.07,Central Texas Bird Audubon interactions,National Audubon Society Native Plants Database,https://www.audubon.org/native-plants
PLT0028,Hummingbirds,Audubon broad bird-family group,Birds,broad_audubon_group,,,Broad bird habitat/resource support,Audubon May Attract: Hummingbirds,Audubon plant-resource profile; not bird-group-specific,,Bird-friendly profile support,D - Audubon broad bird-friendly support; not species-level direct interaction,Audubon ZIP 78666 native-plant profile; broad family/guild context,0.07,Central Texas Bird Audubon interactions,National Audubon Society Native Plants Database,https://www.audubon.org/native-plants
PLT0028,Mockingbirds and Thrashers,Audubon broad bird-family group,Birds,broad_audubon_group,,,Broad bird habitat/resource support,Audubon May Attract: Mockingbirds and Thrashers,Audubon plant-resource profile; not bird-group-specific,,Bird-friendly profile support,D - Audubon broad bird-friendly support; not species-level direct interaction,Audubon ZIP 78666 native-plant profile; broad family/guild context,0.07,Central Texas Bird Audubon interactions,National Audubon Society Native Plants Database,https://www.audubon.org/native-plants
PLT0028,New World Sparrows,Audubon broad bird-family group,Birds,broad_audubon_group,,,Broad bird habitat/resource support,Audubon May Attract: New World Sparrows,Audubon plant-resource profile; not bird-group-specific,,Bird-friendly profile support,D - Audubon broad bird-friendly support; not species-level direct interaction,Audubon ZIP 78666 native-plant profile; broad family/guild context,0.07,Central Texas Bird Audubon interactions,National Audubon Society Native Plants Database,https://www.audubon.org/native-plants
PLT0028,Nuthatches,Audubon broad bird-family group,Birds,broad_audubon_group,,,Broad bird habitat/resource support,Audubon May Attract: Nuthatches,Audubon plant-resource profile; not bird-group-specific,,Bird-friendly profile support,D - Audubon broad bird-friendly support; not species-level direct interaction,Audubon ZIP 78666 native-plant profile; broad family/guild context,0.07,Central Texas Bird Audubon interactions,National Audubon Society Native Plants Database,https://www.audubon.org/native-plants
PLT0028,Orioles,Audubon broad bird-family group,Birds,broad_audubon_group,,,Broad bird habitat/resource support,Audubon May Attract: Orioles,Audubon plant-resource profile; not bird-group-specific,,Bird-friendly profile support,D - Audubon broad bird-friendly support; not species-level direct interaction,Audubon ZIP 78666 native-plant profile; broad family/guild context,0.07,Central Texas Bird Audubon interactions,National Audubon Society Native Plants Database,https://www.audubon.org/native-plants
PLT0028,Thrushes,Audubon broad bird-family group,Birds,broad_audubon_group,,,Broad bird habitat/resource support,Audubon May Attract: Thrushes,Audubon plant-resource profile; not bird-group-specific,,Bird-friendly profile support,D - Audubon broad bird-friendly support; not species-level direct interaction,Audubon ZIP 78666 native-plant profile; broad family/guild context,0.07,Central Texas Bird Audubon interactions,National Audubon Society Native Plants Database,https://www.audubon.org/native-plants
PLT0028,Vireos,Audubon broad bird-family group,Birds,broad_audubon_group,,,Broad bird habitat/resource support,Audubon May Attract: Vireos,Audubon plant-resource profile; not bird-group-specific,,Bird-friendly profile support,D - Audubon broad bird-friendly support; not species-level direct interaction,Audubon ZIP 78666 native-plant profile; broad family/guild context,0.07,Central Texas Bird Audubon interactions,National Audubon Society Native Plants Database,https://www.audubon.org/native-plants
PLT0028,Waxwings,Audubon broad bird-family group,Birds,broad_audubon_group,,,Broad bird habitat/resource support,Audubon May Attract: Waxwings,Audubon plant-resource profile; not bird-group-specific,,Bird-friendly profile support,D - Audubon broad bird-friendly support; not species-level direct interaction,Audubon ZIP 78666 native-plant profile; broad family/guild context,0.07,Central Texas Bird Audubon interactions,National Audubon Society Native Plants Database,https://www.audubon.org/native-plants
PLT0028,Wood Warblers,Audubon broad bird-family group,Birds,broad_audubon_group,,,Broad bird habitat/resource support,Audubon May Attract: Wood Warblers,Audubon plant-resource profile; not bird-group-specific,,Bird-friendly profile support,D - Audubon broad bird-friendly support; not species-level direct interaction,Audubon ZIP 78666 native-plant profile; broad family/guild context,0.07,Central Texas Bird Audubon interactions,National Audubon Society Native Plants Database,https://www.audubon.org/native-plants
PLT0028,Woodpeckers,Audubon broad bird-family group,Birds,broad_audubon_group,,,Broad bird habitat/resource support,Audubon May Attract: Woodpeckers,Audubon plant-resource profile; not bird-group-specific,,Bird-friendly profile support,D - Audubon broad bird-friendly support; not species-level direct interaction,Audubon ZIP 78666 native-plant profile; broad family/guild context,0.07,Central Texas Bird Audubon interactions,National Audubon Society Native Plants Database,https://www.audubon.org/native-plants
PLT0028,Wrens,Audubon broad bird-family group,Birds,broad_audubon_group,,,Broad bird habitat/resource support,Audubon May Attract: Wrens,Audubon plant-resource profile; not bird-group-specific,,Bird-friendly profile support,D - Audubon broad bird-friendly support; not species-level direct interaction,Audubon ZIP 78666 native-plant profile; broad family/guild context,0.07,Central Texas Bird Audubon interactions,National Audubon Society Native Plants Database,https://www.audubon.org/native-plants
PLT0032,"Cardinals, Grosbeaks and Buntings",Audubon broad bird-family group,Birds,broad_audubon_group,,,Broad bird habitat/resource support,"Audubon May Attract: Cardinals, Grosbeaks and Buntings",Audubon plant-resource profile; not bird-group-specific,,Bird-friendly profile support,D - Audubon broad bird-friendly support; not species-level direct interaction,Audubon ZIP 78666 native-plant profile; broad family/guild context,0.07,Central Texas Bird Audubon interactions,National Audubon Society Native Plants Database,https://www.audubon.org/native-plants
PLT0032,Chickadees and Titmice,Audubon broad bird-family group,Birds,broad_audubon_group,,,Broad bird habitat/resource support,Audubon May Attract: Chickadees and Titmice,Audubon plant-resource profile; not bird-group-specific,,Bird-friendly profile support,D - Audubon broad bird-friendly support; not species-level direct interaction,Audubon ZIP 78666 native-plant profile; broad family/guild context,0.07,Central Texas Bird Audubon interactions,National Audubon Society Native Plants Database,https://www.audubon.org/native-plants
PLT0032,"Crows, Magpies and Jays",Audubon broad bird-family group,Birds,broad_audubon_group,,,Broad bird habitat/resource support,"Audubon May Attract: Crows, Magpies and Jays",Audubon plant-resource profile; not bird-group-specific,,Bird-friendly profile support,D - Audubon broad bird-friendly support; not species-level direct interaction,Audubon ZIP 78666 native-plant profile; broad family/guild context,0.07,Central Texas Bird Audubon interactions,National Audubon Society Native Plants Database,https://www.audubon.org/native-plants
PLT0032,Finches,Audubon broad bird-family group,Birds,broad_audubon_group,,,Broad bird habitat/resource support,Audubon May Attract: Finches,Audubon plant-resource profile; not bird-group-specific,,Bird-friendly profile support,D - Audubon broad bird-friendly support; not species-level direct interaction,Audubon ZIP 78666 native-plant profile; broad family/guild context,0.07,Central Texas Bird Audubon interactions,National Audubon Society Native Plants Database,https://www.audubon.org/native-plants
PLT0032,Hummingbirds,Audubon broad bird-family group,Birds,broad_audubon_group,,,Broad bird habitat/resource support,Audubon May Attract: Hummingbirds,Audubon plant-resource profile; not bird-group-specific,,Bird-friendly profile support,D - Audubon broad bird-friendly support; not species-level direct interaction,Audubon ZIP 78666 native-plant profile; broad family/guild context,0.07,Central Texas Bird Audubon interactions,National Audubon Society Native Plants Database,https://www.audubon.org/native-plants
PLT0032,Mockingbirds and Thrashers,Audubon broad bird-family group,Birds,broad_audubon_group,,,Broad bird habitat/resource support,Audubon May Attract: Mockingbirds and Thrashers,Audubon plant-resource profile; not bird-group-specific,,Bird-friendly profile support,D - Audubon broad bird-friendly support; not species-level direct interaction,Audubon ZIP 78666 native-plant profile; broad family/guild context,0.07,Central Texas Bird Audubon interactions,National Audubon Society Native Plants Database,https://www.audubon.org/native-plants
PLT0032,New World Sparrows,Audubon broad bird-family group,Birds,broad_audubon_group,,,Broad bird habitat/resource support,Audubon May Attract: New World Sparrows,Audubon plant-resource profile; not bird-group-specific,,Bird-friendly profile support,D - Audubon broad bird-friendly support; not species-level direct interaction,Audubon ZIP 78666 native-plant profile; broad family/guild context,0.07,Central Texas Bird Audubon interactions,National Audubon Society Native Plants Database,https://www.audubon.org/native-plants
PLT0032,Nuthatches,Audubon broad bird-family group,Birds,broad_audubon_group,,,Broad bird habitat/resource support,Audubon May Attract: Nuthatches,Audubon plant-resource profile; not bird-group-specific,,Bird-friendly profile support,D - Audubon broad bird-friendly support; not species-level direct interaction,Audubon ZIP 78666 native-plant profile; broad family/guild context,0.07,Central Texas Bird Audubon interactions,National Audubon Society Native Plants Database,https://www.audubon.org/native-plants
PLT0032,Orioles,Audubon broad bird-family group,Birds,broad_audubon_group,,,Broad bird habitat/resource support,Audubon May Attract: Orioles,Audubon plant-resource profile; not bird-group-specific,,Bird-friendly profile support,D - Audubon broad bird-friendly support; not species-level direct interaction,Audubon ZIP 78666 native-plant profile; broad family/guild context,0.07,Central Texas Bird Audubon interactions,National Audubon Society Native Plants Database,https://www.audubon.org/native-plants
PLT0032,Thrushes,Audubon broad bird-family group,Birds,broad_audubon_group,,,Broad bird habitat/resource support,Audubon May Attract: Thrushes,Audubon plant-resource profile; not bird-group-specific,,Bird-friendly profile support,D - Audubon broad bird-friendly support; not species-level direct interaction,Audubon ZIP 78666 native-plant profile; broad family/guild context,0.07,Central Texas Bird Audubon interactions,National Audubon Society Native Plants Database,https://www.audubon.org/native-plants
PLT0032,Vireos,Audubon broad bird-family group,Birds,broad_audubon_group,,,Broad bird habitat/resource support,Audubon May Attract: Vireos,Audubon plant-resource profile; not bird-group-specific,,Bird-friendly profile support,D - Audubon broad bird-friendly support; not species-level direct interaction,Audubon ZIP 78666 native-plant profile; broad family/guild context,0.07,Central Texas Bird Audubon interactions,National Audubon Society Native Plants Database,https://www.audubon.org/native-plants
PLT0032,Waxwings,Audubon broad bird-family group,Birds,broad_audubon_group,,,Broad bird habitat/resource support,Audubon May Attract: Waxwings,Audubon plant-resource profile; not bird-group-specific,,Bird-friendly profile support,D - Audubon broad bird-friendly support; not species-level direct interaction,Audubon ZIP 78666 native-plant profile; broad family/guild context,0.07,Central Texas Bird Audubon interactions,National Audubon Society Native Plants Database,https://www.audubon.org/native-plants
PLT0032,Wood Warblers,Audubon broad bird-family group,Birds,broad_audubon_group,,,Broad bird habitat/resource support,Audubon May Attract: Wood Warblers,Audubon plant-resource profile; not bird-group-specific,,Bird-friendly profile support,D - Audubon broad bird-friendly support; not species-level direct interaction,Audubon ZIP 78666 native-plant profile; broad family/guild context,0.07,Central Texas Bird Audubon interactions,National Audubon Society Native Plants Database,https://www.audubon.org/native-plants
PLT0032,Woodpeckers,Audubon broad bird-family group,Birds,broad_audubon_group,,,Broad bird habitat/resource support,Audubon May Attract: Woodpeckers,Audubon plant-resource profile; not bird-group-specific,,Bird-friendly profile support,D - Audubon broad bird-friendly support; not species-level direct interaction,Audubon ZIP 78666 native-plant profile; broad family/guild context,0.07,Central Texas Bird Audubon interactions,National Audubon Society Native Plants Database,https://www.audubon.org/native-plants
PLT0032,Wrens,Audubon broad bird-family group,Birds,broad_audubon_group,,,Broad bird habitat/resource support,Audubon May Attract: Wrens,Audubon plant-resource profile; not bird-group-specific,,Bird-friendly profile support,D - Audubon broad bird-friendly support; not species-level direct interaction,Audubon ZIP 78666 native-plant profile; broad family/guild context,0.07,Central Texas Bird Audubon interactions,National Audubon Society Native Plants Database,https://www.audubon.org/native-plants
PLT0045,"Cardinals, Grosbeaks and Buntings",Audubon broad bird-family group,Birds,broad_audubon_group,,,Broad bird habitat/resource support,"Audubon May Attract: Cardinals, Grosbeaks and Buntings",Audubon plant-resource profile; not bird-group-specific,,Bird-friendly profile support,D - Audubon broad bird-friendly support; not species-level direct interaction,Audubon ZIP 78666 native-plant profile; broad family/guild context,0.07,Central Texas Bird Audubon interactions,National Audubon Society Native Plants Database,https://www.audubon.org/native-plants
PLT0045,Chickadees and Titmice,Audubon broad bird-family group,Birds,broad_audubon_group,,,Broad bird habitat/resource support,Audubon May Attract: Chickadees and Titmice,Audubon plant-resource profile; not bird-group-specific,,Bird-friendly profile support,D - Audubon broad bird-friendly support; not species-level direct interaction,Audubon ZIP 78666 native-plant profile; broad family/guild context,0.07,Central Texas Bird Audubon interactions,National Audubon Society Native Plants Database,https://www.audubon.org/native-plants
PLT0045,"Crows, Magpies and Jays",Audubon broad bird-family group,Birds,broad_audubon_group,,,Broad bird habitat/resource support,"Audubon May Attract: Crows, Magpies and Jays",Audubon plant-resource profile; not bird-group-specific,,Bird-friendly profile support,D - Audubon broad bird-friendly support; not species-level direct interaction,Audubon ZIP 78666 native-plant profile; broad family/guild context,0.07,Central Texas Bird Audubon interactions,National Audubon Society Native Plants Database,https://www.audubon.org/native-plants
PLT0045,Finches,Audubon broad bird-family group,Birds,broad_audubon_group,,,Broad bird habitat/resource support,Audubon May Attract: Finches,Audubon plant-resource profile; not bird-group-specific,,Bird-friendly profile support,D - Audubon broad bird-friendly support; not species-level direct interaction,Audubon ZIP 78666 native-plant profile; broad family/guild context,0.07,Central Texas Bird Audubon interactions,National Audubon Society Native Plants Database,https://www.audubon.org/native-plants
PLT0045,Hummingbirds,Audubon broad bird-family group,Birds,broad_audubon_group,,,Broad bird habitat/resource support,Audubon May Attract: Hummingbirds,Audubon plant-resource profile; not bird-group-specific,,Bird-friendly profile support,D - Audubon broad bird-friendly support; not species-level direct interaction,Audubon ZIP 78666 native-plant profile; broad family/guild context,0.07,Central Texas Bird Audubon interactions,National Audubon Society Native Plants Database,https://www.audubon.org/native-plants
PLT0045,Mockingbirds and Thrashers,Audubon broad bird-family group,Birds,broad_audubon_group,,,Broad bird habitat/resource support,Audubon May Attract: Mockingbirds and Thrashers,Audubon plant-resource profile; not bird-group-specific,,Bird-friendly profile support,D - Audubon broad bird-friendly support; not species-level direct interaction,Audubon ZIP 78666 native-plant profile; broad family/guild context,0.07,Central Texas Bird Audubon interactions,National Audubon Society Native Plants Database,https://www.audubon.org/native-plants
PLT0045,New World Sparrows,Audubon broad bird-family group,Birds,broad_audubon_group,,,Broad bird habitat/resource support,Audubon May Attract: New World Sparrows,Audubon plant-resource profile; not bird-group-specific,,Bird-friendly profile support,D - Audubon broad bird-friendly support; not species-level direct interaction,Audubon ZIP 78666 native-plant profile; broad family/guild context,0.07,Central Texas Bird Audubon interactions,National Audubon Society Native Plants Database,https://www.audubon.org/native-plants
PLT0045,Nuthatches,Audubon broad bird-family group,Birds,broad_audubon_group,,,Broad bird habitat/resource support,Audubon May Attract: Nuthatches,Audubon plant-resource profile; not bird-group-specific,,Bird-friendly profile support,D - Audubon broad bird-friendly support; not species-level direct interaction,Audubon ZIP 78666 native-plant profile; broad family/guild context,0.07,Central Texas Bird Audubon interactions,National Audubon Society Native Plants Database,https://www.audubon.org/native-plants
PLT0045,Orioles,Audubon broad bird-family group,Birds,broad_audubon_group,,,Broad bird habitat/resource support,Audubon May Attract: Orioles,Audubon plant-resource profile; not bird-group-specific,,Bird-friendly profile support,D - Audubon broad bird-friendly support; not species-level direct interaction,Audubon ZIP 78666 native-plant profile; broad family/guild context,0.07,Central Texas Bird Audubon interactions,National Audubon Society Native Plants Database,https://www.audubon.org/native-plants
PLT0045,Thrushes,Audubon broad bird-family group,Birds,broad_audubon_group,,,Broad bird habitat/resource support,Audubon May Attract: Thrushes,Audubon plant-resource profile; not bird-group-specific,,Bird-friendly profile support,D - Audubon broad bird-friendly support; not species-level direct interaction,Audubon ZIP 78666 native-plant profile; broad family/guild context,0.07,Central Texas Bird Audubon interactions,National Audubon Society Native Plants Database,https://www.audubon.org/native-plants
PLT0045,Vireos,Audubon broad bird-family group,Birds,broad_audubon_group,,,Broad bird habitat/resource support,Audubon May Attract: Vireos,Audubon plant-resource profile; not bird-group-specific,,Bird-friendly profile support,D - Audubon broad bird-friendly support; not species-level direct interaction,Audubon ZIP 78666 native-plant profile; broad family/guild context,0.07,Central Texas Bird Audubon interactions,National Audubon Society Native Plants Database,https://www.audubon.org/native-plants
PLT0045,Waxwings,Audubon broad bird-family group,Birds,broad_audubon_group,,,Broad bird habitat/resource support,Audubon May Attract: Waxwings,Audubon plant-resource profile; not bird-group-specific,,Bird-friendly profile support,D - Audubon broad bird-friendly support; not species-level direct interaction,Audubon ZIP 78666 native-plant profile; broad family/guild context,0.07,Central Texas Bird Audubon interactions,National Audubon Society Native Plants Database,https://www.audubon.org/native-plants
PLT0045,Wood Warblers,Audubon broad bird-family group,Birds,broad_audubon_group,,,Broad bird habitat/resource support,Audubon May Attract: Wood Warblers,Audubon plant-resource profile; not bird-group-specific,,Bird-friendly profile support,D - Audubon broad bird-friendly support; not species-level direct interaction,Audubon ZIP 78666 native-plant profile; broad family/guild context,0.07,Central Texas Bird Audubon interactions,National Audubon Society Native Plants Database,https://www.audubon.org/native-plants
PLT0045,Woodpeckers,Audubon broad bird-family group,Birds,broad_audubon_group,,,Broad bird habitat/resource support,Audubon May Attract: Woodpeckers,Audubon plant-resource profile; not bird-group-specific,,Bird-friendly profile support,D - Audubon broad bird-friendly support; not species-level direct interaction,Audubon ZIP 78666 native-plant profile; broad family/guild context,0.07,Central Texas Bird Audubon interactions,National Audubon Society Native Plants Database,https://www.audubon.org/native-plants
PLT0045,Wrens,Audubon broad bird-family group,Birds,broad_audubon_group,,,Broad bird habitat/resource support,Audubon May Attract: Wrens,Audubon plant-resource profile; not bird-group-specific,,Bird-friendly profile support,D - Audubon broad bird-friendly support; not species-level direct interaction,Audubon ZIP 78666 native-plant profile; broad family/guild context,0.07,Central Texas Bird Audubon interactions,National Audubon Society Native Plants Database,https://www.audubon.org/native-plants
PLT0046,"Cardinals, Grosbeaks and Buntings",Audubon broad bird-family group,Birds,broad_audubon_group,,,Broad bird habitat/resource support,"Audubon May Attract: Cardinals, Grosbeaks and Buntings",Audubon plant-resource profile; not bird-group-specific,,Bird-friendly profile support,D - Audubon broad bird-friendly support; not species-level direct interaction,Audubon ZIP 78666 native-plant profile; broad family/guild context,0.07,Central Texas Bird Audubon interactions,National Audubon Society Native Plants Database,https://www.audubon.org/native-plants
PLT0046,Chickadees and Titmice,Audubon broad bird-family group,Birds,broad_audubon_group,,,Broad bird habitat/resource support,Audubon May Attract: Chickadees and Titmice,Audubon plant-resource profile; not bird-group-specific,,Bird-friendly profile support,D - Audubon broad bird-friendly support; not species-level direct interaction,Audubon ZIP 78666 native-plant profile; broad family/guild context,0.07,Central Texas Bird Audubon interactions,National Audubon Society Native Plants Database,https://www.audubon.org/native-plants
PLT0046,"Crows, Magpies and Jays",Audubon broad bird-family group,Birds,broad_audubon_group,,,Broad bird habitat/resource support,"Audubon May Attract: Crows, Magpies and Jays",Audubon plant-resource profile; not bird-group-specific,,Bird-friendly profile support,D - Audubon broad bird-friendly support; not species-level direct interaction,Audubon ZIP 78666 native-plant profile; broad family/guild context,0.07,Central Texas Bird Audubon interactions,National Audubon Society Native Plants Database,https://www.audubon.org/native-plants
PLT0046,Finches,Audubon broad bird-family group,Birds,broad_audubon_group,,,Broad bird habitat/resource support,Audubon May Attract: Finches,Audubon plant-resource profile; not bird-group-specific,,Bird-friendly profile support,D - Audubon broad bird-friendly support; not species-level direct interaction,Audubon ZIP 78666 native-plant profile; broad family/guild context,0.07,Central Texas Bird Audubon interactions,National Audubon Society Native Plants Database,https://www.audubon.org/native-plants
PLT0046,Hummingbirds,Audubon broad bird-family group,Birds,broad_audubon_group,,,Broad bird habitat/resource support,Audubon May Attract: Hummingbirds,Audubon plant-resource profile; not bird-group-specific,,Bird-friendly profile support,D - Audubon broad bird-friendly support; not species-level direct interaction,Audubon ZIP 78666 native-plant profile; broad family/guild context,0.07,Central Texas Bird Audubon interactions,National Audubon Society Native Plants Database,https://www.audubon.org/native-plants
PLT0046,Mockingbirds and Thrashers,Audubon broad bird-family group,Birds,broad_audubon_group,,,Broad bird habitat/resource support,Audubon May Attract: Mockingbirds and Thrashers,Audubon plant-resource profile; not bird-group-specific,,Bird-friendly profile support,D - Audubon broad bird-friendly support; not species-level direct interaction,Audubon ZIP 78666 native-plant profile; broad family/guild context,0.07,Central Texas Bird Audubon interactions,National Audubon Society Native Plants Database,https://www.audubon.org/native-plants
PLT0046,New World Sparrows,Audubon broad bird-family group,Birds,broad_audubon_group,,,Broad bird habitat/resource support,Audubon May Attract: New World Sparrows,Audubon plant-resource profile; not bird-group-specific,,Bird-friendly profile support,D - Audubon broad bird-friendly support; not species-level direct interaction,Audubon ZIP 78666 native-plant profile; broad family/guild context,0.07,Central Texas Bird Audubon interactions,National Audubon Society Native Plants Database,https://www.audubon.org/native-plants
PLT0046,Nuthatches,Audubon broad bird-family group,Birds,broad_audubon_group,,,Broad bird habitat/resource support,Audubon May Attract: Nuthatches,Audubon plant-resource profile; not bird-group-specific,,Bird-friendly profile support,D - Audubon broad bird-friendly support; not species-level direct interaction,Audubon ZIP 78666 native-plant profile; broad family/guild context,0.07,Central Texas Bird Audubon interactions,National Audubon Society Native Plants Database,https://www.audubon.org/native-plants
PLT0046,Orioles,Audubon broad bird-family group,Birds,broad_audubon_group,,,Broad bird habitat/resource support,Audubon May Attract: Orioles,Audubon plant-resource profile; not bird-group-specific,,Bird-friendly profile support,D - Audubon broad bird-friendly support; not species-level direct interaction,Audubon ZIP 78666 native-plant profile; broad family/guild context,0.07,Central Texas Bird Audubon interactions,National Audubon Society Native Plants Database,https://www.audubon.org/native-plants
PLT0046,Thrushes,Audubon broad bird-family group,Birds,broad_audubon_group,,,Broad bird habitat/resource support,Audubon May Attract: Thrushes,Audubon plant-resource profile; not bird-group-specific,,Bird-friendly profile support,D - Audubon broad bird-friendly support; not species-level direct interaction,Audubon ZIP 78666 native-plant profile; broad family/guild context,0.07,Central Texas Bird Audubon interactions,National Audubon Society Native Plants Database,https://www.audubon.org/native-plants
PLT0046,Vireos,Audubon broad bird-family group,Birds,broad_audubon_group,,,Broad bird habitat/resource support,Audubon May Attract: Vireos,Audubon plant-resource profile; not bird-group-specific,,Bird-friendly profile support,D - Audubon broad bird-friendly support; not species-level direct interaction,Audubon ZIP 78666 native-plant profile; broad family/guild context,0.07,Central Texas Bird Audubon interactions,National Audubon Society Native Plants Database,https://www.audubon.org/native-plants
PLT0046,Waxwings,Audubon broad bird-family group,Birds,broad_audubon_group,,,Broad bird habitat/resource support,Audubon May Attract: Waxwings,Audubon plant-resource profile; not bird-group-specific,,Bird-friendly profile support,D - Audubon broad bird-friendly support; not species-level direct interaction,Audubon ZIP 78666 native-plant profile; broad family/guild context,0.07,Central Texas Bird Audubon interactions,National Audubon Society Native Plants Database,https://www.audubon.org/native-plants
PLT0046,Wood Warblers,Audubon broad bird-family group,Birds,broad_audubon_group,,,Broad bird habitat/resource support,Audubon May Attract: Wood Warblers,Audubon plant-resource profile; not bird-group-specific,,Bird-friendly profile support,D - Audubon broad bird-friendly support; not species-level direct interaction,Audubon ZIP 78666 native-plant profile; broad family/guild context,0.07,Central Texas Bird Audubon interactions,National Audubon Society Native Plants Database,https://www.audubon.org/native-plants
PLT0046,Woodpeckers,Audubon broad bird-family group,Birds,broad_audubon_group,,,Broad bird habitat/resource support,Audubon May Attract: Woodpeckers,Audubon plant-resource profile; not bird-group-specific,,Bird-friendly profile support,D - Audubon broad bird-friendly support; not species-level direct interaction,Audubon ZIP 78666 native-plant profile; broad family/guild context,0.07,Central Texas Bird Audubon interactions,National Audubon Society Native Plants Database,https://www.audubon.org/native-plants
PLT0046,Wrens,Audubon broad bird-family group,Birds,broad_audubon_group,,,Broad bird habitat/resource support,Audubon May Attract: Wrens,Audubon plant-resource profile; not bird-group-specific,,Bird-friendly profile support,D - Audubon broad bird-friendly support; not species-level direct interaction,Audubon ZIP 78666 native-plant profile; broad family/guild context,0.07,Central Texas Bird Audubon interactions,National Audubon Society Native Plants Database,https://www.audubon.org/native-plants
PLT0085,"Cardinals, Grosbeaks and Buntings",Audubon broad bird-family group,Birds,broad_audubon_group,,,Broad bird habitat/resource support,"Audubon May Attract: Cardinals, Grosbeaks and Buntings",Audubon plant-resource profile; not bird-group-specific,,Bird-friendly profile support,D - Audubon broad bird-friendly support; not species-level direct interaction,Audubon ZIP 78666 native-plant profile; broad family/guild context,0.07,Central Texas Bird Audubon interactions,National Audubon Society Native Plants Database,https://www.audubon.org/native-plants
PLT0085,Chickadees and Titmice,Audubon broad bird-family group,Birds,broad_audubon_group,,,Broad bird habitat/resource support,Audubon May Attract: Chickadees and Titmice,Audubon plant-resource profile; not bird-group-specific,,Bird-friendly profile support,D - Audubon broad bird-friendly support; not species-level direct interaction,Audubon ZIP 78666 native-plant profile; broad family/guild context,0.07,Central Texas Bird Audubon interactions,National Audubon Society Native Plants Database,https://www.audubon.org/native-plants
PLT0085,"Crows, Magpies and Jays",Audubon broad bird-family group,Birds,broad_audubon_group,,,Broad bird habitat/resource support,"Audubon May Attract: Crows, Magpies and Jays",Audubon plant-resource profile; not bird-group-specific,,Bird-friendly profile support,D - Audubon broad bird-friendly support; not species-level direct interaction,Audubon ZIP 78666 native-plant profile; broad family/guild context,0.07,Central Texas Bird Audubon interactions,National Audubon Society Native Plants Database,https://www.audubon.org/native-plants
PLT0085,Finches,Audubon broad bird-family group,Birds,broad_audubon_group,,,Broad bird habitat/resource support,Audubon May Attract: Finches,Audubon plant-resource profile; not bird-group-specific,,Bird-friendly profile support,D - Audubon broad bird-friendly support; not species-level direct interaction,Audubon ZIP 78666 native-plant profile; broad family/guild context,0.07,Central Texas Bird Audubon interactions,National Audubon Society Native Plants Database,https://www.audubon.org/native-plants
PLT0085,Hummingbirds,Audubon broad bird-family group,Birds,broad_audubon_group,,,Broad bird habitat/resource support,Audubon May Attract: Hummingbirds,Audubon plant-resource profile; not bird-group-specific,,Bird-friendly profile support,D - Audubon broad bird-friendly support; not species-level direct interaction,Audubon ZIP 78666 native-plant profile; broad family/guild context,0.07,Central Texas Bird Audubon interactions,National Audubon Society Native Plants Database,https://www.audubon.org/native-plants
PLT0085,Mockingbirds and Thrashers,Audubon broad bird-family group,Birds,broad_audubon_group,,,Broad bird habitat/resource support,Audubon May Attract: Mockingbirds and Thrashers,Audubon plant-resource profile; not bird-group-specific,,Bird-friendly profile support,D - Audubon broad bird-friendly support; not species-level direct interaction,Audubon ZIP 78666 native-plant profile; broad family/guild context,0.07,Central Texas Bird Audubon interactions,National Audubon Society Native Plants Database,https://www.audubon.org/native-plants
PLT0085,New World Sparrows,Audubon broad bird-family group,Birds,broad_audubon_group,,,Broad bird habitat/resource support,Audubon May Attract: New World Sparrows,Audubon plant-resource profile; not bird-group-specific,,Bird-friendly profile support,D - Audubon broad bird-friendly support; not species-level direct interaction,Audubon ZIP 78666 native-plant profile; broad family/guild context,0.07,Central Texas Bird Audubon interactions,National Audubon Society Native Plants Database,https://www.audubon.org/native-plants
PLT0085,Nuthatches,Audubon broad bird-family group,Birds,broad_audubon_group,,,Broad bird habitat/resource support,Audubon May Attract: Nuthatches,Audubon plant-resource profile; not bird-group-specific,,Bird-friendly profile support,D - Audubon broad bird-friendly support; not species-level direct interaction,Audubon ZIP 78666 native-plant profile; broad family/guild context,0.07,Central Texas Bird Audubon interactions,National Audubon Society Native Plants Database,https://www.audubon.org/native-plants
PLT0085,Orioles,Audubon broad bird-family group,Birds,broad_audubon_group,,,Broad bird habitat/resource support,Audubon May Attract: Orioles,Audubon plant-resource profile; not bird-group-specific,,Bird-friendly profile support,D - Audubon broad bird-friendly support; not species-level direct interaction,Audubon ZIP 78666 native-plant profile; broad family/guild context,0.07,Central Texas Bird Audubon interactions,National Audubon Society Native Plants Database,https://www.audubon.org/native-plants
PLT0085,Thrushes,Audubon broad bird-family group,Birds,broad_audubon_group,,,Broad bird habitat/resource support,Audubon May Attract: Thrushes,Audubon plant-resource profile; not bird-group-specific,,Bird-friendly profile support,D - Audubon broad bird-friendly support; not species-level direct interaction,Audubon ZIP 78666 native-plant profile; broad family/guild context,0.07,Central Texas Bird Audubon interactions,National Audubon Society Native Plants Database,https://www.audubon.org/native-plants
PLT0085,Vireos,Audubon broad bird-family group,Birds,broad_audubon_group,,,Broad bird habitat/resource support,Audubon May Attract: Vireos,Audubon plant-resource profile; not bird-group-specific,,Bird-friendly profile support,D - Audubon broad bird-friendly support; not species-level direct interaction,Audubon ZIP 78666 native-plant profile; broad family/guild context,0.07,Central Texas Bird Audubon interactions,National Audubon Society Native Plants Database,https://www.audubon.org/native-plants
PLT0085,Waxwings,Audubon broad bird-family group,Birds,broad_audubon_group,,,Broad bird habitat/resource support,Audubon May Attract: Waxwings,Audubon plant-resource profile; not bird-group-specific,,Bird-friendly profile support,D - Audubon broad bird-friendly support; not species-level direct interaction,Audubon ZIP 78666 native-plant profile; broad family/guild context,0.07,Central Texas Bird Audubon interactions,National Audubon Society Native Plants Database,https://www.audubon.org/native-plants
PLT0085,Wood Warblers,Audubon broad bird-family group,Birds,broad_audubon_group,,,Broad bird habitat/resource support,Audubon May Attract: Wood Warblers,Audubon plant-resource profile; not bird-group-specific,,Bird-friendly profile support,D - Audubon broad bird-friendly support; not species-level direct interaction,Audubon ZIP 78666 native-plant profile; broad family/guild context,0.07,Central Texas Bird Audubon interactions,National Audubon Society Native Plants Database,https://www.audubon.org/native-plants
PLT0085,Woodpeckers,Audubon broad bird-family group,Birds,broad_audubon_group,,,Broad bird habitat/resource support,Audubon May Attract: Woodpeckers,Audubon plant-resource profile; not bird-group-specific,,Bird-friendly profile support,D - Audubon broad bird-friendly support; not species-level direct interaction,Audubon ZIP 78666 native-plant profile; broad family/guild context,0.07,Central Texas Bird Audubon interactions,National Audubon Society Native Plants Database,https://www.audubon.org/native-plants
PLT0085,Wrens,Audubon broad bird-family group,Birds,broad_audubon_group,,,Broad bird habitat/resource support,Audubon May Attract: Wrens,Audubon plant-resource profile; not bird-group-specific,,Bird-friendly profile support,D - Audubon broad bird-friendly support; not species-level direct interaction,Audubon ZIP 78666 native-plant profile; broad family/guild context,0.07,Central Texas Bird Audubon interactions,National Audubon Society Native Plants Database,https://www.audubon.org/native-plants
PLT0095,"Cardinals, Grosbeaks and Buntings",Audubon broad bird-family group,Birds,broad_audubon_group,,,Broad bird habitat/resource support,"Audubon May Attract: Cardinals, Grosbeaks and Buntings",Audubon plant-resource profile; not bird-group-specific,,Bird-friendly profile support,D - Audubon broad bird-friendly support; not species-level direct interaction,Audubon ZIP 78666 native-plant profile; broad family/guild context,0.07,Central Texas Bird Audubon interactions,National Audubon Society Native Plants Database,https://www.audubon.org/native-plants
PLT0095,Chickadees and Titmice,Audubon broad bird-family group,Birds,broad_audubon_group,,,Broad bird habitat/resource support,Audubon May Attract: Chickadees and Titmice,Audubon plant-resource profile; not bird-group-specific,,Bird-friendly profile support,D - Audubon broad bird-friendly support; not species-level direct interaction,Audubon ZIP 78666 native-plant profile; broad family/guild context,0.07,Central Texas Bird Audubon interactions,National Audubon Society Native Plants Database,https://www.audubon.org/native-plants
PLT0095,"Crows, Magpies and Jays",Audubon broad bird-family group,Birds,broad_audubon_group,,,Broad bird habitat/resource support,"Audubon May Attract: Crows, Magpies and Jays",Audubon plant-resource profile; not bird-group-specific,,Bird-friendly profile support,D - Audubon broad bird-friendly support; not species-level direct interaction,Audubon ZIP 78666 native-plant profile; broad family/guild context,0.07,Central Texas Bird Audubon interactions,National Audubon Society Native Plants Database,https://www.audubon.org/native-plants
PLT0095,Finches,Audubon broad bird-family group,Birds,broad_audubon_group,,,Broad bird habitat/resource support,Audubon May Attract: Finches,Audubon plant-resource profile; not bird-group-specific,,Bird-friendly profile support,D - Audubon broad bird-friendly support; not species-level direct interaction,Audubon ZIP 78666 native-plant profile; broad family/guild context,0.07,Central Texas Bird Audubon interactions,National Audubon Society Native Plants Database,https://www.audubon.org/native-plants
PLT0095,Hummingbirds,Audubon broad bird-family group,Birds,broad_audubon_group,,,Broad bird habitat/resource support,Audubon May Attract: Hummingbirds,Audubon plant-resource profile; not bird-group-specific,,Bird-friendly profile support,D - Audubon broad bird-friendly support; not species-level direct interaction,Audubon ZIP 78666 native-plant profile; broad family/guild context,0.07,Central Texas Bird Audubon interactions,National Audubon Society Native Plants Database,https://www.audubon.org/native-plants
PLT0095,Mockingbirds and Thrashers,Audubon broad bird-family group,Birds,broad_audubon_group,,,Broad bird habitat/resource support,Audubon May Attract: Mockingbirds and Thrashers,Audubon plant-resource profile; not bird-group-specific,,Bird-friendly profile support,D - Audubon broad bird-friendly support; not species-level direct interaction,Audubon ZIP 78666 native-plant profile; broad family/guild context,0.07,Central Texas Bird Audubon interactions,National Audubon Society Native Plants Database,https://www.audubon.org/native-plants
PLT0095,New World Sparrows,Audubon broad bird-family group,Birds,broad_audubon_group,,,Broad bird habitat/resource support,Audubon May Attract: New World Sparrows,Audubon plant-resource profile; not bird-group-specific,,Bird-friendly profile support,D - Audubon broad bird-friendly support; not species-level direct interaction,Audubon ZIP 78666 native-plant profile; broad family/guild context,0.07,Central Texas Bird Audubon interactions,National Audubon Society Native Plants Database,https://www.audubon.org/native-plants
PLT0095,Nuthatches,Audubon broad bird-family group,Birds,broad_audubon_group,,,Broad bird habitat/resource support,Audubon May Attract: Nuthatches,Audubon plant-resource profile; not bird-group-specific,,Bird-friendly profile support,D - Audubon broad bird-friendly support; not species-level direct interaction,Audubon ZIP 78666 native-plant profile; broad family/guild context,0.07,Central Texas Bird Audubon interactions,National Audubon Society Native Plants Database,https://www.audubon.org/native-plants
PLT0095,Orioles,Audubon broad bird-family group,Birds,broad_audubon_group,,,Broad bird habitat/resource support,Audubon May Attract: Orioles,Audubon plant-resource profile; not bird-group-specific,,Bird-friendly profile support,D - Audubon broad bird-friendly support; not species-level direct interaction,Audubon ZIP 78666 native-plant profile; broad family/guild context,0.07,Central Texas Bird Audubon interactions,National Audubon Society Native Plants Database,https://www.audubon.org/native-plants
PLT0095,Thrushes,Audubon broad bird-family group,Birds,broad_audubon_group,,,Broad bird habitat/resource support,Audubon May Attract: Thrushes,Audubon plant-resource profile; not bird-group-specific,,Bird-friendly profile support,D - Audubon broad bird-friendly support; not species-level direct interaction,Audubon ZIP 78666 native-plant profile; broad family/guild context,0.07,Central Texas Bird Audubon interactions,National Audubon Society Native Plants Database,https://www.audubon.org/native-plants
PLT0095,Vireos,Audubon broad bird-family group,Birds,broad_audubon_group,,,Broad bird habitat/resource support,Audubon May Attract: Vireos,Audubon plant-resource profile; not bird-group-specific,,Bird-friendly profile support,D - Audubon broad bird-friendly support; not species-level direct interaction,Audubon ZIP 78666 native-plant profile; broad family/guild context,0.07,Central Texas Bird Audubon interactions,National Audubon Society Native Plants Database,https://www.audubon.org/native-plants
PLT0095,Waxwings,Audubon broad bird-family group,Birds,broad_audubon_group,,,Broad bird habitat/resource support,Audubon May Attract: Waxwings,Audubon plant-resource profile; not bird-group-specific,,Bird-friendly profile support,D - Audubon broad bird-friendly support; not species-level direct interaction,Audubon ZIP 78666 native-plant profile; broad family/guild context,0.07,Central Texas Bird Audubon interactions,National Audubon Society Native Plants Database,https://www.audubon.org/native-plants
PLT0095,Wood Warblers,Audubon broad bird-family group,Birds,broad_audubon_group,,,Broad bird habitat/resource support,Audubon May Attract: Wood Warblers,Audubon plant-resource profile; not bird-group-specific,,Bird-friendly profile support,D - Audubon broad bird-friendly support; not species-level direct interaction,Audubon ZIP 78666 native-plant profile; broad family/guild context,0.07,Central Texas Bird Audubon interactions,National Audubon Society Native Plants Database,https://www.audubon.org/native-plants
PLT0095,Woodpeckers,Audubon broad bird-family group,Birds,broad_audubon_group,,,Broad bird habitat/resource support,Audubon May Attract: Woodpeckers,Audubon plant-resource profile; not bird-group-specific,,Bird-friendly profile support,D - Audubon broad bird-friendly support; not species-level direct interaction,Audubon ZIP 78666 native-plant profile; broad family/guild context,0.07,Central Texas Bird Audubon interactions,National Audubon Society Native Plants Database,https://www.audubon.org/native-plants
PLT0095,Wrens,Audubon broad bird-family group,Birds,broad_audubon_group,,,Broad bird habitat/resource support,Audubon May Attract: Wrens,Audubon plant-resource profile; not bird-group-specific,,Bird-friendly profile support,D - Audubon broad bird-friendly support; not species-level direct interaction,Audubon ZIP 78666 native-plant profile; broad family/guild context,0.07,Central Texas Bird Audubon interactions,National Audubon Society Native Plants Database,https://www.audubon.org/native-plants
PLT0099,"Cardinals, Grosbeaks and Buntings",Audubon broad bird-family group,Birds,broad_audubon_group,,,Broad bird habitat/resource support,"Audubon May Attract: Cardinals, Grosbeaks and Buntings",Audubon plant-resource profile; not bird-group-specific,,Bird-friendly profile support,D - Audubon broad bird-friendly support; not species-level direct interaction,Audubon ZIP 78666 native-plant profile; broad family/guild context,0.07,Central Texas Bird Audubon interactions,National Audubon Society Native Plants Database,https://www.audubon.org/native-plants
PLT0099,Chickadees and Titmice,Audubon broad bird-family group,Birds,broad_audubon_group,,,Broad bird habitat/resource support,Audubon May Attract: Chickadees and Titmice,Audubon plant-resource profile; not bird-group-specific,,Bird-friendly profile support,D - Audubon broad bird-friendly support; not species-level direct interaction,Audubon ZIP 78666 native-plant profile; broad family/guild context,0.07,Central Texas Bird Audubon interactions,National Audubon Society Native Plants Database,https://www.audubon.org/native-plants
PLT0099,"Crows, Magpies and Jays",Audubon broad bird-family group,Birds,broad_audubon_group,,,Broad bird habitat/resource support,"Audubon May Attract: Crows, Magpies and Jays",Audubon plant-resource profile; not bird-group-specific,,Bird-friendly profile support,D - Audubon broad bird-friendly support; not species-level direct interaction,Audubon ZIP 78666 native-plant profile; broad family/guild context,0.07,Central Texas Bird Audubon interactions,National Audubon Society Native Plants Database,https://www.audubon.org/native-plants
PLT0099,Finches,Audubon broad bird-family group,Birds,broad_audubon_group,,,Broad bird habitat/resource support,Audubon May Attract: Finches,Audubon plant-resource profile; not bird-group-specific,,Bird-friendly profile support,D - Audubon broad bird-friendly support; not species-level direct interaction,Audubon ZIP 78666 native-plant profile; broad family/guild context,0.07,Central Texas Bird Audubon interactions,National Audubon Society Native Plants Database,https://www.audubon.org/native-plants
PLT0099,Hummingbirds,Audubon broad bird-family group,Birds,broad_audubon_group,,,Broad bird habitat/resource support,Audubon May Attract: Hummingbirds,Audubon plant-resource profile; not bird-group-specific,,Bird-friendly profile support,D - Audubon broad bird-friendly support; not species-level direct interaction,Audubon ZIP 78666 native-plant profile; broad family/guild context,0.07,Central Texas Bird Audubon interactions,National Audubon Society Native Plants Database,https://www.audubon.org/native-plants
PLT0099,Mockingbirds and Thrashers,Audubon broad bird-family group,Birds,broad_audubon_group,,,Broad bird habitat/resource support,Audubon May Attract: Mockingbirds and Thrashers,Audubon plant-resource profile; not bird-group-specific,,Bird-friendly profile support,D - Audubon broad bird-friendly support; not species-level direct interaction,Audubon ZIP 78666 native-plant profile; broad family/guild context,0.07,Central Texas Bird Audubon interactions,National Audubon Society Native Plants Database,https://www.audubon.org/native-plants
PLT0099,New World Sparrows,Audubon broad bird-family group,Birds,broad_audubon_group,,,Broad bird habitat/resource support,Audubon May Attract: New World Sparrows,Audubon plant-resource profile; not bird-group-specific,,Bird-friendly profile support,D - Audubon broad bird-friendly support; not species-level direct interaction,Audubon ZIP 78666 native-plant profile; broad family/guild context,0.07,Central Texas Bird Audubon interactions,National Audubon Society Native Plants Database,https://www.audubon.org/native-plants
PLT0099,Nuthatches,Audubon broad bird-family group,Birds,broad_audubon_group,,,Broad bird habitat/resource support,Audubon May Attract: Nuthatches,Audubon plant-resource profile; not bird-group-specific,,Bird-friendly profile support,D - Audubon broad bird-friendly support; not species-level direct interaction,Audubon ZIP 78666 native-plant profile; broad family/guild context,0.07,Central Texas Bird Audubon interactions,National Audubon Society Native Plants Database,https://www.audubon.org/native-plants
PLT0099,Orioles,Audubon broad bird-family group,Birds,broad_audubon_group,,,Broad bird habitat/resource support,Audubon May Attract: Orioles,Audubon plant-resource profile; not bird-group-specific,,Bird-friendly profile support,D - Audubon broad bird-friendly support; not species-level direct interaction,Audubon ZIP 78666 native-plant profile; broad family/guild context,0.07,Central Texas Bird Audubon interactions,National Audubon Society Native Plants Database,https://www.audubon.org/native-plants
PLT0099,Thrushes,Audubon broad bird-family group,Birds,broad_audubon_group,,,Broad bird habitat/resource support,Audubon May Attract: Thrushes,Audubon plant-resource profile; not bird-group-specific,,Bird-friendly profile support,D - Audubon broad bird-friendly support; not species-level direct interaction,Audubon ZIP 78666 native-plant profile; broad family/guild context,0.07,Central Texas Bird Audubon interactions,National Audubon Society Native Plants Database,https://www.audubon.org/native-plants
PLT0099,Vireos,Audubon broad bird-family group,Birds,broad_audubon_group,,,Broad bird habitat/resource support,Audubon May Attract: Vireos,Audubon plant-resource profile; not bird-group-specific,,Bird-friendly profile support,D - Audubon broad bird-friendly support; not species-level direct interaction,Audubon ZIP 78666 native-plant profile; broad family/guild context,0.07,Central Texas Bird Audubon interactions,National Audubon Society Native Plants Database,https://www.audubon.org/native-plants
PLT0099,Waxwings,Audubon broad bird-family group,Birds,broad_audubon_group,,,Broad bird habitat/resource support,Audubon May Attract: Waxwings,Audubon plant-resource profile; not bird-group-specific,,Bird-friendly profile support,D - Audubon broad bird-friendly support; not species-level direct interaction,Audubon ZIP 78666 native-plant profile; broad family/guild context,0.07,Central Texas Bird Audubon interactions,National Audubon Society Native Plants Database,https://www.audubon.org/native-plants
PLT0099,Wood Warblers,Audubon broad bird-family group,Birds,broad_audubon_group,,,Broad bird habitat/resource support,Audubon May Attract: Wood Warblers,Audubon plant-resource profile; not bird-group-specific,,Bird-friendly profile support,D - Audubon broad bird-friendly support; not species-level direct interaction,Audubon ZIP 78666 native-plant profile; broad family/guild context,0.07,Central Texas Bird Audubon interactions,National Audubon Society Native Plants Database,https://www.audubon.org/native-plants
PLT0099,Woodpeckers,Audubon broad bird-family group,Birds,broad_audubon_group,,,Broad bird habitat/resource support,Audubon May Attract: Woodpeckers,Audubon plant-resource profile; not bird-group-specific,,Bird-friendly profile support,D - Audubon broad bird-friendly support; not species-level direct interaction,Audubon ZIP 78666 native-plant profile; broad family/guild context,0.07,Central Texas Bird Audubon interactions,National Audubon Society Native Plants Database,https://www.audubon.org/native-plants
PLT0099,Wrens,Audubon broad bird-family group,Birds,broad_audubon_group,,,Broad bird habitat/resource support,Audubon May Attract: Wrens,Audubon plant-resource profile; not bird-group-specific,,Bird-friendly profile support,D - Audubon broad bird-friendly support; not species-level direct interaction,Audubon ZIP 78666 native-plant profile; broad family/guild context,0.07,Central Texas Bird Audubon interactions,National Audubon Society Native Plants Database,https://www.audubon.org/native-plants
PLT0103,"Cardinals, Grosbeaks and Buntings",Audubon broad bird-family group,Birds,broad_audubon_group,,,Broad bird habitat/resource support,"Audubon May Attract: Cardinals, Grosbeaks and Buntings",Audubon plant-resource profile; not bird-group-specific,,Bird-friendly profile support,D - Audubon broad bird-friendly support; not species-level direct interaction,Audubon ZIP 78666 native-plant profile; broad family/guild context,0.07,Central Texas Bird Audubon interactions,National Audubon Society Native Plants Database,https://www.audubon.org/native-plants
PLT0103,Chickadees and Titmice,Audubon broad bird-family group,Birds,broad_audubon_group,,,Broad bird habitat/resource support,Audubon May Attract: Chickadees and Titmice,Audubon plant-resource profile; not bird-group-specific,,Bird-friendly profile support,D - Audubon broad bird-friendly support; not species-level direct interaction,Audubon ZIP 78666 native-plant profile; broad family/guild context,0.07,Central Texas Bird Audubon interactions,National Audubon Society Native Plants Database,https://www.audubon.org/native-plants
PLT0103,"Crows, Magpies and Jays",Audubon broad bird-family group,Birds,broad_audubon_group,,,Broad bird habitat/resource support,"Audubon May Attract: Crows, Magpies and Jays",Audubon plant-resource profile; not bird-group-specific,,Bird-friendly profile support,D - Audubon broad bird-friendly support; not species-level direct interaction,Audubon ZIP 78666 native-plant profile; broad family/guild context,0.07,Central Texas Bird Audubon interactions,National Audubon Society Native Plants Database,https://www.audubon.org/native-plants
PLT0103,Finches,Audubon broad bird-family group,Birds,broad_audubon_group,,,Broad bird habitat/resource support,Audubon May Attract: Finches,Audubon plant-resource profile; not bird-group-specific,,Bird-friendly profile support,D - Audubon broad bird-friendly support; not species-level direct interaction,Audubon ZIP 78666 native-plant profile; broad family/guild context,0.07,Central Texas Bird Audubon interactions,National Audubon Society Native Plants Database,https://www.audubon.org/native-plants
PLT0103,Hummingbirds,Audubon broad bird-family group,Birds,broad_audubon_group,,,Broad bird habitat/resource support,Audubon May Attract: Hummingbirds,Audubon plant-resource profile; not bird-group-specific,,Bird-friendly profile support,D - Audubon broad bird-friendly support; not species-level direct interaction,Audubon ZIP 78666 native-plant profile; broad family/guild context,0.07,Central Texas Bird Audubon interactions,National Audubon Society Native Plants Database,https://www.audubon.org/native-plants
PLT0103,Mockingbirds and Thrashers,Audubon broad bird-family group,Birds,broad_audubon_group,,,Broad bird habitat/resource support,Audubon May Attract: Mockingbirds and Thrashers,Audubon plant-resource profile; not bird-group-specific,,Bird-friendly profile support,D - Audubon broad bird-friendly support; not species-level direct interaction,Audubon ZIP 78666 native-plant profile; broad family/guild context,0.07,Central Texas Bird Audubon interactions,National Audubon Society Native Plants Database,https://www.audubon.org/native-plants
PLT0103,New World Sparrows,Audubon broad bird-family group,Birds,broad_audubon_group,,,Broad bird habitat/resource support,Audubon May Attract: New World Sparrows,Audubon plant-resource profile; not bird-group-specific,,Bird-friendly profile support,D - Audubon broad bird-friendly support; not species-level direct interaction,Audubon ZIP 78666 native-plant profile; broad family/guild context,0.07,Central Texas Bird Audubon interactions,National Audubon Society Native Plants Database,https://www.audubon.org/native-plants
PLT0103,Nuthatches,Audubon broad bird-family group,Birds,broad_audubon_group,,,Broad bird habitat/resource support,Audubon May Attract: Nuthatches,Audubon plant-resource profile; not bird-group-specific,,Bird-friendly profile support,D - Audubon broad bird-friendly support; not species-level direct interaction,Audubon ZIP 78666 native-plant profile; broad family/guild context,0.07,Central Texas Bird Audubon interactions,National Audubon Society Native Plants Database,https://www.audubon.org/native-plants
PLT0103,Orioles,Audubon broad bird-family group,Birds,broad_audubon_group,,,Broad bird habitat/resource support,Audubon May Attract: Orioles,Audubon plant-resource profile; not bird-group-specific,,Bird-friendly profile support,D - Audubon broad bird-friendly support; not species-level direct interaction,Audubon ZIP 78666 native-plant profile; broad family/guild context,0.07,Central Texas Bird Audubon interactions,National Audubon Society Native Plants Database,https://www.audubon.org/native-plants
PLT0103,Thrushes,Audubon broad bird-family group,Birds,broad_audubon_group,,,Broad bird habitat/resource support,Audubon May Attract: Thrushes,Audubon plant-resource profile; not bird-group-specific,,Bird-friendly profile support,D - Audubon broad bird-friendly support; not species-level direct interaction,Audubon ZIP 78666 native-plant profile; broad family/guild context,0.07,Central Texas Bird Audubon interactions,National Audubon Society Native Plants Database,https://www.audubon.org/native-plants
PLT0103,Vireos,Audubon broad bird-family group,Birds,broad_audubon_group,,,Broad bird habitat/resource support,Audubon May Attract: Vireos,Audubon plant-resource profile; not bird-group-specific,,Bird-friendly profile support,D - Audubon broad bird-friendly support; not species-level direct interaction,Audubon ZIP 78666 native-plant profile; broad family/guild context,0.07,Central Texas Bird Audubon interactions,National Audubon Society Native Plants Database,https://www.audubon.org/native-plants
PLT0103,Waxwings,Audubon broad bird-family group,Birds,broad_audubon_group,,,Broad bird habitat/resource support,Audubon May Attract: Waxwings,Audubon plant-resource profile; not bird-group-specific,,Bird-friendly profile support,D - Audubon broad bird-friendly support; not species-level direct interaction,Audubon ZIP 78666 native-plant profile; broad family/guild context,0.07,Central Texas Bird Audubon interactions,National Audubon Society Native Plants Database,https://www.audubon.org/native-plants
PLT0103,Wood Warblers,Audubon broad bird-family group,Birds,broad_audubon_group,,,Broad bird habitat/resource support,Audubon May Attract: Wood Warblers,Audubon plant-resource profile; not bird-group-specific,,Bird-friendly profile support,D - Audubon broad bird-friendly support; not species-level direct interaction,Audubon ZIP 78666 native-plant profile; broad family/guild context,0.07,Central Texas Bird Audubon interactions,National Audubon Society Native Plants Database,https://www.audubon.org/native-plants
PLT0103,Woodpeckers,Audubon broad bird-family group,Birds,broad_audubon_group,,,Broad bird habitat/resource support,Audubon May Attract: Woodpeckers,Audubon plant-resource profile; not bird-group-specific,,Bird-friendly profile support,D - Audubon broad bird-friendly support; not species-level direct interaction,Audubon ZIP 78666 native-plant profile; broad family/guild context,0.07,Central Texas Bird Audubon interactions,National Audubon Society Native Plants Database,https://www.audubon.org/native-plants
PLT0103,Wrens,Audubon broad bird-family group,Birds,broad_audubon_group,,,Broad bird habitat/resource support,Audubon May Attract: Wrens,Audubon plant-resource profile; not bird-group-specific,,Bird-friendly profile support,D - Audubon broad bird-friendly support; not species-level direct interaction,Audubon ZIP 78666 native-plant profile; broad family/guild context,0.07,Central Texas Bird Audubon interactions,National Audubon Society Native Plants Database,https://www.audubon.org/native-plants
PLT0109,"Cardinals, Grosbeaks and Buntings",Audubon broad bird-family group,Birds,broad_audubon_group,,,Broad bird habitat/resource support,"Audubon May Attract: Cardinals, Grosbeaks and Buntings",Audubon plant-resource profile; not bird-group-specific,,Bird-friendly profile support,D - Audubon broad bird-friendly support; not species-level direct interaction,Audubon ZIP 78666 native-plant profile; broad family/guild context,0.07,Central Texas Bird Audubon interactions,National Audubon Society Native Plants Database,https://www.audubon.org/native-plants
PLT0109,Chickadees and Titmice,Audubon broad bird-family group,Birds,broad_audubon_group,,,Broad bird habitat/resource support,Audubon May Attract: Chickadees and Titmice,Audubon plant-resource profile; not bird-group-specific,,Bird-friendly profile support,D - Audubon broad bird-friendly support; not species-level direct interaction,Audubon ZIP 78666 native-plant profile; broad family/guild context,0.07,Central Texas Bird Audubon interactions,National Audubon Society Native Plants Database,https://www.audubon.org/native-plants
PLT0109,"Crows, Magpies and Jays",Audubon broad bird-family group,Birds,broad_audubon_group,,,Broad bird habitat/resource support,"Audubon May Attract: Crows, Magpies and Jays",Audubon plant-resource profile; not bird-group-specific,,Bird-friendly profile support,D - Audubon broad bird-friendly support; not species-level direct interaction,Audubon ZIP 78666 native-plant profile; broad family/guild context,0.07,Central Texas Bird Audubon interactions,National Audubon Society Native Plants Database,https://www.audubon.org/native-plants
PLT0109,Finches,Audubon broad bird-family group,Birds,broad_audubon_group,,,Broad bird habitat/resource support,Audubon May Attract: Finches,Audubon plant-resource profile; not bird-group-specific,,Bird-friendly profile support,D - Audubon broad bird-friendly support; not species-level direct interaction,Audubon ZIP 78666 native-plant profile; broad family/guild context,0.07,Central Texas Bird Audubon interactions,National Audubon Society Native Plants Database,https://www.audubon.org/native-plants
PLT0109,Hummingbirds,Audubon broad bird-family group,Birds,broad_audubon_group,,,Broad bird habitat/resource support,Audubon May Attract: Hummingbirds,Audubon plant-resource profile; not bird-group-specific,,Bird-friendly profile support,D - Audubon broad bird-friendly support; not species-level direct interaction,Audubon ZIP 78666 native-plant profile; broad family/guild context,0.07,Central Texas Bird Audubon interactions,National Audubon Society Native Plants Database,https://www.audubon.org/native-plants
PLT0109,Mockingbirds and Thrashers,Audubon broad bird-family group,Birds,broad_audubon_group,,,Broad bird habitat/resource support,Audubon May Attract: Mockingbirds and Thrashers,Audubon plant-resource profile; not bird-group-specific,,Bird-friendly profile support,D - Audubon broad bird-friendly support; not species-level direct interaction,Audubon ZIP 78666 native-plant profile; broad family/guild context,0.07,Central Texas Bird Audubon interactions,National Audubon Society Native Plants Database,https://www.audubon.org/native-plants
PLT0109,New World Sparrows,Audubon broad bird-family group,Birds,broad_audubon_group,,,Broad bird habitat/resource support,Audubon May Attract: New World Sparrows,Audubon plant-resource profile; not bird-group-specific,,Bird-friendly profile support,D - Audubon broad bird-friendly support; not species-level direct interaction,Audubon ZIP 78666 native-plant profile; broad family/guild context,0.07,Central Texas Bird Audubon interactions,National Audubon Society Native Plants Database,https://www.audubon.org/native-plants
PLT0109,Nuthatches,Audubon broad bird-family group,Birds,broad_audubon_group,,,Broad bird habitat/resource support,Audubon May Attract: Nuthatches,Audubon plant-resource profile; not bird-group-specific,,Bird-friendly profile support,D - Audubon broad bird-friendly support; not species-level direct interaction,Audubon ZIP 78666 native-plant profile; broad family/guild context,0.07,Central Texas Bird Audubon interactions,National Audubon Society Native Plants Database,https://www.audubon.org/native-plants
PLT0109,Orioles,Audubon broad bird-family group,Birds,broad_audubon_group,,,Broad bird habitat/resource support,Audubon May Attract: Orioles,Audubon plant-resource profile; not bird-group-specific,,Bird-friendly profile support,D - Audubon broad bird-friendly support; not species-level direct interaction,Audubon ZIP 78666 native-plant profile; broad family/guild context,0.07,Central Texas Bird Audubon interactions,National Audubon Society Native Plants Database,https://www.audubon.org/native-plants
PLT0109,Thrushes,Audubon broad bird-family group,Birds,broad_audubon_group,,,Broad bird habitat/resource support,Audubon May Attract: Thrushes,Audubon plant-resource profile; not bird-group-specific,,Bird-friendly profile support,D - Audubon broad bird-friendly support; not species-level direct interaction,Audubon ZIP 78666 native-plant profile; broad family/guild context,0.07,Central Texas Bird Audubon interactions,National Audubon Society Native Plants Database,https://www.audubon.org/native-plants
PLT0109,Vireos,Audubon broad bird-family group,Birds,broad_audubon_group,,,Broad bird habitat/resource support,Audubon May Attract: Vireos,Audubon plant-resource profile; not bird-group-specific,,Bird-friendly profile support,D - Audubon broad bird-friendly support; not species-level direct interaction,Audubon ZIP 78666 native-plant profile; broad family/guild context,0.07,Central Texas Bird Audubon interactions,National Audubon Society Native Plants Database,https://www.audubon.org/native-plants
PLT0109,Waxwings,Audubon broad bird-family group,Birds,broad_audubon_group,,,Broad bird habitat/resource support,Audubon May Attract: Waxwings,Audubon plant-resource profile; not bird-group-specific,,Bird-friendly profile support,D - Audubon broad bird-friendly support; not species-level direct interaction,Audubon ZIP 78666 native-plant profile; broad family/guild context,0.07,Central Texas Bird Audubon interactions,National Audubon Society Native Plants Database,https://www.audubon.org/native-plants
PLT0109,Wood Warblers,Audubon broad bird-family group,Birds,broad_audubon_group,,,Broad bird habitat/resource support,Audubon May Attract: Wood Warblers,Audubon plant-resource profile; not bird-group-specific,,Bird-friendly profile support,D - Audubon broad bird-friendly support; not species-level direct interaction,Audubon ZIP 78666 native-plant profile; broad family/guild context,0.07,Central Texas Bird Audubon interactions,National Audubon Society Native Plants Database,https://www.audubon.org/native-plants
PLT0109,Woodpeckers,Audubon broad bird-family group,Birds,broad_audubon_group,,,Broad bird habitat/resource support,Audubon May Attract: Woodpeckers,Audubon plant-resource profile; not bird-group-specific,,Bird-friendly profile support,D - Audubon broad bird-friendly support; not species-level direct interaction,Audubon ZIP 78666 native-plant profile; broad family/guild context,0.07,Central Texas Bird Audubon interactions,National Audubon Society Native Plants Database,https://www.audubon.org/native-plants
PLT0109,Wrens,Audubon broad bird-family group,Birds,broad_audubon_group,,,Broad bird habitat/resource support,Audubon May Attract: Wrens,Audubon plant-resource profile; not bird-group-specific,,Bird-friendly profile support,D - Audubon broad bird-friendly support; not species-level direct interaction,Audubon ZIP 78666 native-plant profile; broad family/guild context,0.07,Central Texas Bird Audubon interactions,National Audubon Society Native Plants Database,https://www.audubon.org/native-plants
PLT0111,"Cardinals, Grosbeaks and Buntings",Audubon broad bird-family group,Birds,broad_audubon_group,,,Broad bird habitat/resource support,"Audubon May Attract: Cardinals, Grosbeaks and Buntings",Audubon plant-resource profile; not bird-group-specific,,Bird-friendly profile support,D - Audubon broad bird-friendly support; not species-level direct interaction,Audubon ZIP 78666 native-plant profile; broad family/guild context,0.07,Central Texas Bird Audubon interactions,National Audubon Society Native Plants Database,https://www.audubon.org/native-plants
PLT0111,Chickadees and Titmice,Audubon broad bird-family group,Birds,broad_audubon_group,,,Broad bird habitat/resource support,Audubon May Attract: Chickadees and Titmice,Audubon plant-resource profile; not bird-group-specific,,Bird-friendly profile support,D - Audubon broad bird-friendly support; not species-level direct interaction,Audubon ZIP 78666 native-plant profile; broad family/guild context,0.07,Central Texas Bird Audubon interactions,National Audubon Society Native Plants Database,https://www.audubon.org/native-plants
PLT0111,"Crows, Magpies and Jays",Audubon broad bird-family group,Birds,broad_audubon_group,,,Broad bird habitat/resource support,"Audubon May Attract: Crows, Magpies and Jays",Audubon plant-resource profile; not bird-group-specific,,Bird-friendly profile support,D - Audubon broad bird-friendly support; not species-level direct interaction,Audubon ZIP 78666 native-plant profile; broad family/guild context,0.07,Central Texas Bird Audubon interactions,National Audubon Society Native Plants Database,https://www.audubon.org/native-plants
PLT0111,Finches,Audubon broad bird-family group,Birds,broad_audubon_group,,,Broad bird habitat/resource support,Audubon May Attract: Finches,Audubon plant-resource profile; not bird-group-specific,,Bird-friendly profile support,D - Audubon broad bird-friendly support; not species-level direct interaction,Audubon ZIP 78666 native-plant profile; broad family/guild context,0.07,Central Texas Bird Audubon interactions,National Audubon Society Native Plants Database,https://www.audubon.org/native-plants
PLT0111,Hummingbirds,Audubon broad bird-family group,Birds,broad_audubon_group,,,Broad bird habitat/resource support,Audubon May Attract: Hummingbirds,Audubon plant-resource profile; not bird-group-specific,,Bird-friendly profile support,D - Audubon broad bird-friendly support; not species-level direct interaction,Audubon ZIP 78666 native-plant profile; broad family/guild context,0.07,Central Texas Bird Audubon interactions,National Audubon Society Native Plants Database,https://www.audubon.org/native-plants
PLT0111,Mockingbirds and Thrashers,Audubon broad bird-family group,Birds,broad_audubon_group,,,Broad bird habitat/resource support,Audubon May Attract: Mockingbirds and Thrashers,Audubon plant-resource profile; not bird-group-specific,,Bird-friendly profile support,D - Audubon broad bird-friendly support; not species-level direct interaction,Audubon ZIP 78666 native-plant profile; broad family/guild context,0.07,Central Texas Bird Audubon interactions,National Audubon Society Native Plants Database,https://www.audubon.org/native-plants
PLT0111,New World Sparrows,Audubon broad bird-family group,Birds,broad_audubon_group,,,Broad bird habitat/resource support,Audubon May Attract: New World Sparrows,Audubon plant-resource profile; not bird-group-specific,,Bird-friendly profile support,D - Audubon broad bird-friendly support; not species-level direct interaction,Audubon ZIP 78666 native-plant profile; broad family/guild context,0.07,Central Texas Bird Audubon interactions,National Audubon Society Native Plants Database,https://www.audubon.org/native-plants
PLT0111,Nuthatches,Audubon broad bird-family group,Birds,broad_audubon_group,,,Broad bird habitat/resource support,Audubon May Attract: Nuthatches,Audubon plant-resource profile; not bird-group-specific,,Bird-friendly profile support,D - Audubon broad bird-friendly support; not species-level direct interaction,Audubon ZIP 78666 native-plant profile; broad family/guild context,0.07,Central Texas Bird Audubon interactions,National Audubon Society Native Plants Database,https://www.audubon.org/native-plants
PLT0111,Orioles,Audubon broad bird-family group,Birds,broad_audubon_group,,,Broad bird habitat/resource support,Audubon May Attract: Orioles,Audubon plant-resource profile; not bird-group-specific,,Bird-friendly profile support,D - Audubon broad bird-friendly support; not species-level direct interaction,Audubon ZIP 78666 native-plant profile; broad family/guild context,0.07,Central Texas Bird Audubon interactions,National Audubon Society Native Plants Database,https://www.audubon.org/native-plants
PLT0111,Thrushes,Audubon broad bird-family group,Birds,broad_audubon_group,,,Broad bird habitat/resource support,Audubon May Attract: Thrushes,Audubon plant-resource profile; not bird-group-specific,,Bird-friendly profile support,D - Audubon broad bird-friendly support; not species-level direct interaction,Audubon ZIP 78666 native-plant profile; broad family/guild context,0.07,Central Texas Bird Audubon interactions,National Audubon Society Native Plants Database,https://www.audubon.org/native-plants
PLT0111,Vireos,Audubon broad bird-family group,Birds,broad_audubon_group,,,Broad bird habitat/resource support,Audubon May Attract: Vireos,Audubon plant-resource profile; not bird-group-specific,,Bird-friendly profile support,D - Audubon broad bird-friendly support; not species-level direct interaction,Audubon ZIP 78666 native-plant profile; broad family/guild context,0.07,Central Texas Bird Audubon interactions,National Audubon Society Native Plants Database,https://www.audubon.org/native-plants
PLT0111,Waxwings,Audubon broad bird-family group,Birds,broad_audubon_group,,,Broad bird habitat/resource support,Audubon May Attract: Waxwings,Audubon plant-resource profile; not bird-group-specific,,Bird-friendly profile support,D - Audubon broad bird-friendly support; not species-level direct interaction,Audubon ZIP 78666 native-plant profile; broad family/guild context,0.07,Central Texas Bird Audubon interactions,National Audubon Society Native Plants Database,https://www.audubon.org/native-plants
PLT0111,Wood Warblers,Audubon broad bird-family group,Birds,broad_audubon_group,,,Broad bird habitat/resource support,Audubon May Attract: Wood Warblers,Audubon plant-resource profile; not bird-group-specific,,Bird-friendly profile support,D - Audubon broad bird-friendly support; not species-level direct interaction,Audubon ZIP 78666 native-plant profile; broad family/guild context,0.07,Central Texas Bird Audubon interactions,National Audubon Society Native Plants Database,https://www.audubon.org/native-plants
PLT0111,Woodpeckers,Audubon broad bird-family group,Birds,broad_audubon_group,,,Broad bird habitat/resource support,Audubon May Attract: Woodpeckers,Audubon plant-resource profile; not bird-group-specific,,Bird-friendly profile support,D - Audubon broad bird-friendly support; not species-level direct interaction,Audubon ZIP 78666 native-plant profile; broad family/guild context,0.07,Central Texas Bird Audubon interactions,National Audubon Society Native Plants Database,https://www.audubon.org/native-plants
PLT0111,Wrens,Audubon broad bird-family group,Birds,broad_audubon_group,,,Broad bird habitat/resource support,Audubon May Attract: Wrens,Audubon plant-resource profile; not bird-group-specific,,Bird-friendly profile support,D - Audubon broad bird-friendly support; not species-level direct interaction,Audubon ZIP 78666 native-plant profile; broad family/guild context,0.07,Central Texas Bird Audubon interactions,National Audubon Society Native Plants Database,https://www.audubon.org/native-plants
PLT0132,"Cardinals, Grosbeaks and Buntings",Audubon broad bird-family group,Birds,broad_audubon_group,,,Broad bird habitat/resource support,"Audubon May Attract: Cardinals, Grosbeaks and Buntings",Audubon plant-resource profile; not bird-group-specific,,Bird-friendly profile support,D - Audubon broad bird-friendly support; not species-level direct interaction,Audubon ZIP 78666 native-plant profile; broad family/guild context,0.07,Central Texas Bird Audubon interactions,National Audubon Society Native Plants Database,https://www.audubon.org/native-plants
PLT0132,Chickadees and Titmice,Audubon broad bird-family group,Birds,broad_audubon_group,,,Broad bird habitat/resource support,Audubon May Attract: Chickadees and Titmice,Audubon plant-resource profile; not bird-group-specific,,Bird-friendly profile support,D - Audubon broad bird-friendly support; not species-level direct interaction,Audubon ZIP 78666 native-plant profile; broad family/guild context,0.07,Central Texas Bird Audubon interactions,National Audubon Society Native Plants Database,https://www.audubon.org/native-plants
PLT0132,"Crows, Magpies and Jays",Audubon broad bird-family group,Birds,broad_audubon_group,,,Broad bird habitat/resource support,"Audubon May Attract: Crows, Magpies and Jays",Audubon plant-resource profile; not bird-group-specific,,Bird-friendly profile support,D - Audubon broad bird-friendly support; not species-level direct interaction,Audubon ZIP 78666 native-plant profile; broad family/guild context,0.07,Central Texas Bird Audubon interactions,National Audubon Society Native Plants Database,https://www.audubon.org/native-plants
PLT0132,Finches,Audubon broad bird-family group,Birds,broad_audubon_group,,,Broad bird habitat/resource support,Audubon May Attract: Finches,Audubon plant-resource profile; not bird-group-specific,,Bird-friendly profile support,D - Audubon broad bird-friendly support; not species-level direct interaction,Audubon ZIP 78666 native-plant profile; broad family/guild context,0.07,Central Texas Bird Audubon interactions,National Audubon Society Native Plants Database,https://www.audubon.org/native-plants
PLT0132,Hummingbirds,Audubon broad bird-family group,Birds,broad_audubon_group,,,Broad bird habitat/resource support,Audubon May Attract: Hummingbirds,Audubon plant-resource profile; not bird-group-specific,,Bird-friendly profile support,D - Audubon broad bird-friendly support; not species-level direct interaction,Audubon ZIP 78666 native-plant profile; broad family/guild context,0.07,Central Texas Bird Audubon interactions,National Audubon Society Native Plants Database,https://www.audubon.org/native-plants
PLT0132,Mockingbirds and Thrashers,Audubon broad bird-family group,Birds,broad_audubon_group,,,Broad bird habitat/resource support,Audubon May Attract: Mockingbirds and Thrashers,Audubon plant-resource profile; not bird-group-specific,,Bird-friendly profile support,D - Audubon broad bird-friendly support; not species-level direct interaction,Audubon ZIP 78666 native-plant profile; broad family/guild context,0.07,Central Texas Bird Audubon interactions,National Audubon Society Native Plants Database,https://www.audubon.org/native-plants
PLT0132,New World Sparrows,Audubon broad bird-family group,Birds,broad_audubon_group,,,Broad bird habitat/resource support,Audubon May Attract: New World Sparrows,Audubon plant-resource profile; not bird-group-specific,,Bird-friendly profile support,D - Audubon broad bird-friendly support; not species-level direct interaction,Audubon ZIP 78666 native-plant profile; broad family/guild context,0.07,Central Texas Bird Audubon interactions,National Audubon Society Native Plants Database,https://www.audubon.org/native-plants
PLT0132,Nuthatches,Audubon broad bird-family group,Birds,broad_audubon_group,,,Broad bird habitat/resource support,Audubon May Attract: Nuthatches,Audubon plant-resource profile; not bird-group-specific,,Bird-friendly profile support,D - Audubon broad bird-friendly support; not species-level direct interaction,Audubon ZIP 78666 native-plant profile; broad family/guild context,0.07,Central Texas Bird Audubon interactions,National Audubon Society Native Plants Database,https://www.audubon.org/native-plants
PLT0132,Orioles,Audubon broad bird-family group,Birds,broad_audubon_group,,,Broad bird habitat/resource support,Audubon May Attract: Orioles,Audubon plant-resource profile; not bird-group-specific,,Bird-friendly profile support,D - Audubon broad bird-friendly support; not species-level direct interaction,Audubon ZIP 78666 native-plant profile; broad family/guild context,0.07,Central Texas Bird Audubon interactions,National Audubon Society Native Plants Database,https://www.audubon.org/native-plants
PLT0132,Thrushes,Audubon broad bird-family group,Birds,broad_audubon_group,,,Broad bird habitat/resource support,Audubon May Attract: Thrushes,Audubon plant-resource profile; not bird-group-specific,,Bird-friendly profile support,D - Audubon broad bird-friendly support; not species-level direct interaction,Audubon ZIP 78666 native-plant profile; broad family/guild context,0.07,Central Texas Bird Audubon interactions,National Audubon Society Native Plants Database,https://www.audubon.org/native-plants
PLT0132,Vireos,Audubon broad bird-family group,Birds,broad_audubon_group,,,Broad bird habitat/resource support,Audubon May Attract: Vireos,Audubon plant-resource profile; not bird-group-specific,,Bird-friendly profile support,D - Audubon broad bird-friendly support; not species-level direct interaction,Audubon ZIP 78666 native-plant profile; broad family/guild context,0.07,Central Texas Bird Audubon interactions,National Audubon Society Native Plants Database,https://www.audubon.org/native-plants
PLT0132,Waxwings,Audubon broad bird-family group,Birds,broad_audubon_group,,,Broad bird habitat/resource support,Audubon May Attract: Waxwings,Audubon plant-resource profile; not bird-group-specific,,Bird-friendly profile support,D - Audubon broad bird-friendly support; not species-level direct interaction,Audubon ZIP 78666 native-plant profile; broad family/guild context,0.07,Central Texas Bird Audubon interactions,National Audubon Society Native Plants Database,https://www.audubon.org/native-plants
PLT0132,Wood Warblers,Audubon broad bird-family group,Birds,broad_audubon_group,,,Broad bird habitat/resource support,Audubon May Attract: Wood Warblers,Audubon plant-resource profile; not bird-group-specific,,Bird-friendly profile support,D - Audubon broad bird-friendly support; not species-level direct interaction,Audubon ZIP 78666 native-plant profile; broad family/guild context,0.07,Central Texas Bird Audubon interactions,National Audubon Society Native Plants Database,https://www.audubon.org/native-plants
PLT0132,Woodpeckers,Audubon broad bird-family group,Birds,broad_audubon_group,,,Broad bird habitat/resource support,Audubon May Attract: Woodpeckers,Audubon plant-resource profile; not bird-group-specific,,Bird-friendly profile support,D - Audubon broad bird-friendly support; not species-level direct interaction,Audubon ZIP 78666 native-plant profile; broad family/guild context,0.07,Central Texas Bird Audubon interactions,National Audubon Society Native Plants Database,https://www.audubon.org/native-plants
PLT0132,Wrens,Audubon broad bird-family group,Birds,broad_audubon_group,,,Broad bird habitat/resource support,Audubon May Attract: Wrens,Audubon plant-resource profile; not bird-group-specific,,Bird-friendly profile support,D - Audubon broad bird-friendly support; not species-level direct interaction,Audubon ZIP 78666 native-plant profile; broad family/guild context,0.07,Central Texas Bird Audubon interactions,National Audubon Society Native Plants Database,https://www.audubon.org/native-plants
PLT0139,"Cardinals, Grosbeaks and Buntings",Audubon broad bird-family group,Birds,broad_audubon_group,,,Broad bird habitat/resource support,"Audubon May Attract: Cardinals, Grosbeaks and Buntings",Audubon plant-resource profile; not bird-group-specific,,Bird-friendly profile support,D - Audubon broad bird-friendly support; not species-level direct interaction,Audubon ZIP 78666 native-plant profile; broad family/guild context,0.07,Central Texas Bird Audubon interactions,National Audubon Society Native Plants Database,https://www.audubon.org/native-plants
PLT0139,Chickadees and Titmice,Audubon broad bird-family group,Birds,broad_audubon_group,,,Broad bird habitat/resource support,Audubon May Attract: Chickadees and Titmice,Audubon plant-resource profile; not bird-group-specific,,Bird-friendly profile support,D - Audubon broad bird-friendly support; not species-level direct interaction,Audubon ZIP 78666 native-plant profile; broad family/guild context,0.07,Central Texas Bird Audubon interactions,National Audubon Society Native Plants Database,https://www.audubon.org/native-plants
PLT0139,"Crows, Magpies and Jays",Audubon broad bird-family group,Birds,broad_audubon_group,,,Broad bird habitat/resource support,"Audubon May Attract: Crows, Magpies and Jays",Audubon plant-resource profile; not bird-group-specific,,Bird-friendly profile support,D - Audubon broad bird-friendly support; not species-level direct interaction,Audubon ZIP 78666 native-plant profile; broad family/guild context,0.07,Central Texas Bird Audubon interactions,National Audubon Society Native Plants Database,https://www.audubon.org/native-plants
PLT0139,Finches,Audubon broad bird-family group,Birds,broad_audubon_group,,,Broad bird habitat/resource support,Audubon May Attract: Finches,Audubon plant-resource profile; not bird-group-specific,,Bird-friendly profile support,D - Audubon broad bird-friendly support; not species-level direct interaction,Audubon ZIP 78666 native-plant profile; broad family/guild context,0.07,Central Texas Bird Audubon interactions,National Audubon Society Native Plants Database,https://www.audubon.org/native-plants
PLT0139,Hummingbirds,Audubon broad bird-family group,Birds,broad_audubon_group,,,Broad bird habitat/resource support,Audubon May Attract: Hummingbirds,Audubon plant-resource profile; not bird-group-specific,,Bird-friendly profile support,D - Audubon broad bird-friendly support; not species-level direct interaction,Audubon ZIP 78666 native-plant profile; broad family/guild context,0.07,Central Texas Bird Audubon interactions,National Audubon Society Native Plants Database,https://www.audubon.org/native-plants
PLT0139,Mockingbirds and Thrashers,Audubon broad bird-family group,Birds,broad_audubon_group,,,Broad bird habitat/resource support,Audubon May Attract: Mockingbirds and Thrashers,Audubon plant-resource profile; not bird-group-specific,,Bird-friendly profile support,D - Audubon broad bird-friendly support; not species-level direct interaction,Audubon ZIP 78666 native-plant profile; broad family/guild context,0.07,Central Texas Bird Audubon interactions,National Audubon Society Native Plants Database,https://www.audubon.org/native-plants
PLT0139,New World Sparrows,Audubon broad bird-family group,Birds,broad_audubon_group,,,Broad bird habitat/resource support,Audubon May Attract: New World Sparrows,Audubon plant-resource profile; not bird-group-specific,,Bird-friendly profile support,D - Audubon broad bird-friendly support; not species-level direct interaction,Audubon ZIP 78666 native-plant profile; broad family/guild context,0.07,Central Texas Bird Audubon interactions,National Audubon Society Native Plants Database,https://www.audubon.org/native-plants
PLT0139,Nuthatches,Audubon broad bird-family group,Birds,broad_audubon_group,,,Broad bird habitat/resource support,Audubon May Attract: Nuthatches,Audubon plant-resource profile; not bird-group-specific,,Bird-friendly profile support,D - Audubon broad bird-friendly support; not species-level direct interaction,Audubon ZIP 78666 native-plant profile; broad family/guild context,0.07,Central Texas Bird Audubon interactions,National Audubon Society Native Plants Database,https://www.audubon.org/native-plants
PLT0139,Orioles,Audubon broad bird-family group,Birds,broad_audubon_group,,,Broad bird habitat/resource support,Audubon May Attract: Orioles,Audubon plant-resource profile; not bird-group-specific,,Bird-friendly profile support,D - Audubon broad bird-friendly support; not species-level direct interaction,Audubon ZIP 78666 native-plant profile; broad family/guild context,0.07,Central Texas Bird Audubon interactions,National Audubon Society Native Plants Database,https://www.audubon.org/native-plants
PLT0139,Thrushes,Audubon broad bird-family group,Birds,broad_audubon_group,,,Broad bird habitat/resource support,Audubon May Attract: Thrushes,Audubon plant-resource profile; not bird-group-specific,,Bird-friendly profile support,D - Audubon broad bird-friendly support; not species-level direct interaction,Audubon ZIP 78666 native-plant profile; broad family/guild context,0.07,Central Texas Bird Audubon interactions,National Audubon Society Native Plants Database,https://www.audubon.org/native-plants
PLT0139,Vireos,Audubon broad bird-family group,Birds,broad_audubon_group,,,Broad bird habitat/resource support,Audubon May Attract: Vireos,Audubon plant-resource profile; not bird-group-specific,,Bird-friendly profile support,D - Audubon broad bird-friendly support; not species-level direct interaction,Audubon ZIP 78666 native-plant profile; broad family/guild context,0.07,Central Texas Bird Audubon interactions,National Audubon Society Native Plants Database,https://www.audubon.org/native-plants
PLT0139,Waxwings,Audubon broad bird-family group,Birds,broad_audubon_group,,,Broad bird habitat/resource support,Audubon May Attract: Waxwings,Audubon plant-resource profile; not bird-group-specific,,Bird-friendly profile support,D - Audubon broad bird-friendly support; not species-level direct interaction,Audubon ZIP 78666 native-plant profile; broad family/guild context,0.07,Central Texas Bird Audubon interactions,National Audubon Society Native Plants Database,https://www.audubon.org/native-plants
PLT0139,Wood Warblers,Audubon broad bird-family group,Birds,broad_audubon_group,,,Broad bird habitat/resource support,Audubon May Attract: Wood Warblers,Audubon plant-resource profile; not bird-group-specific,,Bird-friendly profile support,D - Audubon broad bird-friendly support; not species-level direct interaction,Audubon ZIP 78666 native-plant profile; broad family/guild context,0.07,Central Texas Bird Audubon interactions,National Audubon Society Native Plants Database,https://www.audubon.org/native-plants
PLT0139,Woodpeckers,Audubon broad bird-family group,Birds,broad_audubon_group,,,Broad bird habitat/resource support,Audubon May Attract: Woodpeckers,Audubon plant-resource profile; not bird-group-specific,,Bird-friendly profile support,D - Audubon broad bird-friendly support; not species-level direct interaction,Audubon ZIP 78666 native-plant profile; broad family/guild context,0.07,Central Texas Bird Audubon interactions,National Audubon Society Native Plants Database,https://www.audubon.org/native-plants
PLT0139,Wrens,Audubon broad bird-family group,Birds,broad_audubon_group,,,Broad bird habitat/resource support,Audubon May Attract: Wrens,Audubon plant-resource profile; not bird-group-specific,,Bird-friendly profile support,D - Audubon broad bird-friendly support; not species-level direct interaction,Audubon ZIP 78666 native-plant profile; broad family/guild context,0.07,Central Texas Bird Audubon interactions,National Audubon Society Native Plants Database,https://www.audubon.org/native-plants
PLT0140,"Cardinals, Grosbeaks and Buntings",Audubon broad bird-family group,Birds,broad_audubon_group,,,Broad bird habitat/resource support,"Audubon May Attract: Cardinals, Grosbeaks and Buntings",Audubon plant-resource profile; not bird-group-specific,,Bird-friendly profile support,D - Audubon broad bird-friendly support; not species-level direct interaction,Audubon ZIP 78666 native-plant profile; broad family/guild context,0.07,Central Texas Bird Audubon interactions,National Audubon Society Native Plants Database,https://www.audubon.org/native-plants
PLT0140,Chickadees and Titmice,Audubon broad bird-family group,Birds,broad_audubon_group,,,Broad bird habitat/resource support,Audubon May Attract: Chickadees and Titmice,Audubon plant-resource profile; not bird-group-specific,,Bird-friendly profile support,D - Audubon broad bird-friendly support; not species-level direct interaction,Audubon ZIP 78666 native-plant profile; broad family/guild context,0.07,Central Texas Bird Audubon interactions,National Audubon Society Native Plants Database,https://www.audubon.org/native-plants
PLT0140,"Crows, Magpies and Jays",Audubon broad bird-family group,Birds,broad_audubon_group,,,Broad bird habitat/resource support,"Audubon May Attract: Crows, Magpies and Jays",Audubon plant-resource profile; not bird-group-specific,,Bird-friendly profile support,D - Audubon broad bird-friendly support; not species-level direct interaction,Audubon ZIP 78666 native-plant profile; broad family/guild context,0.07,Central Texas Bird Audubon interactions,National Audubon Society Native Plants Database,https://www.audubon.org/native-plants
PLT0140,Finches,Audubon broad bird-family group,Birds,broad_audubon_group,,,Broad bird habitat/resource support,Audubon May Attract: Finches,Audubon plant-resource profile; not bird-group-specific,,Bird-friendly profile support,D - Audubon broad bird-friendly support; not species-level direct interaction,Audubon ZIP 78666 native-plant profile; broad family/guild context,0.07,Central Texas Bird Audubon interactions,National Audubon Society Native Plants Database,https://www.audubon.org/native-plants
PLT0140,Hummingbirds,Audubon broad bird-family group,Birds,broad_audubon_group,,,Broad bird habitat/resource support,Audubon May Attract: Hummingbirds,Audubon plant-resource profile; not bird-group-specific,,Bird-friendly profile support,D - Audubon broad bird-friendly support; not species-level direct interaction,Audubon ZIP 78666 native-plant profile; broad family/guild context,0.07,Central Texas Bird Audubon interactions,National Audubon Society Native Plants Database,https://www.audubon.org/native-plants
PLT0140,Mockingbirds and Thrashers,Audubon broad bird-family group,Birds,broad_audubon_group,,,Broad bird habitat/resource support,Audubon May Attract: Mockingbirds and Thrashers,Audubon plant-resource profile; not bird-group-specific,,Bird-friendly profile support,D - Audubon broad bird-friendly support; not species-level direct interaction,Audubon ZIP 78666 native-plant profile; broad family/guild context,0.07,Central Texas Bird Audubon interactions,National Audubon Society Native Plants Database,https://www.audubon.org/native-plants
PLT0140,New World Sparrows,Audubon broad bird-family group,Birds,broad_audubon_group,,,Broad bird habitat/resource support,Audubon May Attract: New World Sparrows,Audubon plant-resource profile; not bird-group-specific,,Bird-friendly profile support,D - Audubon broad bird-friendly support; not species-level direct interaction,Audubon ZIP 78666 native-plant profile; broad family/guild context,0.07,Central Texas Bird Audubon interactions,National Audubon Society Native Plants Database,https://www.audubon.org/native-plants
PLT0140,Nuthatches,Audubon broad bird-family group,Birds,broad_audubon_group,,,Broad bird habitat/resource support,Audubon May Attract: Nuthatches,Audubon plant-resource profile; not bird-group-specific,,Bird-friendly profile support,D - Audubon broad bird-friendly support; not species-level direct interaction,Audubon ZIP 78666 native-plant profile; broad family/guild context,0.07,Central Texas Bird Audubon interactions,National Audubon Society Native Plants Database,https://www.audubon.org/native-plants
PLT0140,Orioles,Audubon broad bird-family group,Birds,broad_audubon_group,,,Broad bird habitat/resource support,Audubon May Attract: Orioles,Audubon plant-resource profile; not bird-group-specific,,Bird-friendly profile support,D - Audubon broad bird-friendly support; not species-level direct interaction,Audubon ZIP 78666 native-plant profile; broad family/guild context,0.07,Central Texas Bird Audubon interactions,National Audubon Society Native Plants Database,https://www.audubon.org/native-plants
PLT0140,Thrushes,Audubon broad bird-family group,Birds,broad_audubon_group,,,Broad bird habitat/resource support,Audubon May Attract: Thrushes,Audubon plant-resource profile; not bird-group-specific,,Bird-friendly profile support,D - Audubon broad bird-friendly support; not species-level direct interaction,Audubon ZIP 78666 native-plant profile; broad family/guild context,0.07,Central Texas Bird Audubon interactions,National Audubon Society Native Plants Database,https://www.audubon.org/native-plants
PLT0140,Vireos,Audubon broad bird-family group,Birds,broad_audubon_group,,,Broad bird habitat/resource support,Audubon May Attract: Vireos,Audubon plant-resource profile; not bird-group-specific,,Bird-friendly profile support,D - Audubon broad bird-friendly support; not species-level direct interaction,Audubon ZIP 78666 native-plant profile; broad family/guild context,0.07,Central Texas Bird Audubon interactions,National Audubon Society Native Plants Database,https://www.audubon.org/native-plants
PLT0140,Waxwings,Audubon broad bird-family group,Birds,broad_audubon_group,,,Broad bird habitat/resource support,Audubon May Attract: Waxwings,Audubon plant-resource profile; not bird-group-specific,,Bird-friendly profile support,D - Audubon broad bird-friendly support; not species-level direct interaction,Audubon ZIP 78666 native-plant profile; broad family/guild context,0.07,Central Texas Bird Audubon interactions,National Audubon Society Native Plants Database,https://www.audubon.org/native-plants
PLT0140,Wood Warblers,Audubon broad bird-family group,Birds,broad_audubon_group,,,Broad bird habitat/resource support,Audubon May Attract: Wood Warblers,Audubon plant-resource profile; not bird-group-specific,,Bird-friendly profile support,D - Audubon broad bird-friendly support; not species-level direct interaction,Audubon ZIP 78666 native-plant profile; broad family/guild context,0.07,Central Texas Bird Audubon interactions,National Audubon Society Native Plants Database,https://www.audubon.org/native-plants
PLT0140,Woodpeckers,Audubon broad bird-family group,Birds,broad_audubon_group,,,Broad bird habitat/resource support,Audubon May Attract: Woodpeckers,Audubon plant-resource profile; not bird-group-specific,,Bird-friendly profile support,D - Audubon broad bird-friendly support; not species-level direct interaction,Audubon ZIP 78666 native-plant profile; broad family/guild context,0.07,Central Texas Bird Audubon interactions,National Audubon Society Native Plants Database,https://www.audubon.org/native-plants
PLT0140,Wrens,Audubon broad bird-family group,Birds,broad_audubon_group,,,Broad bird habitat/resource support,Audubon May Attract: Wrens,Audubon plant-resource profile; not bird-group-specific,,Bird-friendly profile support,D - Audubon broad bird-friendly support; not species-level direct interaction,Audubon ZIP 78666 native-plant profile; broad family/guild context,0.07,Central Texas Bird Audubon interactions,National Audubon Society Native Plants Database,https://www.audubon.org/native-plants
PLT0155,"Cardinals, Grosbeaks and Buntings",Audubon broad bird-family group,Birds,broad_audubon_group,,,Broad bird habitat/resource support,"Audubon May Attract: Cardinals, Grosbeaks and Buntings",Audubon plant-resource profile; not bird-group-specific,,Bird-friendly profile support,D - Audubon broad bird-friendly support; not species-level direct interaction,Audubon ZIP 78666 native-plant profile; broad family/guild context,0.07,Central Texas Bird Audubon interactions,National Audubon Society Native Plants Database,https://www.audubon.org/native-plants
PLT0155,Chickadees and Titmice,Audubon broad bird-family group,Birds,broad_audubon_group,,,Broad bird habitat/resource support,Audubon May Attract: Chickadees and Titmice,Audubon plant-resource profile; not bird-group-specific,,Bird-friendly profile support,D - Audubon broad bird-friendly support; not species-level direct interaction,Audubon ZIP 78666 native-plant profile; broad family/guild context,0.07,Central Texas Bird Audubon interactions,National Audubon Society Native Plants Database,https://www.audubon.org/native-plants
PLT0155,"Crows, Magpies and Jays",Audubon broad bird-family group,Birds,broad_audubon_group,,,Broad bird habitat/resource support,"Audubon May Attract: Crows, Magpies and Jays",Audubon plant-resource profile; not bird-group-specific,,Bird-friendly profile support,D - Audubon broad bird-friendly support; not species-level direct interaction,Audubon ZIP 78666 native-plant profile; broad family/guild context,0.07,Central Texas Bird Audubon interactions,National Audubon Society Native Plants Database,https://www.audubon.org/native-plants
PLT0155,Finches,Audubon broad bird-family group,Birds,broad_audubon_group,,,Broad bird habitat/resource support,Audubon May Attract: Finches,Audubon plant-resource profile; not bird-group-specific,,Bird-friendly profile support,D - Audubon broad bird-friendly support; not species-level direct interaction,Audubon ZIP 78666 native-plant profile; broad family/guild context,0.07,Central Texas Bird Audubon interactions,National Audubon Society Native Plants Database,https://www.audubon.org/native-plants
PLT0155,Hummingbirds,Audubon broad bird-family group,Birds,broad_audubon_group,,,Broad bird habitat/resource support,Audubon May Attract: Hummingbirds,Audubon plant-resource profile; not bird-group-specific,,Bird-friendly profile support,D - Audubon broad bird-friendly support; not species-level direct interaction,Audubon ZIP 78666 native-plant profile; broad family/guild context,0.07,Central Texas Bird Audubon interactions,National Audubon Society Native Plants Database,https://www.audubon.org/native-plants
PLT0155,Mockingbirds and Thrashers,Audubon broad bird-family group,Birds,broad_audubon_group,,,Broad bird habitat/resource support,Audubon May Attract: Mockingbirds and Thrashers,Audubon plant-resource profile; not bird-group-specific,,Bird-friendly profile support,D - Audubon broad bird-friendly support; not species-level direct interaction,Audubon ZIP 78666 native-plant profile; broad family/guild context,0.07,Central Texas Bird Audubon interactions,National Audubon Society Native Plants Database,https://www.audubon.org/native-plants
PLT0155,New World Sparrows,Audubon broad bird-family group,Birds,broad_audubon_group,,,Broad bird habitat/resource support,Audubon May Attract: New World Sparrows,Audubon plant-resource profile; not bird-group-specific,,Bird-friendly profile support,D - Audubon broad bird-friendly support; not species-level direct interaction,Audubon ZIP 78666 native-plant profile; broad family/guild context,0.07,Central Texas Bird Audubon interactions,National Audubon Society Native Plants Database,https://www.audubon.org/native-plants
PLT0155,Nuthatches,Audubon broad bird-family group,Birds,broad_audubon_group,,,Broad bird habitat/resource support,Audubon May Attract: Nuthatches,Audubon plant-resource profile; not bird-group-specific,,Bird-friendly profile support,D - Audubon broad bird-friendly support; not species-level direct interaction,Audubon ZIP 78666 native-plant profile; broad family/guild context,0.07,Central Texas Bird Audubon interactions,National Audubon Society Native Plants Database,https://www.audubon.org/native-plants
PLT0155,Orioles,Audubon broad bird-family group,Birds,broad_audubon_group,,,Broad bird habitat/resource support,Audubon May Attract: Orioles,Audubon plant-resource profile; not bird-group-specific,,Bird-friendly profile support,D - Audubon broad bird-friendly support; not species-level direct interaction,Audubon ZIP 78666 native-plant profile; broad family/guild context,0.07,Central Texas Bird Audubon interactions,National Audubon Society Native Plants Database,https://www.audubon.org/native-plants
PLT0155,Thrushes,Audubon broad bird-family group,Birds,broad_audubon_group,,,Broad bird habitat/resource support,Audubon May Attract: Thrushes,Audubon plant-resource profile; not bird-group-specific,,Bird-friendly profile support,D - Audubon broad bird-friendly support; not species-level direct interaction,Audubon ZIP 78666 native-plant profile; broad family/guild context,0.07,Central Texas Bird Audubon interactions,National Audubon Society Native Plants Database,https://www.audubon.org/native-plants
PLT0155,Vireos,Audubon broad bird-family group,Birds,broad_audubon_group,,,Broad bird habitat/resource support,Audubon May Attract: Vireos,Audubon plant-resource profile; not bird-group-specific,,Bird-friendly profile support,D - Audubon broad bird-friendly support; not species-level direct interaction,Audubon ZIP 78666 native-plant profile; broad family/guild context,0.07,Central Texas Bird Audubon interactions,National Audubon Society Native Plants Database,https://www.audubon.org/native-plants
PLT0155,Waxwings,Audubon broad bird-family group,Birds,broad_audubon_group,,,Broad bird habitat/resource support,Audubon May Attract: Waxwings,Audubon plant-resource profile; not bird-group-specific,,Bird-friendly profile support,D - Audubon broad bird-friendly support; not species-level direct interaction,Audubon ZIP 78666 native-plant profile; broad family/guild context,0.07,Central Texas Bird Audubon interactions,National Audubon Society Native Plants Database,https://www.audubon.org/native-plants
PLT0155,Wood Warblers,Audubon broad bird-family group,Birds,broad_audubon_group,,,Broad bird habitat/resource support,Audubon May Attract: Wood Warblers,Audubon plant-resource profile; not bird-group-specific,,Bird-friendly profile support,D - Audubon broad bird-friendly support; not species-level direct interaction,Audubon ZIP 78666 native-plant profile; broad family/guild context,0.07,Central Texas Bird Audubon interactions,National Audubon Society Native Plants Database,https://www.audubon.org/native-plants
PLT0155,Woodpeckers,Audubon broad bird-family group,Birds,broad_audubon_group,,,Broad bird habitat/resource support,Audubon May Attract: Woodpeckers,Audubon plant-resource profile; not bird-group-specific,,Bird-friendly profile support,D - Audubon broad bird-friendly support; not species-level direct interaction,Audubon ZIP 78666 native-plant profile; broad family/guild context,0.07,Central Texas Bird Audubon interactions,National Audubon Society Native Plants Database,https://www.audubon.org/native-plants
PLT0155,Wrens,Audubon broad bird-family group,Birds,broad_audubon_group,,,Broad bird habitat/resource support,Audubon May Attract: Wrens,Audubon plant-resource profile; not bird-group-specific,,Bird-friendly profile support,D - Audubon broad bird-friendly support; not species-level direct interaction,Audubon ZIP 78666 native-plant profile; broad family/guild context,0.07,Central Texas Bird Audubon interactions,National Audubon Society Native Plants Database,https://www.audubon.org/native-plants
PLT0176,"Cardinals, Grosbeaks and Buntings",Audubon broad bird-family group,Birds,broad_audubon_group,,,Broad bird habitat/resource support,"Audubon May Attract: Cardinals, Grosbeaks and Buntings",Audubon plant-resource profile; not bird-group-specific,,Bird-friendly profile support,D - Audubon broad bird-friendly support; not species-level direct interaction,Audubon ZIP 78666 native-plant profile; broad family/guild context,0.07,Central Texas Bird Audubon interactions,National Audubon Society Native Plants Database,https://www.audubon.org/native-plants
PLT0176,Chickadees and Titmice,Audubon broad bird-family group,Birds,broad_audubon_group,,,Broad bird habitat/resource support,Audubon May Attract: Chickadees and Titmice,Audubon plant-resource profile; not bird-group-specific,,Bird-friendly profile support,D - Audubon broad bird-friendly support; not species-level direct interaction,Audubon ZIP 78666 native-plant profile; broad family/guild context,0.07,Central Texas Bird Audubon interactions,National Audubon Society Native Plants Database,https://www.audubon.org/native-plants
PLT0176,"Crows, Magpies and Jays",Audubon broad bird-family group,Birds,broad_audubon_group,,,Broad bird habitat/resource support,"Audubon May Attract: Crows, Magpies and Jays",Audubon plant-resource profile; not bird-group-specific,,Bird-friendly profile support,D - Audubon broad bird-friendly support; not species-level direct interaction,Audubon ZIP 78666 native-plant profile; broad family/guild context,0.07,Central Texas Bird Audubon interactions,National Audubon Society Native Plants Database,https://www.audubon.org/native-plants
PLT0176,Finches,Audubon broad bird-family group,Birds,broad_audubon_group,,,Broad bird habitat/resource support,Audubon May Attract: Finches,Audubon plant-resource profile; not bird-group-specific,,Bird-friendly profile support,D - Audubon broad bird-friendly support; not species-level direct interaction,Audubon ZIP 78666 native-plant profile; broad family/guild context,0.07,Central Texas Bird Audubon interactions,National Audubon Society Native Plants Database,https://www.audubon.org/native-plants
PLT0176,Hummingbirds,Audubon broad bird-family group,Birds,broad_audubon_group,,,Broad bird habitat/resource support,Audubon May Attract: Hummingbirds,Audubon plant-resource profile; not bird-group-specific,,Bird-friendly profile support,D - Audubon broad bird-friendly support; not species-level direct interaction,Audubon ZIP 78666 native-plant profile; broad family/guild context,0.07,Central Texas Bird Audubon interactions,National Audubon Society Native Plants Database,https://www.audubon.org/native-plants
PLT0176,Mockingbirds and Thrashers,Audubon broad bird-family group,Birds,broad_audubon_group,,,Broad bird habitat/resource support,Audubon May Attract: Mockingbirds and Thrashers,Audubon plant-resource profile; not bird-group-specific,,Bird-friendly profile support,D - Audubon broad bird-friendly support; not species-level direct interaction,Audubon ZIP 78666 native-plant profile; broad family/guild context,0.07,Central Texas Bird Audubon interactions,National Audubon Society Native Plants Database,https://www.audubon.org/native-plants
PLT0176,New World Sparrows,Audubon broad bird-family group,Birds,broad_audubon_group,,,Broad bird habitat/resource support,Audubon May Attract: New World Sparrows,Audubon plant-resource profile; not bird-group-specific,,Bird-friendly profile support,D - Audubon broad bird-friendly support; not species-level direct interaction,Audubon ZIP 78666 native-plant profile; broad family/guild context,0.07,Central Texas Bird Audubon interactions,National Audubon Society Native Plants Database,https://www.audubon.org/native-plants
PLT0176,Nuthatches,Audubon broad bird-family group,Birds,broad_audubon_group,,,Broad bird habitat/resource support,Audubon May Attract: Nuthatches,Audubon plant-resource profile; not bird-group-specific,,Bird-friendly profile support,D - Audubon broad bird-friendly support; not species-level direct interaction,Audubon ZIP 78666 native-plant profile; broad family/guild context,0.07,Central Texas Bird Audubon interactions,National Audubon Society Native Plants Database,https://www.audubon.org/native-plants
PLT0176,Orioles,Audubon broad bird-family group,Birds,broad_audubon_group,,,Broad bird habitat/resource support,Audubon May Attract: Orioles,Audubon plant-resource profile; not bird-group-specific,,Bird-friendly profile support,D - Audubon broad bird-friendly support; not species-level direct interaction,Audubon ZIP 78666 native-plant profile; broad family/guild context,0.07,Central Texas Bird Audubon interactions,National Audubon Society Native Plants Database,https://www.audubon.org/native-plants
PLT0176,Thrushes,Audubon broad bird-family group,Birds,broad_audubon_group,,,Broad bird habitat/resource support,Audubon May Attract: Thrushes,Audubon plant-resource profile; not bird-group-specific,,Bird-friendly profile support,D - Audubon broad bird-friendly support; not species-level direct interaction,Audubon ZIP 78666 native-plant profile; broad family/guild context,0.07,Central Texas Bird Audubon interactions,National Audubon Society Native Plants Database,https://www.audubon.org/native-plants
PLT0176,Vireos,Audubon broad bird-family group,Birds,broad_audubon_group,,,Broad bird habitat/resource support,Audubon May Attract: Vireos,Audubon plant-resource profile; not bird-group-specific,,Bird-friendly profile support,D - Audubon broad bird-friendly support; not species-level direct interaction,Audubon ZIP 78666 native-plant profile; broad family/guild context,0.07,Central Texas Bird Audubon interactions,National Audubon Society Native Plants Database,https://www.audubon.org/native-plants
PLT0176,Waxwings,Audubon broad bird-family group,Birds,broad_audubon_group,,,Broad bird habitat/resource support,Audubon May Attract: Waxwings,Audubon plant-resource profile; not bird-group-specific,,Bird-friendly profile support,D - Audubon broad bird-friendly support; not species-level direct interaction,Audubon ZIP 78666 native-plant profile; broad family/guild context,0.07,Central Texas Bird Audubon interactions,National Audubon Society Native Plants Database,https://www.audubon.org/native-plants
PLT0176,Wood Warblers,Audubon broad bird-family group,Birds,broad_audubon_group,,,Broad bird habitat/resource support,Audubon May Attract: Wood Warblers,Audubon plant-resource profile; not bird-group-specific,,Bird-friendly profile support,D - Audubon broad bird-friendly support; not species-level direct interaction,Audubon ZIP 78666 native-plant profile; broad family/guild context,0.07,Central Texas Bird Audubon interactions,National Audubon Society Native Plants Database,https://www.audubon.org/native-plants
PLT0176,Woodpeckers,Audubon broad bird-family group,Birds,broad_audubon_group,,,Broad bird habitat/resource support,Audubon May Attract: Woodpeckers,Audubon plant-resource profile; not bird-group-specific,,Bird-friendly profile support,D - Audubon broad bird-friendly support; not species-level direct interaction,Audubon ZIP 78666 native-plant profile; broad family/guild context,0.07,Central Texas Bird Audubon interactions,National Audubon Society Native Plants Database,https://www.audubon.org/native-plants
PLT0176,Wrens,Audubon broad bird-family group,Birds,broad_audubon_group,,,Broad bird habitat/resource support,Audubon May Attract: Wrens,Audubon plant-resource profile; not bird-group-specific,,Bird-friendly profile support,D - Audubon broad bird-friendly support; not species-level direct interaction,Audubon ZIP 78666 native-plant profile; broad family/guild context,0.07,Central Texas Bird Audubon interactions,National Audubon Society Native Plants Database,https://www.audubon.org/native-plants
PLT0182,"Cardinals, Grosbeaks and Buntings",Audubon broad bird-family group,Birds,broad_audubon_group,,,Broad bird habitat/resource support,"Audubon May Attract: Cardinals, Grosbeaks and Buntings",Audubon plant-resource profile; not bird-group-specific,,Bird-friendly profile support,D - Audubon broad bird-friendly support; not species-level direct interaction,Audubon ZIP 78666 native-plant profile; broad family/guild context,0.07,Central Texas Bird Audubon interactions,National Audubon Society Native Plants Database,https://www.audubon.org/native-plants
PLT0182,Chickadees and Titmice,Audubon broad bird-family group,Birds,broad_audubon_group,,,Broad bird habitat/resource support,Audubon May Attract: Chickadees and Titmice,Audubon plant-resource profile; not bird-group-specific,,Bird-friendly profile support,D - Audubon broad bird-friendly support; not species-level direct interaction,Audubon ZIP 78666 native-plant profile; broad family/guild context,0.07,Central Texas Bird Audubon interactions,National Audubon Society Native Plants Database,https://www.audubon.org/native-plants
PLT0182,"Crows, Magpies and Jays",Audubon broad bird-family group,Birds,broad_audubon_group,,,Broad bird habitat/resource support,"Audubon May Attract: Crows, Magpies and Jays",Audubon plant-resource profile; not bird-group-specific,,Bird-friendly profile support,D - Audubon broad bird-friendly support; not species-level direct interaction,Audubon ZIP 78666 native-plant profile; broad family/guild context,0.07,Central Texas Bird Audubon interactions,National Audubon Society Native Plants Database,https://www.audubon.org/native-plants
PLT0182,Finches,Audubon broad bird-family group,Birds,broad_audubon_group,,,Broad bird habitat/resource support,Audubon May Attract: Finches,Audubon plant-resource profile; not bird-group-specific,,Bird-friendly profile support,D - Audubon broad bird-friendly support; not species-level direct interaction,Audubon ZIP 78666 native-plant profile; broad family/guild context,0.07,Central Texas Bird Audubon interactions,National Audubon Society Native Plants Database,https://www.audubon.org/native-plants
PLT0182,Hummingbirds,Audubon broad bird-family group,Birds,broad_audubon_group,,,Broad bird habitat/resource support,Audubon May Attract: Hummingbirds,Audubon plant-resource profile; not bird-group-specific,,Bird-friendly profile support,D - Audubon broad bird-friendly support; not species-level direct interaction,Audubon ZIP 78666 native-plant profile; broad family/guild context,0.07,Central Texas Bird Audubon interactions,National Audubon Society Native Plants Database,https://www.audubon.org/native-plants
PLT0182,Mockingbirds and Thrashers,Audubon broad bird-family group,Birds,broad_audubon_group,,,Broad bird habitat/resource support,Audubon May Attract: Mockingbirds and Thrashers,Audubon plant-resource profile; not bird-group-specific,,Bird-friendly profile support,D - Audubon broad bird-friendly support; not species-level direct interaction,Audubon ZIP 78666 native-plant profile; broad family/guild context,0.07,Central Texas Bird Audubon interactions,National Audubon Society Native Plants Database,https://www.audubon.org/native-plants
PLT0182,New World Sparrows,Audubon broad bird-family group,Birds,broad_audubon_group,,,Broad bird habitat/resource support,Audubon May Attract: New World Sparrows,Audubon plant-resource profile; not bird-group-specific,,Bird-friendly profile support,D - Audubon broad bird-friendly support; not species-level direct interaction,Audubon ZIP 78666 native-plant profile; broad family/guild context,0.07,Central Texas Bird Audubon interactions,National Audubon Society Native Plants Database,https://www.audubon.org/native-plants
PLT0182,Nuthatches,Audubon broad bird-family group,Birds,broad_audubon_group,,,Broad bird habitat/resource support,Audubon May Attract: Nuthatches,Audubon plant-resource profile; not bird-group-specific,,Bird-friendly profile support,D - Audubon broad bird-friendly support; not species-level direct interaction,Audubon ZIP 78666 native-plant profile; broad family/guild context,0.07,Central Texas Bird Audubon interactions,National Audubon Society Native Plants Database,https://www.audubon.org/native-plants
PLT0182,Orioles,Audubon broad bird-family group,Birds,broad_audubon_group,,,Broad bird habitat/resource support,Audubon May Attract: Orioles,Audubon plant-resource profile; not bird-group-specific,,Bird-friendly profile support,D - Audubon broad bird-friendly support; not species-level direct interaction,Audubon ZIP 78666 native-plant profile; broad family/guild context,0.07,Central Texas Bird Audubon interactions,National Audubon Society Native Plants Database,https://www.audubon.org/native-plants
PLT0182,Thrushes,Audubon broad bird-family group,Birds,broad_audubon_group,,,Broad bird habitat/resource support,Audubon May Attract: Thrushes,Audubon plant-resource profile; not bird-group-specific,,Bird-friendly profile support,D - Audubon broad bird-friendly support; not species-level direct interaction,Audubon ZIP 78666 native-plant profile; broad family/guild context,0.07,Central Texas Bird Audubon interactions,National Audubon Society Native Plants Database,https://www.audubon.org/native-plants
PLT0182,Vireos,Audubon broad bird-family group,Birds,broad_audubon_group,,,Broad bird habitat/resource support,Audubon May Attract: Vireos,Audubon plant-resource profile; not bird-group-specific,,Bird-friendly profile support,D - Audubon broad bird-friendly support; not species-level direct interaction,Audubon ZIP 78666 native-plant profile; broad family/guild context,0.07,Central Texas Bird Audubon interactions,National Audubon Society Native Plants Database,https://www.audubon.org/native-plants
PLT0182,Waxwings,Audubon broad bird-family group,Birds,broad_audubon_group,,,Broad bird habitat/resource support,Audubon May Attract: Waxwings,Audubon plant-resource profile; not bird-group-specific,,Bird-friendly profile support,D - Audubon broad bird-friendly support; not species-level direct interaction,Audubon ZIP 78666 native-plant profile; broad family/guild context,0.07,Central Texas Bird Audubon interactions,National Audubon Society Native Plants Database,https://www.audubon.org/native-plants
PLT0182,Wood Warblers,Audubon broad bird-family group,Birds,broad_audubon_group,,,Broad bird habitat/resource support,Audubon May Attract: Wood Warblers,Audubon plant-resource profile; not bird-group-specific,,Bird-friendly profile support,D - Audubon broad bird-friendly support; not species-level direct interaction,Audubon ZIP 78666 native-plant profile; broad family/guild context,0.07,Central Texas Bird Audubon interactions,National Audubon Society Native Plants Database,https://www.audubon.org/native-plants
PLT0182,Woodpeckers,Audubon broad bird-family group,Birds,broad_audubon_group,,,Broad bird habitat/resource support,Audubon May Attract: Woodpeckers,Audubon plant-resource profile; not bird-group-specific,,Bird-friendly profile support,D - Audubon broad bird-friendly support; not species-level direct interaction,Audubon ZIP 78666 native-plant profile; broad family/guild context,0.07,Central Texas Bird Audubon interactions,National Audubon Society Native Plants Database,https://www.audubon.org/native-plants
PLT0182,Wrens,Audubon broad bird-family group,Birds,broad_audubon_group,,,Broad bird habitat/resource support,Audubon May Attract: Wrens,Audubon plant-resource profile; not bird-group-specific,,Bird-friendly profile support,D - Audubon broad bird-friendly support; not species-level direct interaction,Audubon ZIP 78666 native-plant profile; broad family/guild context,0.07,Central Texas Bird Audubon interactions,National Audubon Society Native Plants Database,https://www.audubon.org/native-plants
PLT0184,"Cardinals, Grosbeaks and Buntings",Audubon broad bird-family group,Birds,broad_audubon_group,,,Broad bird habitat/resource support,"Audubon May Attract: Cardinals, Grosbeaks and Buntings",Audubon plant-resource profile; not bird-group-specific,,Bird-friendly profile support,D - Audubon broad bird-friendly support; not species-level direct interaction,Audubon ZIP 78666 native-plant profile; broad family/guild context,0.07,Central Texas Bird Audubon interactions,National Audubon Society Native Plants Database,https://www.audubon.org/native-plants
PLT0184,Chickadees and Titmice,Audubon broad bird-family group,Birds,broad_audubon_group,,,Broad bird habitat/resource support,Audubon May Attract: Chickadees and Titmice,Audubon plant-resource profile; not bird-group-specific,,Bird-friendly profile support,D - Audubon broad bird-friendly support; not species-level direct interaction,Audubon ZIP 78666 native-plant profile; broad family/guild context,0.07,Central Texas Bird Audubon interactions,National Audubon Society Native Plants Database,https://www.audubon.org/native-plants
PLT0184,"Crows, Magpies and Jays",Audubon broad bird-family group,Birds,broad_audubon_group,,,Broad bird habitat/resource support,"Audubon May Attract: Crows, Magpies and Jays",Audubon plant-resource profile; not bird-group-specific,,Bird-friendly profile support,D - Audubon broad bird-friendly support; not species-level direct interaction,Audubon ZIP 78666 native-plant profile; broad family/guild context,0.07,Central Texas Bird Audubon interactions,National Audubon Society Native Plants Database,https://www.audubon.org/native-plants
PLT0184,Finches,Audubon broad bird-family group,Birds,broad_audubon_group,,,Broad bird habitat/resource support,Audubon May Attract: Finches,Audubon plant-resource profile; not bird-group-specific,,Bird-friendly profile support,D - Audubon broad bird-friendly support; not species-level direct interaction,Audubon ZIP 78666 native-plant profile; broad family/guild context,0.07,Central Texas Bird Audubon interactions,National Audubon Society Native Plants Database,https://www.audubon.org/native-plants
PLT0184,Hummingbirds,Audubon broad bird-family group,Birds,broad_audubon_group,,,Broad bird habitat/resource support,Audubon May Attract: Hummingbirds,Audubon plant-resource profile; not bird-group-specific,,Bird-friendly profile support,D - Audubon broad bird-friendly support; not species-level direct interaction,Audubon ZIP 78666 native-plant profile; broad family/guild context,0.07,Central Texas Bird Audubon interactions,National Audubon Society Native Plants Database,https://www.audubon.org/native-plants
PLT0184,Mockingbirds and Thrashers,Audubon broad bird-family group,Birds,broad_audubon_group,,,Broad bird habitat/resource support,Audubon May Attract: Mockingbirds and Thrashers,Audubon plant-resource profile; not bird-group-specific,,Bird-friendly profile support,D - Audubon broad bird-friendly support; not species-level direct interaction,Audubon ZIP 78666 native-plant profile; broad family/guild context,0.07,Central Texas Bird Audubon interactions,National Audubon Society Native Plants Database,https://www.audubon.org/native-plants
PLT0184,New World Sparrows,Audubon broad bird-family group,Birds,broad_audubon_group,,,Broad bird habitat/resource support,Audubon May Attract: New World Sparrows,Audubon plant-resource profile; not bird-group-specific,,Bird-friendly profile support,D - Audubon broad bird-friendly support; not species-level direct interaction,Audubon ZIP 78666 native-plant profile; broad family/guild context,0.07,Central Texas Bird Audubon interactions,National Audubon Society Native Plants Database,https://www.audubon.org/native-plants
PLT0184,Nuthatches,Audubon broad bird-family group,Birds,broad_audubon_group,,,Broad bird habitat/resource support,Audubon May Attract: Nuthatches,Audubon plant-resource profile; not bird-group-specific,,Bird-friendly profile support,D - Audubon broad bird-friendly support; not species-level direct interaction,Audubon ZIP 78666 native-plant profile; broad family/guild context,0.07,Central Texas Bird Audubon interactions,National Audubon Society Native Plants Database,https://www.audubon.org/native-plants
PLT0184,Orioles,Audubon broad bird-family group,Birds,broad_audubon_group,,,Broad bird habitat/resource support,Audubon May Attract: Orioles,Audubon plant-resource profile; not bird-group-specific,,Bird-friendly profile support,D - Audubon broad bird-friendly support; not species-level direct interaction,Audubon ZIP 78666 native-plant profile; broad family/guild context,0.07,Central Texas Bird Audubon interactions,National Audubon Society Native Plants Database,https://www.audubon.org/native-plants
PLT0184,Thrushes,Audubon broad bird-family group,Birds,broad_audubon_group,,,Broad bird habitat/resource support,Audubon May Attract: Thrushes,Audubon plant-resource profile; not bird-group-specific,,Bird-friendly profile support,D - Audubon broad bird-friendly support; not species-level direct interaction,Audubon ZIP 78666 native-plant profile; broad family/guild context,0.07,Central Texas Bird Audubon interactions,National Audubon Society Native Plants Database,https://www.audubon.org/native-plants
PLT0184,Vireos,Audubon broad bird-family group,Birds,broad_audubon_group,,,Broad bird habitat/resource support,Audubon May Attract: Vireos,Audubon plant-resource profile; not bird-group-specific,,Bird-friendly profile support,D - Audubon broad bird-friendly support; not species-level direct interaction,Audubon ZIP 78666 native-plant profile; broad family/guild context,0.07,Central Texas Bird Audubon interactions,National Audubon Society Native Plants Database,https://www.audubon.org/native-plants
PLT0184,Waxwings,Audubon broad bird-family group,Birds,broad_audubon_group,,,Broad bird habitat/resource support,Audubon May Attract: Waxwings,Audubon plant-resource profile; not bird-group-specific,,Bird-friendly profile support,D - Audubon broad bird-friendly support; not species-level direct interaction,Audubon ZIP 78666 native-plant profile; broad family/guild context,0.07,Central Texas Bird Audubon interactions,National Audubon Society Native Plants Database,https://www.audubon.org/native-plants
PLT0184,Wood Warblers,Audubon broad bird-family group,Birds,broad_audubon_group,,,Broad bird habitat/resource support,Audubon May Attract: Wood Warblers,Audubon plant-resource profile; not bird-group-specific,,Bird-friendly profile support,D - Audubon broad bird-friendly support; not species-level direct interaction,Audubon ZIP 78666 native-plant profile; broad family/guild context,0.07,Central Texas Bird Audubon interactions,National Audubon Society Native Plants Database,https://www.audubon.org/native-plants
PLT0184,Woodpeckers,Audubon broad bird-family group,Birds,broad_audubon_group,,,Broad bird habitat/resource support,Audubon May Attract: Woodpeckers,Audubon plant-resource profile; not bird-group-specific,,Bird-friendly profile support,D - Audubon broad bird-friendly support; not species-level direct interaction,Audubon ZIP 78666 native-plant profile; broad family/guild context,0.07,Central Texas Bird Audubon interactions,National Audubon Society Native Plants Database,https://www.audubon.org/native-plants
PLT0184,Wrens,Audubon broad bird-family group,Birds,broad_audubon_group,,,Broad bird habitat/resource support,Audubon May Attract: Wrens,Audubon plant-resource profile; not bird-group-specific,,Bird-friendly profile support,D - Audubon broad bird-friendly support; not species-level direct interaction,Audubon ZIP 78666 native-plant profile; broad family/guild context,0.07,Central Texas Bird Audubon interactions,National Audubon Society Native Plants Database,https://www.audubon.org/native-plants
PLT0193,"Cardinals, Grosbeaks and Buntings",Audubon broad bird-family group,Birds,broad_audubon_group,,,Broad bird habitat/resource support,"Audubon May Attract: Cardinals, Grosbeaks and Buntings",Audubon plant-resource profile; not bird-group-specific,,Bird-friendly profile support,D - Audubon broad bird-friendly support; not species-level direct interaction,Audubon ZIP 78666 native-plant profile; broad family/guild context,0.07,Central Texas Bird Audubon interactions,National Audubon Society Native Plants Database,https://www.audubon.org/native-plants
PLT0193,Chickadees and Titmice,Audubon broad bird-family group,Birds,broad_audubon_group,,,Broad bird habitat/resource support,Audubon May Attract: Chickadees and Titmice,Audubon plant-resource profile; not bird-group-specific,,Bird-friendly profile support,D - Audubon broad bird-friendly support; not species-level direct interaction,Audubon ZIP 78666 native-plant profile; broad family/guild context,0.07,Central Texas Bird Audubon interactions,National Audubon Society Native Plants Database,https://www.audubon.org/native-plants
PLT0193,"Crows, Magpies and Jays",Audubon broad bird-family group,Birds,broad_audubon_group,,,Broad bird habitat/resource support,"Audubon May Attract: Crows, Magpies and Jays",Audubon plant-resource profile; not bird-group-specific,,Bird-friendly profile support,D - Audubon broad bird-friendly support; not species-level direct interaction,Audubon ZIP 78666 native-plant profile; broad family/guild context,0.07,Central Texas Bird Audubon interactions,National Audubon Society Native Plants Database,https://www.audubon.org/native-plants
PLT0193,Finches,Audubon broad bird-family group,Birds,broad_audubon_group,,,Broad bird habitat/resource support,Audubon May Attract: Finches,Audubon plant-resource profile; not bird-group-specific,,Bird-friendly profile support,D - Audubon broad bird-friendly support; not species-level direct interaction,Audubon ZIP 78666 native-plant profile; broad family/guild context,0.07,Central Texas Bird Audubon interactions,National Audubon Society Native Plants Database,https://www.audubon.org/native-plants
PLT0193,Hummingbirds,Audubon broad bird-family group,Birds,broad_audubon_group,,,Broad bird habitat/resource support,Audubon May Attract: Hummingbirds,Audubon plant-resource profile; not bird-group-specific,,Bird-friendly profile support,D - Audubon broad bird-friendly support; not species-level direct interaction,Audubon ZIP 78666 native-plant profile; broad family/guild context,0.07,Central Texas Bird Audubon interactions,National Audubon Society Native Plants Database,https://www.audubon.org/native-plants
PLT0193,Mockingbirds and Thrashers,Audubon broad bird-family group,Birds,broad_audubon_group,,,Broad bird habitat/resource support,Audubon May Attract: Mockingbirds and Thrashers,Audubon plant-resource profile; not bird-group-specific,,Bird-friendly profile support,D - Audubon broad bird-friendly support; not species-level direct interaction,Audubon ZIP 78666 native-plant profile; broad family/guild context,0.07,Central Texas Bird Audubon interactions,National Audubon Society Native Plants Database,https://www.audubon.org/native-plants
PLT0193,New World Sparrows,Audubon broad bird-family group,Birds,broad_audubon_group,,,Broad bird habitat/resource support,Audubon May Attract: New World Sparrows,Audubon plant-resource profile; not bird-group-specific,,Bird-friendly profile support,D - Audubon broad bird-friendly support; not species-level direct interaction,Audubon ZIP 78666 native-plant profile; broad family/guild context,0.07,Central Texas Bird Audubon interactions,National Audubon Society Native Plants Database,https://www.audubon.org/native-plants
PLT0193,Nuthatches,Audubon broad bird-family group,Birds,broad_audubon_group,,,Broad bird habitat/resource support,Audubon May Attract: Nuthatches,Audubon plant-resource profile; not bird-group-specific,,Bird-friendly profile support,D - Audubon broad bird-friendly support; not species-level direct interaction,Audubon ZIP 78666 native-plant profile; broad family/guild context,0.07,Central Texas Bird Audubon interactions,National Audubon Society Native Plants Database,https://www.audubon.org/native-plants
PLT0193,Orioles,Audubon broad bird-family group,Birds,broad_audubon_group,,,Broad bird habitat/resource support,Audubon May Attract: Orioles,Audubon plant-resource profile; not bird-group-specific,,Bird-friendly profile support,D - Audubon broad bird-friendly support; not species-level direct interaction,Audubon ZIP 78666 native-plant profile; broad family/guild context,0.07,Central Texas Bird Audubon interactions,National Audubon Society Native Plants Database,https://www.audubon.org/native-plants
PLT0193,Thrushes,Audubon broad bird-family group,Birds,broad_audubon_group,,,Broad bird habitat/resource support,Audubon May Attract: Thrushes,Audubon plant-resource profile; not bird-group-specific,,Bird-friendly profile support,D - Audubon broad bird-friendly support; not species-level direct interaction,Audubon ZIP 78666 native-plant profile; broad family/guild context,0.07,Central Texas Bird Audubon interactions,National Audubon Society Native Plants Database,https://www.audubon.org/native-plants
PLT0193,Vireos,Audubon broad bird-family group,Birds,broad_audubon_group,,,Broad bird habitat/resource support,Audubon May Attract: Vireos,Audubon plant-resource profile; not bird-group-specific,,Bird-friendly profile support,D - Audubon broad bird-friendly support; not species-level direct interaction,Audubon ZIP 78666 native-plant profile; broad family/guild context,0.07,Central Texas Bird Audubon interactions,National Audubon Society Native Plants Database,https://www.audubon.org/native-plants
PLT0193,Waxwings,Audubon broad bird-family group,Birds,broad_audubon_group,,,Broad bird habitat/resource support,Audubon May Attract: Waxwings,Audubon plant-resource profile; not bird-group-specific,,Bird-friendly profile support,D - Audubon broad bird-friendly support; not species-level direct interaction,Audubon ZIP 78666 native-plant profile; broad family/guild context,0.07,Central Texas Bird Audubon interactions,National Audubon Society Native Plants Database,https://www.audubon.org/native-plants
PLT0193,Wood Warblers,Audubon broad bird-family group,Birds,broad_audubon_group,,,Broad bird habitat/resource support,Audubon May Attract: Wood Warblers,Audubon plant-resource profile; not bird-group-specific,,Bird-friendly profile support,D - Audubon broad bird-friendly support; not species-level direct interaction,Audubon ZIP 78666 native-plant profile; broad family/guild context,0.07,Central Texas Bird Audubon interactions,National Audubon Society Native Plants Database,https://www.audubon.org/native-plants
PLT0193,Woodpeckers,Audubon broad bird-family group,Birds,broad_audubon_group,,,Broad bird habitat/resource support,Audubon May Attract: Woodpeckers,Audubon plant-resource profile; not bird-group-specific,,Bird-friendly profile support,D - Audubon broad bird-friendly support; not species-level direct interaction,Audubon ZIP 78666 native-plant profile; broad family/guild context,0.07,Central Texas Bird Audubon interactions,National Audubon Society Native Plants Database,https://www.audubon.org/native-plants
PLT0193,Wrens,Audubon broad bird-family group,Birds,broad_audubon_group,,,Broad bird habitat/resource support,Audubon May Attract: Wrens,Audubon plant-resource profile; not bird-group-specific,,Bird-friendly profile support,D - Audubon broad bird-friendly support; not species-level direct interaction,Audubon ZIP 78666 native-plant profile; broad family/guild context,0.07,Central Texas Bird Audubon interactions,National Audubon Society Native Plants Database,https://www.audubon.org/native-plants
PLT0195,"Cardinals, Grosbeaks and Buntings",Audubon broad bird-family group,Birds,broad_audubon_group,,,Broad bird habitat/resource support,"Audubon May Attract: Cardinals, Grosbeaks and Buntings",Audubon plant-resource profile; not bird-group-specific,,Bird-friendly profile support,D - Audubon broad bird-friendly support; not species-level direct interaction,Audubon ZIP 78666 native-plant profile; broad family/guild context,0.07,Central Texas Bird Audubon interactions,National Audubon Society Native Plants Database,https://www.audubon.org/native-plants
PLT0195,Chickadees and Titmice,Audubon broad bird-family group,Birds,broad_audubon_group,,,Broad bird habitat/resource support,Audubon May Attract: Chickadees and Titmice,Audubon plant-resource profile; not bird-group-specific,,Bird-friendly profile support,D - Audubon broad bird-friendly support; not species-level direct interaction,Audubon ZIP 78666 native-plant profile; broad family/guild context,0.07,Central Texas Bird Audubon interactions,National Audubon Society Native Plants Database,https://www.audubon.org/native-plants
PLT0195,"Crows, Magpies and Jays",Audubon broad bird-family group,Birds,broad_audubon_group,,,Broad bird habitat/resource support,"Audubon May Attract: Crows, Magpies and Jays",Audubon plant-resource profile; not bird-group-specific,,Bird-friendly profile support,D - Audubon broad bird-friendly support; not species-level direct interaction,Audubon ZIP 78666 native-plant profile; broad family/guild context,0.07,Central Texas Bird Audubon interactions,National Audubon Society Native Plants Database,https://www.audubon.org/native-plants
PLT0195,Finches,Audubon broad bird-family group,Birds,broad_audubon_group,,,Broad bird habitat/resource support,Audubon May Attract: Finches,Audubon plant-resource profile; not bird-group-specific,,Bird-friendly profile support,D - Audubon broad bird-friendly support; not species-level direct interaction,Audubon ZIP 78666 native-plant profile; broad family/guild context,0.07,Central Texas Bird Audubon interactions,National Audubon Society Native Plants Database,https://www.audubon.org/native-plants
PLT0195,Hummingbirds,Audubon broad bird-family group,Birds,broad_audubon_group,,,Broad bird habitat/resource support,Audubon May Attract: Hummingbirds,Audubon plant-resource profile; not bird-group-specific,,Bird-friendly profile support,D - Audubon broad bird-friendly support; not species-level direct interaction,Audubon ZIP 78666 native-plant profile; broad family/guild context,0.07,Central Texas Bird Audubon interactions,National Audubon Society Native Plants Database,https://www.audubon.org/native-plants
PLT0195,Mockingbirds and Thrashers,Audubon broad bird-family group,Birds,broad_audubon_group,,,Broad bird habitat/resource support,Audubon May Attract: Mockingbirds and Thrashers,Audubon plant-resource profile; not bird-group-specific,,Bird-friendly profile support,D - Audubon broad bird-friendly support; not species-level direct interaction,Audubon ZIP 78666 native-plant profile; broad family/guild context,0.07,Central Texas Bird Audubon interactions,National Audubon Society Native Plants Database,https://www.audubon.org/native-plants
PLT0195,New World Sparrows,Audubon broad bird-family group,Birds,broad_audubon_group,,,Broad bird habitat/resource support,Audubon May Attract: New World Sparrows,Audubon plant-resource profile; not bird-group-specific,,Bird-friendly profile support,D - Audubon broad bird-friendly support; not species-level direct interaction,Audubon ZIP 78666 native-plant profile; broad family/guild context,0.07,Central Texas Bird Audubon interactions,National Audubon Society Native Plants Database,https://www.audubon.org/native-plants
PLT0195,Nuthatches,Audubon broad bird-family group,Birds,broad_audubon_group,,,Broad bird habitat/resource support,Audubon May Attract: Nuthatches,Audubon plant-resource profile; not bird-group-specific,,Bird-friendly profile support,D - Audubon broad bird-friendly support; not species-level direct interaction,Audubon ZIP 78666 native-plant profile; broad family/guild context,0.07,Central Texas Bird Audubon interactions,National Audubon Society Native Plants Database,https://www.audubon.org/native-plants
PLT0195,Orioles,Audubon broad bird-family group,Birds,broad_audubon_group,,,Broad bird habitat/resource support,Audubon May Attract: Orioles,Audubon plant-resource profile; not bird-group-specific,,Bird-friendly profile support,D - Audubon broad bird-friendly support; not species-level direct interaction,Audubon ZIP 78666 native-plant profile; broad family/guild context,0.07,Central Texas Bird Audubon interactions,National Audubon Society Native Plants Database,https://www.audubon.org/native-plants
PLT0195,Thrushes,Audubon broad bird-family group,Birds,broad_audubon_group,,,Broad bird habitat/resource support,Audubon May Attract: Thrushes,Audubon plant-resource profile; not bird-group-specific,,Bird-friendly profile support,D - Audubon broad bird-friendly support; not species-level direct interaction,Audubon ZIP 78666 native-plant profile; broad family/guild context,0.07,Central Texas Bird Audubon interactions,National Audubon Society Native Plants Database,https://www.audubon.org/native-plants
PLT0195,Vireos,Audubon broad bird-family group,Birds,broad_audubon_group,,,Broad bird habitat/resource support,Audubon May Attract: Vireos,Audubon plant-resource profile; not bird-group-specific,,Bird-friendly profile support,D - Audubon broad bird-friendly support; not species-level direct interaction,Audubon ZIP 78666 native-plant profile; broad family/guild context,0.07,Central Texas Bird Audubon interactions,National Audubon Society Native Plants Database,https://www.audubon.org/native-plants
PLT0195,Waxwings,Audubon broad bird-family group,Birds,broad_audubon_group,,,Broad bird habitat/resource support,Audubon May Attract: Waxwings,Audubon plant-resource profile; not bird-group-specific,,Bird-friendly profile support,D - Audubon broad bird-friendly support; not species-level direct interaction,Audubon ZIP 78666 native-plant profile; broad family/guild context,0.07,Central Texas Bird Audubon interactions,National Audubon Society Native Plants Database,https://www.audubon.org/native-plants
PLT0195,Wood Warblers,Audubon broad bird-family group,Birds,broad_audubon_group,,,Broad bird habitat/resource support,Audubon May Attract: Wood Warblers,Audubon plant-resource profile; not bird-group-specific,,Bird-friendly profile support,D - Audubon broad bird-friendly support; not species-level direct interaction,Audubon ZIP 78666 native-plant profile; broad family/guild context,0.07,Central Texas Bird Audubon interactions,National Audubon Society Native Plants Database,https://www.audubon.org/native-plants
PLT0195,Woodpeckers,Audubon broad bird-family group,Birds,broad_audubon_group,,,Broad bird habitat/resource support,Audubon May Attract: Woodpeckers,Audubon plant-resource profile; not bird-group-specific,,Bird-friendly profile support,D - Audubon broad bird-friendly support; not species-level direct interaction,Audubon ZIP 78666 native-plant profile; broad family/guild context,0.07,Central Texas Bird Audubon interactions,National Audubon Society Native Plants Database,https://www.audubon.org/native-plants
PLT0195,Wrens,Audubon broad bird-family group,Birds,broad_audubon_group,,,Broad bird habitat/resource support,Audubon May Attract: Wrens,Audubon plant-resource profile; not bird-group-specific,,Bird-friendly profile support,D - Audubon broad bird-friendly support; not species-level direct interaction,Audubon ZIP 78666 native-plant profile; broad family/guild context,0.07,Central Texas Bird Audubon interactions,National Audubon Society Native Plants Database,https://www.audubon.org/native-plants
PLT0203,"Cardinals, Grosbeaks and Buntings",Audubon broad bird-family group,Birds,broad_audubon_group,,,Broad bird habitat/resource support,"Audubon May Attract: Cardinals, Grosbeaks and Buntings",Audubon plant-resource profile; not bird-group-specific,,Bird-friendly profile support,D - Audubon broad bird-friendly support; not species-level direct interaction,Audubon ZIP 78666 native-plant profile; broad family/guild context,0.07,Central Texas Bird Audubon interactions,National Audubon Society Native Plants Database,https://www.audubon.org/native-plants
PLT0203,Chickadees and Titmice,Audubon broad bird-family group,Birds,broad_audubon_group,,,Broad bird habitat/resource support,Audubon May Attract: Chickadees and Titmice,Audubon plant-resource profile; not bird-group-specific,,Bird-friendly profile support,D - Audubon broad bird-friendly support; not species-level direct interaction,Audubon ZIP 78666 native-plant profile; broad family/guild context,0.07,Central Texas Bird Audubon interactions,National Audubon Society Native Plants Database,https://www.audubon.org/native-plants
PLT0203,"Crows, Magpies and Jays",Audubon broad bird-family group,Birds,broad_audubon_group,,,Broad bird habitat/resource support,"Audubon May Attract: Crows, Magpies and Jays",Audubon plant-resource profile; not bird-group-specific,,Bird-friendly profile support,D - Audubon broad bird-friendly support; not species-level direct interaction,Audubon ZIP 78666 native-plant profile; broad family/guild context,0.07,Central Texas Bird Audubon interactions,National Audubon Society Native Plants Database,https://www.audubon.org/native-plants
PLT0203,Finches,Audubon broad bird-family group,Birds,broad_audubon_group,,,Broad bird habitat/resource support,Audubon May Attract: Finches,Audubon plant-resource profile; not bird-group-specific,,Bird-friendly profile support,D - Audubon broad bird-friendly support; not species-level direct interaction,Audubon ZIP 78666 native-plant profile; broad family/guild context,0.07,Central Texas Bird Audubon interactions,National Audubon Society Native Plants Database,https://www.audubon.org/native-plants
PLT0203,Hummingbirds,Audubon broad bird-family group,Birds,broad_audubon_group,,,Broad bird habitat/resource support,Audubon May Attract: Hummingbirds,Audubon plant-resource profile; not bird-group-specific,,Bird-friendly profile support,D - Audubon broad bird-friendly support; not species-level direct interaction,Audubon ZIP 78666 native-plant profile; broad family/guild context,0.07,Central Texas Bird Audubon interactions,National Audubon Society Native Plants Database,https://www.audubon.org/native-plants
PLT0203,Mockingbirds and Thrashers,Audubon broad bird-family group,Birds,broad_audubon_group,,,Broad bird habitat/resource support,Audubon May Attract: Mockingbirds and Thrashers,Audubon plant-resource profile; not bird-group-specific,,Bird-friendly profile support,D - Audubon broad bird-friendly support; not species-level direct interaction,Audubon ZIP 78666 native-plant profile; broad family/guild context,0.07,Central Texas Bird Audubon interactions,National Audubon Society Native Plants Database,https://www.audubon.org/native-plants
PLT0203,New World Sparrows,Audubon broad bird-family group,Birds,broad_audubon_group,,,Broad bird habitat/resource support,Audubon May Attract: New World Sparrows,Audubon plant-resource profile; not bird-group-specific,,Bird-friendly profile support,D - Audubon broad bird-friendly support; not species-level direct interaction,Audubon ZIP 78666 native-plant profile; broad family/guild context,0.07,Central Texas Bird Audubon interactions,National Audubon Society Native Plants Database,https://www.audubon.org/native-plants
PLT0203,Nuthatches,Audubon broad bird-family group,Birds,broad_audubon_group,,,Broad bird habitat/resource support,Audubon May Attract: Nuthatches,Audubon plant-resource profile; not bird-group-specific,,Bird-friendly profile support,D - Audubon broad bird-friendly support; not species-level direct interaction,Audubon ZIP 78666 native-plant profile; broad family/guild context,0.07,Central Texas Bird Audubon interactions,National Audubon Society Native Plants Database,https://www.audubon.org/native-plants
PLT0203,Orioles,Audubon broad bird-family group,Birds,broad_audubon_group,,,Broad bird habitat/resource support,Audubon May Attract: Orioles,Audubon plant-resource profile; not bird-group-specific,,Bird-friendly profile support,D - Audubon broad bird-friendly support; not species-level direct interaction,Audubon ZIP 78666 native-plant profile; broad family/guild context,0.07,Central Texas Bird Audubon interactions,National Audubon Society Native Plants Database,https://www.audubon.org/native-plants
PLT0203,Thrushes,Audubon broad bird-family group,Birds,broad_audubon_group,,,Broad bird habitat/resource support,Audubon May Attract: Thrushes,Audubon plant-resource profile; not bird-group-specific,,Bird-friendly profile support,D - Audubon broad bird-friendly support; not species-level direct interaction,Audubon ZIP 78666 native-plant profile; broad family/guild context,0.07,Central Texas Bird Audubon interactions,National Audubon Society Native Plants Database,https://www.audubon.org/native-plants
PLT0203,Vireos,Audubon broad bird-family group,Birds,broad_audubon_group,,,Broad bird habitat/resource support,Audubon May Attract: Vireos,Audubon plant-resource profile; not bird-group-specific,,Bird-friendly profile support,D - Audubon broad bird-friendly support; not species-level direct interaction,Audubon ZIP 78666 native-plant profile; broad family/guild context,0.07,Central Texas Bird Audubon interactions,National Audubon Society Native Plants Database,https://www.audubon.org/native-plants
PLT0203,Waxwings,Audubon broad bird-family group,Birds,broad_audubon_group,,,Broad bird habitat/resource support,Audubon May Attract: Waxwings,Audubon plant-resource profile; not bird-group-specific,,Bird-friendly profile support,D - Audubon broad bird-friendly support; not species-level direct interaction,Audubon ZIP 78666 native-plant profile; broad family/guild context,0.07,Central Texas Bird Audubon interactions,National Audubon Society Native Plants Database,https://www.audubon.org/native-plants
PLT0203,Wood Warblers,Audubon broad bird-family group,Birds,broad_audubon_group,,,Broad bird habitat/resource support,Audubon May Attract: Wood Warblers,Audubon plant-resource profile; not bird-group-specific,,Bird-friendly profile support,D - Audubon broad bird-friendly support; not species-level direct interaction,Audubon ZIP 78666 native-plant profile; broad family/guild context,0.07,Central Texas Bird Audubon interactions,National Audubon Society Native Plants Database,https://www.audubon.org/native-plants
PLT0203,Woodpeckers,Audubon broad bird-family group,Birds,broad_audubon_group,,,Broad bird habitat/resource support,Audubon May Attract: Woodpeckers,Audubon plant-resource profile; not bird-group-specific,,Bird-friendly profile support,D - Audubon broad bird-friendly support; not species-level direct interaction,Audubon ZIP 78666 native-plant profile; broad family/guild context,0.07,Central Texas Bird Audubon interactions,National Audubon Society Native Plants Database,https://www.audubon.org/native-plants
PLT0203,Wrens,Audubon broad bird-family group,Birds,broad_audubon_group,,,Broad bird habitat/resource support,Audubon May Attract: Wrens,Audubon plant-resource profile; not bird-group-specific,,Bird-friendly profile support,D - Audubon broad bird-friendly support; not species-level direct interaction,Audubon ZIP 78666 native-plant profile; broad family/guild context,0.07,Central Texas Bird Audubon interactions,National Audubon Society Native Plants Database,https://www.audubon.org/native-plants
PLT0208,"Cardinals, Grosbeaks and Buntings",Audubon broad bird-family group,Birds,broad_audubon_group,,,Broad bird habitat/resource support,"Audubon May Attract: Cardinals, Grosbeaks and Buntings",Audubon plant-resource profile; not bird-group-specific,,Bird-friendly profile support,D - Audubon broad bird-friendly support; not species-level direct interaction,Audubon ZIP 78666 native-plant profile; broad family/guild context,0.07,Central Texas Bird Audubon interactions,National Audubon Society Native Plants Database,https://www.audubon.org/native-plants
PLT0208,Chickadees and Titmice,Audubon broad bird-family group,Birds,broad_audubon_group,,,Broad bird habitat/resource support,Audubon May Attract: Chickadees and Titmice,Audubon plant-resource profile; not bird-group-specific,,Bird-friendly profile support,D - Audubon broad bird-friendly support; not species-level direct interaction,Audubon ZIP 78666 native-plant profile; broad family/guild context,0.07,Central Texas Bird Audubon interactions,National Audubon Society Native Plants Database,https://www.audubon.org/native-plants
PLT0208,"Crows, Magpies and Jays",Audubon broad bird-family group,Birds,broad_audubon_group,,,Broad bird habitat/resource support,"Audubon May Attract: Crows, Magpies and Jays",Audubon plant-resource profile; not bird-group-specific,,Bird-friendly profile support,D - Audubon broad bird-friendly support; not species-level direct interaction,Audubon ZIP 78666 native-plant profile; broad family/guild context,0.07,Central Texas Bird Audubon interactions,National Audubon Society Native Plants Database,https://www.audubon.org/native-plants
PLT0208,Finches,Audubon broad bird-family group,Birds,broad_audubon_group,,,Broad bird habitat/resource support,Audubon May Attract: Finches,Audubon plant-resource profile; not bird-group-specific,,Bird-friendly profile support,D - Audubon broad bird-friendly support; not species-level direct interaction,Audubon ZIP 78666 native-plant profile; broad family/guild context,0.07,Central Texas Bird Audubon interactions,National Audubon Society Native Plants Database,https://www.audubon.org/native-plants
PLT0208,Hummingbirds,Audubon broad bird-family group,Birds,broad_audubon_group,,,Broad bird habitat/resource support,Audubon May Attract: Hummingbirds,Audubon plant-resource profile; not bird-group-specific,,Bird-friendly profile support,D - Audubon broad bird-friendly support; not species-level direct interaction,Audubon ZIP 78666 native-plant profile; broad family/guild context,0.07,Central Texas Bird Audubon interactions,National Audubon Society Native Plants Database,https://www.audubon.org/native-plants
PLT0208,Mockingbirds and Thrashers,Audubon broad bird-family group,Birds,broad_audubon_group,,,Broad bird habitat/resource support,Audubon May Attract: Mockingbirds and Thrashers,Audubon plant-resource profile; not bird-group-specific,,Bird-friendly profile support,D - Audubon broad bird-friendly support; not species-level direct interaction,Audubon ZIP 78666 native-plant profile; broad family/guild context,0.07,Central Texas Bird Audubon interactions,National Audubon Society Native Plants Database,https://www.audubon.org/native-plants
PLT0208,New World Sparrows,Audubon broad bird-family group,Birds,broad_audubon_group,,,Broad bird habitat/resource support,Audubon May Attract: New World Sparrows,Audubon plant-resource profile; not bird-group-specific,,Bird-friendly profile support,D - Audubon broad bird-friendly support; not species-level direct interaction,Audubon ZIP 78666 native-plant profile; broad family/guild context,0.07,Central Texas Bird Audubon interactions,National Audubon Society Native Plants Database,https://www.audubon.org/native-plants
PLT0208,Nuthatches,Audubon broad bird-family group,Birds,broad_audubon_group,,,Broad bird habitat/resource support,Audubon May Attract: Nuthatches,Audubon plant-resource profile; not bird-group-specific,,Bird-friendly profile support,D - Audubon broad bird-friendly support; not species-level direct interaction,Audubon ZIP 78666 native-plant profile; broad family/guild context,0.07,Central Texas Bird Audubon interactions,National Audubon Society Native Plants Database,https://www.audubon.org/native-plants
PLT0208,Orioles,Audubon broad bird-family group,Birds,broad_audubon_group,,,Broad bird habitat/resource support,Audubon May Attract: Orioles,Audubon plant-resource profile; not bird-group-specific,,Bird-friendly profile support,D - Audubon broad bird-friendly support; not species-level direct interaction,Audubon ZIP 78666 native-plant profile; broad family/guild context,0.07,Central Texas Bird Audubon interactions,National Audubon Society Native Plants Database,https://www.audubon.org/native-plants
PLT0208,Thrushes,Audubon broad bird-family group,Birds,broad_audubon_group,,,Broad bird habitat/resource support,Audubon May Attract: Thrushes,Audubon plant-resource profile; not bird-group-specific,,Bird-friendly profile support,D - Audubon broad bird-friendly support; not species-level direct interaction,Audubon ZIP 78666 native-plant profile; broad family/guild context,0.07,Central Texas Bird Audubon interactions,National Audubon Society Native Plants Database,https://www.audubon.org/native-plants
PLT0208,Vireos,Audubon broad bird-family group,Birds,broad_audubon_group,,,Broad bird habitat/resource support,Audubon May Attract: Vireos,Audubon plant-resource profile; not bird-group-specific,,Bird-friendly profile support,D - Audubon broad bird-friendly support; not species-level direct interaction,Audubon ZIP 78666 native-plant profile; broad family/guild context,0.07,Central Texas Bird Audubon interactions,National Audubon Society Native Plants Database,https://www.audubon.org/native-plants
PLT0208,Waxwings,Audubon broad bird-family group,Birds,broad_audubon_group,,,Broad bird habitat/resource support,Audubon May Attract: Waxwings,Audubon plant-resource profile; not bird-group-specific,,Bird-friendly profile support,D - Audubon broad bird-friendly support; not species-level direct interaction,Audubon ZIP 78666 native-plant profile; broad family/guild context,0.07,Central Texas Bird Audubon interactions,National Audubon Society Native Plants Database,https://www.audubon.org/native-plants
PLT0208,Wood Warblers,Audubon broad bird-family group,Birds,broad_audubon_group,,,Broad bird habitat/resource support,Audubon May Attract: Wood Warblers,Audubon plant-resource profile; not bird-group-specific,,Bird-friendly profile support,D - Audubon broad bird-friendly support; not species-level direct interaction,Audubon ZIP 78666 native-plant profile; broad family/guild context,0.07,Central Texas Bird Audubon interactions,National Audubon Society Native Plants Database,https://www.audubon.org/native-plants
PLT0208,Woodpeckers,Audubon broad bird-family group,Birds,broad_audubon_group,,,Broad bird habitat/resource support,Audubon May Attract: Woodpeckers,Audubon plant-resource profile; not bird-group-specific,,Bird-friendly profile support,D - Audubon broad bird-friendly support; not species-level direct interaction,Audubon ZIP 78666 native-plant profile; broad family/guild context,0.07,Central Texas Bird Audubon interactions,National Audubon Society Native Plants Database,https://www.audubon.org/native-plants
PLT0208,Wrens,Audubon broad bird-family group,Birds,broad_audubon_group,,,Broad bird habitat/resource support,Audubon May Attract: Wrens,Audubon plant-resource profile; not bird-group-specific,,Bird-friendly profile support,D - Audubon broad bird-friendly support; not species-level direct interaction,Audubon ZIP 78666 native-plant profile; broad family/guild context,0.07,Central Texas Bird Audubon interactions,National Audubon Society Native Plants Database,https://www.audubon.org/native-plants
PLT0211,"Cardinals, Grosbeaks and Buntings",Audubon broad bird-family group,Birds,broad_audubon_group,,,Broad bird habitat/resource support,"Audubon May Attract: Cardinals, Grosbeaks and Buntings",Audubon plant-resource profile; not bird-group-specific,,Bird-friendly profile support,D - Audubon broad bird-friendly support; not species-level direct interaction,Audubon ZIP 78666 native-plant profile; broad family/guild context,0.07,Central Texas Bird Audubon interactions,National Audubon Society Native Plants Database,https://www.audubon.org/native-plants
PLT0211,Chickadees and Titmice,Audubon broad bird-family group,Birds,broad_audubon_group,,,Broad bird habitat/resource support,Audubon May Attract: Chickadees and Titmice,Audubon plant-resource profile; not bird-group-specific,,Bird-friendly profile support,D - Audubon broad bird-friendly support; not species-level direct interaction,Audubon ZIP 78666 native-plant profile; broad family/guild context,0.07,Central Texas Bird Audubon interactions,National Audubon Society Native Plants Database,https://www.audubon.org/native-plants
PLT0211,"Crows, Magpies and Jays",Audubon broad bird-family group,Birds,broad_audubon_group,,,Broad bird habitat/resource support,"Audubon May Attract: Crows, Magpies and Jays",Audubon plant-resource profile; not bird-group-specific,,Bird-friendly profile support,D - Audubon broad bird-friendly support; not species-level direct interaction,Audubon ZIP 78666 native-plant profile; broad family/guild context,0.07,Central Texas Bird Audubon interactions,National Audubon Society Native Plants Database,https://www.audubon.org/native-plants
PLT0211,Finches,Audubon broad bird-family group,Birds,broad_audubon_group,,,Broad bird habitat/resource support,Audubon May Attract: Finches,Audubon plant-resource profile; not bird-group-specific,,Bird-friendly profile support,D - Audubon broad bird-friendly support; not species-level direct interaction,Audubon ZIP 78666 native-plant profile; broad family/guild context,0.07,Central Texas Bird Audubon interactions,National Audubon Society Native Plants Database,https://www.audubon.org/native-plants
PLT0211,Hummingbirds,Audubon broad bird-family group,Birds,broad_audubon_group,,,Broad bird habitat/resource support,Audubon May Attract: Hummingbirds,Audubon plant-resource profile; not bird-group-specific,,Bird-friendly profile support,D - Audubon broad bird-friendly support; not species-level direct interaction,Audubon ZIP 78666 native-plant profile; broad family/guild context,0.07,Central Texas Bird Audubon interactions,National Audubon Society Native Plants Database,https://www.audubon.org/native-plants
PLT0211,Mockingbirds and Thrashers,Audubon broad bird-family group,Birds,broad_audubon_group,,,Broad bird habitat/resource support,Audubon May Attract: Mockingbirds and Thrashers,Audubon plant-resource profile; not bird-group-specific,,Bird-friendly profile support,D - Audubon broad bird-friendly support; not species-level direct interaction,Audubon ZIP 78666 native-plant profile; broad family/guild context,0.07,Central Texas Bird Audubon interactions,National Audubon Society Native Plants Database,https://www.audubon.org/native-plants
PLT0211,New World Sparrows,Audubon broad bird-family group,Birds,broad_audubon_group,,,Broad bird habitat/resource support,Audubon May Attract: New World Sparrows,Audubon plant-resource profile; not bird-group-specific,,Bird-friendly profile support,D - Audubon broad bird-friendly support; not species-level direct interaction,Audubon ZIP 78666 native-plant profile; broad family/guild context,0.07,Central Texas Bird Audubon interactions,National Audubon Society Native Plants Database,https://www.audubon.org/native-plants
PLT0211,Nuthatches,Audubon broad bird-family group,Birds,broad_audubon_group,,,Broad bird habitat/resource support,Audubon May Attract: Nuthatches,Audubon plant-resource profile; not bird-group-specific,,Bird-friendly profile support,D - Audubon broad bird-friendly support; not species-level direct interaction,Audubon ZIP 78666 native-plant profile; broad family/guild context,0.07,Central Texas Bird Audubon interactions,National Audubon Society Native Plants Database,https://www.audubon.org/native-plants
PLT0211,Orioles,Audubon broad bird-family group,Birds,broad_audubon_group,,,Broad bird habitat/resource support,Audubon May Attract: Orioles,Audubon plant-resource profile; not bird-group-specific,,Bird-friendly profile support,D - Audubon broad bird-friendly support; not species-level direct interaction,Audubon ZIP 78666 native-plant profile; broad family/guild context,0.07,Central Texas Bird Audubon interactions,National Audubon Society Native Plants Database,https://www.audubon.org/native-plants
PLT0211,Thrushes,Audubon broad bird-family group,Birds,broad_audubon_group,,,Broad bird habitat/resource support,Audubon May Attract: Thrushes,Audubon plant-resource profile; not bird-group-specific,,Bird-friendly profile support,D - Audubon broad bird-friendly support; not species-level direct interaction,Audubon ZIP 78666 native-plant profile; broad family/guild context,0.07,Central Texas Bird Audubon interactions,National Audubon Society Native Plants Database,https://www.audubon.org/native-plants
PLT0211,Vireos,Audubon broad bird-family group,Birds,broad_audubon_group,,,Broad bird habitat/resource support,Audubon May Attract: Vireos,Audubon plant-resource profile; not bird-group-specific,,Bird-friendly profile support,D - Audubon broad bird-friendly support; not species-level direct interaction,Audubon ZIP 78666 native-plant profile; broad family/guild context,0.07,Central Texas Bird Audubon interactions,National Audubon Society Native Plants Database,https://www.audubon.org/native-plants
PLT0211,Waxwings,Audubon broad bird-family group,Birds,broad_audubon_group,,,Broad bird habitat/resource support,Audubon May Attract: Waxwings,Audubon plant-resource profile; not bird-group-specific,,Bird-friendly profile support,D - Audubon broad bird-friendly support; not species-level direct interaction,Audubon ZIP 78666 native-plant profile; broad family/guild context,0.07,Central Texas Bird Audubon interactions,National Audubon Society Native Plants Database,https://www.audubon.org/native-plants
PLT0211,Wood Warblers,Audubon broad bird-family group,Birds,broad_audubon_group,,,Broad bird habitat/resource support,Audubon May Attract: Wood Warblers,Audubon plant-resource profile; not bird-group-specific,,Bird-friendly profile support,D - Audubon broad bird-friendly support; not species-level direct interaction,Audubon ZIP 78666 native-plant profile; broad family/guild context,0.07,Central Texas Bird Audubon interactions,National Audubon Society Native Plants Database,https://www.audubon.org/native-plants
PLT0211,Woodpeckers,Audubon broad bird-family group,Birds,broad_audubon_group,,,Broad bird habitat/resource support,Audubon May Attract: Woodpeckers,Audubon plant-resource profile; not bird-group-specific,,Bird-friendly profile support,D - Audubon broad bird-friendly support; not species-level direct interaction,Audubon ZIP 78666 native-plant profile; broad family/guild context,0.07,Central Texas Bird Audubon interactions,National Audubon Society Native Plants Database,https://www.audubon.org/native-plants
PLT0211,Wrens,Audubon broad bird-family group,Birds,broad_audubon_group,,,Broad bird habitat/resource support,Audubon May Attract: Wrens,Audubon plant-resource profile; not bird-group-specific,,Bird-friendly profile support,D - Audubon broad bird-friendly support; not species-level direct interaction,Audubon ZIP 78666 native-plant profile; broad family/guild context,0.07,Central Texas Bird Audubon interactions,National Audubon Society Native Plants Database,https://www.audubon.org/native-plants
PLT0213,"Cardinals, Grosbeaks and Buntings",Audubon broad bird-family group,Birds,broad_audubon_group,,,Broad bird habitat/resource support,"Audubon May Attract: Cardinals, Grosbeaks and Buntings",Audubon plant-resource profile; not bird-group-specific,,Bird-friendly profile support,D - Audubon broad bird-friendly support; not species-level direct interaction,Audubon ZIP 78666 native-plant profile; broad family/guild context,0.07,Central Texas Bird Audubon interactions,National Audubon Society Native Plants Database,https://www.audubon.org/native-plants
PLT0213,Chickadees and Titmice,Audubon broad bird-family group,Birds,broad_audubon_group,,,Broad bird habitat/resource support,Audubon May Attract: Chickadees and Titmice,Audubon plant-resource profile; not bird-group-specific,,Bird-friendly profile support,D - Audubon broad bird-friendly support; not species-level direct interaction,Audubon ZIP 78666 native-plant profile; broad family/guild context,0.07,Central Texas Bird Audubon interactions,National Audubon Society Native Plants Database,https://www.audubon.org/native-plants
PLT0213,"Crows, Magpies and Jays",Audubon broad bird-family group,Birds,broad_audubon_group,,,Broad bird habitat/resource support,"Audubon May Attract: Crows, Magpies and Jays",Audubon plant-resource profile; not bird-group-specific,,Bird-friendly profile support,D - Audubon broad bird-friendly support; not species-level direct interaction,Audubon ZIP 78666 native-plant profile; broad family/guild context,0.07,Central Texas Bird Audubon interactions,National Audubon Society Native Plants Database,https://www.audubon.org/native-plants
PLT0213,Finches,Audubon broad bird-family group,Birds,broad_audubon_group,,,Broad bird habitat/resource support,Audubon May Attract: Finches,Audubon plant-resource profile; not bird-group-specific,,Bird-friendly profile support,D - Audubon broad bird-friendly support; not species-level direct interaction,Audubon ZIP 78666 native-plant profile; broad family/guild context,0.07,Central Texas Bird Audubon interactions,National Audubon Society Native Plants Database,https://www.audubon.org/native-plants
PLT0213,Hummingbirds,Audubon broad bird-family group,Birds,broad_audubon_group,,,Broad bird habitat/resource support,Audubon May Attract: Hummingbirds,Audubon plant-resource profile; not bird-group-specific,,Bird-friendly profile support,D - Audubon broad bird-friendly support; not species-level direct interaction,Audubon ZIP 78666 native-plant profile; broad family/guild context,0.07,Central Texas Bird Audubon interactions,National Audubon Society Native Plants Database,https://www.audubon.org/native-plants
PLT0213,Mockingbirds and Thrashers,Audubon broad bird-family group,Birds,broad_audubon_group,,,Broad bird habitat/resource support,Audubon May Attract: Mockingbirds and Thrashers,Audubon plant-resource profile; not bird-group-specific,,Bird-friendly profile support,D - Audubon broad bird-friendly support; not species-level direct interaction,Audubon ZIP 78666 native-plant profile; broad family/guild context,0.07,Central Texas Bird Audubon interactions,National Audubon Society Native Plants Database,https://www.audubon.org/native-plants
PLT0213,New World Sparrows,Audubon broad bird-family group,Birds,broad_audubon_group,,,Broad bird habitat/resource support,Audubon May Attract: New World Sparrows,Audubon plant-resource profile; not bird-group-specific,,Bird-friendly profile support,D - Audubon broad bird-friendly support; not species-level direct interaction,Audubon ZIP 78666 native-plant profile; broad family/guild context,0.07,Central Texas Bird Audubon interactions,National Audubon Society Native Plants Database,https://www.audubon.org/native-plants
PLT0213,Nuthatches,Audubon broad bird-family group,Birds,broad_audubon_group,,,Broad bird habitat/resource support,Audubon May Attract: Nuthatches,Audubon plant-resource profile; not bird-group-specific,,Bird-friendly profile support,D - Audubon broad bird-friendly support; not species-level direct interaction,Audubon ZIP 78666 native-plant profile; broad family/guild context,0.07,Central Texas Bird Audubon interactions,National Audubon Society Native Plants Database,https://www.audubon.org/native-plants
PLT0213,Orioles,Audubon broad bird-family group,Birds,broad_audubon_group,,,Broad bird habitat/resource support,Audubon May Attract: Orioles,Audubon plant-resource profile; not bird-group-specific,,Bird-friendly profile support,D - Audubon broad bird-friendly support; not species-level direct interaction,Audubon ZIP 78666 native-plant profile; broad family/guild context,0.07,Central Texas Bird Audubon interactions,National Audubon Society Native Plants Database,https://www.audubon.org/native-plants
PLT0213,Thrushes,Audubon broad bird-family group,Birds,broad_audubon_group,,,Broad bird habitat/resource support,Audubon May Attract: Thrushes,Audubon plant-resource profile; not bird-group-specific,,Bird-friendly profile support,D - Audubon broad bird-friendly support; not species-level direct interaction,Audubon ZIP 78666 native-plant profile; broad family/guild context,0.07,Central Texas Bird Audubon interactions,National Audubon Society Native Plants Database,https://www.audubon.org/native-plants
PLT0213,Vireos,Audubon broad bird-family group,Birds,broad_audubon_group,,,Broad bird habitat/resource support,Audubon May Attract: Vireos,Audubon plant-resource profile; not bird-group-specific,,Bird-friendly profile support,D - Audubon broad bird-friendly support; not species-level direct interaction,Audubon ZIP 78666 native-plant profile; broad family/guild context,0.07,Central Texas Bird Audubon interactions,National Audubon Society Native Plants Database,https://www.audubon.org/native-plants
PLT0213,Waxwings,Audubon broad bird-family group,Birds,broad_audubon_group,,,Broad bird habitat/resource support,Audubon May Attract: Waxwings,Audubon plant-resource profile; not bird-group-specific,,Bird-friendly profile support,D - Audubon broad bird-friendly support; not species-level direct interaction,Audubon ZIP 78666 native-plant profile; broad family/guild context,0.07,Central Texas Bird Audubon interactions,National Audubon Society Native Plants Database,https://www.audubon.org/native-plants
PLT0213,Wood Warblers,Audubon broad bird-family group,Birds,broad_audubon_group,,,Broad bird habitat/resource support,Audubon May Attract: Wood Warblers,Audubon plant-resource profile; not bird-group-specific,,Bird-friendly profile support,D - Audubon broad bird-friendly support; not species-level direct interaction,Audubon ZIP 78666 native-plant profile; broad family/guild context,0.07,Central Texas Bird Audubon interactions,National Audubon Society Native Plants Database,https://www.audubon.org/native-plants
PLT0213,Woodpeckers,Audubon broad bird-family group,Birds,broad_audubon_group,,,Broad bird habitat/resource support,Audubon May Attract: Woodpeckers,Audubon plant-resource profile; not bird-group-specific,,Bird-friendly profile support,D - Audubon broad bird-friendly support; not species-level direct interaction,Audubon ZIP 78666 native-plant profile; broad family/guild context,0.07,Central Texas Bird Audubon interactions,National Audubon Society Native Plants Database,https://www.audubon.org/native-plants
PLT0213,Wrens,Audubon broad bird-family group,Birds,broad_audubon_group,,,Broad bird habitat/resource support,Audubon May Attract: Wrens,Audubon plant-resource profile; not bird-group-specific,,Bird-friendly profile support,D - Audubon broad bird-friendly support; not species-level direct interaction,Audubon ZIP 78666 native-plant profile; broad family/guild context,0.07,Central Texas Bird Audubon interactions,National Audubon Society Native Plants Database,https://www.audubon.org/native-plants
PLT0214,"Cardinals, Grosbeaks and Buntings",Audubon broad bird-family group,Birds,broad_audubon_group,,,Broad bird habitat/resource support,"Audubon May Attract: Cardinals, Grosbeaks and Buntings",Audubon plant-resource profile; not bird-group-specific,,Bird-friendly profile support,D - Audubon broad bird-friendly support; not species-level direct interaction,Audubon ZIP 78666 native-plant profile; broad family/guild context,0.07,Central Texas Bird Audubon interactions,National Audubon Society Native Plants Database,https://www.audubon.org/native-plants
PLT0214,Chickadees and Titmice,Audubon broad bird-family group,Birds,broad_audubon_group,,,Broad bird habitat/resource support,Audubon May Attract: Chickadees and Titmice,Audubon plant-resource profile; not bird-group-specific,,Bird-friendly profile support,D - Audubon broad bird-friendly support; not species-level direct interaction,Audubon ZIP 78666 native-plant profile; broad family/guild context,0.07,Central Texas Bird Audubon interactions,National Audubon Society Native Plants Database,https://www.audubon.org/native-plants
PLT0214,"Crows, Magpies and Jays",Audubon broad bird-family group,Birds,broad_audubon_group,,,Broad bird habitat/resource support,"Audubon May Attract: Crows, Magpies and Jays",Audubon plant-resource profile; not bird-group-specific,,Bird-friendly profile support,D - Audubon broad bird-friendly support; not species-level direct interaction,Audubon ZIP 78666 native-plant profile; broad family/guild context,0.07,Central Texas Bird Audubon interactions,National Audubon Society Native Plants Database,https://www.audubon.org/native-plants
PLT0214,Finches,Audubon broad bird-family group,Birds,broad_audubon_group,,,Broad bird habitat/resource support,Audubon May Attract: Finches,Audubon plant-resource profile; not bird-group-specific,,Bird-friendly profile support,D - Audubon broad bird-friendly support; not species-level direct interaction,Audubon ZIP 78666 native-plant profile; broad family/guild context,0.07,Central Texas Bird Audubon interactions,National Audubon Society Native Plants Database,https://www.audubon.org/native-plants
PLT0214,Hummingbirds,Audubon broad bird-family group,Birds,broad_audubon_group,,,Broad bird habitat/resource support,Audubon May Attract: Hummingbirds,Audubon plant-resource profile; not bird-group-specific,,Bird-friendly profile support,D - Audubon broad bird-friendly support; not species-level direct interaction,Audubon ZIP 78666 native-plant profile; broad family/guild context,0.07,Central Texas Bird Audubon interactions,National Audubon Society Native Plants Database,https://www.audubon.org/native-plants
PLT0214,Mockingbirds and Thrashers,Audubon broad bird-family group,Birds,broad_audubon_group,,,Broad bird habitat/resource support,Audubon May Attract: Mockingbirds and Thrashers,Audubon plant-resource profile; not bird-group-specific,,Bird-friendly profile support,D - Audubon broad bird-friendly support; not species-level direct interaction,Audubon ZIP 78666 native-plant profile; broad family/guild context,0.07,Central Texas Bird Audubon interactions,National Audubon Society Native Plants Database,https://www.audubon.org/native-plants
PLT0214,New World Sparrows,Audubon broad bird-family group,Birds,broad_audubon_group,,,Broad bird habitat/resource support,Audubon May Attract: New World Sparrows,Audubon plant-resource profile; not bird-group-specific,,Bird-friendly profile support,D - Audubon broad bird-friendly support; not species-level direct interaction,Audubon ZIP 78666 native-plant profile; broad family/guild context,0.07,Central Texas Bird Audubon interactions,National Audubon Society Native Plants Database,https://www.audubon.org/native-plants
PLT0214,Nuthatches,Audubon broad bird-family group,Birds,broad_audubon_group,,,Broad bird habitat/resource support,Audubon May Attract: Nuthatches,Audubon plant-resource profile; not bird-group-specific,,Bird-friendly profile support,D - Audubon broad bird-friendly support; not species-level direct interaction,Audubon ZIP 78666 native-plant profile; broad family/guild context,0.07,Central Texas Bird Audubon interactions,National Audubon Society Native Plants Database,https://www.audubon.org/native-plants
PLT0214,Orioles,Audubon broad bird-family group,Birds,broad_audubon_group,,,Broad bird habitat/resource support,Audubon May Attract: Orioles,Audubon plant-resource profile; not bird-group-specific,,Bird-friendly profile support,D - Audubon broad bird-friendly support; not species-level direct interaction,Audubon ZIP 78666 native-plant profile; broad family/guild context,0.07,Central Texas Bird Audubon interactions,National Audubon Society Native Plants Database,https://www.audubon.org/native-plants
PLT0214,Thrushes,Audubon broad bird-family group,Birds,broad_audubon_group,,,Broad bird habitat/resource support,Audubon May Attract: Thrushes,Audubon plant-resource profile; not bird-group-specific,,Bird-friendly profile support,D - Audubon broad bird-friendly support; not species-level direct interaction,Audubon ZIP 78666 native-plant profile; broad family/guild context,0.07,Central Texas Bird Audubon interactions,National Audubon Society Native Plants Database,https://www.audubon.org/native-plants
PLT0214,Vireos,Audubon broad bird-family group,Birds,broad_audubon_group,,,Broad bird habitat/resource support,Audubon May Attract: Vireos,Audubon plant-resource profile; not bird-group-specific,,Bird-friendly profile support,D - Audubon broad bird-friendly support; not species-level direct interaction,Audubon ZIP 78666 native-plant profile; broad family/guild context,0.07,Central Texas Bird Audubon interactions,National Audubon Society Native Plants Database,https://www.audubon.org/native-plants
PLT0214,Waxwings,Audubon broad bird-family group,Birds,broad_audubon_group,,,Broad bird habitat/resource support,Audubon May Attract: Waxwings,Audubon plant-resource profile; not bird-group-specific,,Bird-friendly profile support,D - Audubon broad bird-friendly support; not species-level direct interaction,Audubon ZIP 78666 native-plant profile; broad family/guild context,0.07,Central Texas Bird Audubon interactions,National Audubon Society Native Plants Database,https://www.audubon.org/native-plants
PLT0214,Wood Warblers,Audubon broad bird-family group,Birds,broad_audubon_group,,,Broad bird habitat/resource support,Audubon May Attract: Wood Warblers,Audubon plant-resource profile; not bird-group-specific,,Bird-friendly profile support,D - Audubon broad bird-friendly support; not species-level direct interaction,Audubon ZIP 78666 native-plant profile; broad family/guild context,0.07,Central Texas Bird Audubon interactions,National Audubon Society Native Plants Database,https://www.audubon.org/native-plants
PLT0214,Woodpeckers,Audubon broad bird-family group,Birds,broad_audubon_group,,,Broad bird habitat/resource support,Audubon May Attract: Woodpeckers,Audubon plant-resource profile; not bird-group-specific,,Bird-friendly profile support,D - Audubon broad bird-friendly support; not species-level direct interaction,Audubon ZIP 78666 native-plant profile; broad family/guild context,0.07,Central Texas Bird Audubon interactions,National Audubon Society Native Plants Database,https://www.audubon.org/native-plants
PLT0214,Wrens,Audubon broad bird-family group,Birds,broad_audubon_group,,,Broad bird habitat/resource support,Audubon May Attract: Wrens,Audubon plant-resource profile; not bird-group-specific,,Bird-friendly profile support,D - Audubon broad bird-friendly support; not species-level direct interaction,Audubon ZIP 78666 native-plant profile; broad family/guild context,0.07,Central Texas Bird Audubon interactions,National Audubon Society Native Plants Database,https://www.audubon.org/native-plants
PLT0222,"Cardinals, Grosbeaks and Buntings",Audubon broad bird-family group,Birds,broad_audubon_group,,,Broad bird habitat/resource support,"Audubon May Attract: Cardinals, Grosbeaks and Buntings",Audubon plant-resource profile; not bird-group-specific,,Bird-friendly profile support,D - Audubon broad bird-friendly support; not species-level direct interaction,Audubon ZIP 78666 native-plant profile; broad family/guild context,0.07,Central Texas Bird Audubon interactions,National Audubon Society Native Plants Database,https://www.audubon.org/native-plants
PLT0222,Chickadees and Titmice,Audubon broad bird-family group,Birds,broad_audubon_group,,,Broad bird habitat/resource support,Audubon May Attract: Chickadees and Titmice,Audubon plant-resource profile; not bird-group-specific,,Bird-friendly profile support,D - Audubon broad bird-friendly support; not species-level direct interaction,Audubon ZIP 78666 native-plant profile; broad family/guild context,0.07,Central Texas Bird Audubon interactions,National Audubon Society Native Plants Database,https://www.audubon.org/native-plants
PLT0222,"Crows, Magpies and Jays",Audubon broad bird-family group,Birds,broad_audubon_group,,,Broad bird habitat/resource support,"Audubon May Attract: Crows, Magpies and Jays",Audubon plant-resource profile; not bird-group-specific,,Bird-friendly profile support,D - Audubon broad bird-friendly support; not species-level direct interaction,Audubon ZIP 78666 native-plant profile; broad family/guild context,0.07,Central Texas Bird Audubon interactions,National Audubon Society Native Plants Database,https://www.audubon.org/native-plants
PLT0222,Finches,Audubon broad bird-family group,Birds,broad_audubon_group,,,Broad bird habitat/resource support,Audubon May Attract: Finches,Audubon plant-resource profile; not bird-group-specific,,Bird-friendly profile support,D - Audubon broad bird-friendly support; not species-level direct interaction,Audubon ZIP 78666 native-plant profile; broad family/guild context,0.07,Central Texas Bird Audubon interactions,National Audubon Society Native Plants Database,https://www.audubon.org/native-plants
PLT0222,Hummingbirds,Audubon broad bird-family group,Birds,broad_audubon_group,,,Broad bird habitat/resource support,Audubon May Attract: Hummingbirds,Audubon plant-resource profile; not bird-group-specific,,Bird-friendly profile support,D - Audubon broad bird-friendly support; not species-level direct interaction,Audubon ZIP 78666 native-plant profile; broad family/guild context,0.07,Central Texas Bird Audubon interactions,National Audubon Society Native Plants Database,https://www.audubon.org/native-plants
PLT0222,Mockingbirds and Thrashers,Audubon broad bird-family group,Birds,broad_audubon_group,,,Broad bird habitat/resource support,Audubon May Attract: Mockingbirds and Thrashers,Audubon plant-resource profile; not bird-group-specific,,Bird-friendly profile support,D - Audubon broad bird-friendly support; not species-level direct interaction,Audubon ZIP 78666 native-plant profile; broad family/guild context,0.07,Central Texas Bird Audubon interactions,National Audubon Society Native Plants Database,https://www.audubon.org/native-plants
PLT0222,New World Sparrows,Audubon broad bird-family group,Birds,broad_audubon_group,,,Broad bird habitat/resource support,Audubon May Attract: New World Sparrows,Audubon plant-resource profile; not bird-group-specific,,Bird-friendly profile support,D - Audubon broad bird-friendly support; not species-level direct interaction,Audubon ZIP 78666 native-plant profile; broad family/guild context,0.07,Central Texas Bird Audubon interactions,National Audubon Society Native Plants Database,https://www.audubon.org/native-plants
PLT0222,Nuthatches,Audubon broad bird-family group,Birds,broad_audubon_group,,,Broad bird habitat/resource support,Audubon May Attract: Nuthatches,Audubon plant-resource profile; not bird-group-specific,,Bird-friendly profile support,D - Audubon broad bird-friendly support; not species-level direct interaction,Audubon ZIP 78666 native-plant profile; broad family/guild context,0.07,Central Texas Bird Audubon interactions,National Audubon Society Native Plants Database,https://www.audubon.org/native-plants
PLT0222,Orioles,Audubon broad bird-family group,Birds,broad_audubon_group,,,Broad bird habitat/resource support,Audubon May Attract: Orioles,Audubon plant-resource profile; not bird-group-specific,,Bird-friendly profile support,D - Audubon broad bird-friendly support; not species-level direct interaction,Audubon ZIP 78666 native-plant profile; broad family/guild context,0.07,Central Texas Bird Audubon interactions,National Audubon Society Native Plants Database,https://www.audubon.org/native-plants
PLT0222,Thrushes,Audubon broad bird-family group,Birds,broad_audubon_group,,,Broad bird habitat/resource support,Audubon May Attract: Thrushes,Audubon plant-resource profile; not bird-group-specific,,Bird-friendly profile support,D - Audubon broad bird-friendly support; not species-level direct interaction,Audubon ZIP 78666 native-plant profile; broad family/guild context,0.07,Central Texas Bird Audubon interactions,National Audubon Society Native Plants Database,https://www.audubon.org/native-plants
PLT0222,Vireos,Audubon broad bird-family group,Birds,broad_audubon_group,,,Broad bird habitat/resource support,Audubon May Attract: Vireos,Audubon plant-resource profile; not bird-group-specific,,Bird-friendly profile support,D - Audubon broad bird-friendly support; not species-level direct interaction,Audubon ZIP 78666 native-plant profile; broad family/guild context,0.07,Central Texas Bird Audubon interactions,National Audubon Society Native Plants Database,https://www.audubon.org/native-plants
PLT0222,Waxwings,Audubon broad bird-family group,Birds,broad_audubon_group,,,Broad bird habitat/resource support,Audubon May Attract: Waxwings,Audubon plant-resource profile; not bird-group-specific,,Bird-friendly profile support,D - Audubon broad bird-friendly support; not species-level direct interaction,Audubon ZIP 78666 native-plant profile; broad family/guild context,0.07,Central Texas Bird Audubon interactions,National Audubon Society Native Plants Database,https://www.audubon.org/native-plants
PLT0222,Wood Warblers,Audubon broad bird-family group,Birds,broad_audubon_group,,,Broad bird habitat/resource support,Audubon May Attract: Wood Warblers,Audubon plant-resource profile; not bird-group-specific,,Bird-friendly profile support,D - Audubon broad bird-friendly support; not species-level direct interaction,Audubon ZIP 78666 native-plant profile; broad family/guild context,0.07,Central Texas Bird Audubon interactions,National Audubon Society Native Plants Database,https://www.audubon.org/native-plants
PLT0222,Woodpeckers,Audubon broad bird-family group,Birds,broad_audubon_group,,,Broad bird habitat/resource support,Audubon May Attract: Woodpeckers,Audubon plant-resource profile; not bird-group-specific,,Bird-friendly profile support,D - Audubon broad bird-friendly support; not species-level direct interaction,Audubon ZIP 78666 native-plant profile; broad family/guild context,0.07,Central Texas Bird Audubon interactions,National Audubon Society Native Plants Database,https://www.audubon.org/native-plants
PLT0222,Wrens,Audubon broad bird-family group,Birds,broad_audubon_group,,,Broad bird habitat/resource support,Audubon May Attract: Wrens,Audubon plant-resource profile; not bird-group-specific,,Bird-friendly profile support,D - Audubon broad bird-friendly support; not species-level direct interaction,Audubon ZIP 78666 native-plant profile; broad family/guild context,0.07,Central Texas Bird Audubon interactions,National Audubon Society Native Plants Database,https://www.audubon.org/native-plants
PLT0243,"Cardinals, Grosbeaks and Buntings",Audubon broad bird-family group,Birds,broad_audubon_group,,,Broad bird habitat/resource support,"Audubon May Attract: Cardinals, Grosbeaks and Buntings",Audubon plant-resource profile; not bird-group-specific,,Bird-friendly profile support,D - Audubon broad bird-friendly support; not species-level direct interaction,Audubon ZIP 78666 native-plant profile; broad family/guild context,0.07,Central Texas Bird Audubon interactions,National Audubon Society Native Plants Database,https://www.audubon.org/native-plants
PLT0243,Chickadees and Titmice,Audubon broad bird-family group,Birds,broad_audubon_group,,,Broad bird habitat/resource support,Audubon May Attract: Chickadees and Titmice,Audubon plant-resource profile; not bird-group-specific,,Bird-friendly profile support,D - Audubon broad bird-friendly support; not species-level direct interaction,Audubon ZIP 78666 native-plant profile; broad family/guild context,0.07,Central Texas Bird Audubon interactions,National Audubon Society Native Plants Database,https://www.audubon.org/native-plants
PLT0243,"Crows, Magpies and Jays",Audubon broad bird-family group,Birds,broad_audubon_group,,,Broad bird habitat/resource support,"Audubon May Attract: Crows, Magpies and Jays",Audubon plant-resource profile; not bird-group-specific,,Bird-friendly profile support,D - Audubon broad bird-friendly support; not species-level direct interaction,Audubon ZIP 78666 native-plant profile; broad family/guild context,0.07,Central Texas Bird Audubon interactions,National Audubon Society Native Plants Database,https://www.audubon.org/native-plants
PLT0243,Finches,Audubon broad bird-family group,Birds,broad_audubon_group,,,Broad bird habitat/resource support,Audubon May Attract: Finches,Audubon plant-resource profile; not bird-group-specific,,Bird-friendly profile support,D - Audubon broad bird-friendly support; not species-level direct interaction,Audubon ZIP 78666 native-plant profile; broad family/guild context,0.07,Central Texas Bird Audubon interactions,National Audubon Society Native Plants Database,https://www.audubon.org/native-plants
PLT0243,Hummingbirds,Audubon broad bird-family group,Birds,broad_audubon_group,,,Broad bird habitat/resource support,Audubon May Attract: Hummingbirds,Audubon plant-resource profile; not bird-group-specific,,Bird-friendly profile support,D - Audubon broad bird-friendly support; not species-level direct interaction,Audubon ZIP 78666 native-plant profile; broad family/guild context,0.07,Central Texas Bird Audubon interactions,National Audubon Society Native Plants Database,https://www.audubon.org/native-plants
PLT0243,Mockingbirds and Thrashers,Audubon broad bird-family group,Birds,broad_audubon_group,,,Broad bird habitat/resource support,Audubon May Attract: Mockingbirds and Thrashers,Audubon plant-resource profile; not bird-group-specific,,Bird-friendly profile support,D - Audubon broad bird-friendly support; not species-level direct interaction,Audubon ZIP 78666 native-plant profile; broad family/guild context,0.07,Central Texas Bird Audubon interactions,National Audubon Society Native Plants Database,https://www.audubon.org/native-plants
PLT0243,New World Sparrows,Audubon broad bird-family group,Birds,broad_audubon_group,,,Broad bird habitat/resource support,Audubon May Attract: New World Sparrows,Audubon plant-resource profile; not bird-group-specific,,Bird-friendly profile support,D - Audubon broad bird-friendly support; not species-level direct interaction,Audubon ZIP 78666 native-plant profile; broad family/guild context,0.07,Central Texas Bird Audubon interactions,National Audubon Society Native Plants Database,https://www.audubon.org/native-plants
PLT0243,Nuthatches,Audubon broad bird-family group,Birds,broad_audubon_group,,,Broad bird habitat/resource support,Audubon May Attract: Nuthatches,Audubon plant-resource profile; not bird-group-specific,,Bird-friendly profile support,D - Audubon broad bird-friendly support; not species-level direct interaction,Audubon ZIP 78666 native-plant profile; broad family/guild context,0.07,Central Texas Bird Audubon interactions,National Audubon Society Native Plants Database,https://www.audubon.org/native-plants
PLT0243,Orioles,Audubon broad bird-family group,Birds,broad_audubon_group,,,Broad bird habitat/resource support,Audubon May Attract: Orioles,Audubon plant-resource profile; not bird-group-specific,,Bird-friendly profile support,D - Audubon broad bird-friendly support; not species-level direct interaction,Audubon ZIP 78666 native-plant profile; broad family/guild context,0.07,Central Texas Bird Audubon interactions,National Audubon Society Native Plants Database,https://www.audubon.org/native-plants
PLT0243,Thrushes,Audubon broad bird-family group,Birds,broad_audubon_group,,,Broad bird habitat/resource support,Audubon May Attract: Thrushes,Audubon plant-resource profile; not bird-group-specific,,Bird-friendly profile support,D - Audubon broad bird-friendly support; not species-level direct interaction,Audubon ZIP 78666 native-plant profile; broad family/guild context,0.07,Central Texas Bird Audubon interactions,National Audubon Society Native Plants Database,https://www.audubon.org/native-plants
PLT0243,Vireos,Audubon broad bird-family group,Birds,broad_audubon_group,,,Broad bird habitat/resource support,Audubon May Attract: Vireos,Audubon plant-resource profile; not bird-group-specific,,Bird-friendly profile support,D - Audubon broad bird-friendly support; not species-level direct interaction,Audubon ZIP 78666 native-plant profile; broad family/guild context,0.07,Central Texas Bird Audubon interactions,National Audubon Society Native Plants Database,https://www.audubon.org/native-plants
PLT0243,Waxwings,Audubon broad bird-family group,Birds,broad_audubon_group,,,Broad bird habitat/resource support,Audubon May Attract: Waxwings,Audubon plant-resource profile; not bird-group-specific,,Bird-friendly profile support,D - Audubon broad bird-friendly support; not species-level direct interaction,Audubon ZIP 78666 native-plant profile; broad family/guild context,0.07,Central Texas Bird Audubon interactions,National Audubon Society Native Plants Database,https://www.audubon.org/native-plants
PLT0243,Wood Warblers,Audubon broad bird-family group,Birds,broad_audubon_group,,,Broad bird habitat/resource support,Audubon May Attract: Wood Warblers,Audubon plant-resource profile; not bird-group-specific,,Bird-friendly profile support,D - Audubon broad bird-friendly support; not species-level direct interaction,Audubon ZIP 78666 native-plant profile; broad family/guild context,0.07,Central Texas Bird Audubon interactions,National Audubon Society Native Plants Database,https://www.audubon.org/native-plants
PLT0243,Woodpeckers,Audubon broad bird-family group,Birds,broad_audubon_group,,,Broad bird habitat/resource support,Audubon May Attract: Woodpeckers,Audubon plant-resource profile; not bird-group-specific,,Bird-friendly profile support,D - Audubon broad bird-friendly support; not species-level direct interaction,Audubon ZIP 78666 native-plant profile; broad family/guild context,0.07,Central Texas Bird Audubon interactions,National Audubon Society Native Plants Database,https://www.audubon.org/native-plants
PLT0243,Wrens,Audubon broad bird-family group,Birds,broad_audubon_group,,,Broad bird habitat/resource support,Audubon May Attract: Wrens,Audubon plant-resource profile; not bird-group-specific,,Bird-friendly profile support,D - Audubon broad bird-friendly support; not species-level direct interaction,Audubon ZIP 78666 native-plant profile; broad family/guild context,0.07,Central Texas Bird Audubon interactions,National Audubon Society Native Plants Database,https://www.audubon.org/native-plants
PLT0245,"Cardinals, Grosbeaks and Buntings",Audubon broad bird-family group,Birds,broad_audubon_group,,,Broad bird habitat/resource support,"Audubon May Attract: Cardinals, Grosbeaks and Buntings",Audubon plant-resource profile; not bird-group-specific,,Bird-friendly profile support,D - Audubon broad bird-friendly support; not species-level direct interaction,Audubon ZIP 78666 native-plant profile; broad family/guild context,0.07,Central Texas Bird Audubon interactions,National Audubon Society Native Plants Database,https://www.audubon.org/native-plants
PLT0245,Chickadees and Titmice,Audubon broad bird-family group,Birds,broad_audubon_group,,,Broad bird habitat/resource support,Audubon May Attract: Chickadees and Titmice,Audubon plant-resource profile; not bird-group-specific,,Bird-friendly profile support,D - Audubon broad bird-friendly support; not species-level direct interaction,Audubon ZIP 78666 native-plant profile; broad family/guild context,0.07,Central Texas Bird Audubon interactions,National Audubon Society Native Plants Database,https://www.audubon.org/native-plants
PLT0245,"Crows, Magpies and Jays",Audubon broad bird-family group,Birds,broad_audubon_group,,,Broad bird habitat/resource support,"Audubon May Attract: Crows, Magpies and Jays",Audubon plant-resource profile; not bird-group-specific,,Bird-friendly profile support,D - Audubon broad bird-friendly support; not species-level direct interaction,Audubon ZIP 78666 native-plant profile; broad family/guild context,0.07,Central Texas Bird Audubon interactions,National Audubon Society Native Plants Database,https://www.audubon.org/native-plants
PLT0245,Finches,Audubon broad bird-family group,Birds,broad_audubon_group,,,Broad bird habitat/resource support,Audubon May Attract: Finches,Audubon plant-resource profile; not bird-group-specific,,Bird-friendly profile support,D - Audubon broad bird-friendly support; not species-level direct interaction,Audubon ZIP 78666 native-plant profile; broad family/guild context,0.07,Central Texas Bird Audubon interactions,National Audubon Society Native Plants Database,https://www.audubon.org/native-plants
PLT0245,Hummingbirds,Audubon broad bird-family group,Birds,broad_audubon_group,,,Broad bird habitat/resource support,Audubon May Attract: Hummingbirds,Audubon plant-resource profile; not bird-group-specific,,Bird-friendly profile support,D - Audubon broad bird-friendly support; not species-level direct interaction,Audubon ZIP 78666 native-plant profile; broad family/guild context,0.07,Central Texas Bird Audubon interactions,National Audubon Society Native Plants Database,https://www.audubon.org/native-plants
PLT0245,Mockingbirds and Thrashers,Audubon broad bird-family group,Birds,broad_audubon_group,,,Broad bird habitat/resource support,Audubon May Attract: Mockingbirds and Thrashers,Audubon plant-resource profile; not bird-group-specific,,Bird-friendly profile support,D - Audubon broad bird-friendly support; not species-level direct interaction,Audubon ZIP 78666 native-plant profile; broad family/guild context,0.07,Central Texas Bird Audubon interactions,National Audubon Society Native Plants Database,https://www.audubon.org/native-plants
PLT0245,New World Sparrows,Audubon broad bird-family group,Birds,broad_audubon_group,,,Broad bird habitat/resource support,Audubon May Attract: New World Sparrows,Audubon plant-resource profile; not bird-group-specific,,Bird-friendly profile support,D - Audubon broad bird-friendly support; not species-level direct interaction,Audubon ZIP 78666 native-plant profile; broad family/guild context,0.07,Central Texas Bird Audubon interactions,National Audubon Society Native Plants Database,https://www.audubon.org/native-plants
PLT0245,Nuthatches,Audubon broad bird-family group,Birds,broad_audubon_group,,,Broad bird habitat/resource support,Audubon May Attract: Nuthatches,Audubon plant-resource profile; not bird-group-specific,,Bird-friendly profile support,D - Audubon broad bird-friendly support; not species-level direct interaction,Audubon ZIP 78666 native-plant profile; broad family/guild context,0.07,Central Texas Bird Audubon interactions,National Audubon Society Native Plants Database,https://www.audubon.org/native-plants
PLT0245,Orioles,Audubon broad bird-family group,Birds,broad_audubon_group,,,Broad bird habitat/resource support,Audubon May Attract: Orioles,Audubon plant-resource profile; not bird-group-specific,,Bird-friendly profile support,D - Audubon broad bird-friendly support; not species-level direct interaction,Audubon ZIP 78666 native-plant profile; broad family/guild context,0.07,Central Texas Bird Audubon interactions,National Audubon Society Native Plants Database,https://www.audubon.org/native-plants
PLT0245,Thrushes,Audubon broad bird-family group,Birds,broad_audubon_group,,,Broad bird habitat/resource support,Audubon May Attract: Thrushes,Audubon plant-resource profile; not bird-group-specific,,Bird-friendly profile support,D - Audubon broad bird-friendly support; not species-level direct interaction,Audubon ZIP 78666 native-plant profile; broad family/guild context,0.07,Central Texas Bird Audubon interactions,National Audubon Society Native Plants Database,https://www.audubon.org/native-plants
PLT0245,Vireos,Audubon broad bird-family group,Birds,broad_audubon_group,,,Broad bird habitat/resource support,Audubon May Attract: Vireos,Audubon plant-resource profile; not bird-group-specific,,Bird-friendly profile support,D - Audubon broad bird-friendly support; not species-level direct interaction,Audubon ZIP 78666 native-plant profile; broad family/guild context,0.07,Central Texas Bird Audubon interactions,National Audubon Society Native Plants Database,https://www.audubon.org/native-plants
PLT0245,Waxwings,Audubon broad bird-family group,Birds,broad_audubon_group,,,Broad bird habitat/resource support,Audubon May Attract: Waxwings,Audubon plant-resource profile; not bird-group-specific,,Bird-friendly profile support,D - Audubon broad bird-friendly support; not species-level direct interaction,Audubon ZIP 78666 native-plant profile; broad family/guild context,0.07,Central Texas Bird Audubon interactions,National Audubon Society Native Plants Database,https://www.audubon.org/native-plants
PLT0245,Wood Warblers,Audubon broad bird-family group,Birds,broad_audubon_group,,,Broad bird habitat/resource support,Audubon May Attract: Wood Warblers,Audubon plant-resource profile; not bird-group-specific,,Bird-friendly profile support,D - Audubon broad bird-friendly support; not species-level direct interaction,Audubon ZIP 78666 native-plant profile; broad family/guild context,0.07,Central Texas Bird Audubon interactions,National Audubon Society Native Plants Database,https://www.audubon.org/native-plants
PLT0245,Woodpeckers,Audubon broad bird-family group,Birds,broad_audubon_group,,,Broad bird habitat/resource support,Audubon May Attract: Woodpeckers,Audubon plant-resource profile; not bird-group-specific,,Bird-friendly profile support,D - Audubon broad bird-friendly support; not species-level direct interaction,Audubon ZIP 78666 native-plant profile; broad family/guild context,0.07,Central Texas Bird Audubon interactions,National Audubon Society Native Plants Database,https://www.audubon.org/native-plants
PLT0245,Wrens,Audubon broad bird-family group,Birds,broad_audubon_group,,,Broad bird habitat/resource support,Audubon May Attract: Wrens,Audubon plant-resource profile; not bird-group-specific,,Bird-friendly profile support,D - Audubon broad bird-friendly support; not species-level direct interaction,Audubon ZIP 78666 native-plant profile; broad family/guild context,0.07,Central Texas Bird Audubon interactions,National Audubon Society Native Plants Database,https://www.audubon.org/native-plants
PLT0247,"Cardinals, Grosbeaks and Buntings",Audubon broad bird-family group,Birds,broad_audubon_group,,,Broad bird habitat/resource support,"Audubon May Attract: Cardinals, Grosbeaks and Buntings",Audubon plant-resource profile; not bird-group-specific,,Bird-friendly profile support,D - Audubon broad bird-friendly support; not species-level direct interaction,Audubon ZIP 78666 native-plant profile; broad family/guild context,0.07,Central Texas Bird Audubon interactions,National Audubon Society Native Plants Database,https://www.audubon.org/native-plants
PLT0247,Chickadees and Titmice,Audubon broad bird-family group,Birds,broad_audubon_group,,,Broad bird habitat/resource support,Audubon May Attract: Chickadees and Titmice,Audubon plant-resource profile; not bird-group-specific,,Bird-friendly profile support,D - Audubon broad bird-friendly support; not species-level direct interaction,Audubon ZIP 78666 native-plant profile; broad family/guild context,0.07,Central Texas Bird Audubon interactions,National Audubon Society Native Plants Database,https://www.audubon.org/native-plants
PLT0247,"Crows, Magpies and Jays",Audubon broad bird-family group,Birds,broad_audubon_group,,,Broad bird habitat/resource support,"Audubon May Attract: Crows, Magpies and Jays",Audubon plant-resource profile; not bird-group-specific,,Bird-friendly profile support,D - Audubon broad bird-friendly support; not species-level direct interaction,Audubon ZIP 78666 native-plant profile; broad family/guild context,0.07,Central Texas Bird Audubon interactions,National Audubon Society Native Plants Database,https://www.audubon.org/native-plants
PLT0247,Finches,Audubon broad bird-family group,Birds,broad_audubon_group,,,Broad bird habitat/resource support,Audubon May Attract: Finches,Audubon plant-resource profile; not bird-group-specific,,Bird-friendly profile support,D - Audubon broad bird-friendly support; not species-level direct interaction,Audubon ZIP 78666 native-plant profile; broad family/guild context,0.07,Central Texas Bird Audubon interactions,National Audubon Society Native Plants Database,https://www.audubon.org/native-plants
PLT0247,Hummingbirds,Audubon broad bird-family group,Birds,broad_audubon_group,,,Broad bird habitat/resource support,Audubon May Attract: Hummingbirds,Audubon plant-resource profile; not bird-group-specific,,Bird-friendly profile support,D - Audubon broad bird-friendly support; not species-level direct interaction,Audubon ZIP 78666 native-plant profile; broad family/guild context,0.07,Central Texas Bird Audubon interactions,National Audubon Society Native Plants Database,https://www.audubon.org/native-plants
PLT0247,Mockingbirds and Thrashers,Audubon broad bird-family group,Birds,broad_audubon_group,,,Broad bird habitat/resource support,Audubon May Attract: Mockingbirds and Thrashers,Audubon plant-resource profile; not bird-group-specific,,Bird-friendly profile support,D - Audubon broad bird-friendly support; not species-level direct interaction,Audubon ZIP 78666 native-plant profile; broad family/guild context,0.07,Central Texas Bird Audubon interactions,National Audubon Society Native Plants Database,https://www.audubon.org/native-plants
PLT0247,New World Sparrows,Audubon broad bird-family group,Birds,broad_audubon_group,,,Broad bird habitat/resource support,Audubon May Attract: New World Sparrows,Audubon plant-resource profile; not bird-group-specific,,Bird-friendly profile support,D - Audubon broad bird-friendly support; not species-level direct interaction,Audubon ZIP 78666 native-plant profile; broad family/guild context,0.07,Central Texas Bird Audubon interactions,National Audubon Society Native Plants Database,https://www.audubon.org/native-plants
PLT0247,Nuthatches,Audubon broad bird-family group,Birds,broad_audubon_group,,,Broad bird habitat/resource support,Audubon May Attract: Nuthatches,Audubon plant-resource profile; not bird-group-specific,,Bird-friendly profile support,D - Audubon broad bird-friendly support; not species-level direct interaction,Audubon ZIP 78666 native-plant profile; broad family/guild context,0.07,Central Texas Bird Audubon interactions,National Audubon Society Native Plants Database,https://www.audubon.org/native-plants
PLT0247,Orioles,Audubon broad bird-family group,Birds,broad_audubon_group,,,Broad bird habitat/resource support,Audubon May Attract: Orioles,Audubon plant-resource profile; not bird-group-specific,,Bird-friendly profile support,D - Audubon broad bird-friendly support; not species-level direct interaction,Audubon ZIP 78666 native-plant profile; broad family/guild context,0.07,Central Texas Bird Audubon interactions,National Audubon Society Native Plants Database,https://www.audubon.org/native-plants
PLT0247,Thrushes,Audubon broad bird-family group,Birds,broad_audubon_group,,,Broad bird habitat/resource support,Audubon May Attract: Thrushes,Audubon plant-resource profile; not bird-group-specific,,Bird-friendly profile support,D - Audubon broad bird-friendly support; not species-level direct interaction,Audubon ZIP 78666 native-plant profile; broad family/guild context,0.07,Central Texas Bird Audubon interactions,National Audubon Society Native Plants Database,https://www.audubon.org/native-plants
PLT0247,Vireos,Audubon broad bird-family group,Birds,broad_audubon_group,,,Broad bird habitat/resource support,Audubon May Attract: Vireos,Audubon plant-resource profile; not bird-group-specific,,Bird-friendly profile support,D - Audubon broad bird-friendly support; not species-level direct interaction,Audubon ZIP 78666 native-plant profile; broad family/guild context,0.07,Central Texas Bird Audubon interactions,National Audubon Society Native Plants Database,https://www.audubon.org/native-plants
PLT0247,Waxwings,Audubon broad bird-family group,Birds,broad_audubon_group,,,Broad bird habitat/resource support,Audubon May Attract: Waxwings,Audubon plant-resource profile; not bird-group-specific,,Bird-friendly profile support,D - Audubon broad bird-friendly support; not species-level direct interaction,Audubon ZIP 78666 native-plant profile; broad family/guild context,0.07,Central Texas Bird Audubon interactions,National Audubon Society Native Plants Database,https://www.audubon.org/native-plants
PLT0247,Wood Warblers,Audubon broad bird-family group,Birds,broad_audubon_group,,,Broad bird habitat/resource support,Audubon May Attract: Wood Warblers,Audubon plant-resource profile; not bird-group-specific,,Bird-friendly profile support,D - Audubon broad bird-friendly support; not species-level direct interaction,Audubon ZIP 78666 native-plant profile; broad family/guild context,0.07,Central Texas Bird Audubon interactions,National Audubon Society Native Plants Database,https://www.audubon.org/native-plants
PLT0247,Woodpeckers,Audubon broad bird-family group,Birds,broad_audubon_group,,,Broad bird habitat/resource support,Audubon May Attract: Woodpeckers,Audubon plant-resource profile; not bird-group-specific,,Bird-friendly profile support,D - Audubon broad bird-friendly support; not species-level direct interaction,Audubon ZIP 78666 native-plant profile; broad family/guild context,0.07,Central Texas Bird Audubon interactions,National Audubon Society Native Plants Database,https://www.audubon.org/native-plants
PLT0247,Wrens,Audubon broad bird-family group,Birds,broad_audubon_group,,,Broad bird habitat/resource support,Audubon May Attract: Wrens,Audubon plant-resource profile; not bird-group-specific,,Bird-friendly profile support,D - Audubon broad bird-friendly support; not species-level direct interaction,Audubon ZIP 78666 native-plant profile; broad family/guild context,0.07,Central Texas Bird Audubon interactions,National Audubon Society Native Plants Database,https://www.audubon.org/native-plants
PLT0261,"Cardinals, Grosbeaks and Buntings",Audubon broad bird-family group,Birds,broad_audubon_group,,,Broad bird habitat/resource support,"Audubon May Attract: Cardinals, Grosbeaks and Buntings",Audubon plant-resource profile; not bird-group-specific,,Bird-friendly profile support,D - Audubon broad bird-friendly support; not species-level direct interaction,Audubon ZIP 78666 native-plant profile; broad family/guild context,0.07,Central Texas Bird Audubon interactions,National Audubon Society Native Plants Database,https://www.audubon.org/native-plants
PLT0261,Chickadees and Titmice,Audubon broad bird-family group,Birds,broad_audubon_group,,,Broad bird habitat/resource support,Audubon May Attract: Chickadees and Titmice,Audubon plant-resource profile; not bird-group-specific,,Bird-friendly profile support,D - Audubon broad bird-friendly support; not species-level direct interaction,Audubon ZIP 78666 native-plant profile; broad family/guild context,0.07,Central Texas Bird Audubon interactions,National Audubon Society Native Plants Database,https://www.audubon.org/native-plants
PLT0261,"Crows, Magpies and Jays",Audubon broad bird-family group,Birds,broad_audubon_group,,,Broad bird habitat/resource support,"Audubon May Attract: Crows, Magpies and Jays",Audubon plant-resource profile; not bird-group-specific,,Bird-friendly profile support,D - Audubon broad bird-friendly support; not species-level direct interaction,Audubon ZIP 78666 native-plant profile; broad family/guild context,0.07,Central Texas Bird Audubon interactions,National Audubon Society Native Plants Database,https://www.audubon.org/native-plants
PLT0261,Finches,Audubon broad bird-family group,Birds,broad_audubon_group,,,Broad bird habitat/resource support,Audubon May Attract: Finches,Audubon plant-resource profile; not bird-group-specific,,Bird-friendly profile support,D - Audubon broad bird-friendly support; not species-level direct interaction,Audubon ZIP 78666 native-plant profile; broad family/guild context,0.07,Central Texas Bird Audubon interactions,National Audubon Society Native Plants Database,https://www.audubon.org/native-plants
PLT0261,Hummingbirds,Audubon broad bird-family group,Birds,broad_audubon_group,,,Broad bird habitat/resource support,Audubon May Attract: Hummingbirds,Audubon plant-resource profile; not bird-group-specific,,Bird-friendly profile support,D - Audubon broad bird-friendly support; not species-level direct interaction,Audubon ZIP 78666 native-plant profile; broad family/guild context,0.07,Central Texas Bird Audubon interactions,National Audubon Society Native Plants Database,https://www.audubon.org/native-plants
PLT0261,Mockingbirds and Thrashers,Audubon broad bird-family group,Birds,broad_audubon_group,,,Broad bird habitat/resource support,Audubon May Attract: Mockingbirds and Thrashers,Audubon plant-resource profile; not bird-group-specific,,Bird-friendly profile support,D - Audubon broad bird-friendly support; not species-level direct interaction,Audubon ZIP 78666 native-plant profile; broad family/guild context,0.07,Central Texas Bird Audubon interactions,National Audubon Society Native Plants Database,https://www.audubon.org/native-plants
PLT0261,New World Sparrows,Audubon broad bird-family group,Birds,broad_audubon_group,,,Broad bird habitat/resource support,Audubon May Attract: New World Sparrows,Audubon plant-resource profile; not bird-group-specific,,Bird-friendly profile support,D - Audubon broad bird-friendly support; not species-level direct interaction,Audubon ZIP 78666 native-plant profile; broad family/guild context,0.07,Central Texas Bird Audubon interactions,National Audubon Society Native Plants Database,https://www.audubon.org/native-plants
PLT0261,Nuthatches,Audubon broad bird-family group,Birds,broad_audubon_group,,,Broad bird habitat/resource support,Audubon May Attract: Nuthatches,Audubon plant-resource profile; not bird-group-specific,,Bird-friendly profile support,D - Audubon broad bird-friendly support; not species-level direct interaction,Audubon ZIP 78666 native-plant profile; broad family/guild context,0.07,Central Texas Bird Audubon interactions,National Audubon Society Native Plants Database,https://www.audubon.org/native-plants
PLT0261,Orioles,Audubon broad bird-family group,Birds,broad_audubon_group,,,Broad bird habitat/resource support,Audubon May Attract: Orioles,Audubon plant-resource profile; not bird-group-specific,,Bird-friendly profile support,D - Audubon broad bird-friendly support; not species-level direct interaction,Audubon ZIP 78666 native-plant profile; broad family/guild context,0.07,Central Texas Bird Audubon interactions,National Audubon Society Native Plants Database,https://www.audubon.org/native-plants
PLT0261,Thrushes,Audubon broad bird-family group,Birds,broad_audubon_group,,,Broad bird habitat/resource support,Audubon May Attract: Thrushes,Audubon plant-resource profile; not bird-group-specific,,Bird-friendly profile support,D - Audubon broad bird-friendly support; not species-level direct interaction,Audubon ZIP 78666 native-plant profile; broad family/guild context,0.07,Central Texas Bird Audubon interactions,National Audubon Society Native Plants Database,https://www.audubon.org/native-plants
PLT0261,Vireos,Audubon broad bird-family group,Birds,broad_audubon_group,,,Broad bird habitat/resource support,Audubon May Attract: Vireos,Audubon plant-resource profile; not bird-group-specific,,Bird-friendly profile support,D - Audubon broad bird-friendly support; not species-level direct interaction,Audubon ZIP 78666 native-plant profile; broad family/guild context,0.07,Central Texas Bird Audubon interactions,National Audubon Society Native Plants Database,https://www.audubon.org/native-plants
PLT0261,Waxwings,Audubon broad bird-family group,Birds,broad_audubon_group,,,Broad bird habitat/resource support,Audubon May Attract: Waxwings,Audubon plant-resource profile; not bird-group-specific,,Bird-friendly profile support,D - Audubon broad bird-friendly support; not species-level direct interaction,Audubon ZIP 78666 native-plant profile; broad family/guild context,0.07,Central Texas Bird Audubon interactions,National Audubon Society Native Plants Database,https://www.audubon.org/native-plants
PLT0261,Wood Warblers,Audubon broad bird-family group,Birds,broad_audubon_group,,,Broad bird habitat/resource support,Audubon May Attract: Wood Warblers,Audubon plant-resource profile; not bird-group-specific,,Bird-friendly profile support,D - Audubon broad bird-friendly support; not species-level direct interaction,Audubon ZIP 78666 native-plant profile; broad family/guild context,0.07,Central Texas Bird Audubon interactions,National Audubon Society Native Plants Database,https://www.audubon.org/native-plants
PLT0261,Woodpeckers,Audubon broad bird-family group,Birds,broad_audubon_group,,,Broad bird habitat/resource support,Audubon May Attract: Woodpeckers,Audubon plant-resource profile; not bird-group-specific,,Bird-friendly profile support,D - Audubon broad bird-friendly support; not species-level direct interaction,Audubon ZIP 78666 native-plant profile; broad family/guild context,0.07,Central Texas Bird Audubon interactions,National Audubon Society Native Plants Database,https://www.audubon.org/native-plants
PLT0261,Wrens,Audubon broad bird-family group,Birds,broad_audubon_group,,,Broad bird habitat/resource support,Audubon May Attract: Wrens,Audubon plant-resource profile; not bird-group-specific,,Bird-friendly profile support,D - Audubon broad bird-friendly support; not species-level direct interaction,Audubon ZIP 78666 native-plant profile; broad family/guild context,0.07,Central Texas Bird Audubon interactions,National Audubon Society Native Plants Database,https://www.audubon.org/native-plants
PLT0265,"Cardinals, Grosbeaks and Buntings",Audubon broad bird-family group,Birds,broad_audubon_group,,,Broad bird habitat/resource support,"Audubon May Attract: Cardinals, Grosbeaks and Buntings",Audubon plant-resource profile; not bird-group-specific,,Bird-friendly profile support,D - Audubon broad bird-friendly support; not species-level direct interaction,Audubon ZIP 78666 native-plant profile; broad family/guild context,0.07,Central Texas Bird Audubon interactions,National Audubon Society Native Plants Database,https://www.audubon.org/native-plants
PLT0265,Chickadees and Titmice,Audubon broad bird-family group,Birds,broad_audubon_group,,,Broad bird habitat/resource support,Audubon May Attract: Chickadees and Titmice,Audubon plant-resource profile; not bird-group-specific,,Bird-friendly profile support,D - Audubon broad bird-friendly support; not species-level direct interaction,Audubon ZIP 78666 native-plant profile; broad family/guild context,0.07,Central Texas Bird Audubon interactions,National Audubon Society Native Plants Database,https://www.audubon.org/native-plants
PLT0265,"Crows, Magpies and Jays",Audubon broad bird-family group,Birds,broad_audubon_group,,,Broad bird habitat/resource support,"Audubon May Attract: Crows, Magpies and Jays",Audubon plant-resource profile; not bird-group-specific,,Bird-friendly profile support,D - Audubon broad bird-friendly support; not species-level direct interaction,Audubon ZIP 78666 native-plant profile; broad family/guild context,0.07,Central Texas Bird Audubon interactions,National Audubon Society Native Plants Database,https://www.audubon.org/native-plants
PLT0265,Finches,Audubon broad bird-family group,Birds,broad_audubon_group,,,Broad bird habitat/resource support,Audubon May Attract: Finches,Audubon plant-resource profile; not bird-group-specific,,Bird-friendly profile support,D - Audubon broad bird-friendly support; not species-level direct interaction,Audubon ZIP 78666 native-plant profile; broad family/guild context,0.07,Central Texas Bird Audubon interactions,National Audubon Society Native Plants Database,https://www.audubon.org/native-plants
PLT0265,Hummingbirds,Audubon broad bird-family group,Birds,broad_audubon_group,,,Broad bird habitat/resource support,Audubon May Attract: Hummingbirds,Audubon plant-resource profile; not bird-group-specific,,Bird-friendly profile support,D - Audubon broad bird-friendly support; not species-level direct interaction,Audubon ZIP 78666 native-plant profile; broad family/guild context,0.07,Central Texas Bird Audubon interactions,National Audubon Society Native Plants Database,https://www.audubon.org/native-plants
PLT0265,Mockingbirds and Thrashers,Audubon broad bird-family group,Birds,broad_audubon_group,,,Broad bird habitat/resource support,Audubon May Attract: Mockingbirds and Thrashers,Audubon plant-resource profile; not bird-group-specific,,Bird-friendly profile support,D - Audubon broad bird-friendly support; not species-level direct interaction,Audubon ZIP 78666 native-plant profile; broad family/guild context,0.07,Central Texas Bird Audubon interactions,National Audubon Society Native Plants Database,https://www.audubon.org/native-plants
PLT0265,New World Sparrows,Audubon broad bird-family group,Birds,broad_audubon_group,,,Broad bird habitat/resource support,Audubon May Attract: New World Sparrows,Audubon plant-resource profile; not bird-group-specific,,Bird-friendly profile support,D - Audubon broad bird-friendly support; not species-level direct interaction,Audubon ZIP 78666 native-plant profile; broad family/guild context,0.07,Central Texas Bird Audubon interactions,National Audubon Society Native Plants Database,https://www.audubon.org/native-plants
PLT0265,Nuthatches,Audubon broad bird-family group,Birds,broad_audubon_group,,,Broad bird habitat/resource support,Audubon May Attract: Nuthatches,Audubon plant-resource profile; not bird-group-specific,,Bird-friendly profile support,D - Audubon broad bird-friendly support; not species-level direct interaction,Audubon ZIP 78666 native-plant profile; broad family/guild context,0.07,Central Texas Bird Audubon interactions,National Audubon Society Native Plants Database,https://www.audubon.org/native-plants
PLT0265,Orioles,Audubon broad bird-family group,Birds,broad_audubon_group,,,Broad bird habitat/resource support,Audubon May Attract: Orioles,Audubon plant-resource profile; not bird-group-specific,,Bird-friendly profile support,D - Audubon broad bird-friendly support; not species-level direct interaction,Audubon ZIP 78666 native-plant profile; broad family/guild context,0.07,Central Texas Bird Audubon interactions,National Audubon Society Native Plants Database,https://www.audubon.org/native-plants
PLT0265,Thrushes,Audubon broad bird-family group,Birds,broad_audubon_group,,,Broad bird habitat/resource support,Audubon May Attract: Thrushes,Audubon plant-resource profile; not bird-group-specific,,Bird-friendly profile support,D - Audubon broad bird-friendly support; not species-level direct interaction,Audubon ZIP 78666 native-plant profile; broad family/guild context,0.07,Central Texas Bird Audubon interactions,National Audubon Society Native Plants Database,https://www.audubon.org/native-plants
PLT0265,Vireos,Audubon broad bird-family group,Birds,broad_audubon_group,,,Broad bird habitat/resource support,Audubon May Attract: Vireos,Audubon plant-resource profile; not bird-group-specific,,Bird-friendly profile support,D - Audubon broad bird-friendly support; not species-level direct interaction,Audubon ZIP 78666 native-plant profile; broad family/guild context,0.07,Central Texas Bird Audubon interactions,National Audubon Society Native Plants Database,https://www.audubon.org/native-plants
PLT0265,Waxwings,Audubon broad bird-family group,Birds,broad_audubon_group,,,Broad bird habitat/resource support,Audubon May Attract: Waxwings,Audubon plant-resource profile; not bird-group-specific,,Bird-friendly profile support,D - Audubon broad bird-friendly support; not species-level direct interaction,Audubon ZIP 78666 native-plant profile; broad family/guild context,0.07,Central Texas Bird Audubon interactions,National Audubon Society Native Plants Database,https://www.audubon.org/native-plants
PLT0265,Wood Warblers,Audubon broad bird-family group,Birds,broad_audubon_group,,,Broad bird habitat/resource support,Audubon May Attract: Wood Warblers,Audubon plant-resource profile; not bird-group-specific,,Bird-friendly profile support,D - Audubon broad bird-friendly support; not species-level direct interaction,Audubon ZIP 78666 native-plant profile; broad family/guild context,0.07,Central Texas Bird Audubon interactions,National Audubon Society Native Plants Database,https://www.audubon.org/native-plants
PLT0265,Woodpeckers,Audubon broad bird-family group,Birds,broad_audubon_group,,,Broad bird habitat/resource support,Audubon May Attract: Woodpeckers,Audubon plant-resource profile; not bird-group-specific,,Bird-friendly profile support,D - Audubon broad bird-friendly support; not species-level direct interaction,Audubon ZIP 78666 native-plant profile; broad family/guild context,0.07,Central Texas Bird Audubon interactions,National Audubon Society Native Plants Database,https://www.audubon.org/native-plants
PLT0265,Wrens,Audubon broad bird-family group,Birds,broad_audubon_group,,,Broad bird habitat/resource support,Audubon May Attract: Wrens,Audubon plant-resource profile; not bird-group-specific,,Bird-friendly profile support,D - Audubon broad bird-friendly support; not species-level direct interaction,Audubon ZIP 78666 native-plant profile; broad family/guild context,0.07,Central Texas Bird Audubon interactions,National Audubon Society Native Plants Database,https://www.audubon.org/native-plants
PLT0267,"Cardinals, Grosbeaks and Buntings",Audubon broad bird-family group,Birds,broad_audubon_group,,,Broad bird habitat/resource support,"Audubon May Attract: Cardinals, Grosbeaks and Buntings",Audubon plant-resource profile; not bird-group-specific,,Bird-friendly profile support,D - Audubon broad bird-friendly support; not species-level direct interaction,Audubon ZIP 78666 native-plant profile; broad family/guild context,0.07,Central Texas Bird Audubon interactions,National Audubon Society Native Plants Database,https://www.audubon.org/native-plants
PLT0267,Chickadees and Titmice,Audubon broad bird-family group,Birds,broad_audubon_group,,,Broad bird habitat/resource support,Audubon May Attract: Chickadees and Titmice,Audubon plant-resource profile; not bird-group-specific,,Bird-friendly profile support,D - Audubon broad bird-friendly support; not species-level direct interaction,Audubon ZIP 78666 native-plant profile; broad family/guild context,0.07,Central Texas Bird Audubon interactions,National Audubon Society Native Plants Database,https://www.audubon.org/native-plants
PLT0267,"Crows, Magpies and Jays",Audubon broad bird-family group,Birds,broad_audubon_group,,,Broad bird habitat/resource support,"Audubon May Attract: Crows, Magpies and Jays",Audubon plant-resource profile; not bird-group-specific,,Bird-friendly profile support,D - Audubon broad bird-friendly support; not species-level direct interaction,Audubon ZIP 78666 native-plant profile; broad family/guild context,0.07,Central Texas Bird Audubon interactions,National Audubon Society Native Plants Database,https://www.audubon.org/native-plants
PLT0267,Finches,Audubon broad bird-family group,Birds,broad_audubon_group,,,Broad bird habitat/resource support,Audubon May Attract: Finches,Audubon plant-resource profile; not bird-group-specific,,Bird-friendly profile support,D - Audubon broad bird-friendly support; not species-level direct interaction,Audubon ZIP 78666 native-plant profile; broad family/guild context,0.07,Central Texas Bird Audubon interactions,National Audubon Society Native Plants Database,https://www.audubon.org/native-plants
PLT0267,Hummingbirds,Audubon broad bird-family group,Birds,broad_audubon_group,,,Broad bird habitat/resource support,Audubon May Attract: Hummingbirds,Audubon plant-resource profile; not bird-group-specific,,Bird-friendly profile support,D - Audubon broad bird-friendly support; not species-level direct interaction,Audubon ZIP 78666 native-plant profile; broad family/guild context,0.07,Central Texas Bird Audubon interactions,National Audubon Society Native Plants Database,https://www.audubon.org/native-plants
PLT0267,Mockingbirds and Thrashers,Audubon broad bird-family group,Birds,broad_audubon_group,,,Broad bird habitat/resource support,Audubon May Attract: Mockingbirds and Thrashers,Audubon plant-resource profile; not bird-group-specific,,Bird-friendly profile support,D - Audubon broad bird-friendly support; not species-level direct interaction,Audubon ZIP 78666 native-plant profile; broad family/guild context,0.07,Central Texas Bird Audubon interactions,National Audubon Society Native Plants Database,https://www.audubon.org/native-plants
PLT0267,New World Sparrows,Audubon broad bird-family group,Birds,broad_audubon_group,,,Broad bird habitat/resource support,Audubon May Attract: New World Sparrows,Audubon plant-resource profile; not bird-group-specific,,Bird-friendly profile support,D - Audubon broad bird-friendly support; not species-level direct interaction,Audubon ZIP 78666 native-plant profile; broad family/guild context,0.07,Central Texas Bird Audubon interactions,National Audubon Society Native Plants Database,https://www.audubon.org/native-plants
PLT0267,Nuthatches,Audubon broad bird-family group,Birds,broad_audubon_group,,,Broad bird habitat/resource support,Audubon May Attract: Nuthatches,Audubon plant-resource profile; not bird-group-specific,,Bird-friendly profile support,D - Audubon broad bird-friendly support; not species-level direct interaction,Audubon ZIP 78666 native-plant profile; broad family/guild context,0.07,Central Texas Bird Audubon interactions,National Audubon Society Native Plants Database,https://www.audubon.org/native-plants
PLT0267,Orioles,Audubon broad bird-family group,Birds,broad_audubon_group,,,Broad bird habitat/resource support,Audubon May Attract: Orioles,Audubon plant-resource profile; not bird-group-specific,,Bird-friendly profile support,D - Audubon broad bird-friendly support; not species-level direct interaction,Audubon ZIP 78666 native-plant profile; broad family/guild context,0.07,Central Texas Bird Audubon interactions,National Audubon Society Native Plants Database,https://www.audubon.org/native-plants
PLT0267,Thrushes,Audubon broad bird-family group,Birds,broad_audubon_group,,,Broad bird habitat/resource support,Audubon May Attract: Thrushes,Audubon plant-resource profile; not bird-group-specific,,Bird-friendly profile support,D - Audubon broad bird-friendly support; not species-level direct interaction,Audubon ZIP 78666 native-plant profile; broad family/guild context,0.07,Central Texas Bird Audubon interactions,National Audubon Society Native Plants Database,https://www.audubon.org/native-plants
PLT0267,Vireos,Audubon broad bird-family group,Birds,broad_audubon_group,,,Broad bird habitat/resource support,Audubon May Attract: Vireos,Audubon plant-resource profile; not bird-group-specific,,Bird-friendly profile support,D - Audubon broad bird-friendly support; not species-level direct interaction,Audubon ZIP 78666 native-plant profile; broad family/guild context,0.07,Central Texas Bird Audubon interactions,National Audubon Society Native Plants Database,https://www.audubon.org/native-plants
PLT0267,Waxwings,Audubon broad bird-family group,Birds,broad_audubon_group,,,Broad bird habitat/resource support,Audubon May Attract: Waxwings,Audubon plant-resource profile; not bird-group-specific,,Bird-friendly profile support,D - Audubon broad bird-friendly support; not species-level direct interaction,Audubon ZIP 78666 native-plant profile; broad family/guild context,0.07,Central Texas Bird Audubon interactions,National Audubon Society Native Plants Database,https://www.audubon.org/native-plants
PLT0267,Wood Warblers,Audubon broad bird-family group,Birds,broad_audubon_group,,,Broad bird habitat/resource support,Audubon May Attract: Wood Warblers,Audubon plant-resource profile; not bird-group-specific,,Bird-friendly profile support,D - Audubon broad bird-friendly support; not species-level direct interaction,Audubon ZIP 78666 native-plant profile; broad family/guild context,0.07,Central Texas Bird Audubon interactions,National Audubon Society Native Plants Database,https://www.audubon.org/native-plants
PLT0267,Woodpeckers,Audubon broad bird-family group,Birds,broad_audubon_group,,,Broad bird habitat/resource support,Audubon May Attract: Woodpeckers,Audubon plant-resource profile; not bird-group-specific,,Bird-friendly profile support,D - Audubon broad bird-friendly support; not species-level direct interaction,Audubon ZIP 78666 native-plant profile; broad family/guild context,0.07,Central Texas Bird Audubon interactions,National Audubon Society Native Plants Database,https://www.audubon.org/native-plants
PLT0267,Wrens,Audubon broad bird-family group,Birds,broad_audubon_group,,,Broad bird habitat/resource support,Audubon May Attract: Wrens,Audubon plant-resource profile; not bird-group-specific,,Bird-friendly profile support,D - Audubon broad bird-friendly support; not species-level direct interaction,Audubon ZIP 78666 native-plant profile; broad family/guild context,0.07,Central Texas Bird Audubon interactions,National Audubon Society Native Plants Database,https://www.audubon.org/native-plants
PLT0271,"Cardinals, Grosbeaks and Buntings",Audubon broad bird-family group,Birds,broad_audubon_group,,,Broad bird habitat/resource support,"Audubon May Attract: Cardinals, Grosbeaks and Buntings",Audubon plant-resource profile; not bird-group-specific,,Bird-friendly profile support,D - Audubon broad bird-friendly support; not species-level direct interaction,Audubon ZIP 78666 native-plant profile; broad family/guild context,0.07,Central Texas Bird Audubon interactions,National Audubon Society Native Plants Database,https://www.audubon.org/native-plants
PLT0271,Chickadees and Titmice,Audubon broad bird-family group,Birds,broad_audubon_group,,,Broad bird habitat/resource support,Audubon May Attract: Chickadees and Titmice,Audubon plant-resource profile; not bird-group-specific,,Bird-friendly profile support,D - Audubon broad bird-friendly support; not species-level direct interaction,Audubon ZIP 78666 native-plant profile; broad family/guild context,0.07,Central Texas Bird Audubon interactions,National Audubon Society Native Plants Database,https://www.audubon.org/native-plants
PLT0271,"Crows, Magpies and Jays",Audubon broad bird-family group,Birds,broad_audubon_group,,,Broad bird habitat/resource support,"Audubon May Attract: Crows, Magpies and Jays",Audubon plant-resource profile; not bird-group-specific,,Bird-friendly profile support,D - Audubon broad bird-friendly support; not species-level direct interaction,Audubon ZIP 78666 native-plant profile; broad family/guild context,0.07,Central Texas Bird Audubon interactions,National Audubon Society Native Plants Database,https://www.audubon.org/native-plants
PLT0271,Finches,Audubon broad bird-family group,Birds,broad_audubon_group,,,Broad bird habitat/resource support,Audubon May Attract: Finches,Audubon plant-resource profile; not bird-group-specific,,Bird-friendly profile support,D - Audubon broad bird-friendly support; not species-level direct interaction,Audubon ZIP 78666 native-plant profile; broad family/guild context,0.07,Central Texas Bird Audubon interactions,National Audubon Society Native Plants Database,https://www.audubon.org/native-plants
PLT0271,Hummingbirds,Audubon broad bird-family group,Birds,broad_audubon_group,,,Broad bird habitat/resource support,Audubon May Attract: Hummingbirds,Audubon plant-resource profile; not bird-group-specific,,Bird-friendly profile support,D - Audubon broad bird-friendly support; not species-level direct interaction,Audubon ZIP 78666 native-plant profile; broad family/guild context,0.07,Central Texas Bird Audubon interactions,National Audubon Society Native Plants Database,https://www.audubon.org/native-plants
PLT0271,Mockingbirds and Thrashers,Audubon broad bird-family group,Birds,broad_audubon_group,,,Broad bird habitat/resource support,Audubon May Attract: Mockingbirds and Thrashers,Audubon plant-resource profile; not bird-group-specific,,Bird-friendly profile support,D - Audubon broad bird-friendly support; not species-level direct interaction,Audubon ZIP 78666 native-plant profile; broad family/guild context,0.07,Central Texas Bird Audubon interactions,National Audubon Society Native Plants Database,https://www.audubon.org/native-plants
PLT0271,New World Sparrows,Audubon broad bird-family group,Birds,broad_audubon_group,,,Broad bird habitat/resource support,Audubon May Attract: New World Sparrows,Audubon plant-resource profile; not bird-group-specific,,Bird-friendly profile support,D - Audubon broad bird-friendly support; not species-level direct interaction,Audubon ZIP 78666 native-plant profile; broad family/guild context,0.07,Central Texas Bird Audubon interactions,National Audubon Society Native Plants Database,https://www.audubon.org/native-plants
PLT0271,Nuthatches,Audubon broad bird-family group,Birds,broad_audubon_group,,,Broad bird habitat/resource support,Audubon May Attract: Nuthatches,Audubon plant-resource profile; not bird-group-specific,,Bird-friendly profile support,D - Audubon broad bird-friendly support; not species-level direct interaction,Audubon ZIP 78666 native-plant profile; broad family/guild context,0.07,Central Texas Bird Audubon interactions,National Audubon Society Native Plants Database,https://www.audubon.org/native-plants
PLT0271,Orioles,Audubon broad bird-family group,Birds,broad_audubon_group,,,Broad bird habitat/resource support,Audubon May Attract: Orioles,Audubon plant-resource profile; not bird-group-specific,,Bird-friendly profile support,D - Audubon broad bird-friendly support; not species-level direct interaction,Audubon ZIP 78666 native-plant profile; broad family/guild context,0.07,Central Texas Bird Audubon interactions,National Audubon Society Native Plants Database,https://www.audubon.org/native-plants
PLT0271,Thrushes,Audubon broad bird-family group,Birds,broad_audubon_group,,,Broad bird habitat/resource support,Audubon May Attract: Thrushes,Audubon plant-resource profile; not bird-group-specific,,Bird-friendly profile support,D - Audubon broad bird-friendly support; not species-level direct interaction,Audubon ZIP 78666 native-plant profile; broad family/guild context,0.07,Central Texas Bird Audubon interactions,National Audubon Society Native Plants Database,https://www.audubon.org/native-plants
PLT0271,Vireos,Audubon broad bird-family group,Birds,broad_audubon_group,,,Broad bird habitat/resource support,Audubon May Attract: Vireos,Audubon plant-resource profile; not bird-group-specific,,Bird-friendly profile support,D - Audubon broad bird-friendly support; not species-level direct interaction,Audubon ZIP 78666 native-plant profile; broad family/guild context,0.07,Central Texas Bird Audubon interactions,National Audubon Society Native Plants Database,https://www.audubon.org/native-plants
PLT0271,Waxwings,Audubon broad bird-family group,Birds,broad_audubon_group,,,Broad bird habitat/resource support,Audubon May Attract: Waxwings,Audubon plant-resource profile; not bird-group-specific,,Bird-friendly profile support,D - Audubon broad bird-friendly support; not species-level direct interaction,Audubon ZIP 78666 native-plant profile; broad family/guild context,0.07,Central Texas Bird Audubon interactions,National Audubon Society Native Plants Database,https://www.audubon.org/native-plants
PLT0271,Wood Warblers,Audubon broad bird-family group,Birds,broad_audubon_group,,,Broad bird habitat/resource support,Audubon May Attract: Wood Warblers,Audubon plant-resource profile; not bird-group-specific,,Bird-friendly profile support,D - Audubon broad bird-friendly support; not species-level direct interaction,Audubon ZIP 78666 native-plant profile; broad family/guild context,0.07,Central Texas Bird Audubon interactions,National Audubon Society Native Plants Database,https://www.audubon.org/native-plants
PLT0271,Woodpeckers,Audubon broad bird-family group,Birds,broad_audubon_group,,,Broad bird habitat/resource support,Audubon May Attract: Woodpeckers,Audubon plant-resource profile; not bird-group-specific,,Bird-friendly profile support,D - Audubon broad bird-friendly support; not species-level direct interaction,Audubon ZIP 78666 native-plant profile; broad family/guild context,0.07,Central Texas Bird Audubon interactions,National Audubon Society Native Plants Database,https://www.audubon.org/native-plants
PLT0271,Wrens,Audubon broad bird-family group,Birds,broad_audubon_group,,,Broad bird habitat/resource support,Audubon May Attract: Wrens,Audubon plant-resource profile; not bird-group-specific,,Bird-friendly profile support,D - Audubon broad bird-friendly support; not species-level direct interaction,Audubon ZIP 78666 native-plant profile; broad family/guild context,0.07,Central Texas Bird Audubon interactions,National Audubon Society Native Plants Database,https://www.audubon.org/native-plants
PLT0275,"Cardinals, Grosbeaks and Buntings",Audubon broad bird-family group,Birds,broad_audubon_group,,,Broad bird habitat/resource support,"Audubon May Attract: Cardinals, Grosbeaks and Buntings",Audubon plant-resource profile; not bird-group-specific,,Bird-friendly profile support,D - Audubon broad bird-friendly support; not species-level direct interaction,Audubon ZIP 78666 native-plant profile; broad family/guild context,0.07,Central Texas Bird Audubon interactions,National Audubon Society Native Plants Database,https://www.audubon.org/native-plants
PLT0275,Chickadees and Titmice,Audubon broad bird-family group,Birds,broad_audubon_group,,,Broad bird habitat/resource support,Audubon May Attract: Chickadees and Titmice,Audubon plant-resource profile; not bird-group-specific,,Bird-friendly profile support,D - Audubon broad bird-friendly support; not species-level direct interaction,Audubon ZIP 78666 native-plant profile; broad family/guild context,0.07,Central Texas Bird Audubon interactions,National Audubon Society Native Plants Database,https://www.audubon.org/native-plants
PLT0275,"Crows, Magpies and Jays",Audubon broad bird-family group,Birds,broad_audubon_group,,,Broad bird habitat/resource support,"Audubon May Attract: Crows, Magpies and Jays",Audubon plant-resource profile; not bird-group-specific,,Bird-friendly profile support,D - Audubon broad bird-friendly support; not species-level direct interaction,Audubon ZIP 78666 native-plant profile; broad family/guild context,0.07,Central Texas Bird Audubon interactions,National Audubon Society Native Plants Database,https://www.audubon.org/native-plants
PLT0275,Finches,Audubon broad bird-family group,Birds,broad_audubon_group,,,Broad bird habitat/resource support,Audubon May Attract: Finches,Audubon plant-resource profile; not bird-group-specific,,Bird-friendly profile support,D - Audubon broad bird-friendly support; not species-level direct interaction,Audubon ZIP 78666 native-plant profile; broad family/guild context,0.07,Central Texas Bird Audubon interactions,National Audubon Society Native Plants Database,https://www.audubon.org/native-plants
PLT0275,Hummingbirds,Audubon broad bird-family group,Birds,broad_audubon_group,,,Broad bird habitat/resource support,Audubon May Attract: Hummingbirds,Audubon plant-resource profile; not bird-group-specific,,Bird-friendly profile support,D - Audubon broad bird-friendly support; not species-level direct interaction,Audubon ZIP 78666 native-plant profile; broad family/guild context,0.07,Central Texas Bird Audubon interactions,National Audubon Society Native Plants Database,https://www.audubon.org/native-plants
PLT0275,Mockingbirds and Thrashers,Audubon broad bird-family group,Birds,broad_audubon_group,,,Broad bird habitat/resource support,Audubon May Attract: Mockingbirds and Thrashers,Audubon plant-resource profile; not bird-group-specific,,Bird-friendly profile support,D - Audubon broad bird-friendly support; not species-level direct interaction,Audubon ZIP 78666 native-plant profile; broad family/guild context,0.07,Central Texas Bird Audubon interactions,National Audubon Society Native Plants Database,https://www.audubon.org/native-plants
PLT0275,New World Sparrows,Audubon broad bird-family group,Birds,broad_audubon_group,,,Broad bird habitat/resource support,Audubon May Attract: New World Sparrows,Audubon plant-resource profile; not bird-group-specific,,Bird-friendly profile support,D - Audubon broad bird-friendly support; not species-level direct interaction,Audubon ZIP 78666 native-plant profile; broad family/guild context,0.07,Central Texas Bird Audubon interactions,National Audubon Society Native Plants Database,https://www.audubon.org/native-plants
PLT0275,Nuthatches,Audubon broad bird-family group,Birds,broad_audubon_group,,,Broad bird habitat/resource support,Audubon May Attract: Nuthatches,Audubon plant-resource profile; not bird-group-specific,,Bird-friendly profile support,D - Audubon broad bird-friendly support; not species-level direct interaction,Audubon ZIP 78666 native-plant profile; broad family/guild context,0.07,Central Texas Bird Audubon interactions,National Audubon Society Native Plants Database,https://www.audubon.org/native-plants
PLT0275,Orioles,Audubon broad bird-family group,Birds,broad_audubon_group,,,Broad bird habitat/resource support,Audubon May Attract: Orioles,Audubon plant-resource profile; not bird-group-specific,,Bird-friendly profile support,D - Audubon broad bird-friendly support; not species-level direct interaction,Audubon ZIP 78666 native-plant profile; broad family/guild context,0.07,Central Texas Bird Audubon interactions,National Audubon Society Native Plants Database,https://www.audubon.org/native-plants
PLT0275,Thrushes,Audubon broad bird-family group,Birds,broad_audubon_group,,,Broad bird habitat/resource support,Audubon May Attract: Thrushes,Audubon plant-resource profile; not bird-group-specific,,Bird-friendly profile support,D - Audubon broad bird-friendly support; not species-level direct interaction,Audubon ZIP 78666 native-plant profile; broad family/guild context,0.07,Central Texas Bird Audubon interactions,National Audubon Society Native Plants Database,https://www.audubon.org/native-plants
PLT0275,Vireos,Audubon broad bird-family group,Birds,broad_audubon_group,,,Broad bird habitat/resource support,Audubon May Attract: Vireos,Audubon plant-resource profile; not bird-group-specific,,Bird-friendly profile support,D - Audubon broad bird-friendly support; not species-level direct interaction,Audubon ZIP 78666 native-plant profile; broad family/guild context,0.07,Central Texas Bird Audubon interactions,National Audubon Society Native Plants Database,https://www.audubon.org/native-plants
PLT0275,Waxwings,Audubon broad bird-family group,Birds,broad_audubon_group,,,Broad bird habitat/resource support,Audubon May Attract: Waxwings,Audubon plant-resource profile; not bird-group-specific,,Bird-friendly profile support,D - Audubon broad bird-friendly support; not species-level direct interaction,Audubon ZIP 78666 native-plant profile; broad family/guild context,0.07,Central Texas Bird Audubon interactions,National Audubon Society Native Plants Database,https://www.audubon.org/native-plants
PLT0275,Wood Warblers,Audubon broad bird-family group,Birds,broad_audubon_group,,,Broad bird habitat/resource support,Audubon May Attract: Wood Warblers,Audubon plant-resource profile; not bird-group-specific,,Bird-friendly profile support,D - Audubon broad bird-friendly support; not species-level direct interaction,Audubon ZIP 78666 native-plant profile; broad family/guild context,0.07,Central Texas Bird Audubon interactions,National Audubon Society Native Plants Database,https://www.audubon.org/native-plants
PLT0275,Woodpeckers,Audubon broad bird-family group,Birds,broad_audubon_group,,,Broad bird habitat/resource support,Audubon May Attract: Woodpeckers,Audubon plant-resource profile; not bird-group-specific,,Bird-friendly profile support,D - Audubon broad bird-friendly support; not species-level direct interaction,Audubon ZIP 78666 native-plant profile; broad family/guild context,0.07,Central Texas Bird Audubon interactions,National Audubon Society Native Plants Database,https://www.audubon.org/native-plants
PLT0275,Wrens,Audubon broad bird-family group,Birds,broad_audubon_group,,,Broad bird habitat/resource support,Audubon May Attract: Wrens,Audubon plant-resource profile; not bird-group-specific,,Bird-friendly profile support,D - Audubon broad bird-friendly support; not species-level direct interaction,Audubon ZIP 78666 native-plant profile; broad family/guild context,0.07,Central Texas Bird Audubon interactions,National Audubon Society Native Plants Database,https://www.audubon.org/native-plants
PLT0277,"Cardinals, Grosbeaks and Buntings",Audubon broad bird-family group,Birds,broad_audubon_group,,,Broad bird habitat/resource support,"Audubon May Attract: Cardinals, Grosbeaks and Buntings",Audubon plant-resource profile; not bird-group-specific,,Bird-friendly profile support,D - Audubon broad bird-friendly support; not species-level direct interaction,Audubon ZIP 78666 native-plant profile; broad family/guild context,0.07,Central Texas Bird Audubon interactions,National Audubon Society Native Plants Database,https://www.audubon.org/native-plants
PLT0277,Chickadees and Titmice,Audubon broad bird-family group,Birds,broad_audubon_group,,,Broad bird habitat/resource support,Audubon May Attract: Chickadees and Titmice,Audubon plant-resource profile; not bird-group-specific,,Bird-friendly profile support,D - Audubon broad bird-friendly support; not species-level direct interaction,Audubon ZIP 78666 native-plant profile; broad family/guild context,0.07,Central Texas Bird Audubon interactions,National Audubon Society Native Plants Database,https://www.audubon.org/native-plants
PLT0277,"Crows, Magpies and Jays",Audubon broad bird-family group,Birds,broad_audubon_group,,,Broad bird habitat/resource support,"Audubon May Attract: Crows, Magpies and Jays",Audubon plant-resource profile; not bird-group-specific,,Bird-friendly profile support,D - Audubon broad bird-friendly support; not species-level direct interaction,Audubon ZIP 78666 native-plant profile; broad family/guild context,0.07,Central Texas Bird Audubon interactions,National Audubon Society Native Plants Database,https://www.audubon.org/native-plants
PLT0277,Finches,Audubon broad bird-family group,Birds,broad_audubon_group,,,Broad bird habitat/resource support,Audubon May Attract: Finches,Audubon plant-resource profile; not bird-group-specific,,Bird-friendly profile support,D - Audubon broad bird-friendly support; not species-level direct interaction,Audubon ZIP 78666 native-plant profile; broad family/guild context,0.07,Central Texas Bird Audubon interactions,National Audubon Society Native Plants Database,https://www.audubon.org/native-plants
PLT0277,Hummingbirds,Audubon broad bird-family group,Birds,broad_audubon_group,,,Broad bird habitat/resource support,Audubon May Attract: Hummingbirds,Audubon plant-resource profile; not bird-group-specific,,Bird-friendly profile support,D - Audubon broad bird-friendly support; not species-level direct interaction,Audubon ZIP 78666 native-plant profile; broad family/guild context,0.07,Central Texas Bird Audubon interactions,National Audubon Society Native Plants Database,https://www.audubon.org/native-plants
PLT0277,Mockingbirds and Thrashers,Audubon broad bird-family group,Birds,broad_audubon_group,,,Broad bird habitat/resource support,Audubon May Attract: Mockingbirds and Thrashers,Audubon plant-resource profile; not bird-group-specific,,Bird-friendly profile support,D - Audubon broad bird-friendly support; not species-level direct interaction,Audubon ZIP 78666 native-plant profile; broad family/guild context,0.07,Central Texas Bird Audubon interactions,National Audubon Society Native Plants Database,https://www.audubon.org/native-plants
PLT0277,New World Sparrows,Audubon broad bird-family group,Birds,broad_audubon_group,,,Broad bird habitat/resource support,Audubon May Attract: New World Sparrows,Audubon plant-resource profile; not bird-group-specific,,Bird-friendly profile support,D - Audubon broad bird-friendly support; not species-level direct interaction,Audubon ZIP 78666 native-plant profile; broad family/guild context,0.07,Central Texas Bird Audubon interactions,National Audubon Society Native Plants Database,https://www.audubon.org/native-plants
PLT0277,Nuthatches,Audubon broad bird-family group,Birds,broad_audubon_group,,,Broad bird habitat/resource support,Audubon May Attract: Nuthatches,Audubon plant-resource profile; not bird-group-specific,,Bird-friendly profile support,D - Audubon broad bird-friendly support; not species-level direct interaction,Audubon ZIP 78666 native-plant profile; broad family/guild context,0.07,Central Texas Bird Audubon interactions,National Audubon Society Native Plants Database,https://www.audubon.org/native-plants
PLT0277,Orioles,Audubon broad bird-family group,Birds,broad_audubon_group,,,Broad bird habitat/resource support,Audubon May Attract: Orioles,Audubon plant-resource profile; not bird-group-specific,,Bird-friendly profile support,D - Audubon broad bird-friendly support; not species-level direct interaction,Audubon ZIP 78666 native-plant profile; broad family/guild context,0.07,Central Texas Bird Audubon interactions,National Audubon Society Native Plants Database,https://www.audubon.org/native-plants
PLT0277,Thrushes,Audubon broad bird-family group,Birds,broad_audubon_group,,,Broad bird habitat/resource support,Audubon May Attract: Thrushes,Audubon plant-resource profile; not bird-group-specific,,Bird-friendly profile support,D - Audubon broad bird-friendly support; not species-level direct interaction,Audubon ZIP 78666 native-plant profile; broad family/guild context,0.07,Central Texas Bird Audubon interactions,National Audubon Society Native Plants Database,https://www.audubon.org/native-plants
PLT0277,Vireos,Audubon broad bird-family group,Birds,broad_audubon_group,,,Broad bird habitat/resource support,Audubon May Attract: Vireos,Audubon plant-resource profile; not bird-group-specific,,Bird-friendly profile support,D - Audubon broad bird-friendly support; not species-level direct interaction,Audubon ZIP 78666 native-plant profile; broad family/guild context,0.07,Central Texas Bird Audubon interactions,National Audubon Society Native Plants Database,https://www.audubon.org/native-plants
PLT0277,Waxwings,Audubon broad bird-family group,Birds,broad_audubon_group,,,Broad bird habitat/resource support,Audubon May Attract: Waxwings,Audubon plant-resource profile; not bird-group-specific,,Bird-friendly profile support,D - Audubon broad bird-friendly support; not species-level direct interaction,Audubon ZIP 78666 native-plant profile; broad family/guild context,0.07,Central Texas Bird Audubon interactions,National Audubon Society Native Plants Database,https://www.audubon.org/native-plants
PLT0277,Wood Warblers,Audubon broad bird-family group,Birds,broad_audubon_group,,,Broad bird habitat/resource support,Audubon May Attract: Wood Warblers,Audubon plant-resource profile; not bird-group-specific,,Bird-friendly profile support,D - Audubon broad bird-friendly support; not species-level direct interaction,Audubon ZIP 78666 native-plant profile; broad family/guild context,0.07,Central Texas Bird Audubon interactions,National Audubon Society Native Plants Database,https://www.audubon.org/native-plants
PLT0277,Woodpeckers,Audubon broad bird-family group,Birds,broad_audubon_group,,,Broad bird habitat/resource support,Audubon May Attract: Woodpeckers,Audubon plant-resource profile; not bird-group-specific,,Bird-friendly profile support,D - Audubon broad bird-friendly support; not species-level direct interaction,Audubon ZIP 78666 native-plant profile; broad family/guild context,0.07,Central Texas Bird Audubon interactions,National Audubon Society Native Plants Database,https://www.audubon.org/native-plants
PLT0277,Wrens,Audubon broad bird-family group,Birds,broad_audubon_group,,,Broad bird habitat/resource support,Audubon May Attract: Wrens,Audubon plant-resource profile; not bird-group-specific,,Bird-friendly profile support,D - Audubon broad bird-friendly support; not species-level direct interaction,Audubon ZIP 78666 native-plant profile; broad family/guild context,0.07,Central Texas Bird Audubon interactions,National Audubon Society Native Plants Database,https://www.audubon.org/native-plants
PLT0280,"Cardinals, Grosbeaks and Buntings",Audubon broad bird-family group,Birds,broad_audubon_group,,,Broad bird habitat/resource support,"Audubon May Attract: Cardinals, Grosbeaks and Buntings",Audubon plant-resource profile; not bird-group-specific,,Bird-friendly profile support,D - Audubon broad bird-friendly support; not species-level direct interaction,Audubon ZIP 78666 native-plant profile; broad family/guild context,0.07,Central Texas Bird Audubon interactions,National Audubon Society Native Plants Database,https://www.audubon.org/native-plants
PLT0280,Chickadees and Titmice,Audubon broad bird-family group,Birds,broad_audubon_group,,,Broad bird habitat/resource support,Audubon May Attract: Chickadees and Titmice,Audubon plant-resource profile; not bird-group-specific,,Bird-friendly profile support,D - Audubon broad bird-friendly support; not species-level direct interaction,Audubon ZIP 78666 native-plant profile; broad family/guild context,0.07,Central Texas Bird Audubon interactions,National Audubon Society Native Plants Database,https://www.audubon.org/native-plants
PLT0280,"Crows, Magpies and Jays",Audubon broad bird-family group,Birds,broad_audubon_group,,,Broad bird habitat/resource support,"Audubon May Attract: Crows, Magpies and Jays",Audubon plant-resource profile; not bird-group-specific,,Bird-friendly profile support,D - Audubon broad bird-friendly support; not species-level direct interaction,Audubon ZIP 78666 native-plant profile; broad family/guild context,0.07,Central Texas Bird Audubon interactions,National Audubon Society Native Plants Database,https://www.audubon.org/native-plants
PLT0280,Finches,Audubon broad bird-family group,Birds,broad_audubon_group,,,Broad bird habitat/resource support,Audubon May Attract: Finches,Audubon plant-resource profile; not bird-group-specific,,Bird-friendly profile support,D - Audubon broad bird-friendly support; not species-level direct interaction,Audubon ZIP 78666 native-plant profile; broad family/guild context,0.07,Central Texas Bird Audubon interactions,National Audubon Society Native Plants Database,https://www.audubon.org/native-plants
PLT0280,Hummingbirds,Audubon broad bird-family group,Birds,broad_audubon_group,,,Broad bird habitat/resource support,Audubon May Attract: Hummingbirds,Audubon plant-resource profile; not bird-group-specific,,Bird-friendly profile support,D - Audubon broad bird-friendly support; not species-level direct interaction,Audubon ZIP 78666 native-plant profile; broad family/guild context,0.07,Central Texas Bird Audubon interactions,National Audubon Society Native Plants Database,https://www.audubon.org/native-plants
PLT0280,Mockingbirds and Thrashers,Audubon broad bird-family group,Birds,broad_audubon_group,,,Broad bird habitat/resource support,Audubon May Attract: Mockingbirds and Thrashers,Audubon plant-resource profile; not bird-group-specific,,Bird-friendly profile support,D - Audubon broad bird-friendly support; not species-level direct interaction,Audubon ZIP 78666 native-plant profile; broad family/guild context,0.07,Central Texas Bird Audubon interactions,National Audubon Society Native Plants Database,https://www.audubon.org/native-plants
PLT0280,New World Sparrows,Audubon broad bird-family group,Birds,broad_audubon_group,,,Broad bird habitat/resource support,Audubon May Attract: New World Sparrows,Audubon plant-resource profile; not bird-group-specific,,Bird-friendly profile support,D - Audubon broad bird-friendly support; not species-level direct interaction,Audubon ZIP 78666 native-plant profile; broad family/guild context,0.07,Central Texas Bird Audubon interactions,National Audubon Society Native Plants Database,https://www.audubon.org/native-plants
PLT0280,Nuthatches,Audubon broad bird-family group,Birds,broad_audubon_group,,,Broad bird habitat/resource support,Audubon May Attract: Nuthatches,Audubon plant-resource profile; not bird-group-specific,,Bird-friendly profile support,D - Audubon broad bird-friendly support; not species-level direct interaction,Audubon ZIP 78666 native-plant profile; broad family/guild context,0.07,Central Texas Bird Audubon interactions,National Audubon Society Native Plants Database,https://www.audubon.org/native-plants
PLT0280,Orioles,Audubon broad bird-family group,Birds,broad_audubon_group,,,Broad bird habitat/resource support,Audubon May Attract: Orioles,Audubon plant-resource profile; not bird-group-specific,,Bird-friendly profile support,D - Audubon broad bird-friendly support; not species-level direct interaction,Audubon ZIP 78666 native-plant profile; broad family/guild context,0.07,Central Texas Bird Audubon interactions,National Audubon Society Native Plants Database,https://www.audubon.org/native-plants
PLT0280,Thrushes,Audubon broad bird-family group,Birds,broad_audubon_group,,,Broad bird habitat/resource support,Audubon May Attract: Thrushes,Audubon plant-resource profile; not bird-group-specific,,Bird-friendly profile support,D - Audubon broad bird-friendly support; not species-level direct interaction,Audubon ZIP 78666 native-plant profile; broad family/guild context,0.07,Central Texas Bird Audubon interactions,National Audubon Society Native Plants Database,https://www.audubon.org/native-plants
PLT0280,Vireos,Audubon broad bird-family group,Birds,broad_audubon_group,,,Broad bird habitat/resource support,Audubon May Attract: Vireos,Audubon plant-resource profile; not bird-group-specific,,Bird-friendly profile support,D - Audubon broad bird-friendly support; not species-level direct interaction,Audubon ZIP 78666 native-plant profile; broad family/guild context,0.07,Central Texas Bird Audubon interactions,National Audubon Society Native Plants Database,https://www.audubon.org/native-plants
PLT0280,Waxwings,Audubon broad bird-family group,Birds,broad_audubon_group,,,Broad bird habitat/resource support,Audubon May Attract: Waxwings,Audubon plant-resource profile; not bird-group-specific,,Bird-friendly profile support,D - Audubon broad bird-friendly support; not species-level direct interaction,Audubon ZIP 78666 native-plant profile; broad family/guild context,0.07,Central Texas Bird Audubon interactions,National Audubon Society Native Plants Database,https://www.audubon.org/native-plants
PLT0280,Wood Warblers,Audubon broad bird-family group,Birds,broad_audubon_group,,,Broad bird habitat/resource support,Audubon May Attract: Wood Warblers,Audubon plant-resource profile; not bird-group-specific,,Bird-friendly profile support,D - Audubon broad bird-friendly support; not species-level direct interaction,Audubon ZIP 78666 native-plant profile; broad family/guild context,0.07,Central Texas Bird Audubon interactions,National Audubon Society Native Plants Database,https://www.audubon.org/native-plants
PLT0280,Woodpeckers,Audubon broad bird-family group,Birds,broad_audubon_group,,,Broad bird habitat/resource support,Audubon May Attract: Woodpeckers,Audubon plant-resource profile; not bird-group-specific,,Bird-friendly profile support,D - Audubon broad bird-friendly support; not species-level direct interaction,Audubon ZIP 78666 native-plant profile; broad family/guild context,0.07,Central Texas Bird Audubon interactions,National Audubon Society Native Plants Database,https://www.audubon.org/native-plants
PLT0280,Wrens,Audubon broad bird-family group,Birds,broad_audubon_group,,,Broad bird habitat/resource support,Audubon May Attract: Wrens,Audubon plant-resource profile; not bird-group-specific,,Bird-friendly profile support,D - Audubon broad bird-friendly support; not species-level direct interaction,Audubon ZIP 78666 native-plant profile; broad family/guild context,0.07,Central Texas Bird Audubon interactions,National Audubon Society Native Plants Database,https://www.audubon.org/native-plants
PLT0283,"Cardinals, Grosbeaks and Buntings",Audubon broad bird-family group,Birds,broad_audubon_group,,,Broad bird habitat/resource support,"Audubon May Attract: Cardinals, Grosbeaks and Buntings",Audubon plant-resource profile; not bird-group-specific,,Bird-friendly profile support,D - Audubon broad bird-friendly support; not species-level direct interaction,Audubon ZIP 78666 native-plant profile; broad family/guild context,0.07,Central Texas Bird Audubon interactions,National Audubon Society Native Plants Database,https://www.audubon.org/native-plants
PLT0283,Chickadees and Titmice,Audubon broad bird-family group,Birds,broad_audubon_group,,,Broad bird habitat/resource support,Audubon May Attract: Chickadees and Titmice,Audubon plant-resource profile; not bird-group-specific,,Bird-friendly profile support,D - Audubon broad bird-friendly support; not species-level direct interaction,Audubon ZIP 78666 native-plant profile; broad family/guild context,0.07,Central Texas Bird Audubon interactions,National Audubon Society Native Plants Database,https://www.audubon.org/native-plants
PLT0283,"Crows, Magpies and Jays",Audubon broad bird-family group,Birds,broad_audubon_group,,,Broad bird habitat/resource support,"Audubon May Attract: Crows, Magpies and Jays",Audubon plant-resource profile; not bird-group-specific,,Bird-friendly profile support,D - Audubon broad bird-friendly support; not species-level direct interaction,Audubon ZIP 78666 native-plant profile; broad family/guild context,0.07,Central Texas Bird Audubon interactions,National Audubon Society Native Plants Database,https://www.audubon.org/native-plants
PLT0283,Finches,Audubon broad bird-family group,Birds,broad_audubon_group,,,Broad bird habitat/resource support,Audubon May Attract: Finches,Audubon plant-resource profile; not bird-group-specific,,Bird-friendly profile support,D - Audubon broad bird-friendly support; not species-level direct interaction,Audubon ZIP 78666 native-plant profile; broad family/guild context,0.07,Central Texas Bird Audubon interactions,National Audubon Society Native Plants Database,https://www.audubon.org/native-plants
PLT0283,Hummingbirds,Audubon broad bird-family group,Birds,broad_audubon_group,,,Broad bird habitat/resource support,Audubon May Attract: Hummingbirds,Audubon plant-resource profile; not bird-group-specific,,Bird-friendly profile support,D - Audubon broad bird-friendly support; not species-level direct interaction,Audubon ZIP 78666 native-plant profile; broad family/guild context,0.07,Central Texas Bird Audubon interactions,National Audubon Society Native Plants Database,https://www.audubon.org/native-plants
PLT0283,Mockingbirds and Thrashers,Audubon broad bird-family group,Birds,broad_audubon_group,,,Broad bird habitat/resource support,Audubon May Attract: Mockingbirds and Thrashers,Audubon plant-resource profile; not bird-group-specific,,Bird-friendly profile support,D - Audubon broad bird-friendly support; not species-level direct interaction,Audubon ZIP 78666 native-plant profile; broad family/guild context,0.07,Central Texas Bird Audubon interactions,National Audubon Society Native Plants Database,https://www.audubon.org/native-plants
PLT0283,New World Sparrows,Audubon broad bird-family group,Birds,broad_audubon_group,,,Broad bird habitat/resource support,Audubon May Attract: New World Sparrows,Audubon plant-resource profile; not bird-group-specific,,Bird-friendly profile support,D - Audubon broad bird-friendly support; not species-level direct interaction,Audubon ZIP 78666 native-plant profile; broad family/guild context,0.07,Central Texas Bird Audubon interactions,National Audubon Society Native Plants Database,https://www.audubon.org/native-plants
PLT0283,Nuthatches,Audubon broad bird-family group,Birds,broad_audubon_group,,,Broad bird habitat/resource support,Audubon May Attract: Nuthatches,Audubon plant-resource profile; not bird-group-specific,,Bird-friendly profile support,D - Audubon broad bird-friendly support; not species-level direct interaction,Audubon ZIP 78666 native-plant profile; broad family/guild context,0.07,Central Texas Bird Audubon interactions,National Audubon Society Native Plants Database,https://www.audubon.org/native-plants
PLT0283,Orioles,Audubon broad bird-family group,Birds,broad_audubon_group,,,Broad bird habitat/resource support,Audubon May Attract: Orioles,Audubon plant-resource profile; not bird-group-specific,,Bird-friendly profile support,D - Audubon broad bird-friendly support; not species-level direct interaction,Audubon ZIP 78666 native-plant profile; broad family/guild context,0.07,Central Texas Bird Audubon interactions,National Audubon Society Native Plants Database,https://www.audubon.org/native-plants
PLT0283,Thrushes,Audubon broad bird-family group,Birds,broad_audubon_group,,,Broad bird habitat/resource support,Audubon May Attract: Thrushes,Audubon plant-resource profile; not bird-group-specific,,Bird-friendly profile support,D - Audubon broad bird-friendly support; not species-level direct interaction,Audubon ZIP 78666 native-plant profile; broad family/guild context,0.07,Central Texas Bird Audubon interactions,National Audubon Society Native Plants Database,https://www.audubon.org/native-plants
PLT0283,Vireos,Audubon broad bird-family group,Birds,broad_audubon_group,,,Broad bird habitat/resource support,Audubon May Attract: Vireos,Audubon plant-resource profile; not bird-group-specific,,Bird-friendly profile support,D - Audubon broad bird-friendly support; not species-level direct interaction,Audubon ZIP 78666 native-plant profile; broad family/guild context,0.07,Central Texas Bird Audubon interactions,National Audubon Society Native Plants Database,https://www.audubon.org/native-plants
PLT0283,Waxwings,Audubon broad bird-family group,Birds,broad_audubon_group,,,Broad bird habitat/resource support,Audubon May Attract: Waxwings,Audubon plant-resource profile; not bird-group-specific,,Bird-friendly profile support,D - Audubon broad bird-friendly support; not species-level direct interaction,Audubon ZIP 78666 native-plant profile; broad family/guild context,0.07,Central Texas Bird Audubon interactions,National Audubon Society Native Plants Database,https://www.audubon.org/native-plants
PLT0283,Wood Warblers,Audubon broad bird-family group,Birds,broad_audubon_group,,,Broad bird habitat/resource support,Audubon May Attract: Wood Warblers,Audubon plant-resource profile; not bird-group-specific,,Bird-friendly profile support,D - Audubon broad bird-friendly support; not species-level direct interaction,Audubon ZIP 78666 native-plant profile; broad family/guild context,0.07,Central Texas Bird Audubon interactions,National Audubon Society Native Plants Database,https://www.audubon.org/native-plants
PLT0283,Woodpeckers,Audubon broad bird-family group,Birds,broad_audubon_group,,,Broad bird habitat/resource support,Audubon May Attract: Woodpeckers,Audubon plant-resource profile; not bird-group-specific,,Bird-friendly profile support,D - Audubon broad bird-friendly support; not species-level direct interaction,Audubon ZIP 78666 native-plant profile; broad family/guild context,0.07,Central Texas Bird Audubon interactions,National Audubon Society Native Plants Database,https://www.audubon.org/native-plants
PLT0283,Wrens,Audubon broad bird-family group,Birds,broad_audubon_group,,,Broad bird habitat/resource support,Audubon May Attract: Wrens,Audubon plant-resource profile; not bird-group-specific,,Bird-friendly profile support,D - Audubon broad bird-friendly support; not species-level direct interaction,Audubon ZIP 78666 native-plant profile; broad family/guild context,0.07,Central Texas Bird Audubon interactions,National Audubon Society Native Plants Database,https://www.audubon.org/native-plants
PLT0287,"Cardinals, Grosbeaks and Buntings",Audubon broad bird-family group,Birds,broad_audubon_group,,,Broad bird habitat/resource support,"Audubon May Attract: Cardinals, Grosbeaks and Buntings",Audubon plant-resource profile; not bird-group-specific,,Bird-friendly profile support,D - Audubon broad bird-friendly support; not species-level direct interaction,Audubon ZIP 78666 native-plant profile; broad family/guild context,0.07,Central Texas Bird Audubon interactions,National Audubon Society Native Plants Database,https://www.audubon.org/native-plants
PLT0287,Chickadees and Titmice,Audubon broad bird-family group,Birds,broad_audubon_group,,,Broad bird habitat/resource support,Audubon May Attract: Chickadees and Titmice,Audubon plant-resource profile; not bird-group-specific,,Bird-friendly profile support,D - Audubon broad bird-friendly support; not species-level direct interaction,Audubon ZIP 78666 native-plant profile; broad family/guild context,0.07,Central Texas Bird Audubon interactions,National Audubon Society Native Plants Database,https://www.audubon.org/native-plants
PLT0287,"Crows, Magpies and Jays",Audubon broad bird-family group,Birds,broad_audubon_group,,,Broad bird habitat/resource support,"Audubon May Attract: Crows, Magpies and Jays",Audubon plant-resource profile; not bird-group-specific,,Bird-friendly profile support,D - Audubon broad bird-friendly support; not species-level direct interaction,Audubon ZIP 78666 native-plant profile; broad family/guild context,0.07,Central Texas Bird Audubon interactions,National Audubon Society Native Plants Database,https://www.audubon.org/native-plants
PLT0287,Finches,Audubon broad bird-family group,Birds,broad_audubon_group,,,Broad bird habitat/resource support,Audubon May Attract: Finches,Audubon plant-resource profile; not bird-group-specific,,Bird-friendly profile support,D - Audubon broad bird-friendly support; not species-level direct interaction,Audubon ZIP 78666 native-plant profile; broad family/guild context,0.07,Central Texas Bird Audubon interactions,National Audubon Society Native Plants Database,https://www.audubon.org/native-plants
PLT0287,Hummingbirds,Audubon broad bird-family group,Birds,broad_audubon_group,,,Broad bird habitat/resource support,Audubon May Attract: Hummingbirds,Audubon plant-resource profile; not bird-group-specific,,Bird-friendly profile support,D - Audubon broad bird-friendly support; not species-level direct interaction,Audubon ZIP 78666 native-plant profile; broad family/guild context,0.07,Central Texas Bird Audubon interactions,National Audubon Society Native Plants Database,https://www.audubon.org/native-plants
PLT0287,Mockingbirds and Thrashers,Audubon broad bird-family group,Birds,broad_audubon_group,,,Broad bird habitat/resource support,Audubon May Attract: Mockingbirds and Thrashers,Audubon plant-resource profile; not bird-group-specific,,Bird-friendly profile support,D - Audubon broad bird-friendly support; not species-level direct interaction,Audubon ZIP 78666 native-plant profile; broad family/guild context,0.07,Central Texas Bird Audubon interactions,National Audubon Society Native Plants Database,https://www.audubon.org/native-plants
PLT0287,New World Sparrows,Audubon broad bird-family group,Birds,broad_audubon_group,,,Broad bird habitat/resource support,Audubon May Attract: New World Sparrows,Audubon plant-resource profile; not bird-group-specific,,Bird-friendly profile support,D - Audubon broad bird-friendly support; not species-level direct interaction,Audubon ZIP 78666 native-plant profile; broad family/guild context,0.07,Central Texas Bird Audubon interactions,National Audubon Society Native Plants Database,https://www.audubon.org/native-plants
PLT0287,Nuthatches,Audubon broad bird-family group,Birds,broad_audubon_group,,,Broad bird habitat/resource support,Audubon May Attract: Nuthatches,Audubon plant-resource profile; not bird-group-specific,,Bird-friendly profile support,D - Audubon broad bird-friendly support; not species-level direct interaction,Audubon ZIP 78666 native-plant profile; broad family/guild context,0.07,Central Texas Bird Audubon interactions,National Audubon Society Native Plants Database,https://www.audubon.org/native-plants
PLT0287,Orioles,Audubon broad bird-family group,Birds,broad_audubon_group,,,Broad bird habitat/resource support,Audubon May Attract: Orioles,Audubon plant-resource profile; not bird-group-specific,,Bird-friendly profile support,D - Audubon broad bird-friendly support; not species-level direct interaction,Audubon ZIP 78666 native-plant profile; broad family/guild context,0.07,Central Texas Bird Audubon interactions,National Audubon Society Native Plants Database,https://www.audubon.org/native-plants
PLT0287,Thrushes,Audubon broad bird-family group,Birds,broad_audubon_group,,,Broad bird habitat/resource support,Audubon May Attract: Thrushes,Audubon plant-resource profile; not bird-group-specific,,Bird-friendly profile support,D - Audubon broad bird-friendly support; not species-level direct interaction,Audubon ZIP 78666 native-plant profile; broad family/guild context,0.07,Central Texas Bird Audubon interactions,National Audubon Society Native Plants Database,https://www.audubon.org/native-plants
PLT0287,Vireos,Audubon broad bird-family group,Birds,broad_audubon_group,,,Broad bird habitat/resource support,Audubon May Attract: Vireos,Audubon plant-resource profile; not bird-group-specific,,Bird-friendly profile support,D - Audubon broad bird-friendly support; not species-level direct interaction,Audubon ZIP 78666 native-plant profile; broad family/guild context,0.07,Central Texas Bird Audubon interactions,National Audubon Society Native Plants Database,https://www.audubon.org/native-plants
PLT0287,Waxwings,Audubon broad bird-family group,Birds,broad_audubon_group,,,Broad bird habitat/resource support,Audubon May Attract: Waxwings,Audubon plant-resource profile; not bird-group-specific,,Bird-friendly profile support,D - Audubon broad bird-friendly support; not species-level direct interaction,Audubon ZIP 78666 native-plant profile; broad family/guild context,0.07,Central Texas Bird Audubon interactions,National Audubon Society Native Plants Database,https://www.audubon.org/native-plants
PLT0287,Wood Warblers,Audubon broad bird-family group,Birds,broad_audubon_group,,,Broad bird habitat/resource support,Audubon May Attract: Wood Warblers,Audubon plant-resource profile; not bird-group-specific,,Bird-friendly profile support,D - Audubon broad bird-friendly support; not species-level direct interaction,Audubon ZIP 78666 native-plant profile; broad family/guild context,0.07,Central Texas Bird Audubon interactions,National Audubon Society Native Plants Database,https://www.audubon.org/native-plants
PLT0287,Woodpeckers,Audubon broad bird-family group,Birds,broad_audubon_group,,,Broad bird habitat/resource support,Audubon May Attract: Woodpeckers,Audubon plant-resource profile; not bird-group-specific,,Bird-friendly profile support,D - Audubon broad bird-friendly support; not species-level direct interaction,Audubon ZIP 78666 native-plant profile; broad family/guild context,0.07,Central Texas Bird Audubon interactions,National Audubon Society Native Plants Database,https://www.audubon.org/native-plants
PLT0287,Wrens,Audubon broad bird-family group,Birds,broad_audubon_group,,,Broad bird habitat/resource support,Audubon May Attract: Wrens,Audubon plant-resource profile; not bird-group-specific,,Bird-friendly profile support,D - Audubon broad bird-friendly support; not species-level direct interaction,Audubon ZIP 78666 native-plant profile; broad family/guild context,0.07,Central Texas Bird Audubon interactions,National Audubon Society Native Plants Database,https://www.audubon.org/native-plants
PLT0288,"Cardinals, Grosbeaks and Buntings",Audubon broad bird-family group,Birds,broad_audubon_group,,,Broad bird habitat/resource support,"Audubon May Attract: Cardinals, Grosbeaks and Buntings",Audubon plant-resource profile; not bird-group-specific,,Bird-friendly profile support,D - Audubon broad bird-friendly support; not species-level direct interaction,Audubon ZIP 78666 native-plant profile; broad family/guild context,0.07,Central Texas Bird Audubon interactions,National Audubon Society Native Plants Database,https://www.audubon.org/native-plants
PLT0288,Chickadees and Titmice,Audubon broad bird-family group,Birds,broad_audubon_group,,,Broad bird habitat/resource support,Audubon May Attract: Chickadees and Titmice,Audubon plant-resource profile; not bird-group-specific,,Bird-friendly profile support,D - Audubon broad bird-friendly support; not species-level direct interaction,Audubon ZIP 78666 native-plant profile; broad family/guild context,0.07,Central Texas Bird Audubon interactions,National Audubon Society Native Plants Database,https://www.audubon.org/native-plants
PLT0288,"Crows, Magpies and Jays",Audubon broad bird-family group,Birds,broad_audubon_group,,,Broad bird habitat/resource support,"Audubon May Attract: Crows, Magpies and Jays",Audubon plant-resource profile; not bird-group-specific,,Bird-friendly profile support,D - Audubon broad bird-friendly support; not species-level direct interaction,Audubon ZIP 78666 native-plant profile; broad family/guild context,0.07,Central Texas Bird Audubon interactions,National Audubon Society Native Plants Database,https://www.audubon.org/native-plants
PLT0288,Finches,Audubon broad bird-family group,Birds,broad_audubon_group,,,Broad bird habitat/resource support,Audubon May Attract: Finches,Audubon plant-resource profile; not bird-group-specific,,Bird-friendly profile support,D - Audubon broad bird-friendly support; not species-level direct interaction,Audubon ZIP 78666 native-plant profile; broad family/guild context,0.07,Central Texas Bird Audubon interactions,National Audubon Society Native Plants Database,https://www.audubon.org/native-plants
PLT0288,Hummingbirds,Audubon broad bird-family group,Birds,broad_audubon_group,,,Broad bird habitat/resource support,Audubon May Attract: Hummingbirds,Audubon plant-resource profile; not bird-group-specific,,Bird-friendly profile support,D - Audubon broad bird-friendly support; not species-level direct interaction,Audubon ZIP 78666 native-plant profile; broad family/guild context,0.07,Central Texas Bird Audubon interactions,National Audubon Society Native Plants Database,https://www.audubon.org/native-plants
PLT0288,Mockingbirds and Thrashers,Audubon broad bird-family group,Birds,broad_audubon_group,,,Broad bird habitat/resource support,Audubon May Attract: Mockingbirds and Thrashers,Audubon plant-resource profile; not bird-group-specific,,Bird-friendly profile support,D - Audubon broad bird-friendly support; not species-level direct interaction,Audubon ZIP 78666 native-plant profile; broad family/guild context,0.07,Central Texas Bird Audubon interactions,National Audubon Society Native Plants Database,https://www.audubon.org/native-plants
PLT0288,New World Sparrows,Audubon broad bird-family group,Birds,broad_audubon_group,,,Broad bird habitat/resource support,Audubon May Attract: New World Sparrows,Audubon plant-resource profile; not bird-group-specific,,Bird-friendly profile support,D - Audubon broad bird-friendly support; not species-level direct interaction,Audubon ZIP 78666 native-plant profile; broad family/guild context,0.07,Central Texas Bird Audubon interactions,National Audubon Society Native Plants Database,https://www.audubon.org/native-plants
PLT0288,Nuthatches,Audubon broad bird-family group,Birds,broad_audubon_group,,,Broad bird habitat/resource support,Audubon May Attract: Nuthatches,Audubon plant-resource profile; not bird-group-specific,,Bird-friendly profile support,D - Audubon broad bird-friendly support; not species-level direct interaction,Audubon ZIP 78666 native-plant profile; broad family/guild context,0.07,Central Texas Bird Audubon interactions,National Audubon Society Native Plants Database,https://www.audubon.org/native-plants
PLT0288,Orioles,Audubon broad bird-family group,Birds,broad_audubon_group,,,Broad bird habitat/resource support,Audubon May Attract: Orioles,Audubon plant-resource profile; not bird-group-specific,,Bird-friendly profile support,D - Audubon broad bird-friendly support; not species-level direct interaction,Audubon ZIP 78666 native-plant profile; broad family/guild context,0.07,Central Texas Bird Audubon interactions,National Audubon Society Native Plants Database,https://www.audubon.org/native-plants
PLT0288,Thrushes,Audubon broad bird-family group,Birds,broad_audubon_group,,,Broad bird habitat/resource support,Audubon May Attract: Thrushes,Audubon plant-resource profile; not bird-group-specific,,Bird-friendly profile support,D - Audubon broad bird-friendly support; not species-level direct interaction,Audubon ZIP 78666 native-plant profile; broad family/guild context,0.07,Central Texas Bird Audubon interactions,National Audubon Society Native Plants Database,https://www.audubon.org/native-plants
PLT0288,Vireos,Audubon broad bird-family group,Birds,broad_audubon_group,,,Broad bird habitat/resource support,Audubon May Attract: Vireos,Audubon plant-resource profile; not bird-group-specific,,Bird-friendly profile support,D - Audubon broad bird-friendly support; not species-level direct interaction,Audubon ZIP 78666 native-plant profile; broad family/guild context,0.07,Central Texas Bird Audubon interactions,National Audubon Society Native Plants Database,https://www.audubon.org/native-plants
PLT0288,Waxwings,Audubon broad bird-family group,Birds,broad_audubon_group,,,Broad bird habitat/resource support,Audubon May Attract: Waxwings,Audubon plant-resource profile; not bird-group-specific,,Bird-friendly profile support,D - Audubon broad bird-friendly support; not species-level direct interaction,Audubon ZIP 78666 native-plant profile; broad family/guild context,0.07,Central Texas Bird Audubon interactions,National Audubon Society Native Plants Database,https://www.audubon.org/native-plants
PLT0288,Wood Warblers,Audubon broad bird-family group,Birds,broad_audubon_group,,,Broad bird habitat/resource support,Audubon May Attract: Wood Warblers,Audubon plant-resource profile; not bird-group-specific,,Bird-friendly profile support,D - Audubon broad bird-friendly support; not species-level direct interaction,Audubon ZIP 78666 native-plant profile; broad family/guild context,0.07,Central Texas Bird Audubon interactions,National Audubon Society Native Plants Database,https://www.audubon.org/native-plants
PLT0288,Woodpeckers,Audubon broad bird-family group,Birds,broad_audubon_group,,,Broad bird habitat/resource support,Audubon May Attract: Woodpeckers,Audubon plant-resource profile; not bird-group-specific,,Bird-friendly profile support,D - Audubon broad bird-friendly support; not species-level direct interaction,Audubon ZIP 78666 native-plant profile; broad family/guild context,0.07,Central Texas Bird Audubon interactions,National Audubon Society Native Plants Database,https://www.audubon.org/native-plants
PLT0288,Wrens,Audubon broad bird-family group,Birds,broad_audubon_group,,,Broad bird habitat/resource support,Audubon May Attract: Wrens,Audubon plant-resource profile; not bird-group-specific,,Bird-friendly profile support,D - Audubon broad bird-friendly support; not species-level direct interaction,Audubon ZIP 78666 native-plant profile; broad family/guild context,0.07,Central Texas Bird Audubon interactions,National Audubon Society Native Plants Database,https://www.audubon.org/native-plants
PLT0289,"Cardinals, Grosbeaks and Buntings",Audubon broad bird-family group,Birds,broad_audubon_group,,,Broad bird habitat/resource support,"Audubon May Attract: Cardinals, Grosbeaks and Buntings",Audubon plant-resource profile; not bird-group-specific,,Bird-friendly profile support,D - Audubon broad bird-friendly support; not species-level direct interaction,Audubon ZIP 78666 native-plant profile; broad family/guild context,0.07,Central Texas Bird Audubon interactions,National Audubon Society Native Plants Database,https://www.audubon.org/native-plants
PLT0289,Chickadees and Titmice,Audubon broad bird-family group,Birds,broad_audubon_group,,,Broad bird habitat/resource support,Audubon May Attract: Chickadees and Titmice,Audubon plant-resource profile; not bird-group-specific,,Bird-friendly profile support,D - Audubon broad bird-friendly support; not species-level direct interaction,Audubon ZIP 78666 native-plant profile; broad family/guild context,0.07,Central Texas Bird Audubon interactions,National Audubon Society Native Plants Database,https://www.audubon.org/native-plants
PLT0289,"Crows, Magpies and Jays",Audubon broad bird-family group,Birds,broad_audubon_group,,,Broad bird habitat/resource support,"Audubon May Attract: Crows, Magpies and Jays",Audubon plant-resource profile; not bird-group-specific,,Bird-friendly profile support,D - Audubon broad bird-friendly support; not species-level direct interaction,Audubon ZIP 78666 native-plant profile; broad family/guild context,0.07,Central Texas Bird Audubon interactions,National Audubon Society Native Plants Database,https://www.audubon.org/native-plants
PLT0289,Finches,Audubon broad bird-family group,Birds,broad_audubon_group,,,Broad bird habitat/resource support,Audubon May Attract: Finches,Audubon plant-resource profile; not bird-group-specific,,Bird-friendly profile support,D - Audubon broad bird-friendly support; not species-level direct interaction,Audubon ZIP 78666 native-plant profile; broad family/guild context,0.07,Central Texas Bird Audubon interactions,National Audubon Society Native Plants Database,https://www.audubon.org/native-plants
PLT0289,Hummingbirds,Audubon broad bird-family group,Birds,broad_audubon_group,,,Broad bird habitat/resource support,Audubon May Attract: Hummingbirds,Audubon plant-resource profile; not bird-group-specific,,Bird-friendly profile support,D - Audubon broad bird-friendly support; not species-level direct interaction,Audubon ZIP 78666 native-plant profile; broad family/guild context,0.07,Central Texas Bird Audubon interactions,National Audubon Society Native Plants Database,https://www.audubon.org/native-plants
PLT0289,Mockingbirds and Thrashers,Audubon broad bird-family group,Birds,broad_audubon_group,,,Broad bird habitat/resource support,Audubon May Attract: Mockingbirds and Thrashers,Audubon plant-resource profile; not bird-group-specific,,Bird-friendly profile support,D - Audubon broad bird-friendly support; not species-level direct interaction,Audubon ZIP 78666 native-plant profile; broad family/guild context,0.07,Central Texas Bird Audubon interactions,National Audubon Society Native Plants Database,https://www.audubon.org/native-plants
PLT0289,New World Sparrows,Audubon broad bird-family group,Birds,broad_audubon_group,,,Broad bird habitat/resource support,Audubon May Attract: New World Sparrows,Audubon plant-resource profile; not bird-group-specific,,Bird-friendly profile support,D - Audubon broad bird-friendly support; not species-level direct interaction,Audubon ZIP 78666 native-plant profile; broad family/guild context,0.07,Central Texas Bird Audubon interactions,National Audubon Society Native Plants Database,https://www.audubon.org/native-plants
PLT0289,Nuthatches,Audubon broad bird-family group,Birds,broad_audubon_group,,,Broad bird habitat/resource support,Audubon May Attract: Nuthatches,Audubon plant-resource profile; not bird-group-specific,,Bird-friendly profile support,D - Audubon broad bird-friendly support; not species-level direct interaction,Audubon ZIP 78666 native-plant profile; broad family/guild context,0.07,Central Texas Bird Audubon interactions,National Audubon Society Native Plants Database,https://www.audubon.org/native-plants
PLT0289,Orioles,Audubon broad bird-family group,Birds,broad_audubon_group,,,Broad bird habitat/resource support,Audubon May Attract: Orioles,Audubon plant-resource profile; not bird-group-specific,,Bird-friendly profile support,D - Audubon broad bird-friendly support; not species-level direct interaction,Audubon ZIP 78666 native-plant profile; broad family/guild context,0.07,Central Texas Bird Audubon interactions,National Audubon Society Native Plants Database,https://www.audubon.org/native-plants
PLT0289,Thrushes,Audubon broad bird-family group,Birds,broad_audubon_group,,,Broad bird habitat/resource support,Audubon May Attract: Thrushes,Audubon plant-resource profile; not bird-group-specific,,Bird-friendly profile support,D - Audubon broad bird-friendly support; not species-level direct interaction,Audubon ZIP 78666 native-plant profile; broad family/guild context,0.07,Central Texas Bird Audubon interactions,National Audubon Society Native Plants Database,https://www.audubon.org/native-plants
PLT0289,Vireos,Audubon broad bird-family group,Birds,broad_audubon_group,,,Broad bird habitat/resource support,Audubon May Attract: Vireos,Audubon plant-resource profile; not bird-group-specific,,Bird-friendly profile support,D - Audubon broad bird-friendly support; not species-level direct interaction,Audubon ZIP 78666 native-plant profile; broad family/guild context,0.07,Central Texas Bird Audubon interactions,National Audubon Society Native Plants Database,https://www.audubon.org/native-plants
PLT0289,Waxwings,Audubon broad bird-family group,Birds,broad_audubon_group,,,Broad bird habitat/resource support,Audubon May Attract: Waxwings,Audubon plant-resource profile; not bird-group-specific,,Bird-friendly profile support,D - Audubon broad bird-friendly support; not species-level direct interaction,Audubon ZIP 78666 native-plant profile; broad family/guild context,0.07,Central Texas Bird Audubon interactions,National Audubon Society Native Plants Database,https://www.audubon.org/native-plants
PLT0289,Wood Warblers,Audubon broad bird-family group,Birds,broad_audubon_group,,,Broad bird habitat/resource support,Audubon May Attract: Wood Warblers,Audubon plant-resource profile; not bird-group-specific,,Bird-friendly profile support,D - Audubon broad bird-friendly support; not species-level direct interaction,Audubon ZIP 78666 native-plant profile; broad family/guild context,0.07,Central Texas Bird Audubon interactions,National Audubon Society Native Plants Database,https://www.audubon.org/native-plants
PLT0289,Woodpeckers,Audubon broad bird-family group,Birds,broad_audubon_group,,,Broad bird habitat/resource support,Audubon May Attract: Woodpeckers,Audubon plant-resource profile; not bird-group-specific,,Bird-friendly profile support,D - Audubon broad bird-friendly support; not species-level direct interaction,Audubon ZIP 78666 native-plant profile; broad family/guild context,0.07,Central Texas Bird Audubon interactions,National Audubon Society Native Plants Database,https://www.audubon.org/native-plants
PLT0289,Wrens,Audubon broad bird-family group,Birds,broad_audubon_group,,,Broad bird habitat/resource support,Audubon May Attract: Wrens,Audubon plant-resource profile; not bird-group-specific,,Bird-friendly profile support,D - Audubon broad bird-friendly support; not species-level direct interaction,Audubon ZIP 78666 native-plant profile; broad family/guild context,0.07,Central Texas Bird Audubon interactions,National Audubon Society Native Plants Database,https://www.audubon.org/native-plants
PLT0290,"Cardinals, Grosbeaks and Buntings",Audubon broad bird-family group,Birds,broad_audubon_group,,,Broad bird habitat/resource support,"Audubon May Attract: Cardinals, Grosbeaks and Buntings",Audubon plant-resource profile; not bird-group-specific,,Bird-friendly profile support,D - Audubon broad bird-friendly support; not species-level direct interaction,Audubon ZIP 78666 native-plant profile; broad family/guild context,0.07,Central Texas Bird Audubon interactions,National Audubon Society Native Plants Database,https://www.audubon.org/native-plants
PLT0290,Chickadees and Titmice,Audubon broad bird-family group,Birds,broad_audubon_group,,,Broad bird habitat/resource support,Audubon May Attract: Chickadees and Titmice,Audubon plant-resource profile; not bird-group-specific,,Bird-friendly profile support,D - Audubon broad bird-friendly support; not species-level direct interaction,Audubon ZIP 78666 native-plant profile; broad family/guild context,0.07,Central Texas Bird Audubon interactions,National Audubon Society Native Plants Database,https://www.audubon.org/native-plants
PLT0290,"Crows, Magpies and Jays",Audubon broad bird-family group,Birds,broad_audubon_group,,,Broad bird habitat/resource support,"Audubon May Attract: Crows, Magpies and Jays",Audubon plant-resource profile; not bird-group-specific,,Bird-friendly profile support,D - Audubon broad bird-friendly support; not species-level direct interaction,Audubon ZIP 78666 native-plant profile; broad family/guild context,0.07,Central Texas Bird Audubon interactions,National Audubon Society Native Plants Database,https://www.audubon.org/native-plants
PLT0290,Finches,Audubon broad bird-family group,Birds,broad_audubon_group,,,Broad bird habitat/resource support,Audubon May Attract: Finches,Audubon plant-resource profile; not bird-group-specific,,Bird-friendly profile support,D - Audubon broad bird-friendly support; not species-level direct interaction,Audubon ZIP 78666 native-plant profile; broad family/guild context,0.07,Central Texas Bird Audubon interactions,National Audubon Society Native Plants Database,https://www.audubon.org/native-plants
PLT0290,Hummingbirds,Audubon broad bird-family group,Birds,broad_audubon_group,,,Broad bird habitat/resource support,Audubon May Attract: Hummingbirds,Audubon plant-resource profile; not bird-group-specific,,Bird-friendly profile support,D - Audubon broad bird-friendly support; not species-level direct interaction,Audubon ZIP 78666 native-plant profile; broad family/guild context,0.07,Central Texas Bird Audubon interactions,National Audubon Society Native Plants Database,https://www.audubon.org/native-plants
PLT0290,Mockingbirds and Thrashers,Audubon broad bird-family group,Birds,broad_audubon_group,,,Broad bird habitat/resource support,Audubon May Attract: Mockingbirds and Thrashers,Audubon plant-resource profile; not bird-group-specific,,Bird-friendly profile support,D - Audubon broad bird-friendly support; not species-level direct interaction,Audubon ZIP 78666 native-plant profile; broad family/guild context,0.07,Central Texas Bird Audubon interactions,National Audubon Society Native Plants Database,https://www.audubon.org/native-plants
PLT0290,New World Sparrows,Audubon broad bird-family group,Birds,broad_audubon_group,,,Broad bird habitat/resource support,Audubon May Attract: New World Sparrows,Audubon plant-resource profile; not bird-group-specific,,Bird-friendly profile support,D - Audubon broad bird-friendly support; not species-level direct interaction,Audubon ZIP 78666 native-plant profile; broad family/guild context,0.07,Central Texas Bird Audubon interactions,National Audubon Society Native Plants Database,https://www.audubon.org/native-plants
PLT0290,Nuthatches,Audubon broad bird-family group,Birds,broad_audubon_group,,,Broad bird habitat/resource support,Audubon May Attract: Nuthatches,Audubon plant-resource profile; not bird-group-specific,,Bird-friendly profile support,D - Audubon broad bird-friendly support; not species-level direct interaction,Audubon ZIP 78666 native-plant profile; broad family/guild context,0.07,Central Texas Bird Audubon interactions,National Audubon Society Native Plants Database,https://www.audubon.org/native-plants
PLT0290,Orioles,Audubon broad bird-family group,Birds,broad_audubon_group,,,Broad bird habitat/resource support,Audubon May Attract: Orioles,Audubon plant-resource profile; not bird-group-specific,,Bird-friendly profile support,D - Audubon broad bird-friendly support; not species-level direct interaction,Audubon ZIP 78666 native-plant profile; broad family/guild context,0.07,Central Texas Bird Audubon interactions,National Audubon Society Native Plants Database,https://www.audubon.org/native-plants
PLT0290,Thrushes,Audubon broad bird-family group,Birds,broad_audubon_group,,,Broad bird habitat/resource support,Audubon May Attract: Thrushes,Audubon plant-resource profile; not bird-group-specific,,Bird-friendly profile support,D - Audubon broad bird-friendly support; not species-level direct interaction,Audubon ZIP 78666 native-plant profile; broad family/guild context,0.07,Central Texas Bird Audubon interactions,National Audubon Society Native Plants Database,https://www.audubon.org/native-plants
PLT0290,Vireos,Audubon broad bird-family group,Birds,broad_audubon_group,,,Broad bird habitat/resource support,Audubon May Attract: Vireos,Audubon plant-resource profile; not bird-group-specific,,Bird-friendly profile support,D - Audubon broad bird-friendly support; not species-level direct interaction,Audubon ZIP 78666 native-plant profile; broad family/guild context,0.07,Central Texas Bird Audubon interactions,National Audubon Society Native Plants Database,https://www.audubon.org/native-plants
PLT0290,Waxwings,Audubon broad bird-family group,Birds,broad_audubon_group,,,Broad bird habitat/resource support,Audubon May Attract: Waxwings,Audubon plant-resource profile; not bird-group-specific,,Bird-friendly profile support,D - Audubon broad bird-friendly support; not species-level direct interaction,Audubon ZIP 78666 native-plant profile; broad family/guild context,0.07,Central Texas Bird Audubon interactions,National Audubon Society Native Plants Database,https://www.audubon.org/native-plants
PLT0290,Wood Warblers,Audubon broad bird-family group,Birds,broad_audubon_group,,,Broad bird habitat/resource support,Audubon May Attract: Wood Warblers,Audubon plant-resource profile; not bird-group-specific,,Bird-friendly profile support,D - Audubon broad bird-friendly support; not species-level direct interaction,Audubon ZIP 78666 native-plant profile; broad family/guild context,0.07,Central Texas Bird Audubon interactions,National Audubon Society Native Plants Database,https://www.audubon.org/native-plants
PLT0290,Woodpeckers,Audubon broad bird-family group,Birds,broad_audubon_group,,,Broad bird habitat/resource support,Audubon May Attract: Woodpeckers,Audubon plant-resource profile; not bird-group-specific,,Bird-friendly profile support,D - Audubon broad bird-friendly support; not species-level direct interaction,Audubon ZIP 78666 native-plant profile; broad family/guild context,0.07,Central Texas Bird Audubon interactions,National Audubon Society Native Plants Database,https://www.audubon.org/native-plants
PLT0290,Wrens,Audubon broad bird-family group,Birds,broad_audubon_group,,,Broad bird habitat/resource support,Audubon May Attract: Wrens,Audubon plant-resource profile; not bird-group-specific,,Bird-friendly profile support,D - Audubon broad bird-friendly support; not species-level direct interaction,Audubon ZIP 78666 native-plant profile; broad family/guild context,0.07,Central Texas Bird Audubon interactions,National Audubon Society Native Plants Database,https://www.audubon.org/native-plants
PLT0294,"Cardinals, Grosbeaks and Buntings",Audubon broad bird-family group,Birds,broad_audubon_group,,,Broad bird habitat/resource support,"Audubon May Attract: Cardinals, Grosbeaks and Buntings",Audubon plant-resource profile; not bird-group-specific,,Bird-friendly profile support,D - Audubon broad bird-friendly support; not species-level direct interaction,Audubon ZIP 78666 native-plant profile; broad family/guild context,0.07,Central Texas Bird Audubon interactions,National Audubon Society Native Plants Database,https://www.audubon.org/native-plants
PLT0294,Chickadees and Titmice,Audubon broad bird-family group,Birds,broad_audubon_group,,,Broad bird habitat/resource support,Audubon May Attract: Chickadees and Titmice,Audubon plant-resource profile; not bird-group-specific,,Bird-friendly profile support,D - Audubon broad bird-friendly support; not species-level direct interaction,Audubon ZIP 78666 native-plant profile; broad family/guild context,0.07,Central Texas Bird Audubon interactions,National Audubon Society Native Plants Database,https://www.audubon.org/native-plants
PLT0294,"Crows, Magpies and Jays",Audubon broad bird-family group,Birds,broad_audubon_group,,,Broad bird habitat/resource support,"Audubon May Attract: Crows, Magpies and Jays",Audubon plant-resource profile; not bird-group-specific,,Bird-friendly profile support,D - Audubon broad bird-friendly support; not species-level direct interaction,Audubon ZIP 78666 native-plant profile; broad family/guild context,0.07,Central Texas Bird Audubon interactions,National Audubon Society Native Plants Database,https://www.audubon.org/native-plants
PLT0294,Finches,Audubon broad bird-family group,Birds,broad_audubon_group,,,Broad bird habitat/resource support,Audubon May Attract: Finches,Audubon plant-resource profile; not bird-group-specific,,Bird-friendly profile support,D - Audubon broad bird-friendly support; not species-level direct interaction,Audubon ZIP 78666 native-plant profile; broad family/guild context,0.07,Central Texas Bird Audubon interactions,National Audubon Society Native Plants Database,https://www.audubon.org/native-plants
PLT0294,Hummingbirds,Audubon broad bird-family group,Birds,broad_audubon_group,,,Broad bird habitat/resource support,Audubon May Attract: Hummingbirds,Audubon plant-resource profile; not bird-group-specific,,Bird-friendly profile support,D - Audubon broad bird-friendly support; not species-level direct interaction,Audubon ZIP 78666 native-plant profile; broad family/guild context,0.07,Central Texas Bird Audubon interactions,National Audubon Society Native Plants Database,https://www.audubon.org/native-plants
PLT0294,Mockingbirds and Thrashers,Audubon broad bird-family group,Birds,broad_audubon_group,,,Broad bird habitat/resource support,Audubon May Attract: Mockingbirds and Thrashers,Audubon plant-resource profile; not bird-group-specific,,Bird-friendly profile support,D - Audubon broad bird-friendly support; not species-level direct interaction,Audubon ZIP 78666 native-plant profile; broad family/guild context,0.07,Central Texas Bird Audubon interactions,National Audubon Society Native Plants Database,https://www.audubon.org/native-plants
PLT0294,New World Sparrows,Audubon broad bird-family group,Birds,broad_audubon_group,,,Broad bird habitat/resource support,Audubon May Attract: New World Sparrows,Audubon plant-resource profile; not bird-group-specific,,Bird-friendly profile support,D - Audubon broad bird-friendly support; not species-level direct interaction,Audubon ZIP 78666 native-plant profile; broad family/guild context,0.07,Central Texas Bird Audubon interactions,National Audubon Society Native Plants Database,https://www.audubon.org/native-plants
PLT0294,Nuthatches,Audubon broad bird-family group,Birds,broad_audubon_group,,,Broad bird habitat/resource support,Audubon May Attract: Nuthatches,Audubon plant-resource profile; not bird-group-specific,,Bird-friendly profile support,D - Audubon broad bird-friendly support; not species-level direct interaction,Audubon ZIP 78666 native-plant profile; broad family/guild context,0.07,Central Texas Bird Audubon interactions,National Audubon Society Native Plants Database,https://www.audubon.org/native-plants
PLT0294,Orioles,Audubon broad bird-family group,Birds,broad_audubon_group,,,Broad bird habitat/resource support,Audubon May Attract: Orioles,Audubon plant-resource profile; not bird-group-specific,,Bird-friendly profile support,D - Audubon broad bird-friendly support; not species-level direct interaction,Audubon ZIP 78666 native-plant profile; broad family/guild context,0.07,Central Texas Bird Audubon interactions,National Audubon Society Native Plants Database,https://www.audubon.org/native-plants
PLT0294,Thrushes,Audubon broad bird-family group,Birds,broad_audubon_group,,,Broad bird habitat/resource support,Audubon May Attract: Thrushes,Audubon plant-resource profile; not bird-group-specific,,Bird-friendly profile support,D - Audubon broad bird-friendly support; not species-level direct interaction,Audubon ZIP 78666 native-plant profile; broad family/guild context,0.07,Central Texas Bird Audubon interactions,National Audubon Society Native Plants Database,https://www.audubon.org/native-plants
PLT0294,Vireos,Audubon broad bird-family group,Birds,broad_audubon_group,,,Broad bird habitat/resource support,Audubon May Attract: Vireos,Audubon plant-resource profile; not bird-group-specific,,Bird-friendly profile support,D - Audubon broad bird-friendly support; not species-level direct interaction,Audubon ZIP 78666 native-plant profile; broad family/guild context,0.07,Central Texas Bird Audubon interactions,National Audubon Society Native Plants Database,https://www.audubon.org/native-plants
PLT0294,Waxwings,Audubon broad bird-family group,Birds,broad_audubon_group,,,Broad bird habitat/resource support,Audubon May Attract: Waxwings,Audubon plant-resource profile; not bird-group-specific,,Bird-friendly profile support,D - Audubon broad bird-friendly support; not species-level direct interaction,Audubon ZIP 78666 native-plant profile; broad family/guild context,0.07,Central Texas Bird Audubon interactions,National Audubon Society Native Plants Database,https://www.audubon.org/native-plants
PLT0294,Wood Warblers,Audubon broad bird-family group,Birds,broad_audubon_group,,,Broad bird habitat/resource support,Audubon May Attract: Wood Warblers,Audubon plant-resource profile; not bird-group-specific,,Bird-friendly profile support,D - Audubon broad bird-friendly support; not species-level direct interaction,Audubon ZIP 78666 native-plant profile; broad family/guild context,0.07,Central Texas Bird Audubon interactions,National Audubon Society Native Plants Database,https://www.audubon.org/native-plants
PLT0294,Woodpeckers,Audubon broad bird-family group,Birds,broad_audubon_group,,,Broad bird habitat/resource support,Audubon May Attract: Woodpeckers,Audubon plant-resource profile; not bird-group-specific,,Bird-friendly profile support,D - Audubon broad bird-friendly support; not species-level direct interaction,Audubon ZIP 78666 native-plant profile; broad family/guild context,0.07,Central Texas Bird Audubon interactions,National Audubon Society Native Plants Database,https://www.audubon.org/native-plants
PLT0294,Wrens,Audubon broad bird-family group,Birds,broad_audubon_group,,,Broad bird habitat/resource support,Audubon May Attract: Wrens,Audubon plant-resource profile; not bird-group-specific,,Bird-friendly profile support,D - Audubon broad bird-friendly support; not species-level direct interaction,Audubon ZIP 78666 native-plant profile; broad family/guild context,0.07,Central Texas Bird Audubon interactions,National Audubon Society Native Plants Database,https://www.audubon.org/native-plants
PLT0301,"Cardinals, Grosbeaks and Buntings",Audubon broad bird-family group,Birds,broad_audubon_group,,,Broad bird habitat/resource support,"Audubon May Attract: Cardinals, Grosbeaks and Buntings",Audubon plant-resource profile; not bird-group-specific,,Bird-friendly profile support,D - Audubon broad bird-friendly support; not species-level direct interaction,Audubon ZIP 78666 native-plant profile; broad family/guild context,0.07,Central Texas Bird Audubon interactions,National Audubon Society Native Plants Database,https://www.audubon.org/native-plants
PLT0301,Chickadees and Titmice,Audubon broad bird-family group,Birds,broad_audubon_group,,,Broad bird habitat/resource support,Audubon May Attract: Chickadees and Titmice,Audubon plant-resource profile; not bird-group-specific,,Bird-friendly profile support,D - Audubon broad bird-friendly support; not species-level direct interaction,Audubon ZIP 78666 native-plant profile; broad family/guild context,0.07,Central Texas Bird Audubon interactions,National Audubon Society Native Plants Database,https://www.audubon.org/native-plants
PLT0301,"Crows, Magpies and Jays",Audubon broad bird-family group,Birds,broad_audubon_group,,,Broad bird habitat/resource support,"Audubon May Attract: Crows, Magpies and Jays",Audubon plant-resource profile; not bird-group-specific,,Bird-friendly profile support,D - Audubon broad bird-friendly support; not species-level direct interaction,Audubon ZIP 78666 native-plant profile; broad family/guild context,0.07,Central Texas Bird Audubon interactions,National Audubon Society Native Plants Database,https://www.audubon.org/native-plants
PLT0301,Finches,Audubon broad bird-family group,Birds,broad_audubon_group,,,Broad bird habitat/resource support,Audubon May Attract: Finches,Audubon plant-resource profile; not bird-group-specific,,Bird-friendly profile support,D - Audubon broad bird-friendly support; not species-level direct interaction,Audubon ZIP 78666 native-plant profile; broad family/guild context,0.07,Central Texas Bird Audubon interactions,National Audubon Society Native Plants Database,https://www.audubon.org/native-plants
PLT0301,Hummingbirds,Audubon broad bird-family group,Birds,broad_audubon_group,,,Broad bird habitat/resource support,Audubon May Attract: Hummingbirds,Audubon plant-resource profile; not bird-group-specific,,Bird-friendly profile support,D - Audubon broad bird-friendly support; not species-level direct interaction,Audubon ZIP 78666 native-plant profile; broad family/guild context,0.07,Central Texas Bird Audubon interactions,National Audubon Society Native Plants Database,https://www.audubon.org/native-plants
PLT0301,Mockingbirds and Thrashers,Audubon broad bird-family group,Birds,broad_audubon_group,,,Broad bird habitat/resource support,Audubon May Attract: Mockingbirds and Thrashers,Audubon plant-resource profile; not bird-group-specific,,Bird-friendly profile support,D - Audubon broad bird-friendly support; not species-level direct interaction,Audubon ZIP 78666 native-plant profile; broad family/guild context,0.07,Central Texas Bird Audubon interactions,National Audubon Society Native Plants Database,https://www.audubon.org/native-plants
PLT0301,New World Sparrows,Audubon broad bird-family group,Birds,broad_audubon_group,,,Broad bird habitat/resource support,Audubon May Attract: New World Sparrows,Audubon plant-resource profile; not bird-group-specific,,Bird-friendly profile support,D - Audubon broad bird-friendly support; not species-level direct interaction,Audubon ZIP 78666 native-plant profile; broad family/guild context,0.07,Central Texas Bird Audubon interactions,National Audubon Society Native Plants Database,https://www.audubon.org/native-plants
PLT0301,Nuthatches,Audubon broad bird-family group,Birds,broad_audubon_group,,,Broad bird habitat/resource support,Audubon May Attract: Nuthatches,Audubon plant-resource profile; not bird-group-specific,,Bird-friendly profile support,D - Audubon broad bird-friendly support; not species-level direct interaction,Audubon ZIP 78666 native-plant profile; broad family/guild context,0.07,Central Texas Bird Audubon interactions,National Audubon Society Native Plants Database,https://www.audubon.org/native-plants
PLT0301,Orioles,Audubon broad bird-family group,Birds,broad_audubon_group,,,Broad bird habitat/resource support,Audubon May Attract: Orioles,Audubon plant-resource profile; not bird-group-specific,,Bird-friendly profile support,D - Audubon broad bird-friendly support; not species-level direct interaction,Audubon ZIP 78666 native-plant profile; broad family/guild context,0.07,Central Texas Bird Audubon interactions,National Audubon Society Native Plants Database,https://www.audubon.org/native-plants
PLT0301,Thrushes,Audubon broad bird-family group,Birds,broad_audubon_group,,,Broad bird habitat/resource support,Audubon May Attract: Thrushes,Audubon plant-resource profile; not bird-group-specific,,Bird-friendly profile support,D - Audubon broad bird-friendly support; not species-level direct interaction,Audubon ZIP 78666 native-plant profile; broad family/guild context,0.07,Central Texas Bird Audubon interactions,National Audubon Society Native Plants Database,https://www.audubon.org/native-plants
PLT0301,Vireos,Audubon broad bird-family group,Birds,broad_audubon_group,,,Broad bird habitat/resource support,Audubon May Attract: Vireos,Audubon plant-resource profile; not bird-group-specific,,Bird-friendly profile support,D - Audubon broad bird-friendly support; not species-level direct interaction,Audubon ZIP 78666 native-plant profile; broad family/guild context,0.07,Central Texas Bird Audubon interactions,National Audubon Society Native Plants Database,https://www.audubon.org/native-plants
PLT0301,Waxwings,Audubon broad bird-family group,Birds,broad_audubon_group,,,Broad bird habitat/resource support,Audubon May Attract: Waxwings,Audubon plant-resource profile; not bird-group-specific,,Bird-friendly profile support,D - Audubon broad bird-friendly support; not species-level direct interaction,Audubon ZIP 78666 native-plant profile; broad family/guild context,0.07,Central Texas Bird Audubon interactions,National Audubon Society Native Plants Database,https://www.audubon.org/native-plants
PLT0301,Wood Warblers,Audubon broad bird-family group,Birds,broad_audubon_group,,,Broad bird habitat/resource support,Audubon May Attract: Wood Warblers,Audubon plant-resource profile; not bird-group-specific,,Bird-friendly profile support,D - Audubon broad bird-friendly support; not species-level direct interaction,Audubon ZIP 78666 native-plant profile; broad family/guild context,0.07,Central Texas Bird Audubon interactions,National Audubon Society Native Plants Database,https://www.audubon.org/native-plants
PLT0301,Woodpeckers,Audubon broad bird-family group,Birds,broad_audubon_group,,,Broad bird habitat/resource support,Audubon May Attract: Woodpeckers,Audubon plant-resource profile; not bird-group-specific,,Bird-friendly profile support,D - Audubon broad bird-friendly support; not species-level direct interaction,Audubon ZIP 78666 native-plant profile; broad family/guild context,0.07,Central Texas Bird Audubon interactions,National Audubon Society Native Plants Database,https://www.audubon.org/native-plants
PLT0301,Wrens,Audubon broad bird-family group,Birds,broad_audubon_group,,,Broad bird habitat/resource support,Audubon May Attract: Wrens,Audubon plant-resource profile; not bird-group-specific,,Bird-friendly profile support,D - Audubon broad bird-friendly support; not species-level direct interaction,Audubon ZIP 78666 native-plant profile; broad family/guild context,0.07,Central Texas Bird Audubon interactions,National Audubon Society Native Plants Database,https://www.audubon.org/native-plants
