plant_scientific_name,plant_common_name,plant_type,evidence_source,source_url_or_citation,audubon_attributes_original,audubon_attributes_normalized,bird_common_name,bird_group_original,bird_scientific_name,rank,interaction_class,interaction_type,direct_species_interaction,direct_food_interaction,score_use,evidence_level,evidence_notes
Tilia americana,American Basswood,Trees,National Audubon Society Native Plants,https://www.audubon.org/native-plants/species/american-basswood?zipcode=78666,Butterflies; Caterpillars; Fruit; Nuts,butterflies; caterpillars; fruit; nuts,"Cardinals, Grosbeaks and Buntings","Cardinals, Grosbeaks and Buntings",,audubon_broad_family_group,habitat/resource support,Audubon broad bird-family support,False,False,trusted broad profile support,D - trusted Audubon broad plant profile; not species-level direct interaction,Audubon states this plant is thought to attract this broad family/group of birds. Attributes are plant-level resources and are not assigned to individual bird groups.
Tilia americana,American Basswood,Trees,National Audubon Society Native Plants,https://www.audubon.org/native-plants/species/american-basswood?zipcode=78666,Butterflies; Caterpillars; Fruit; Nuts,butterflies; caterpillars; fruit; nuts,Chickadees and Titmice,Chickadees and Titmice,,audubon_broad_family_group,habitat/resource support,Audubon broad bird-family support,False,False,trusted broad profile support,D - trusted Audubon broad plant profile; not species-level direct interaction,Audubon states this plant is thought to attract this broad family/group of birds. Attributes are plant-level resources and are not assigned to individual bird groups.
Tilia americana,American Basswood,Trees,National Audubon Society Native Plants,https://www.audubon.org/native-plants/species/american-basswood?zipcode=78666,Butterflies; Caterpillars; Fruit; Nuts,butterflies; caterpillars; fruit; nuts,"Crows, Magpies, Jays","Crows, Magpies, Jays",,audubon_broad_family_group,habitat/resource support,Audubon broad bird-family support,False,False,trusted broad profile support,D - trusted Audubon broad plant profile; not species-level direct interaction,Audubon states this plant is thought to attract this broad family/group of birds. Attributes are plant-level resources and are not assigned to individual bird groups.
Tilia americana,American Basswood,Trees,National Audubon Society Native Plants,https://www.audubon.org/native-plants/species/american-basswood?zipcode=78666,Butterflies; Caterpillars; Fruit; Nuts,butterflies; caterpillars; fruit; nuts,Finches,Finches,,audubon_broad_family_group,habitat/resource support,Audubon broad bird-family support,False,False,trusted broad profile support,D - trusted Audubon broad plant profile; not species-level direct interaction,Audubon states this plant is thought to attract this broad family/group of birds. Attributes are plant-level resources and are not assigned to individual bird groups.
Tilia americana,American Basswood,Trees,National Audubon Society Native Plants,https://www.audubon.org/native-plants/species/american-basswood?zipcode=78666,Butterflies; Caterpillars; Fruit; Nuts,butterflies; caterpillars; fruit; nuts,Mockingbirds and Thrashers,Mockingbirds and Thrashers,,audubon_broad_family_group,habitat/resource support,Audubon broad bird-family support,False,False,trusted broad profile support,D - trusted Audubon broad plant profile; not species-level direct interaction,Audubon states this plant is thought to attract this broad family/group of birds. Attributes are plant-level resources and are not assigned to individual bird groups.
Tilia americana,American Basswood,Trees,National Audubon Society Native Plants,https://www.audubon.org/native-plants/species/american-basswood?zipcode=78666,Butterflies; Caterpillars; Fruit; Nuts,butterflies; caterpillars; fruit; nuts,Nuthatches,Nuthatches,,audubon_broad_family_group,habitat/resource support,Audubon broad bird-family support,False,False,trusted broad profile support,D - trusted Audubon broad plant profile; not species-level direct interaction,Audubon states this plant is thought to attract this broad family/group of birds. Attributes are plant-level resources and are not assigned to individual bird groups.
Tilia americana,American Basswood,Trees,National Audubon Society Native Plants,https://www.audubon.org/native-plants/species/american-basswood?zipcode=78666,Butterflies; Caterpillars; Fruit; Nuts,butterflies; caterpillars; fruit; nuts,Blackbirds and Orioles,Blackbirds and Orioles,,audubon_broad_family_group,habitat/resource support,Audubon broad bird-family support,False,False,trusted broad profile support,D - trusted Audubon broad plant profile; not species-level direct interaction,Audubon states this plant is thought to attract this broad family/group of birds. Attributes are plant-level resources and are not assigned to individual bird groups.
Tilia americana,American Basswood,Trees,National Audubon Society Native Plants,https://www.audubon.org/native-plants/species/american-basswood?zipcode=78666,Butterflies; Caterpillars; Fruit; Nuts,butterflies; caterpillars; fruit; nuts,New World Sparrows,New World Sparrows,,audubon_broad_family_group,habitat/resource support,Audubon broad bird-family support,False,False,trusted broad profile support,D - trusted Audubon broad plant profile; not species-level direct interaction,Audubon states this plant is thought to attract this broad family/group of birds. Attributes are plant-level resources and are not assigned to individual bird groups.
Tilia americana,American Basswood,Trees,National Audubon Society Native Plants,https://www.audubon.org/native-plants/species/american-basswood?zipcode=78666,Butterflies; Caterpillars; Fruit; Nuts,butterflies; caterpillars; fruit; nuts,Thrushes,Thrushes,,audubon_broad_family_group,habitat/resource support,Audubon broad bird-family support,False,False,trusted broad profile support,D - trusted Audubon broad plant profile; not species-level direct interaction,Audubon states this plant is thought to attract this broad family/group of birds. Attributes are plant-level resources and are not assigned to individual bird groups.
Tilia americana,American Basswood,Trees,National Audubon Society Native Plants,https://www.audubon.org/native-plants/species/american-basswood?zipcode=78666,Butterflies; Caterpillars; Fruit; Nuts,butterflies; caterpillars; fruit; nuts,Vireos,Vireos,,audubon_broad_family_group,habitat/resource support,Audubon broad bird-family support,False,False,trusted broad profile support,D - trusted Audubon broad plant profile; not species-level direct interaction,Audubon states this plant is thought to attract this broad family/group of birds. Attributes are plant-level resources and are not assigned to individual bird groups.
Tilia americana,American Basswood,Trees,National Audubon Society Native Plants,https://www.audubon.org/native-plants/species/american-basswood?zipcode=78666,Butterflies; Caterpillars; Fruit; Nuts,butterflies; caterpillars; fruit; nuts,Waxwings,Waxwings,,audubon_broad_family_group,habitat/resource support,Audubon broad bird-family support,False,False,trusted broad profile support,D - trusted Audubon broad plant profile; not species-level direct interaction,Audubon states this plant is thought to attract this broad family/group of birds. Attributes are plant-level resources and are not assigned to individual bird groups.
Tilia americana,American Basswood,Trees,National Audubon Society Native Plants,https://www.audubon.org/native-plants/species/american-basswood?zipcode=78666,Butterflies; Caterpillars; Fruit; Nuts,butterflies; caterpillars; fruit; nuts,Wood Warblers,Wood Warblers,,audubon_broad_family_group,habitat/resource support,Audubon broad bird-family support,False,False,trusted broad profile support,D - trusted Audubon broad plant profile; not species-level direct interaction,Audubon states this plant is thought to attract this broad family/group of birds. Attributes are plant-level resources and are not assigned to individual bird groups.
Tilia americana,American Basswood,Trees,National Audubon Society Native Plants,https://www.audubon.org/native-plants/species/american-basswood?zipcode=78666,Butterflies; Caterpillars; Fruit; Nuts,butterflies; caterpillars; fruit; nuts,Woodpeckers,Woodpeckers,,audubon_broad_family_group,habitat/resource support,Audubon broad bird-family support,False,False,trusted broad profile support,D - trusted Audubon broad plant profile; not species-level direct interaction,Audubon states this plant is thought to attract this broad family/group of birds. Attributes are plant-level resources and are not assigned to individual bird groups.
Tilia americana,American Basswood,Trees,National Audubon Society Native Plants,https://www.audubon.org/native-plants/species/american-basswood?zipcode=78666,Butterflies; Caterpillars; Fruit; Nuts,butterflies; caterpillars; fruit; nuts,Wrens,Wrens,,audubon_broad_family_group,habitat/resource support,Audubon broad bird-family support,False,False,trusted broad profile support,D - trusted Audubon broad plant profile; not species-level direct interaction,Audubon states this plant is thought to attract this broad family/group of birds. Attributes are plant-level resources and are not assigned to individual bird groups.
Callicarpa americana,American Beauty-Berry,Shrubs,National Audubon Society Native Plants,https://www.audubon.org/native-plants/species/american-beauty-berry?zipcode=78666,Butterflies; Caterpillars; Fruit,butterflies; caterpillars; fruit,"Cardinals, Grosbeaks and Buntings","Cardinals, Grosbeaks and Buntings",,audubon_broad_family_group,habitat/resource support,Audubon broad bird-family support,False,False,trusted broad profile support,D - trusted Audubon broad plant profile; not species-level direct interaction,Audubon states this plant is thought to attract this broad family/group of birds. Attributes are plant-level resources and are not assigned to individual bird groups.
Callicarpa americana,American Beauty-Berry,Shrubs,National Audubon Society Native Plants,https://www.audubon.org/native-plants/species/american-beauty-berry?zipcode=78666,Butterflies; Caterpillars; Fruit,butterflies; caterpillars; fruit,Chickadees and Titmice,Chickadees and Titmice,,audubon_broad_family_group,habitat/resource support,Audubon broad bird-family support,False,False,trusted broad profile support,D - trusted Audubon broad plant profile; not species-level direct interaction,Audubon states this plant is thought to attract this broad family/group of birds. Attributes are plant-level resources and are not assigned to individual bird groups.
Callicarpa americana,American Beauty-Berry,Shrubs,National Audubon Society Native Plants,https://www.audubon.org/native-plants/species/american-beauty-berry?zipcode=78666,Butterflies; Caterpillars; Fruit,butterflies; caterpillars; fruit,"Crows, Magpies, Jays","Crows, Magpies, Jays",,audubon_broad_family_group,habitat/resource support,Audubon broad bird-family support,False,False,trusted broad profile support,D - trusted Audubon broad plant profile; not species-level direct interaction,Audubon states this plant is thought to attract this broad family/group of birds. Attributes are plant-level resources and are not assigned to individual bird groups.
Callicarpa americana,American Beauty-Berry,Shrubs,National Audubon Society Native Plants,https://www.audubon.org/native-plants/species/american-beauty-berry?zipcode=78666,Butterflies; Caterpillars; Fruit,butterflies; caterpillars; fruit,Mockingbirds and Thrashers,Mockingbirds and Thrashers,,audubon_broad_family_group,habitat/resource support,Audubon broad bird-family support,False,False,trusted broad profile support,D - trusted Audubon broad plant profile; not species-level direct interaction,Audubon states this plant is thought to attract this broad family/group of birds. Attributes are plant-level resources and are not assigned to individual bird groups.
Callicarpa americana,American Beauty-Berry,Shrubs,National Audubon Society Native Plants,https://www.audubon.org/native-plants/species/american-beauty-berry?zipcode=78666,Butterflies; Caterpillars; Fruit,butterflies; caterpillars; fruit,Nuthatches,Nuthatches,,audubon_broad_family_group,habitat/resource support,Audubon broad bird-family support,False,False,trusted broad profile support,D - trusted Audubon broad plant profile; not species-level direct interaction,Audubon states this plant is thought to attract this broad family/group of birds. Attributes are plant-level resources and are not assigned to individual bird groups.
Callicarpa americana,American Beauty-Berry,Shrubs,National Audubon Society Native Plants,https://www.audubon.org/native-plants/species/american-beauty-berry?zipcode=78666,Butterflies; Caterpillars; Fruit,butterflies; caterpillars; fruit,Blackbirds and Orioles,Blackbirds and Orioles,,audubon_broad_family_group,habitat/resource support,Audubon broad bird-family support,False,False,trusted broad profile support,D - trusted Audubon broad plant profile; not species-level direct interaction,Audubon states this plant is thought to attract this broad family/group of birds. Attributes are plant-level resources and are not assigned to individual bird groups.
Callicarpa americana,American Beauty-Berry,Shrubs,National Audubon Society Native Plants,https://www.audubon.org/native-plants/species/american-beauty-berry?zipcode=78666,Butterflies; Caterpillars; Fruit,butterflies; caterpillars; fruit,New World Sparrows,New World Sparrows,,audubon_broad_family_group,habitat/resource support,Audubon broad bird-family support,False,False,trusted broad profile support,D - trusted Audubon broad plant profile; not species-level direct interaction,Audubon states this plant is thought to attract this broad family/group of birds. Attributes are plant-level resources and are not assigned to individual bird groups.
Callicarpa americana,American Beauty-Berry,Shrubs,National Audubon Society Native Plants,https://www.audubon.org/native-plants/species/american-beauty-berry?zipcode=78666,Butterflies; Caterpillars; Fruit,butterflies; caterpillars; fruit,Thrushes,Thrushes,,audubon_broad_family_group,habitat/resource support,Audubon broad bird-family support,False,False,trusted broad profile support,D - trusted Audubon broad plant profile; not species-level direct interaction,Audubon states this plant is thought to attract this broad family/group of birds. Attributes are plant-level resources and are not assigned to individual bird groups.
Callicarpa americana,American Beauty-Berry,Shrubs,National Audubon Society Native Plants,https://www.audubon.org/native-plants/species/american-beauty-berry?zipcode=78666,Butterflies; Caterpillars; Fruit,butterflies; caterpillars; fruit,Vireos,Vireos,,audubon_broad_family_group,habitat/resource support,Audubon broad bird-family support,False,False,trusted broad profile support,D - trusted Audubon broad plant profile; not species-level direct interaction,Audubon states this plant is thought to attract this broad family/group of birds. Attributes are plant-level resources and are not assigned to individual bird groups.
Callicarpa americana,American Beauty-Berry,Shrubs,National Audubon Society Native Plants,https://www.audubon.org/native-plants/species/american-beauty-berry?zipcode=78666,Butterflies; Caterpillars; Fruit,butterflies; caterpillars; fruit,Waxwings,Waxwings,,audubon_broad_family_group,habitat/resource support,Audubon broad bird-family support,False,False,trusted broad profile support,D - trusted Audubon broad plant profile; not species-level direct interaction,Audubon states this plant is thought to attract this broad family/group of birds. Attributes are plant-level resources and are not assigned to individual bird groups.
Callicarpa americana,American Beauty-Berry,Shrubs,National Audubon Society Native Plants,https://www.audubon.org/native-plants/species/american-beauty-berry?zipcode=78666,Butterflies; Caterpillars; Fruit,butterflies; caterpillars; fruit,Wood Warblers,Wood Warblers,,audubon_broad_family_group,habitat/resource support,Audubon broad bird-family support,False,False,trusted broad profile support,D - trusted Audubon broad plant profile; not species-level direct interaction,Audubon states this plant is thought to attract this broad family/group of birds. Attributes are plant-level resources and are not assigned to individual bird groups.
Callicarpa americana,American Beauty-Berry,Shrubs,National Audubon Society Native Plants,https://www.audubon.org/native-plants/species/american-beauty-berry?zipcode=78666,Butterflies; Caterpillars; Fruit,butterflies; caterpillars; fruit,Woodpeckers,Woodpeckers,,audubon_broad_family_group,habitat/resource support,Audubon broad bird-family support,False,False,trusted broad profile support,D - trusted Audubon broad plant profile; not species-level direct interaction,Audubon states this plant is thought to attract this broad family/group of birds. Attributes are plant-level resources and are not assigned to individual bird groups.
Callicarpa americana,American Beauty-Berry,Shrubs,National Audubon Society Native Plants,https://www.audubon.org/native-plants/species/american-beauty-berry?zipcode=78666,Butterflies; Caterpillars; Fruit,butterflies; caterpillars; fruit,Wrens,Wrens,,audubon_broad_family_group,habitat/resource support,Audubon broad bird-family support,False,False,trusted broad profile support,D - trusted Audubon broad plant profile; not species-level direct interaction,Audubon states this plant is thought to attract this broad family/group of birds. Attributes are plant-level resources and are not assigned to individual bird groups.
Ulmus americana,American Elm,Trees,National Audubon Society Native Plants,https://www.audubon.org/native-plants/species/american-elm?zipcode=78666,Butterflies; Caterpillars; Fruit; Nuts,butterflies; caterpillars; fruit; nuts,"Cardinals, Grosbeaks and Buntings","Cardinals, Grosbeaks and Buntings",,audubon_broad_family_group,habitat/resource support,Audubon broad bird-family support,False,False,trusted broad profile support,D - trusted Audubon broad plant profile; not species-level direct interaction,Audubon states this plant is thought to attract this broad family/group of birds. Attributes are plant-level resources and are not assigned to individual bird groups.
Ulmus americana,American Elm,Trees,National Audubon Society Native Plants,https://www.audubon.org/native-plants/species/american-elm?zipcode=78666,Butterflies; Caterpillars; Fruit; Nuts,butterflies; caterpillars; fruit; nuts,Chickadees and Titmice,Chickadees and Titmice,,audubon_broad_family_group,habitat/resource support,Audubon broad bird-family support,False,False,trusted broad profile support,D - trusted Audubon broad plant profile; not species-level direct interaction,Audubon states this plant is thought to attract this broad family/group of birds. Attributes are plant-level resources and are not assigned to individual bird groups.
Ulmus americana,American Elm,Trees,National Audubon Society Native Plants,https://www.audubon.org/native-plants/species/american-elm?zipcode=78666,Butterflies; Caterpillars; Fruit; Nuts,butterflies; caterpillars; fruit; nuts,"Crows, Magpies, Jays","Crows, Magpies, Jays",,audubon_broad_family_group,habitat/resource support,Audubon broad bird-family support,False,False,trusted broad profile support,D - trusted Audubon broad plant profile; not species-level direct interaction,Audubon states this plant is thought to attract this broad family/group of birds. Attributes are plant-level resources and are not assigned to individual bird groups.
Ulmus americana,American Elm,Trees,National Audubon Society Native Plants,https://www.audubon.org/native-plants/species/american-elm?zipcode=78666,Butterflies; Caterpillars; Fruit; Nuts,butterflies; caterpillars; fruit; nuts,Finches,Finches,,audubon_broad_family_group,habitat/resource support,Audubon broad bird-family support,False,False,trusted broad profile support,D - trusted Audubon broad plant profile; not species-level direct interaction,Audubon states this plant is thought to attract this broad family/group of birds. Attributes are plant-level resources and are not assigned to individual bird groups.
Ulmus americana,American Elm,Trees,National Audubon Society Native Plants,https://www.audubon.org/native-plants/species/american-elm?zipcode=78666,Butterflies; Caterpillars; Fruit; Nuts,butterflies; caterpillars; fruit; nuts,Mockingbirds and Thrashers,Mockingbirds and Thrashers,,audubon_broad_family_group,habitat/resource support,Audubon broad bird-family support,False,False,trusted broad profile support,D - trusted Audubon broad plant profile; not species-level direct interaction,Audubon states this plant is thought to attract this broad family/group of birds. Attributes are plant-level resources and are not assigned to individual bird groups.
Ulmus americana,American Elm,Trees,National Audubon Society Native Plants,https://www.audubon.org/native-plants/species/american-elm?zipcode=78666,Butterflies; Caterpillars; Fruit; Nuts,butterflies; caterpillars; fruit; nuts,Nuthatches,Nuthatches,,audubon_broad_family_group,habitat/resource support,Audubon broad bird-family support,False,False,trusted broad profile support,D - trusted Audubon broad plant profile; not species-level direct interaction,Audubon states this plant is thought to attract this broad family/group of birds. Attributes are plant-level resources and are not assigned to individual bird groups.
Ulmus americana,American Elm,Trees,National Audubon Society Native Plants,https://www.audubon.org/native-plants/species/american-elm?zipcode=78666,Butterflies; Caterpillars; Fruit; Nuts,butterflies; caterpillars; fruit; nuts,Blackbirds and Orioles,Blackbirds and Orioles,,audubon_broad_family_group,habitat/resource support,Audubon broad bird-family support,False,False,trusted broad profile support,D - trusted Audubon broad plant profile; not species-level direct interaction,Audubon states this plant is thought to attract this broad family/group of birds. Attributes are plant-level resources and are not assigned to individual bird groups.
Ulmus americana,American Elm,Trees,National Audubon Society Native Plants,https://www.audubon.org/native-plants/species/american-elm?zipcode=78666,Butterflies; Caterpillars; Fruit; Nuts,butterflies; caterpillars; fruit; nuts,New World Sparrows,New World Sparrows,,audubon_broad_family_group,habitat/resource support,Audubon broad bird-family support,False,False,trusted broad profile support,D - trusted Audubon broad plant profile; not species-level direct interaction,Audubon states this plant is thought to attract this broad family/group of birds. Attributes are plant-level resources and are not assigned to individual bird groups.
Ulmus americana,American Elm,Trees,National Audubon Society Native Plants,https://www.audubon.org/native-plants/species/american-elm?zipcode=78666,Butterflies; Caterpillars; Fruit; Nuts,butterflies; caterpillars; fruit; nuts,Thrushes,Thrushes,,audubon_broad_family_group,habitat/resource support,Audubon broad bird-family support,False,False,trusted broad profile support,D - trusted Audubon broad plant profile; not species-level direct interaction,Audubon states this plant is thought to attract this broad family/group of birds. Attributes are plant-level resources and are not assigned to individual bird groups.
Ulmus americana,American Elm,Trees,National Audubon Society Native Plants,https://www.audubon.org/native-plants/species/american-elm?zipcode=78666,Butterflies; Caterpillars; Fruit; Nuts,butterflies; caterpillars; fruit; nuts,Vireos,Vireos,,audubon_broad_family_group,habitat/resource support,Audubon broad bird-family support,False,False,trusted broad profile support,D - trusted Audubon broad plant profile; not species-level direct interaction,Audubon states this plant is thought to attract this broad family/group of birds. Attributes are plant-level resources and are not assigned to individual bird groups.
Ulmus americana,American Elm,Trees,National Audubon Society Native Plants,https://www.audubon.org/native-plants/species/american-elm?zipcode=78666,Butterflies; Caterpillars; Fruit; Nuts,butterflies; caterpillars; fruit; nuts,Waxwings,Waxwings,,audubon_broad_family_group,habitat/resource support,Audubon broad bird-family support,False,False,trusted broad profile support,D - trusted Audubon broad plant profile; not species-level direct interaction,Audubon states this plant is thought to attract this broad family/group of birds. Attributes are plant-level resources and are not assigned to individual bird groups.
Ulmus americana,American Elm,Trees,National Audubon Society Native Plants,https://www.audubon.org/native-plants/species/american-elm?zipcode=78666,Butterflies; Caterpillars; Fruit; Nuts,butterflies; caterpillars; fruit; nuts,Wood Warblers,Wood Warblers,,audubon_broad_family_group,habitat/resource support,Audubon broad bird-family support,False,False,trusted broad profile support,D - trusted Audubon broad plant profile; not species-level direct interaction,Audubon states this plant is thought to attract this broad family/group of birds. Attributes are plant-level resources and are not assigned to individual bird groups.
Ulmus americana,American Elm,Trees,National Audubon Society Native Plants,https://www.audubon.org/native-plants/species/american-elm?zipcode=78666,Butterflies; Caterpillars; Fruit; Nuts,butterflies; caterpillars; fruit; nuts,Woodpeckers,Woodpeckers,,audubon_broad_family_group,habitat/resource support,Audubon broad bird-family support,False,False,trusted broad profile support,D - trusted Audubon broad plant profile; not species-level direct interaction,Audubon states this plant is thought to attract this broad family/group of birds. Attributes are plant-level resources and are not assigned to individual bird groups.
Ulmus americana,American Elm,Trees,National Audubon Society Native Plants,https://www.audubon.org/native-plants/species/american-elm?zipcode=78666,Butterflies; Caterpillars; Fruit; Nuts,butterflies; caterpillars; fruit; nuts,Wrens,Wrens,,audubon_broad_family_group,habitat/resource support,Audubon broad bird-family support,False,False,trusted broad profile support,D - trusted Audubon broad plant profile; not species-level direct interaction,Audubon states this plant is thought to attract this broad family/group of birds. Attributes are plant-level resources and are not assigned to individual bird groups.
Ilex opaca,American Holly,"Evergreen, Shrubs, Trees",National Audubon Society Native Plants,https://www.audubon.org/native-plants/species/american-holly?zipcode=78666,Butterflies; Caterpillars; Fruit,butterflies; caterpillars; fruit,"Cardinals, Grosbeaks and Buntings","Cardinals, Grosbeaks and Buntings",,audubon_broad_family_group,habitat/resource support,Audubon broad bird-family support,False,False,trusted broad profile support,D - trusted Audubon broad plant profile; not species-level direct interaction,Audubon states this plant is thought to attract this broad family/group of birds. Attributes are plant-level resources and are not assigned to individual bird groups.
Ilex opaca,American Holly,"Evergreen, Shrubs, Trees",National Audubon Society Native Plants,https://www.audubon.org/native-plants/species/american-holly?zipcode=78666,Butterflies; Caterpillars; Fruit,butterflies; caterpillars; fruit,Chickadees and Titmice,Chickadees and Titmice,,audubon_broad_family_group,habitat/resource support,Audubon broad bird-family support,False,False,trusted broad profile support,D - trusted Audubon broad plant profile; not species-level direct interaction,Audubon states this plant is thought to attract this broad family/group of birds. Attributes are plant-level resources and are not assigned to individual bird groups.
Ilex opaca,American Holly,"Evergreen, Shrubs, Trees",National Audubon Society Native Plants,https://www.audubon.org/native-plants/species/american-holly?zipcode=78666,Butterflies; Caterpillars; Fruit,butterflies; caterpillars; fruit,"Crows, Magpies, Jays","Crows, Magpies, Jays",,audubon_broad_family_group,habitat/resource support,Audubon broad bird-family support,False,False,trusted broad profile support,D - trusted Audubon broad plant profile; not species-level direct interaction,Audubon states this plant is thought to attract this broad family/group of birds. Attributes are plant-level resources and are not assigned to individual bird groups.
Ilex opaca,American Holly,"Evergreen, Shrubs, Trees",National Audubon Society Native Plants,https://www.audubon.org/native-plants/species/american-holly?zipcode=78666,Butterflies; Caterpillars; Fruit,butterflies; caterpillars; fruit,Mockingbirds and Thrashers,Mockingbirds and Thrashers,,audubon_broad_family_group,habitat/resource support,Audubon broad bird-family support,False,False,trusted broad profile support,D - trusted Audubon broad plant profile; not species-level direct interaction,Audubon states this plant is thought to attract this broad family/group of birds. Attributes are plant-level resources and are not assigned to individual bird groups.
Ilex opaca,American Holly,"Evergreen, Shrubs, Trees",National Audubon Society Native Plants,https://www.audubon.org/native-plants/species/american-holly?zipcode=78666,Butterflies; Caterpillars; Fruit,butterflies; caterpillars; fruit,Nuthatches,Nuthatches,,audubon_broad_family_group,habitat/resource support,Audubon broad bird-family support,False,False,trusted broad profile support,D - trusted Audubon broad plant profile; not species-level direct interaction,Audubon states this plant is thought to attract this broad family/group of birds. Attributes are plant-level resources and are not assigned to individual bird groups.
Ilex opaca,American Holly,"Evergreen, Shrubs, Trees",National Audubon Society Native Plants,https://www.audubon.org/native-plants/species/american-holly?zipcode=78666,Butterflies; Caterpillars; Fruit,butterflies; caterpillars; fruit,Blackbirds and Orioles,Blackbirds and Orioles,,audubon_broad_family_group,habitat/resource support,Audubon broad bird-family support,False,False,trusted broad profile support,D - trusted Audubon broad plant profile; not species-level direct interaction,Audubon states this plant is thought to attract this broad family/group of birds. Attributes are plant-level resources and are not assigned to individual bird groups.
Ilex opaca,American Holly,"Evergreen, Shrubs, Trees",National Audubon Society Native Plants,https://www.audubon.org/native-plants/species/american-holly?zipcode=78666,Butterflies; Caterpillars; Fruit,butterflies; caterpillars; fruit,New World Sparrows,New World Sparrows,,audubon_broad_family_group,habitat/resource support,Audubon broad bird-family support,False,False,trusted broad profile support,D - trusted Audubon broad plant profile; not species-level direct interaction,Audubon states this plant is thought to attract this broad family/group of birds. Attributes are plant-level resources and are not assigned to individual bird groups.
Ilex opaca,American Holly,"Evergreen, Shrubs, Trees",National Audubon Society Native Plants,https://www.audubon.org/native-plants/species/american-holly?zipcode=78666,Butterflies; Caterpillars; Fruit,butterflies; caterpillars; fruit,Thrushes,Thrushes,,audubon_broad_family_group,habitat/resource support,Audubon broad bird-family support,False,False,trusted broad profile support,D - trusted Audubon broad plant profile; not species-level direct interaction,Audubon states this plant is thought to attract this broad family/group of birds. Attributes are plant-level resources and are not assigned to individual bird groups.
Ilex opaca,American Holly,"Evergreen, Shrubs, Trees",National Audubon Society Native Plants,https://www.audubon.org/native-plants/species/american-holly?zipcode=78666,Butterflies; Caterpillars; Fruit,butterflies; caterpillars; fruit,Vireos,Vireos,,audubon_broad_family_group,habitat/resource support,Audubon broad bird-family support,False,False,trusted broad profile support,D - trusted Audubon broad plant profile; not species-level direct interaction,Audubon states this plant is thought to attract this broad family/group of birds. Attributes are plant-level resources and are not assigned to individual bird groups.
Ilex opaca,American Holly,"Evergreen, Shrubs, Trees",National Audubon Society Native Plants,https://www.audubon.org/native-plants/species/american-holly?zipcode=78666,Butterflies; Caterpillars; Fruit,butterflies; caterpillars; fruit,Waxwings,Waxwings,,audubon_broad_family_group,habitat/resource support,Audubon broad bird-family support,False,False,trusted broad profile support,D - trusted Audubon broad plant profile; not species-level direct interaction,Audubon states this plant is thought to attract this broad family/group of birds. Attributes are plant-level resources and are not assigned to individual bird groups.
Ilex opaca,American Holly,"Evergreen, Shrubs, Trees",National Audubon Society Native Plants,https://www.audubon.org/native-plants/species/american-holly?zipcode=78666,Butterflies; Caterpillars; Fruit,butterflies; caterpillars; fruit,Wood Warblers,Wood Warblers,,audubon_broad_family_group,habitat/resource support,Audubon broad bird-family support,False,False,trusted broad profile support,D - trusted Audubon broad plant profile; not species-level direct interaction,Audubon states this plant is thought to attract this broad family/group of birds. Attributes are plant-level resources and are not assigned to individual bird groups.
Ilex opaca,American Holly,"Evergreen, Shrubs, Trees",National Audubon Society Native Plants,https://www.audubon.org/native-plants/species/american-holly?zipcode=78666,Butterflies; Caterpillars; Fruit,butterflies; caterpillars; fruit,Woodpeckers,Woodpeckers,,audubon_broad_family_group,habitat/resource support,Audubon broad bird-family support,False,False,trusted broad profile support,D - trusted Audubon broad plant profile; not species-level direct interaction,Audubon states this plant is thought to attract this broad family/group of birds. Attributes are plant-level resources and are not assigned to individual bird groups.
Ilex opaca,American Holly,"Evergreen, Shrubs, Trees",National Audubon Society Native Plants,https://www.audubon.org/native-plants/species/american-holly?zipcode=78666,Butterflies; Caterpillars; Fruit,butterflies; caterpillars; fruit,Wrens,Wrens,,audubon_broad_family_group,habitat/resource support,Audubon broad bird-family support,False,False,trusted broad profile support,D - trusted Audubon broad plant profile; not species-level direct interaction,Audubon states this plant is thought to attract this broad family/group of birds. Attributes are plant-level resources and are not assigned to individual bird groups.
Phytolacca americana,American Pokeweed,Annuals/Per.,National Audubon Society Native Plants,https://www.audubon.org/native-plants/species/american-pokeweed?zipcode=78666,Fruit; Nuts,fruit; nuts,"Cardinals, Grosbeaks and Buntings","Cardinals, Grosbeaks and Buntings",,audubon_broad_family_group,habitat/resource support,Audubon broad bird-family support,False,False,trusted broad profile support,D - trusted Audubon broad plant profile; not species-level direct interaction,Audubon states this plant is thought to attract this broad family/group of birds. Attributes are plant-level resources and are not assigned to individual bird groups.
Phytolacca americana,American Pokeweed,Annuals/Per.,National Audubon Society Native Plants,https://www.audubon.org/native-plants/species/american-pokeweed?zipcode=78666,Fruit; Nuts,fruit; nuts,Chickadees and Titmice,Chickadees and Titmice,,audubon_broad_family_group,habitat/resource support,Audubon broad bird-family support,False,False,trusted broad profile support,D - trusted Audubon broad plant profile; not species-level direct interaction,Audubon states this plant is thought to attract this broad family/group of birds. Attributes are plant-level resources and are not assigned to individual bird groups.
Phytolacca americana,American Pokeweed,Annuals/Per.,National Audubon Society Native Plants,https://www.audubon.org/native-plants/species/american-pokeweed?zipcode=78666,Fruit; Nuts,fruit; nuts,"Crows, Magpies, Jays","Crows, Magpies, Jays",,audubon_broad_family_group,habitat/resource support,Audubon broad bird-family support,False,False,trusted broad profile support,D - trusted Audubon broad plant profile; not species-level direct interaction,Audubon states this plant is thought to attract this broad family/group of birds. Attributes are plant-level resources and are not assigned to individual bird groups.
Phytolacca americana,American Pokeweed,Annuals/Per.,National Audubon Society Native Plants,https://www.audubon.org/native-plants/species/american-pokeweed?zipcode=78666,Fruit; Nuts,fruit; nuts,Finches,Finches,,audubon_broad_family_group,habitat/resource support,Audubon broad bird-family support,False,False,trusted broad profile support,D - trusted Audubon broad plant profile; not species-level direct interaction,Audubon states this plant is thought to attract this broad family/group of birds. Attributes are plant-level resources and are not assigned to individual bird groups.
Phytolacca americana,American Pokeweed,Annuals/Per.,National Audubon Society Native Plants,https://www.audubon.org/native-plants/species/american-pokeweed?zipcode=78666,Fruit; Nuts,fruit; nuts,Mockingbirds and Thrashers,Mockingbirds and Thrashers,,audubon_broad_family_group,habitat/resource support,Audubon broad bird-family support,False,False,trusted broad profile support,D - trusted Audubon broad plant profile; not species-level direct interaction,Audubon states this plant is thought to attract this broad family/group of birds. Attributes are plant-level resources and are not assigned to individual bird groups.
Phytolacca americana,American Pokeweed,Annuals/Per.,National Audubon Society Native Plants,https://www.audubon.org/native-plants/species/american-pokeweed?zipcode=78666,Fruit; Nuts,fruit; nuts,Blackbirds and Orioles,Blackbirds and Orioles,,audubon_broad_family_group,habitat/resource support,Audubon broad bird-family support,False,False,trusted broad profile support,D - trusted Audubon broad plant profile; not species-level direct interaction,Audubon states this plant is thought to attract this broad family/group of birds. Attributes are plant-level resources and are not assigned to individual bird groups.
Phytolacca americana,American Pokeweed,Annuals/Per.,National Audubon Society Native Plants,https://www.audubon.org/native-plants/species/american-pokeweed?zipcode=78666,Fruit; Nuts,fruit; nuts,New World Sparrows,New World Sparrows,,audubon_broad_family_group,habitat/resource support,Audubon broad bird-family support,False,False,trusted broad profile support,D - trusted Audubon broad plant profile; not species-level direct interaction,Audubon states this plant is thought to attract this broad family/group of birds. Attributes are plant-level resources and are not assigned to individual bird groups.
Phytolacca americana,American Pokeweed,Annuals/Per.,National Audubon Society Native Plants,https://www.audubon.org/native-plants/species/american-pokeweed?zipcode=78666,Fruit; Nuts,fruit; nuts,Thrushes,Thrushes,,audubon_broad_family_group,habitat/resource support,Audubon broad bird-family support,False,False,trusted broad profile support,D - trusted Audubon broad plant profile; not species-level direct interaction,Audubon states this plant is thought to attract this broad family/group of birds. Attributes are plant-level resources and are not assigned to individual bird groups.
Phytolacca americana,American Pokeweed,Annuals/Per.,National Audubon Society Native Plants,https://www.audubon.org/native-plants/species/american-pokeweed?zipcode=78666,Fruit; Nuts,fruit; nuts,Waxwings,Waxwings,,audubon_broad_family_group,habitat/resource support,Audubon broad bird-family support,False,False,trusted broad profile support,D - trusted Audubon broad plant profile; not species-level direct interaction,Audubon states this plant is thought to attract this broad family/group of birds. Attributes are plant-level resources and are not assigned to individual bird groups.
Phytolacca americana,American Pokeweed,Annuals/Per.,National Audubon Society Native Plants,https://www.audubon.org/native-plants/species/american-pokeweed?zipcode=78666,Fruit; Nuts,fruit; nuts,Woodpeckers,Woodpeckers,,audubon_broad_family_group,habitat/resource support,Audubon broad bird-family support,False,False,trusted broad profile support,D - trusted Audubon broad plant profile; not species-level direct interaction,Audubon states this plant is thought to attract this broad family/group of birds. Attributes are plant-level resources and are not assigned to individual bird groups.
Platanus occidentalis,American Sycamore,Trees,National Audubon Society Native Plants,https://www.audubon.org/native-plants/species/american-sycamore?zipcode=78666,Butterflies; Caterpillars; Fruit; Nuts,butterflies; caterpillars; fruit; nuts,"Cardinals, Grosbeaks and Buntings","Cardinals, Grosbeaks and Buntings",,audubon_broad_family_group,habitat/resource support,Audubon broad bird-family support,False,False,trusted broad profile support,D - trusted Audubon broad plant profile; not species-level direct interaction,Audubon states this plant is thought to attract this broad family/group of birds. Attributes are plant-level resources and are not assigned to individual bird groups.
Platanus occidentalis,American Sycamore,Trees,National Audubon Society Native Plants,https://www.audubon.org/native-plants/species/american-sycamore?zipcode=78666,Butterflies; Caterpillars; Fruit; Nuts,butterflies; caterpillars; fruit; nuts,Chickadees and Titmice,Chickadees and Titmice,,audubon_broad_family_group,habitat/resource support,Audubon broad bird-family support,False,False,trusted broad profile support,D - trusted Audubon broad plant profile; not species-level direct interaction,Audubon states this plant is thought to attract this broad family/group of birds. Attributes are plant-level resources and are not assigned to individual bird groups.
Platanus occidentalis,American Sycamore,Trees,National Audubon Society Native Plants,https://www.audubon.org/native-plants/species/american-sycamore?zipcode=78666,Butterflies; Caterpillars; Fruit; Nuts,butterflies; caterpillars; fruit; nuts,"Crows, Magpies, Jays","Crows, Magpies, Jays",,audubon_broad_family_group,habitat/resource support,Audubon broad bird-family support,False,False,trusted broad profile support,D - trusted Audubon broad plant profile; not species-level direct interaction,Audubon states this plant is thought to attract this broad family/group of birds. Attributes are plant-level resources and are not assigned to individual bird groups.
Platanus occidentalis,American Sycamore,Trees,National Audubon Society Native Plants,https://www.audubon.org/native-plants/species/american-sycamore?zipcode=78666,Butterflies; Caterpillars; Fruit; Nuts,butterflies; caterpillars; fruit; nuts,Finches,Finches,,audubon_broad_family_group,habitat/resource support,Audubon broad bird-family support,False,False,trusted broad profile support,D - trusted Audubon broad plant profile; not species-level direct interaction,Audubon states this plant is thought to attract this broad family/group of birds. Attributes are plant-level resources and are not assigned to individual bird groups.
Platanus occidentalis,American Sycamore,Trees,National Audubon Society Native Plants,https://www.audubon.org/native-plants/species/american-sycamore?zipcode=78666,Butterflies; Caterpillars; Fruit; Nuts,butterflies; caterpillars; fruit; nuts,Mockingbirds and Thrashers,Mockingbirds and Thrashers,,audubon_broad_family_group,habitat/resource support,Audubon broad bird-family support,False,False,trusted broad profile support,D - trusted Audubon broad plant profile; not species-level direct interaction,Audubon states this plant is thought to attract this broad family/group of birds. Attributes are plant-level resources and are not assigned to individual bird groups.
Platanus occidentalis,American Sycamore,Trees,National Audubon Society Native Plants,https://www.audubon.org/native-plants/species/american-sycamore?zipcode=78666,Butterflies; Caterpillars; Fruit; Nuts,butterflies; caterpillars; fruit; nuts,Nuthatches,Nuthatches,,audubon_broad_family_group,habitat/resource support,Audubon broad bird-family support,False,False,trusted broad profile support,D - trusted Audubon broad plant profile; not species-level direct interaction,Audubon states this plant is thought to attract this broad family/group of birds. Attributes are plant-level resources and are not assigned to individual bird groups.
Platanus occidentalis,American Sycamore,Trees,National Audubon Society Native Plants,https://www.audubon.org/native-plants/species/american-sycamore?zipcode=78666,Butterflies; Caterpillars; Fruit; Nuts,butterflies; caterpillars; fruit; nuts,Blackbirds and Orioles,Blackbirds and Orioles,,audubon_broad_family_group,habitat/resource support,Audubon broad bird-family support,False,False,trusted broad profile support,D - trusted Audubon broad plant profile; not species-level direct interaction,Audubon states this plant is thought to attract this broad family/group of birds. Attributes are plant-level resources and are not assigned to individual bird groups.
Platanus occidentalis,American Sycamore,Trees,National Audubon Society Native Plants,https://www.audubon.org/native-plants/species/american-sycamore?zipcode=78666,Butterflies; Caterpillars; Fruit; Nuts,butterflies; caterpillars; fruit; nuts,New World Sparrows,New World Sparrows,,audubon_broad_family_group,habitat/resource support,Audubon broad bird-family support,False,False,trusted broad profile support,D - trusted Audubon broad plant profile; not species-level direct interaction,Audubon states this plant is thought to attract this broad family/group of birds. Attributes are plant-level resources and are not assigned to individual bird groups.
Platanus occidentalis,American Sycamore,Trees,National Audubon Society Native Plants,https://www.audubon.org/native-plants/species/american-sycamore?zipcode=78666,Butterflies; Caterpillars; Fruit; Nuts,butterflies; caterpillars; fruit; nuts,Thrushes,Thrushes,,audubon_broad_family_group,habitat/resource support,Audubon broad bird-family support,False,False,trusted broad profile support,D - trusted Audubon broad plant profile; not species-level direct interaction,Audubon states this plant is thought to attract this broad family/group of birds. Attributes are plant-level resources and are not assigned to individual bird groups.
Platanus occidentalis,American Sycamore,Trees,National Audubon Society Native Plants,https://www.audubon.org/native-plants/species/american-sycamore?zipcode=78666,Butterflies; Caterpillars; Fruit; Nuts,butterflies; caterpillars; fruit; nuts,Vireos,Vireos,,audubon_broad_family_group,habitat/resource support,Audubon broad bird-family support,False,False,trusted broad profile support,D - trusted Audubon broad plant profile; not species-level direct interaction,Audubon states this plant is thought to attract this broad family/group of birds. Attributes are plant-level resources and are not assigned to individual bird groups.
Platanus occidentalis,American Sycamore,Trees,National Audubon Society Native Plants,https://www.audubon.org/native-plants/species/american-sycamore?zipcode=78666,Butterflies; Caterpillars; Fruit; Nuts,butterflies; caterpillars; fruit; nuts,Waxwings,Waxwings,,audubon_broad_family_group,habitat/resource support,Audubon broad bird-family support,False,False,trusted broad profile support,D - trusted Audubon broad plant profile; not species-level direct interaction,Audubon states this plant is thought to attract this broad family/group of birds. Attributes are plant-level resources and are not assigned to individual bird groups.
Platanus occidentalis,American Sycamore,Trees,National Audubon Society Native Plants,https://www.audubon.org/native-plants/species/american-sycamore?zipcode=78666,Butterflies; Caterpillars; Fruit; Nuts,butterflies; caterpillars; fruit; nuts,Wood Warblers,Wood Warblers,,audubon_broad_family_group,habitat/resource support,Audubon broad bird-family support,False,False,trusted broad profile support,D - trusted Audubon broad plant profile; not species-level direct interaction,Audubon states this plant is thought to attract this broad family/group of birds. Attributes are plant-level resources and are not assigned to individual bird groups.
Platanus occidentalis,American Sycamore,Trees,National Audubon Society Native Plants,https://www.audubon.org/native-plants/species/american-sycamore?zipcode=78666,Butterflies; Caterpillars; Fruit; Nuts,butterflies; caterpillars; fruit; nuts,Woodpeckers,Woodpeckers,,audubon_broad_family_group,habitat/resource support,Audubon broad bird-family support,False,False,trusted broad profile support,D - trusted Audubon broad plant profile; not species-level direct interaction,Audubon states this plant is thought to attract this broad family/group of birds. Attributes are plant-level resources and are not assigned to individual bird groups.
Platanus occidentalis,American Sycamore,Trees,National Audubon Society Native Plants,https://www.audubon.org/native-plants/species/american-sycamore?zipcode=78666,Butterflies; Caterpillars; Fruit; Nuts,butterflies; caterpillars; fruit; nuts,Wrens,Wrens,,audubon_broad_family_group,habitat/resource support,Audubon broad bird-family support,False,False,trusted broad profile support,D - trusted Audubon broad plant profile; not species-level direct interaction,Audubon states this plant is thought to attract this broad family/group of birds. Attributes are plant-level resources and are not assigned to individual bird groups.
Acer negundo,Ash-Leaf Maple,Trees,National Audubon Society Native Plants,https://www.audubon.org/native-plants/species/ash-leaf-maple?zipcode=78666,Butterflies; Caterpillars; Fruit; Nuts,butterflies; caterpillars; fruit; nuts,"Cardinals, Grosbeaks and Buntings","Cardinals, Grosbeaks and Buntings",,audubon_broad_family_group,habitat/resource support,Audubon broad bird-family support,False,False,trusted broad profile support,D - trusted Audubon broad plant profile; not species-level direct interaction,Audubon states this plant is thought to attract this broad family/group of birds. Attributes are plant-level resources and are not assigned to individual bird groups.
Acer negundo,Ash-Leaf Maple,Trees,National Audubon Society Native Plants,https://www.audubon.org/native-plants/species/ash-leaf-maple?zipcode=78666,Butterflies; Caterpillars; Fruit; Nuts,butterflies; caterpillars; fruit; nuts,Chickadees and Titmice,Chickadees and Titmice,,audubon_broad_family_group,habitat/resource support,Audubon broad bird-family support,False,False,trusted broad profile support,D - trusted Audubon broad plant profile; not species-level direct interaction,Audubon states this plant is thought to attract this broad family/group of birds. Attributes are plant-level resources and are not assigned to individual bird groups.
Acer negundo,Ash-Leaf Maple,Trees,National Audubon Society Native Plants,https://www.audubon.org/native-plants/species/ash-leaf-maple?zipcode=78666,Butterflies; Caterpillars; Fruit; Nuts,butterflies; caterpillars; fruit; nuts,"Crows, Magpies, Jays","Crows, Magpies, Jays",,audubon_broad_family_group,habitat/resource support,Audubon broad bird-family support,False,False,trusted broad profile support,D - trusted Audubon broad plant profile; not species-level direct interaction,Audubon states this plant is thought to attract this broad family/group of birds. Attributes are plant-level resources and are not assigned to individual bird groups.
Acer negundo,Ash-Leaf Maple,Trees,National Audubon Society Native Plants,https://www.audubon.org/native-plants/species/ash-leaf-maple?zipcode=78666,Butterflies; Caterpillars; Fruit; Nuts,butterflies; caterpillars; fruit; nuts,Finches,Finches,,audubon_broad_family_group,habitat/resource support,Audubon broad bird-family support,False,False,trusted broad profile support,D - trusted Audubon broad plant profile; not species-level direct interaction,Audubon states this plant is thought to attract this broad family/group of birds. Attributes are plant-level resources and are not assigned to individual bird groups.
Acer negundo,Ash-Leaf Maple,Trees,National Audubon Society Native Plants,https://www.audubon.org/native-plants/species/ash-leaf-maple?zipcode=78666,Butterflies; Caterpillars; Fruit; Nuts,butterflies; caterpillars; fruit; nuts,Mockingbirds and Thrashers,Mockingbirds and Thrashers,,audubon_broad_family_group,habitat/resource support,Audubon broad bird-family support,False,False,trusted broad profile support,D - trusted Audubon broad plant profile; not species-level direct interaction,Audubon states this plant is thought to attract this broad family/group of birds. Attributes are plant-level resources and are not assigned to individual bird groups.
Acer negundo,Ash-Leaf Maple,Trees,National Audubon Society Native Plants,https://www.audubon.org/native-plants/species/ash-leaf-maple?zipcode=78666,Butterflies; Caterpillars; Fruit; Nuts,butterflies; caterpillars; fruit; nuts,Nuthatches,Nuthatches,,audubon_broad_family_group,habitat/resource support,Audubon broad bird-family support,False,False,trusted broad profile support,D - trusted Audubon broad plant profile; not species-level direct interaction,Audubon states this plant is thought to attract this broad family/group of birds. Attributes are plant-level resources and are not assigned to individual bird groups.
Acer negundo,Ash-Leaf Maple,Trees,National Audubon Society Native Plants,https://www.audubon.org/native-plants/species/ash-leaf-maple?zipcode=78666,Butterflies; Caterpillars; Fruit; Nuts,butterflies; caterpillars; fruit; nuts,Blackbirds and Orioles,Blackbirds and Orioles,,audubon_broad_family_group,habitat/resource support,Audubon broad bird-family support,False,False,trusted broad profile support,D - trusted Audubon broad plant profile; not species-level direct interaction,Audubon states this plant is thought to attract this broad family/group of birds. Attributes are plant-level resources and are not assigned to individual bird groups.
Acer negundo,Ash-Leaf Maple,Trees,National Audubon Society Native Plants,https://www.audubon.org/native-plants/species/ash-leaf-maple?zipcode=78666,Butterflies; Caterpillars; Fruit; Nuts,butterflies; caterpillars; fruit; nuts,New World Sparrows,New World Sparrows,,audubon_broad_family_group,habitat/resource support,Audubon broad bird-family support,False,False,trusted broad profile support,D - trusted Audubon broad plant profile; not species-level direct interaction,Audubon states this plant is thought to attract this broad family/group of birds. Attributes are plant-level resources and are not assigned to individual bird groups.
Acer negundo,Ash-Leaf Maple,Trees,National Audubon Society Native Plants,https://www.audubon.org/native-plants/species/ash-leaf-maple?zipcode=78666,Butterflies; Caterpillars; Fruit; Nuts,butterflies; caterpillars; fruit; nuts,Thrushes,Thrushes,,audubon_broad_family_group,habitat/resource support,Audubon broad bird-family support,False,False,trusted broad profile support,D - trusted Audubon broad plant profile; not species-level direct interaction,Audubon states this plant is thought to attract this broad family/group of birds. Attributes are plant-level resources and are not assigned to individual bird groups.
Acer negundo,Ash-Leaf Maple,Trees,National Audubon Society Native Plants,https://www.audubon.org/native-plants/species/ash-leaf-maple?zipcode=78666,Butterflies; Caterpillars; Fruit; Nuts,butterflies; caterpillars; fruit; nuts,Vireos,Vireos,,audubon_broad_family_group,habitat/resource support,Audubon broad bird-family support,False,False,trusted broad profile support,D - trusted Audubon broad plant profile; not species-level direct interaction,Audubon states this plant is thought to attract this broad family/group of birds. Attributes are plant-level resources and are not assigned to individual bird groups.
Acer negundo,Ash-Leaf Maple,Trees,National Audubon Society Native Plants,https://www.audubon.org/native-plants/species/ash-leaf-maple?zipcode=78666,Butterflies; Caterpillars; Fruit; Nuts,butterflies; caterpillars; fruit; nuts,Waxwings,Waxwings,,audubon_broad_family_group,habitat/resource support,Audubon broad bird-family support,False,False,trusted broad profile support,D - trusted Audubon broad plant profile; not species-level direct interaction,Audubon states this plant is thought to attract this broad family/group of birds. Attributes are plant-level resources and are not assigned to individual bird groups.
Acer negundo,Ash-Leaf Maple,Trees,National Audubon Society Native Plants,https://www.audubon.org/native-plants/species/ash-leaf-maple?zipcode=78666,Butterflies; Caterpillars; Fruit; Nuts,butterflies; caterpillars; fruit; nuts,Wood Warblers,Wood Warblers,,audubon_broad_family_group,habitat/resource support,Audubon broad bird-family support,False,False,trusted broad profile support,D - trusted Audubon broad plant profile; not species-level direct interaction,Audubon states this plant is thought to attract this broad family/group of birds. Attributes are plant-level resources and are not assigned to individual bird groups.
Acer negundo,Ash-Leaf Maple,Trees,National Audubon Society Native Plants,https://www.audubon.org/native-plants/species/ash-leaf-maple?zipcode=78666,Butterflies; Caterpillars; Fruit; Nuts,butterflies; caterpillars; fruit; nuts,Woodpeckers,Woodpeckers,,audubon_broad_family_group,habitat/resource support,Audubon broad bird-family support,False,False,trusted broad profile support,D - trusted Audubon broad plant profile; not species-level direct interaction,Audubon states this plant is thought to attract this broad family/group of birds. Attributes are plant-level resources and are not assigned to individual bird groups.
Acer negundo,Ash-Leaf Maple,Trees,National Audubon Society Native Plants,https://www.audubon.org/native-plants/species/ash-leaf-maple?zipcode=78666,Butterflies; Caterpillars; Fruit; Nuts,butterflies; caterpillars; fruit; nuts,Wrens,Wrens,,audubon_broad_family_group,habitat/resource support,Audubon broad bird-family support,False,False,trusted broad profile support,D - trusted Audubon broad plant profile; not species-level direct interaction,Audubon states this plant is thought to attract this broad family/group of birds. Attributes are plant-level resources and are not assigned to individual bird groups.
Salvia azurea,Azure-Blue Sage,Annuals/Per.,National Audubon Society Native Plants,https://www.audubon.org/native-plants/species/azure-blue-sage?zipcode=78666,Nectar,nectar,Hummingbirds,Hummingbirds,,audubon_broad_family_group,habitat/resource support,Audubon broad bird-family support,False,False,trusted broad profile support,D - trusted Audubon broad plant profile; not species-level direct interaction,Audubon states this plant is thought to attract this broad family/group of birds. Attributes are plant-level resources and are not assigned to individual bird groups.
Salvia azurea,Azure-Blue Sage,Annuals/Per.,National Audubon Society Native Plants,https://www.audubon.org/native-plants/species/azure-blue-sage?zipcode=78666,Nectar,nectar,Mockingbirds and Thrashers,Mockingbirds and Thrashers,,audubon_broad_family_group,habitat/resource support,Audubon broad bird-family support,False,False,trusted broad profile support,D - trusted Audubon broad plant profile; not species-level direct interaction,Audubon states this plant is thought to attract this broad family/group of birds. Attributes are plant-level resources and are not assigned to individual bird groups.
Salvia azurea,Azure-Blue Sage,Annuals/Per.,National Audubon Society Native Plants,https://www.audubon.org/native-plants/species/azure-blue-sage?zipcode=78666,Nectar,nectar,Blackbirds and Orioles,Blackbirds and Orioles,,audubon_broad_family_group,habitat/resource support,Audubon broad bird-family support,False,False,trusted broad profile support,D - trusted Audubon broad plant profile; not species-level direct interaction,Audubon states this plant is thought to attract this broad family/group of birds. Attributes are plant-level resources and are not assigned to individual bird groups.
Salvia azurea,Azure-Blue Sage,Annuals/Per.,National Audubon Society Native Plants,https://www.audubon.org/native-plants/species/azure-blue-sage?zipcode=78666,Nectar,nectar,New World Sparrows,New World Sparrows,,audubon_broad_family_group,habitat/resource support,Audubon broad bird-family support,False,False,trusted broad profile support,D - trusted Audubon broad plant profile; not species-level direct interaction,Audubon states this plant is thought to attract this broad family/group of birds. Attributes are plant-level resources and are not assigned to individual bird groups.
Salvia azurea,Azure-Blue Sage,Annuals/Per.,National Audubon Society Native Plants,https://www.audubon.org/native-plants/species/azure-blue-sage?zipcode=78666,Nectar,nectar,Vireos,Vireos,,audubon_broad_family_group,habitat/resource support,Audubon broad bird-family support,False,False,trusted broad profile support,D - trusted Audubon broad plant profile; not species-level direct interaction,Audubon states this plant is thought to attract this broad family/group of birds. Attributes are plant-level resources and are not assigned to individual bird groups.
Salvia azurea,Azure-Blue Sage,Annuals/Per.,National Audubon Society Native Plants,https://www.audubon.org/native-plants/species/azure-blue-sage?zipcode=78666,Nectar,nectar,Waxwings,Waxwings,,audubon_broad_family_group,habitat/resource support,Audubon broad bird-family support,False,False,trusted broad profile support,D - trusted Audubon broad plant profile; not species-level direct interaction,Audubon states this plant is thought to attract this broad family/group of birds. Attributes are plant-level resources and are not assigned to individual bird groups.
Salvia azurea,Azure-Blue Sage,Annuals/Per.,National Audubon Society Native Plants,https://www.audubon.org/native-plants/species/azure-blue-sage?zipcode=78666,Nectar,nectar,Wood Warblers,Wood Warblers,,audubon_broad_family_group,habitat/resource support,Audubon broad bird-family support,False,False,trusted broad profile support,D - trusted Audubon broad plant profile; not species-level direct interaction,Audubon states this plant is thought to attract this broad family/group of birds. Attributes are plant-level resources and are not assigned to individual bird groups.
Prunus serotina,Black Cherry,Trees,National Audubon Society Native Plants,https://www.audubon.org/native-plants/species/black-cherry?zipcode=78666,Butterflies; Caterpillars; Fruit,butterflies; caterpillars; fruit,"Cardinals, Grosbeaks and Buntings","Cardinals, Grosbeaks and Buntings",,audubon_broad_family_group,habitat/resource support,Audubon broad bird-family support,False,False,trusted broad profile support,D - trusted Audubon broad plant profile; not species-level direct interaction,Audubon states this plant is thought to attract this broad family/group of birds. Attributes are plant-level resources and are not assigned to individual bird groups.
Prunus serotina,Black Cherry,Trees,National Audubon Society Native Plants,https://www.audubon.org/native-plants/species/black-cherry?zipcode=78666,Butterflies; Caterpillars; Fruit,butterflies; caterpillars; fruit,Chickadees and Titmice,Chickadees and Titmice,,audubon_broad_family_group,habitat/resource support,Audubon broad bird-family support,False,False,trusted broad profile support,D - trusted Audubon broad plant profile; not species-level direct interaction,Audubon states this plant is thought to attract this broad family/group of birds. Attributes are plant-level resources and are not assigned to individual bird groups.
Prunus serotina,Black Cherry,Trees,National Audubon Society Native Plants,https://www.audubon.org/native-plants/species/black-cherry?zipcode=78666,Butterflies; Caterpillars; Fruit,butterflies; caterpillars; fruit,"Crows, Magpies, Jays","Crows, Magpies, Jays",,audubon_broad_family_group,habitat/resource support,Audubon broad bird-family support,False,False,trusted broad profile support,D - trusted Audubon broad plant profile; not species-level direct interaction,Audubon states this plant is thought to attract this broad family/group of birds. Attributes are plant-level resources and are not assigned to individual bird groups.
Prunus serotina,Black Cherry,Trees,National Audubon Society Native Plants,https://www.audubon.org/native-plants/species/black-cherry?zipcode=78666,Butterflies; Caterpillars; Fruit,butterflies; caterpillars; fruit,Mockingbirds and Thrashers,Mockingbirds and Thrashers,,audubon_broad_family_group,habitat/resource support,Audubon broad bird-family support,False,False,trusted broad profile support,D - trusted Audubon broad plant profile; not species-level direct interaction,Audubon states this plant is thought to attract this broad family/group of birds. Attributes are plant-level resources and are not assigned to individual bird groups.
Prunus serotina,Black Cherry,Trees,National Audubon Society Native Plants,https://www.audubon.org/native-plants/species/black-cherry?zipcode=78666,Butterflies; Caterpillars; Fruit,butterflies; caterpillars; fruit,Nuthatches,Nuthatches,,audubon_broad_family_group,habitat/resource support,Audubon broad bird-family support,False,False,trusted broad profile support,D - trusted Audubon broad plant profile; not species-level direct interaction,Audubon states this plant is thought to attract this broad family/group of birds. Attributes are plant-level resources and are not assigned to individual bird groups.
Prunus serotina,Black Cherry,Trees,National Audubon Society Native Plants,https://www.audubon.org/native-plants/species/black-cherry?zipcode=78666,Butterflies; Caterpillars; Fruit,butterflies; caterpillars; fruit,Blackbirds and Orioles,Blackbirds and Orioles,,audubon_broad_family_group,habitat/resource support,Audubon broad bird-family support,False,False,trusted broad profile support,D - trusted Audubon broad plant profile; not species-level direct interaction,Audubon states this plant is thought to attract this broad family/group of birds. Attributes are plant-level resources and are not assigned to individual bird groups.
Prunus serotina,Black Cherry,Trees,National Audubon Society Native Plants,https://www.audubon.org/native-plants/species/black-cherry?zipcode=78666,Butterflies; Caterpillars; Fruit,butterflies; caterpillars; fruit,New World Sparrows,New World Sparrows,,audubon_broad_family_group,habitat/resource support,Audubon broad bird-family support,False,False,trusted broad profile support,D - trusted Audubon broad plant profile; not species-level direct interaction,Audubon states this plant is thought to attract this broad family/group of birds. Attributes are plant-level resources and are not assigned to individual bird groups.
Prunus serotina,Black Cherry,Trees,National Audubon Society Native Plants,https://www.audubon.org/native-plants/species/black-cherry?zipcode=78666,Butterflies; Caterpillars; Fruit,butterflies; caterpillars; fruit,Thrushes,Thrushes,,audubon_broad_family_group,habitat/resource support,Audubon broad bird-family support,False,False,trusted broad profile support,D - trusted Audubon broad plant profile; not species-level direct interaction,Audubon states this plant is thought to attract this broad family/group of birds. Attributes are plant-level resources and are not assigned to individual bird groups.
Prunus serotina,Black Cherry,Trees,National Audubon Society Native Plants,https://www.audubon.org/native-plants/species/black-cherry?zipcode=78666,Butterflies; Caterpillars; Fruit,butterflies; caterpillars; fruit,Vireos,Vireos,,audubon_broad_family_group,habitat/resource support,Audubon broad bird-family support,False,False,trusted broad profile support,D - trusted Audubon broad plant profile; not species-level direct interaction,Audubon states this plant is thought to attract this broad family/group of birds. Attributes are plant-level resources and are not assigned to individual bird groups.
Prunus serotina,Black Cherry,Trees,National Audubon Society Native Plants,https://www.audubon.org/native-plants/species/black-cherry?zipcode=78666,Butterflies; Caterpillars; Fruit,butterflies; caterpillars; fruit,Waxwings,Waxwings,,audubon_broad_family_group,habitat/resource support,Audubon broad bird-family support,False,False,trusted broad profile support,D - trusted Audubon broad plant profile; not species-level direct interaction,Audubon states this plant is thought to attract this broad family/group of birds. Attributes are plant-level resources and are not assigned to individual bird groups.
Prunus serotina,Black Cherry,Trees,National Audubon Society Native Plants,https://www.audubon.org/native-plants/species/black-cherry?zipcode=78666,Butterflies; Caterpillars; Fruit,butterflies; caterpillars; fruit,Wood Warblers,Wood Warblers,,audubon_broad_family_group,habitat/resource support,Audubon broad bird-family support,False,False,trusted broad profile support,D - trusted Audubon broad plant profile; not species-level direct interaction,Audubon states this plant is thought to attract this broad family/group of birds. Attributes are plant-level resources and are not assigned to individual bird groups.
Prunus serotina,Black Cherry,Trees,National Audubon Society Native Plants,https://www.audubon.org/native-plants/species/black-cherry?zipcode=78666,Butterflies; Caterpillars; Fruit,butterflies; caterpillars; fruit,Woodpeckers,Woodpeckers,,audubon_broad_family_group,habitat/resource support,Audubon broad bird-family support,False,False,trusted broad profile support,D - trusted Audubon broad plant profile; not species-level direct interaction,Audubon states this plant is thought to attract this broad family/group of birds. Attributes are plant-level resources and are not assigned to individual bird groups.
Prunus serotina,Black Cherry,Trees,National Audubon Society Native Plants,https://www.audubon.org/native-plants/species/black-cherry?zipcode=78666,Butterflies; Caterpillars; Fruit,butterflies; caterpillars; fruit,Wrens,Wrens,,audubon_broad_family_group,habitat/resource support,Audubon broad bird-family support,False,False,trusted broad profile support,D - trusted Audubon broad plant profile; not species-level direct interaction,Audubon states this plant is thought to attract this broad family/group of birds. Attributes are plant-level resources and are not assigned to individual bird groups.
Salix nigra,Black Willow,Trees,National Audubon Society Native Plants,https://www.audubon.org/native-plants/species/black-willow?zipcode=78666,Butterflies; Caterpillars,butterflies; caterpillars,"Cardinals, Grosbeaks and Buntings","Cardinals, Grosbeaks and Buntings",,audubon_broad_family_group,habitat/resource support,Audubon broad bird-family support,False,False,trusted broad profile support,D - trusted Audubon broad plant profile; not species-level direct interaction,Audubon states this plant is thought to attract this broad family/group of birds. Attributes are plant-level resources and are not assigned to individual bird groups.
Salix nigra,Black Willow,Trees,National Audubon Society Native Plants,https://www.audubon.org/native-plants/species/black-willow?zipcode=78666,Butterflies; Caterpillars,butterflies; caterpillars,Chickadees and Titmice,Chickadees and Titmice,,audubon_broad_family_group,habitat/resource support,Audubon broad bird-family support,False,False,trusted broad profile support,D - trusted Audubon broad plant profile; not species-level direct interaction,Audubon states this plant is thought to attract this broad family/group of birds. Attributes are plant-level resources and are not assigned to individual bird groups.
Salix nigra,Black Willow,Trees,National Audubon Society Native Plants,https://www.audubon.org/native-plants/species/black-willow?zipcode=78666,Butterflies; Caterpillars,butterflies; caterpillars,"Crows, Magpies, Jays","Crows, Magpies, Jays",,audubon_broad_family_group,habitat/resource support,Audubon broad bird-family support,False,False,trusted broad profile support,D - trusted Audubon broad plant profile; not species-level direct interaction,Audubon states this plant is thought to attract this broad family/group of birds. Attributes are plant-level resources and are not assigned to individual bird groups.
Salix nigra,Black Willow,Trees,National Audubon Society Native Plants,https://www.audubon.org/native-plants/species/black-willow?zipcode=78666,Butterflies; Caterpillars,butterflies; caterpillars,Mockingbirds and Thrashers,Mockingbirds and Thrashers,,audubon_broad_family_group,habitat/resource support,Audubon broad bird-family support,False,False,trusted broad profile support,D - trusted Audubon broad plant profile; not species-level direct interaction,Audubon states this plant is thought to attract this broad family/group of birds. Attributes are plant-level resources and are not assigned to individual bird groups.
Salix nigra,Black Willow,Trees,National Audubon Society Native Plants,https://www.audubon.org/native-plants/species/black-willow?zipcode=78666,Butterflies; Caterpillars,butterflies; caterpillars,Nuthatches,Nuthatches,,audubon_broad_family_group,habitat/resource support,Audubon broad bird-family support,False,False,trusted broad profile support,D - trusted Audubon broad plant profile; not species-level direct interaction,Audubon states this plant is thought to attract this broad family/group of birds. Attributes are plant-level resources and are not assigned to individual bird groups.
Salix nigra,Black Willow,Trees,National Audubon Society Native Plants,https://www.audubon.org/native-plants/species/black-willow?zipcode=78666,Butterflies; Caterpillars,butterflies; caterpillars,Blackbirds and Orioles,Blackbirds and Orioles,,audubon_broad_family_group,habitat/resource support,Audubon broad bird-family support,False,False,trusted broad profile support,D - trusted Audubon broad plant profile; not species-level direct interaction,Audubon states this plant is thought to attract this broad family/group of birds. Attributes are plant-level resources and are not assigned to individual bird groups.
Salix nigra,Black Willow,Trees,National Audubon Society Native Plants,https://www.audubon.org/native-plants/species/black-willow?zipcode=78666,Butterflies; Caterpillars,butterflies; caterpillars,New World Sparrows,New World Sparrows,,audubon_broad_family_group,habitat/resource support,Audubon broad bird-family support,False,False,trusted broad profile support,D - trusted Audubon broad plant profile; not species-level direct interaction,Audubon states this plant is thought to attract this broad family/group of birds. Attributes are plant-level resources and are not assigned to individual bird groups.
Salix nigra,Black Willow,Trees,National Audubon Society Native Plants,https://www.audubon.org/native-plants/species/black-willow?zipcode=78666,Butterflies; Caterpillars,butterflies; caterpillars,Thrushes,Thrushes,,audubon_broad_family_group,habitat/resource support,Audubon broad bird-family support,False,False,trusted broad profile support,D - trusted Audubon broad plant profile; not species-level direct interaction,Audubon states this plant is thought to attract this broad family/group of birds. Attributes are plant-level resources and are not assigned to individual bird groups.
Salix nigra,Black Willow,Trees,National Audubon Society Native Plants,https://www.audubon.org/native-plants/species/black-willow?zipcode=78666,Butterflies; Caterpillars,butterflies; caterpillars,Vireos,Vireos,,audubon_broad_family_group,habitat/resource support,Audubon broad bird-family support,False,False,trusted broad profile support,D - trusted Audubon broad plant profile; not species-level direct interaction,Audubon states this plant is thought to attract this broad family/group of birds. Attributes are plant-level resources and are not assigned to individual bird groups.
Salix nigra,Black Willow,Trees,National Audubon Society Native Plants,https://www.audubon.org/native-plants/species/black-willow?zipcode=78666,Butterflies; Caterpillars,butterflies; caterpillars,Waxwings,Waxwings,,audubon_broad_family_group,habitat/resource support,Audubon broad bird-family support,False,False,trusted broad profile support,D - trusted Audubon broad plant profile; not species-level direct interaction,Audubon states this plant is thought to attract this broad family/group of birds. Attributes are plant-level resources and are not assigned to individual bird groups.
Salix nigra,Black Willow,Trees,National Audubon Society Native Plants,https://www.audubon.org/native-plants/species/black-willow?zipcode=78666,Butterflies; Caterpillars,butterflies; caterpillars,Wood Warblers,Wood Warblers,,audubon_broad_family_group,habitat/resource support,Audubon broad bird-family support,False,False,trusted broad profile support,D - trusted Audubon broad plant profile; not species-level direct interaction,Audubon states this plant is thought to attract this broad family/group of birds. Attributes are plant-level resources and are not assigned to individual bird groups.
Salix nigra,Black Willow,Trees,National Audubon Society Native Plants,https://www.audubon.org/native-plants/species/black-willow?zipcode=78666,Butterflies; Caterpillars,butterflies; caterpillars,Woodpeckers,Woodpeckers,,audubon_broad_family_group,habitat/resource support,Audubon broad bird-family support,False,False,trusted broad profile support,D - trusted Audubon broad plant profile; not species-level direct interaction,Audubon states this plant is thought to attract this broad family/group of birds. Attributes are plant-level resources and are not assigned to individual bird groups.
Salix nigra,Black Willow,Trees,National Audubon Society Native Plants,https://www.audubon.org/native-plants/species/black-willow?zipcode=78666,Butterflies; Caterpillars,butterflies; caterpillars,Wrens,Wrens,,audubon_broad_family_group,habitat/resource support,Audubon broad bird-family support,False,False,trusted broad profile support,D - trusted Audubon broad plant profile; not species-level direct interaction,Audubon states this plant is thought to attract this broad family/group of birds. Attributes are plant-level resources and are not assigned to individual bird groups.
Rudbeckia hirta,Black-Eyed-Susan,Annuals/Per.,National Audubon Society Native Plants,https://www.audubon.org/native-plants/species/black-eyed-susan?zipcode=78666,Butterflies; Caterpillars,butterflies; caterpillars,"Cardinals, Grosbeaks and Buntings","Cardinals, Grosbeaks and Buntings",,audubon_broad_family_group,habitat/resource support,Audubon broad bird-family support,False,False,trusted broad profile support,D - trusted Audubon broad plant profile; not species-level direct interaction,Audubon states this plant is thought to attract this broad family/group of birds. Attributes are plant-level resources and are not assigned to individual bird groups.
Rudbeckia hirta,Black-Eyed-Susan,Annuals/Per.,National Audubon Society Native Plants,https://www.audubon.org/native-plants/species/black-eyed-susan?zipcode=78666,Butterflies; Caterpillars,butterflies; caterpillars,Chickadees and Titmice,Chickadees and Titmice,,audubon_broad_family_group,habitat/resource support,Audubon broad bird-family support,False,False,trusted broad profile support,D - trusted Audubon broad plant profile; not species-level direct interaction,Audubon states this plant is thought to attract this broad family/group of birds. Attributes are plant-level resources and are not assigned to individual bird groups.
Rudbeckia hirta,Black-Eyed-Susan,Annuals/Per.,National Audubon Society Native Plants,https://www.audubon.org/native-plants/species/black-eyed-susan?zipcode=78666,Butterflies; Caterpillars,butterflies; caterpillars,"Crows, Magpies, Jays","Crows, Magpies, Jays",,audubon_broad_family_group,habitat/resource support,Audubon broad bird-family support,False,False,trusted broad profile support,D - trusted Audubon broad plant profile; not species-level direct interaction,Audubon states this plant is thought to attract this broad family/group of birds. Attributes are plant-level resources and are not assigned to individual bird groups.
Rudbeckia hirta,Black-Eyed-Susan,Annuals/Per.,National Audubon Society Native Plants,https://www.audubon.org/native-plants/species/black-eyed-susan?zipcode=78666,Butterflies; Caterpillars,butterflies; caterpillars,Mockingbirds and Thrashers,Mockingbirds and Thrashers,,audubon_broad_family_group,habitat/resource support,Audubon broad bird-family support,False,False,trusted broad profile support,D - trusted Audubon broad plant profile; not species-level direct interaction,Audubon states this plant is thought to attract this broad family/group of birds. Attributes are plant-level resources and are not assigned to individual bird groups.
Rudbeckia hirta,Black-Eyed-Susan,Annuals/Per.,National Audubon Society Native Plants,https://www.audubon.org/native-plants/species/black-eyed-susan?zipcode=78666,Butterflies; Caterpillars,butterflies; caterpillars,Nuthatches,Nuthatches,,audubon_broad_family_group,habitat/resource support,Audubon broad bird-family support,False,False,trusted broad profile support,D - trusted Audubon broad plant profile; not species-level direct interaction,Audubon states this plant is thought to attract this broad family/group of birds. Attributes are plant-level resources and are not assigned to individual bird groups.
Rudbeckia hirta,Black-Eyed-Susan,Annuals/Per.,National Audubon Society Native Plants,https://www.audubon.org/native-plants/species/black-eyed-susan?zipcode=78666,Butterflies; Caterpillars,butterflies; caterpillars,Blackbirds and Orioles,Blackbirds and Orioles,,audubon_broad_family_group,habitat/resource support,Audubon broad bird-family support,False,False,trusted broad profile support,D - trusted Audubon broad plant profile; not species-level direct interaction,Audubon states this plant is thought to attract this broad family/group of birds. Attributes are plant-level resources and are not assigned to individual bird groups.
Rudbeckia hirta,Black-Eyed-Susan,Annuals/Per.,National Audubon Society Native Plants,https://www.audubon.org/native-plants/species/black-eyed-susan?zipcode=78666,Butterflies; Caterpillars,butterflies; caterpillars,New World Sparrows,New World Sparrows,,audubon_broad_family_group,habitat/resource support,Audubon broad bird-family support,False,False,trusted broad profile support,D - trusted Audubon broad plant profile; not species-level direct interaction,Audubon states this plant is thought to attract this broad family/group of birds. Attributes are plant-level resources and are not assigned to individual bird groups.
Rudbeckia hirta,Black-Eyed-Susan,Annuals/Per.,National Audubon Society Native Plants,https://www.audubon.org/native-plants/species/black-eyed-susan?zipcode=78666,Butterflies; Caterpillars,butterflies; caterpillars,Thrushes,Thrushes,,audubon_broad_family_group,habitat/resource support,Audubon broad bird-family support,False,False,trusted broad profile support,D - trusted Audubon broad plant profile; not species-level direct interaction,Audubon states this plant is thought to attract this broad family/group of birds. Attributes are plant-level resources and are not assigned to individual bird groups.
Rudbeckia hirta,Black-Eyed-Susan,Annuals/Per.,National Audubon Society Native Plants,https://www.audubon.org/native-plants/species/black-eyed-susan?zipcode=78666,Butterflies; Caterpillars,butterflies; caterpillars,Vireos,Vireos,,audubon_broad_family_group,habitat/resource support,Audubon broad bird-family support,False,False,trusted broad profile support,D - trusted Audubon broad plant profile; not species-level direct interaction,Audubon states this plant is thought to attract this broad family/group of birds. Attributes are plant-level resources and are not assigned to individual bird groups.
Rudbeckia hirta,Black-Eyed-Susan,Annuals/Per.,National Audubon Society Native Plants,https://www.audubon.org/native-plants/species/black-eyed-susan?zipcode=78666,Butterflies; Caterpillars,butterflies; caterpillars,Waxwings,Waxwings,,audubon_broad_family_group,habitat/resource support,Audubon broad bird-family support,False,False,trusted broad profile support,D - trusted Audubon broad plant profile; not species-level direct interaction,Audubon states this plant is thought to attract this broad family/group of birds. Attributes are plant-level resources and are not assigned to individual bird groups.
Rudbeckia hirta,Black-Eyed-Susan,Annuals/Per.,National Audubon Society Native Plants,https://www.audubon.org/native-plants/species/black-eyed-susan?zipcode=78666,Butterflies; Caterpillars,butterflies; caterpillars,Wood Warblers,Wood Warblers,,audubon_broad_family_group,habitat/resource support,Audubon broad bird-family support,False,False,trusted broad profile support,D - trusted Audubon broad plant profile; not species-level direct interaction,Audubon states this plant is thought to attract this broad family/group of birds. Attributes are plant-level resources and are not assigned to individual bird groups.
Rudbeckia hirta,Black-Eyed-Susan,Annuals/Per.,National Audubon Society Native Plants,https://www.audubon.org/native-plants/species/black-eyed-susan?zipcode=78666,Butterflies; Caterpillars,butterflies; caterpillars,Woodpeckers,Woodpeckers,,audubon_broad_family_group,habitat/resource support,Audubon broad bird-family support,False,False,trusted broad profile support,D - trusted Audubon broad plant profile; not species-level direct interaction,Audubon states this plant is thought to attract this broad family/group of birds. Attributes are plant-level resources and are not assigned to individual bird groups.
Rudbeckia hirta,Black-Eyed-Susan,Annuals/Per.,National Audubon Society Native Plants,https://www.audubon.org/native-plants/species/black-eyed-susan?zipcode=78666,Butterflies; Caterpillars,butterflies; caterpillars,Wrens,Wrens,,audubon_broad_family_group,habitat/resource support,Audubon broad bird-family support,False,False,trusted broad profile support,D - trusted Audubon broad plant profile; not species-level direct interaction,Audubon states this plant is thought to attract this broad family/group of birds. Attributes are plant-level resources and are not assigned to individual bird groups.
Salvia coccinea,Blood Sage,"Annuals/Per., Shrubs",National Audubon Society Native Plants,https://www.audubon.org/native-plants/species/blood-sage?zipcode=78666,Nectar,nectar,Hummingbirds,Hummingbirds,,audubon_broad_family_group,habitat/resource support,Audubon broad bird-family support,False,False,trusted broad profile support,D - trusted Audubon broad plant profile; not species-level direct interaction,Audubon states this plant is thought to attract this broad family/group of birds. Attributes are plant-level resources and are not assigned to individual bird groups.
Salvia coccinea,Blood Sage,"Annuals/Per., Shrubs",National Audubon Society Native Plants,https://www.audubon.org/native-plants/species/blood-sage?zipcode=78666,Nectar,nectar,Mockingbirds and Thrashers,Mockingbirds and Thrashers,,audubon_broad_family_group,habitat/resource support,Audubon broad bird-family support,False,False,trusted broad profile support,D - trusted Audubon broad plant profile; not species-level direct interaction,Audubon states this plant is thought to attract this broad family/group of birds. Attributes are plant-level resources and are not assigned to individual bird groups.
Salvia coccinea,Blood Sage,"Annuals/Per., Shrubs",National Audubon Society Native Plants,https://www.audubon.org/native-plants/species/blood-sage?zipcode=78666,Nectar,nectar,Blackbirds and Orioles,Blackbirds and Orioles,,audubon_broad_family_group,habitat/resource support,Audubon broad bird-family support,False,False,trusted broad profile support,D - trusted Audubon broad plant profile; not species-level direct interaction,Audubon states this plant is thought to attract this broad family/group of birds. Attributes are plant-level resources and are not assigned to individual bird groups.
Salvia coccinea,Blood Sage,"Annuals/Per., Shrubs",National Audubon Society Native Plants,https://www.audubon.org/native-plants/species/blood-sage?zipcode=78666,Nectar,nectar,New World Sparrows,New World Sparrows,,audubon_broad_family_group,habitat/resource support,Audubon broad bird-family support,False,False,trusted broad profile support,D - trusted Audubon broad plant profile; not species-level direct interaction,Audubon states this plant is thought to attract this broad family/group of birds. Attributes are plant-level resources and are not assigned to individual bird groups.
Salvia coccinea,Blood Sage,"Annuals/Per., Shrubs",National Audubon Society Native Plants,https://www.audubon.org/native-plants/species/blood-sage?zipcode=78666,Nectar,nectar,Vireos,Vireos,,audubon_broad_family_group,habitat/resource support,Audubon broad bird-family support,False,False,trusted broad profile support,D - trusted Audubon broad plant profile; not species-level direct interaction,Audubon states this plant is thought to attract this broad family/group of birds. Attributes are plant-level resources and are not assigned to individual bird groups.
Salvia coccinea,Blood Sage,"Annuals/Per., Shrubs",National Audubon Society Native Plants,https://www.audubon.org/native-plants/species/blood-sage?zipcode=78666,Nectar,nectar,Waxwings,Waxwings,,audubon_broad_family_group,habitat/resource support,Audubon broad bird-family support,False,False,trusted broad profile support,D - trusted Audubon broad plant profile; not species-level direct interaction,Audubon states this plant is thought to attract this broad family/group of birds. Attributes are plant-level resources and are not assigned to individual bird groups.
Salvia coccinea,Blood Sage,"Annuals/Per., Shrubs",National Audubon Society Native Plants,https://www.audubon.org/native-plants/species/blood-sage?zipcode=78666,Nectar,nectar,Wood Warblers,Wood Warblers,,audubon_broad_family_group,habitat/resource support,Audubon broad bird-family support,False,False,trusted broad profile support,D - trusted Audubon broad plant profile; not species-level direct interaction,Audubon states this plant is thought to attract this broad family/group of birds. Attributes are plant-level resources and are not assigned to individual bird groups.
Quercus macrocarpa,Burr Oak,Trees,National Audubon Society Native Plants,https://www.audubon.org/native-plants/species/burr-oak?zipcode=78666,Butterflies; Caterpillars; Fruit; Nuts,butterflies; caterpillars; fruit; nuts,"Cardinals, Grosbeaks and Buntings","Cardinals, Grosbeaks and Buntings",,audubon_broad_family_group,habitat/resource support,Audubon broad bird-family support,False,False,trusted broad profile support,D - trusted Audubon broad plant profile; not species-level direct interaction,Audubon states this plant is thought to attract this broad family/group of birds. Attributes are plant-level resources and are not assigned to individual bird groups.
Quercus macrocarpa,Burr Oak,Trees,National Audubon Society Native Plants,https://www.audubon.org/native-plants/species/burr-oak?zipcode=78666,Butterflies; Caterpillars; Fruit; Nuts,butterflies; caterpillars; fruit; nuts,Chickadees and Titmice,Chickadees and Titmice,,audubon_broad_family_group,habitat/resource support,Audubon broad bird-family support,False,False,trusted broad profile support,D - trusted Audubon broad plant profile; not species-level direct interaction,Audubon states this plant is thought to attract this broad family/group of birds. Attributes are plant-level resources and are not assigned to individual bird groups.
Quercus macrocarpa,Burr Oak,Trees,National Audubon Society Native Plants,https://www.audubon.org/native-plants/species/burr-oak?zipcode=78666,Butterflies; Caterpillars; Fruit; Nuts,butterflies; caterpillars; fruit; nuts,"Crows, Magpies, Jays","Crows, Magpies, Jays",,audubon_broad_family_group,habitat/resource support,Audubon broad bird-family support,False,False,trusted broad profile support,D - trusted Audubon broad plant profile; not species-level direct interaction,Audubon states this plant is thought to attract this broad family/group of birds. Attributes are plant-level resources and are not assigned to individual bird groups.
Quercus macrocarpa,Burr Oak,Trees,National Audubon Society Native Plants,https://www.audubon.org/native-plants/species/burr-oak?zipcode=78666,Butterflies; Caterpillars; Fruit; Nuts,butterflies; caterpillars; fruit; nuts,Finches,Finches,,audubon_broad_family_group,habitat/resource support,Audubon broad bird-family support,False,False,trusted broad profile support,D - trusted Audubon broad plant profile; not species-level direct interaction,Audubon states this plant is thought to attract this broad family/group of birds. Attributes are plant-level resources and are not assigned to individual bird groups.
Quercus macrocarpa,Burr Oak,Trees,National Audubon Society Native Plants,https://www.audubon.org/native-plants/species/burr-oak?zipcode=78666,Butterflies; Caterpillars; Fruit; Nuts,butterflies; caterpillars; fruit; nuts,Mockingbirds and Thrashers,Mockingbirds and Thrashers,,audubon_broad_family_group,habitat/resource support,Audubon broad bird-family support,False,False,trusted broad profile support,D - trusted Audubon broad plant profile; not species-level direct interaction,Audubon states this plant is thought to attract this broad family/group of birds. Attributes are plant-level resources and are not assigned to individual bird groups.
Quercus macrocarpa,Burr Oak,Trees,National Audubon Society Native Plants,https://www.audubon.org/native-plants/species/burr-oak?zipcode=78666,Butterflies; Caterpillars; Fruit; Nuts,butterflies; caterpillars; fruit; nuts,Nuthatches,Nuthatches,,audubon_broad_family_group,habitat/resource support,Audubon broad bird-family support,False,False,trusted broad profile support,D - trusted Audubon broad plant profile; not species-level direct interaction,Audubon states this plant is thought to attract this broad family/group of birds. Attributes are plant-level resources and are not assigned to individual bird groups.
Quercus macrocarpa,Burr Oak,Trees,National Audubon Society Native Plants,https://www.audubon.org/native-plants/species/burr-oak?zipcode=78666,Butterflies; Caterpillars; Fruit; Nuts,butterflies; caterpillars; fruit; nuts,Blackbirds and Orioles,Blackbirds and Orioles,,audubon_broad_family_group,habitat/resource support,Audubon broad bird-family support,False,False,trusted broad profile support,D - trusted Audubon broad plant profile; not species-level direct interaction,Audubon states this plant is thought to attract this broad family/group of birds. Attributes are plant-level resources and are not assigned to individual bird groups.
Quercus macrocarpa,Burr Oak,Trees,National Audubon Society Native Plants,https://www.audubon.org/native-plants/species/burr-oak?zipcode=78666,Butterflies; Caterpillars; Fruit; Nuts,butterflies; caterpillars; fruit; nuts,New World Sparrows,New World Sparrows,,audubon_broad_family_group,habitat/resource support,Audubon broad bird-family support,False,False,trusted broad profile support,D - trusted Audubon broad plant profile; not species-level direct interaction,Audubon states this plant is thought to attract this broad family/group of birds. Attributes are plant-level resources and are not assigned to individual bird groups.
Quercus macrocarpa,Burr Oak,Trees,National Audubon Society Native Plants,https://www.audubon.org/native-plants/species/burr-oak?zipcode=78666,Butterflies; Caterpillars; Fruit; Nuts,butterflies; caterpillars; fruit; nuts,Thrushes,Thrushes,,audubon_broad_family_group,habitat/resource support,Audubon broad bird-family support,False,False,trusted broad profile support,D - trusted Audubon broad plant profile; not species-level direct interaction,Audubon states this plant is thought to attract this broad family/group of birds. Attributes are plant-level resources and are not assigned to individual bird groups.
Quercus macrocarpa,Burr Oak,Trees,National Audubon Society Native Plants,https://www.audubon.org/native-plants/species/burr-oak?zipcode=78666,Butterflies; Caterpillars; Fruit; Nuts,butterflies; caterpillars; fruit; nuts,Vireos,Vireos,,audubon_broad_family_group,habitat/resource support,Audubon broad bird-family support,False,False,trusted broad profile support,D - trusted Audubon broad plant profile; not species-level direct interaction,Audubon states this plant is thought to attract this broad family/group of birds. Attributes are plant-level resources and are not assigned to individual bird groups.
Quercus macrocarpa,Burr Oak,Trees,National Audubon Society Native Plants,https://www.audubon.org/native-plants/species/burr-oak?zipcode=78666,Butterflies; Caterpillars; Fruit; Nuts,butterflies; caterpillars; fruit; nuts,Waxwings,Waxwings,,audubon_broad_family_group,habitat/resource support,Audubon broad bird-family support,False,False,trusted broad profile support,D - trusted Audubon broad plant profile; not species-level direct interaction,Audubon states this plant is thought to attract this broad family/group of birds. Attributes are plant-level resources and are not assigned to individual bird groups.
Quercus macrocarpa,Burr Oak,Trees,National Audubon Society Native Plants,https://www.audubon.org/native-plants/species/burr-oak?zipcode=78666,Butterflies; Caterpillars; Fruit; Nuts,butterflies; caterpillars; fruit; nuts,Wood Warblers,Wood Warblers,,audubon_broad_family_group,habitat/resource support,Audubon broad bird-family support,False,False,trusted broad profile support,D - trusted Audubon broad plant profile; not species-level direct interaction,Audubon states this plant is thought to attract this broad family/group of birds. Attributes are plant-level resources and are not assigned to individual bird groups.
Quercus macrocarpa,Burr Oak,Trees,National Audubon Society Native Plants,https://www.audubon.org/native-plants/species/burr-oak?zipcode=78666,Butterflies; Caterpillars; Fruit; Nuts,butterflies; caterpillars; fruit; nuts,Woodpeckers,Woodpeckers,,audubon_broad_family_group,habitat/resource support,Audubon broad bird-family support,False,False,trusted broad profile support,D - trusted Audubon broad plant profile; not species-level direct interaction,Audubon states this plant is thought to attract this broad family/group of birds. Attributes are plant-level resources and are not assigned to individual bird groups.
Quercus macrocarpa,Burr Oak,Trees,National Audubon Society Native Plants,https://www.audubon.org/native-plants/species/burr-oak?zipcode=78666,Butterflies; Caterpillars; Fruit; Nuts,butterflies; caterpillars; fruit; nuts,Wrens,Wrens,,audubon_broad_family_group,habitat/resource support,Audubon broad bird-family support,False,False,trusted broad profile support,D - trusted Audubon broad plant profile; not species-level direct interaction,Audubon states this plant is thought to attract this broad family/group of birds. Attributes are plant-level resources and are not assigned to individual bird groups.
Asclepias tuberosa,Butterfly Milkweed,Annuals/Per.,National Audubon Society Native Plants,https://www.audubon.org/native-plants/species/butterfly-milkweed?zipcode=78666,Butterflies; Caterpillars; Fruit; Nectar; Nuts,butterflies; caterpillars; fruit; nectar; nuts,"Cardinals, Grosbeaks and Buntings","Cardinals, Grosbeaks and Buntings",,audubon_broad_family_group,habitat/resource support,Audubon broad bird-family support,False,False,trusted broad profile support,D - trusted Audubon broad plant profile; not species-level direct interaction,Audubon states this plant is thought to attract this broad family/group of birds. Attributes are plant-level resources and are not assigned to individual bird groups.
Asclepias tuberosa,Butterfly Milkweed,Annuals/Per.,National Audubon Society Native Plants,https://www.audubon.org/native-plants/species/butterfly-milkweed?zipcode=78666,Butterflies; Caterpillars; Fruit; Nectar; Nuts,butterflies; caterpillars; fruit; nectar; nuts,Chickadees and Titmice,Chickadees and Titmice,,audubon_broad_family_group,habitat/resource support,Audubon broad bird-family support,False,False,trusted broad profile support,D - trusted Audubon broad plant profile; not species-level direct interaction,Audubon states this plant is thought to attract this broad family/group of birds. Attributes are plant-level resources and are not assigned to individual bird groups.
Asclepias tuberosa,Butterfly Milkweed,Annuals/Per.,National Audubon Society Native Plants,https://www.audubon.org/native-plants/species/butterfly-milkweed?zipcode=78666,Butterflies; Caterpillars; Fruit; Nectar; Nuts,butterflies; caterpillars; fruit; nectar; nuts,"Crows, Magpies, Jays","Crows, Magpies, Jays",,audubon_broad_family_group,habitat/resource support,Audubon broad bird-family support,False,False,trusted broad profile support,D - trusted Audubon broad plant profile; not species-level direct interaction,Audubon states this plant is thought to attract this broad family/group of birds. Attributes are plant-level resources and are not assigned to individual bird groups.
Asclepias tuberosa,Butterfly Milkweed,Annuals/Per.,National Audubon Society Native Plants,https://www.audubon.org/native-plants/species/butterfly-milkweed?zipcode=78666,Butterflies; Caterpillars; Fruit; Nectar; Nuts,butterflies; caterpillars; fruit; nectar; nuts,Finches,Finches,,audubon_broad_family_group,habitat/resource support,Audubon broad bird-family support,False,False,trusted broad profile support,D - trusted Audubon broad plant profile; not species-level direct interaction,Audubon states this plant is thought to attract this broad family/group of birds. Attributes are plant-level resources and are not assigned to individual bird groups.
Asclepias tuberosa,Butterfly Milkweed,Annuals/Per.,National Audubon Society Native Plants,https://www.audubon.org/native-plants/species/butterfly-milkweed?zipcode=78666,Butterflies; Caterpillars; Fruit; Nectar; Nuts,butterflies; caterpillars; fruit; nectar; nuts,Hummingbirds,Hummingbirds,,audubon_broad_family_group,habitat/resource support,Audubon broad bird-family support,False,False,trusted broad profile support,D - trusted Audubon broad plant profile; not species-level direct interaction,Audubon states this plant is thought to attract this broad family/group of birds. Attributes are plant-level resources and are not assigned to individual bird groups.
Asclepias tuberosa,Butterfly Milkweed,Annuals/Per.,National Audubon Society Native Plants,https://www.audubon.org/native-plants/species/butterfly-milkweed?zipcode=78666,Butterflies; Caterpillars; Fruit; Nectar; Nuts,butterflies; caterpillars; fruit; nectar; nuts,Mockingbirds and Thrashers,Mockingbirds and Thrashers,,audubon_broad_family_group,habitat/resource support,Audubon broad bird-family support,False,False,trusted broad profile support,D - trusted Audubon broad plant profile; not species-level direct interaction,Audubon states this plant is thought to attract this broad family/group of birds. Attributes are plant-level resources and are not assigned to individual bird groups.
Asclepias tuberosa,Butterfly Milkweed,Annuals/Per.,National Audubon Society Native Plants,https://www.audubon.org/native-plants/species/butterfly-milkweed?zipcode=78666,Butterflies; Caterpillars; Fruit; Nectar; Nuts,butterflies; caterpillars; fruit; nectar; nuts,Nuthatches,Nuthatches,,audubon_broad_family_group,habitat/resource support,Audubon broad bird-family support,False,False,trusted broad profile support,D - trusted Audubon broad plant profile; not species-level direct interaction,Audubon states this plant is thought to attract this broad family/group of birds. Attributes are plant-level resources and are not assigned to individual bird groups.
Asclepias tuberosa,Butterfly Milkweed,Annuals/Per.,National Audubon Society Native Plants,https://www.audubon.org/native-plants/species/butterfly-milkweed?zipcode=78666,Butterflies; Caterpillars; Fruit; Nectar; Nuts,butterflies; caterpillars; fruit; nectar; nuts,Blackbirds and Orioles,Blackbirds and Orioles,,audubon_broad_family_group,habitat/resource support,Audubon broad bird-family support,False,False,trusted broad profile support,D - trusted Audubon broad plant profile; not species-level direct interaction,Audubon states this plant is thought to attract this broad family/group of birds. Attributes are plant-level resources and are not assigned to individual bird groups.
Asclepias tuberosa,Butterfly Milkweed,Annuals/Per.,National Audubon Society Native Plants,https://www.audubon.org/native-plants/species/butterfly-milkweed?zipcode=78666,Butterflies; Caterpillars; Fruit; Nectar; Nuts,butterflies; caterpillars; fruit; nectar; nuts,New World Sparrows,New World Sparrows,,audubon_broad_family_group,habitat/resource support,Audubon broad bird-family support,False,False,trusted broad profile support,D - trusted Audubon broad plant profile; not species-level direct interaction,Audubon states this plant is thought to attract this broad family/group of birds. Attributes are plant-level resources and are not assigned to individual bird groups.
Asclepias tuberosa,Butterfly Milkweed,Annuals/Per.,National Audubon Society Native Plants,https://www.audubon.org/native-plants/species/butterfly-milkweed?zipcode=78666,Butterflies; Caterpillars; Fruit; Nectar; Nuts,butterflies; caterpillars; fruit; nectar; nuts,Thrushes,Thrushes,,audubon_broad_family_group,habitat/resource support,Audubon broad bird-family support,False,False,trusted broad profile support,D - trusted Audubon broad plant profile; not species-level direct interaction,Audubon states this plant is thought to attract this broad family/group of birds. Attributes are plant-level resources and are not assigned to individual bird groups.
Asclepias tuberosa,Butterfly Milkweed,Annuals/Per.,National Audubon Society Native Plants,https://www.audubon.org/native-plants/species/butterfly-milkweed?zipcode=78666,Butterflies; Caterpillars; Fruit; Nectar; Nuts,butterflies; caterpillars; fruit; nectar; nuts,Vireos,Vireos,,audubon_broad_family_group,habitat/resource support,Audubon broad bird-family support,False,False,trusted broad profile support,D - trusted Audubon broad plant profile; not species-level direct interaction,Audubon states this plant is thought to attract this broad family/group of birds. Attributes are plant-level resources and are not assigned to individual bird groups.
Asclepias tuberosa,Butterfly Milkweed,Annuals/Per.,National Audubon Society Native Plants,https://www.audubon.org/native-plants/species/butterfly-milkweed?zipcode=78666,Butterflies; Caterpillars; Fruit; Nectar; Nuts,butterflies; caterpillars; fruit; nectar; nuts,Waxwings,Waxwings,,audubon_broad_family_group,habitat/resource support,Audubon broad bird-family support,False,False,trusted broad profile support,D - trusted Audubon broad plant profile; not species-level direct interaction,Audubon states this plant is thought to attract this broad family/group of birds. Attributes are plant-level resources and are not assigned to individual bird groups.
Asclepias tuberosa,Butterfly Milkweed,Annuals/Per.,National Audubon Society Native Plants,https://www.audubon.org/native-plants/species/butterfly-milkweed?zipcode=78666,Butterflies; Caterpillars; Fruit; Nectar; Nuts,butterflies; caterpillars; fruit; nectar; nuts,Wood Warblers,Wood Warblers,,audubon_broad_family_group,habitat/resource support,Audubon broad bird-family support,False,False,trusted broad profile support,D - trusted Audubon broad plant profile; not species-level direct interaction,Audubon states this plant is thought to attract this broad family/group of birds. Attributes are plant-level resources and are not assigned to individual bird groups.
Asclepias tuberosa,Butterfly Milkweed,Annuals/Per.,National Audubon Society Native Plants,https://www.audubon.org/native-plants/species/butterfly-milkweed?zipcode=78666,Butterflies; Caterpillars; Fruit; Nectar; Nuts,butterflies; caterpillars; fruit; nectar; nuts,Woodpeckers,Woodpeckers,,audubon_broad_family_group,habitat/resource support,Audubon broad bird-family support,False,False,trusted broad profile support,D - trusted Audubon broad plant profile; not species-level direct interaction,Audubon states this plant is thought to attract this broad family/group of birds. Attributes are plant-level resources and are not assigned to individual bird groups.
Asclepias tuberosa,Butterfly Milkweed,Annuals/Per.,National Audubon Society Native Plants,https://www.audubon.org/native-plants/species/butterfly-milkweed?zipcode=78666,Butterflies; Caterpillars; Fruit; Nectar; Nuts,butterflies; caterpillars; fruit; nectar; nuts,Wrens,Wrens,,audubon_broad_family_group,habitat/resource support,Audubon broad bird-family support,False,False,trusted broad profile support,D - trusted Audubon broad plant profile; not species-level direct interaction,Audubon states this plant is thought to attract this broad family/group of birds. Attributes are plant-level resources and are not assigned to individual bird groups.
Lobelia cardinalis,Cardinal-Flower,Annuals/Per.,National Audubon Society Native Plants,https://www.audubon.org/native-plants/species/cardinal-flower?zipcode=78666,Butterflies; Caterpillars; Nectar,butterflies; caterpillars; nectar,"Cardinals, Grosbeaks and Buntings","Cardinals, Grosbeaks and Buntings",,audubon_broad_family_group,habitat/resource support,Audubon broad bird-family support,False,False,trusted broad profile support,D - trusted Audubon broad plant profile; not species-level direct interaction,Audubon states this plant is thought to attract this broad family/group of birds. Attributes are plant-level resources and are not assigned to individual bird groups.
Lobelia cardinalis,Cardinal-Flower,Annuals/Per.,National Audubon Society Native Plants,https://www.audubon.org/native-plants/species/cardinal-flower?zipcode=78666,Butterflies; Caterpillars; Nectar,butterflies; caterpillars; nectar,Chickadees and Titmice,Chickadees and Titmice,,audubon_broad_family_group,habitat/resource support,Audubon broad bird-family support,False,False,trusted broad profile support,D - trusted Audubon broad plant profile; not species-level direct interaction,Audubon states this plant is thought to attract this broad family/group of birds. Attributes are plant-level resources and are not assigned to individual bird groups.
Lobelia cardinalis,Cardinal-Flower,Annuals/Per.,National Audubon Society Native Plants,https://www.audubon.org/native-plants/species/cardinal-flower?zipcode=78666,Butterflies; Caterpillars; Nectar,butterflies; caterpillars; nectar,"Crows, Magpies, Jays","Crows, Magpies, Jays",,audubon_broad_family_group,habitat/resource support,Audubon broad bird-family support,False,False,trusted broad profile support,D - trusted Audubon broad plant profile; not species-level direct interaction,Audubon states this plant is thought to attract this broad family/group of birds. Attributes are plant-level resources and are not assigned to individual bird groups.
Lobelia cardinalis,Cardinal-Flower,Annuals/Per.,National Audubon Society Native Plants,https://www.audubon.org/native-plants/species/cardinal-flower?zipcode=78666,Butterflies; Caterpillars; Nectar,butterflies; caterpillars; nectar,Hummingbirds,Hummingbirds,,audubon_broad_family_group,habitat/resource support,Audubon broad bird-family support,False,False,trusted broad profile support,D - trusted Audubon broad plant profile; not species-level direct interaction,Audubon states this plant is thought to attract this broad family/group of birds. Attributes are plant-level resources and are not assigned to individual bird groups.
Lobelia cardinalis,Cardinal-Flower,Annuals/Per.,National Audubon Society Native Plants,https://www.audubon.org/native-plants/species/cardinal-flower?zipcode=78666,Butterflies; Caterpillars; Nectar,butterflies; caterpillars; nectar,Mockingbirds and Thrashers,Mockingbirds and Thrashers,,audubon_broad_family_group,habitat/resource support,Audubon broad bird-family support,False,False,trusted broad profile support,D - trusted Audubon broad plant profile; not species-level direct interaction,Audubon states this plant is thought to attract this broad family/group of birds. Attributes are plant-level resources and are not assigned to individual bird groups.
Lobelia cardinalis,Cardinal-Flower,Annuals/Per.,National Audubon Society Native Plants,https://www.audubon.org/native-plants/species/cardinal-flower?zipcode=78666,Butterflies; Caterpillars; Nectar,butterflies; caterpillars; nectar,Nuthatches,Nuthatches,,audubon_broad_family_group,habitat/resource support,Audubon broad bird-family support,False,False,trusted broad profile support,D - trusted Audubon broad plant profile; not species-level direct interaction,Audubon states this plant is thought to attract this broad family/group of birds. Attributes are plant-level resources and are not assigned to individual bird groups.
Lobelia cardinalis,Cardinal-Flower,Annuals/Per.,National Audubon Society Native Plants,https://www.audubon.org/native-plants/species/cardinal-flower?zipcode=78666,Butterflies; Caterpillars; Nectar,butterflies; caterpillars; nectar,Blackbirds and Orioles,Blackbirds and Orioles,,audubon_broad_family_group,habitat/resource support,Audubon broad bird-family support,False,False,trusted broad profile support,D - trusted Audubon broad plant profile; not species-level direct interaction,Audubon states this plant is thought to attract this broad family/group of birds. Attributes are plant-level resources and are not assigned to individual bird groups.
Lobelia cardinalis,Cardinal-Flower,Annuals/Per.,National Audubon Society Native Plants,https://www.audubon.org/native-plants/species/cardinal-flower?zipcode=78666,Butterflies; Caterpillars; Nectar,butterflies; caterpillars; nectar,New World Sparrows,New World Sparrows,,audubon_broad_family_group,habitat/resource support,Audubon broad bird-family support,False,False,trusted broad profile support,D - trusted Audubon broad plant profile; not species-level direct interaction,Audubon states this plant is thought to attract this broad family/group of birds. Attributes are plant-level resources and are not assigned to individual bird groups.
Lobelia cardinalis,Cardinal-Flower,Annuals/Per.,National Audubon Society Native Plants,https://www.audubon.org/native-plants/species/cardinal-flower?zipcode=78666,Butterflies; Caterpillars; Nectar,butterflies; caterpillars; nectar,Thrushes,Thrushes,,audubon_broad_family_group,habitat/resource support,Audubon broad bird-family support,False,False,trusted broad profile support,D - trusted Audubon broad plant profile; not species-level direct interaction,Audubon states this plant is thought to attract this broad family/group of birds. Attributes are plant-level resources and are not assigned to individual bird groups.
Lobelia cardinalis,Cardinal-Flower,Annuals/Per.,National Audubon Society Native Plants,https://www.audubon.org/native-plants/species/cardinal-flower?zipcode=78666,Butterflies; Caterpillars; Nectar,butterflies; caterpillars; nectar,Vireos,Vireos,,audubon_broad_family_group,habitat/resource support,Audubon broad bird-family support,False,False,trusted broad profile support,D - trusted Audubon broad plant profile; not species-level direct interaction,Audubon states this plant is thought to attract this broad family/group of birds. Attributes are plant-level resources and are not assigned to individual bird groups.
Lobelia cardinalis,Cardinal-Flower,Annuals/Per.,National Audubon Society Native Plants,https://www.audubon.org/native-plants/species/cardinal-flower?zipcode=78666,Butterflies; Caterpillars; Nectar,butterflies; caterpillars; nectar,Waxwings,Waxwings,,audubon_broad_family_group,habitat/resource support,Audubon broad bird-family support,False,False,trusted broad profile support,D - trusted Audubon broad plant profile; not species-level direct interaction,Audubon states this plant is thought to attract this broad family/group of birds. Attributes are plant-level resources and are not assigned to individual bird groups.
Lobelia cardinalis,Cardinal-Flower,Annuals/Per.,National Audubon Society Native Plants,https://www.audubon.org/native-plants/species/cardinal-flower?zipcode=78666,Butterflies; Caterpillars; Nectar,butterflies; caterpillars; nectar,Wood Warblers,Wood Warblers,,audubon_broad_family_group,habitat/resource support,Audubon broad bird-family support,False,False,trusted broad profile support,D - trusted Audubon broad plant profile; not species-level direct interaction,Audubon states this plant is thought to attract this broad family/group of birds. Attributes are plant-level resources and are not assigned to individual bird groups.
Lobelia cardinalis,Cardinal-Flower,Annuals/Per.,National Audubon Society Native Plants,https://www.audubon.org/native-plants/species/cardinal-flower?zipcode=78666,Butterflies; Caterpillars; Nectar,butterflies; caterpillars; nectar,Woodpeckers,Woodpeckers,,audubon_broad_family_group,habitat/resource support,Audubon broad bird-family support,False,False,trusted broad profile support,D - trusted Audubon broad plant profile; not species-level direct interaction,Audubon states this plant is thought to attract this broad family/group of birds. Attributes are plant-level resources and are not assigned to individual bird groups.
Lobelia cardinalis,Cardinal-Flower,Annuals/Per.,National Audubon Society Native Plants,https://www.audubon.org/native-plants/species/cardinal-flower?zipcode=78666,Butterflies; Caterpillars; Nectar,butterflies; caterpillars; nectar,Wrens,Wrens,,audubon_broad_family_group,habitat/resource support,Audubon broad bird-family support,False,False,trusted broad profile support,D - trusted Audubon broad plant profile; not species-level direct interaction,Audubon states this plant is thought to attract this broad family/group of birds. Attributes are plant-level resources and are not assigned to individual bird groups.
Ulmus crassifolia,Cedar Elm,Trees,National Audubon Society Native Plants,https://www.audubon.org/native-plants/species/cedar-elm?zipcode=78666,Butterflies; Caterpillars; Fruit; Nuts,butterflies; caterpillars; fruit; nuts,"Cardinals, Grosbeaks and Buntings","Cardinals, Grosbeaks and Buntings",,audubon_broad_family_group,habitat/resource support,Audubon broad bird-family support,False,False,trusted broad profile support,D - trusted Audubon broad plant profile; not species-level direct interaction,Audubon states this plant is thought to attract this broad family/group of birds. Attributes are plant-level resources and are not assigned to individual bird groups.
Ulmus crassifolia,Cedar Elm,Trees,National Audubon Society Native Plants,https://www.audubon.org/native-plants/species/cedar-elm?zipcode=78666,Butterflies; Caterpillars; Fruit; Nuts,butterflies; caterpillars; fruit; nuts,Chickadees and Titmice,Chickadees and Titmice,,audubon_broad_family_group,habitat/resource support,Audubon broad bird-family support,False,False,trusted broad profile support,D - trusted Audubon broad plant profile; not species-level direct interaction,Audubon states this plant is thought to attract this broad family/group of birds. Attributes are plant-level resources and are not assigned to individual bird groups.
Ulmus crassifolia,Cedar Elm,Trees,National Audubon Society Native Plants,https://www.audubon.org/native-plants/species/cedar-elm?zipcode=78666,Butterflies; Caterpillars; Fruit; Nuts,butterflies; caterpillars; fruit; nuts,"Crows, Magpies, Jays","Crows, Magpies, Jays",,audubon_broad_family_group,habitat/resource support,Audubon broad bird-family support,False,False,trusted broad profile support,D - trusted Audubon broad plant profile; not species-level direct interaction,Audubon states this plant is thought to attract this broad family/group of birds. Attributes are plant-level resources and are not assigned to individual bird groups.
Ulmus crassifolia,Cedar Elm,Trees,National Audubon Society Native Plants,https://www.audubon.org/native-plants/species/cedar-elm?zipcode=78666,Butterflies; Caterpillars; Fruit; Nuts,butterflies; caterpillars; fruit; nuts,Finches,Finches,,audubon_broad_family_group,habitat/resource support,Audubon broad bird-family support,False,False,trusted broad profile support,D - trusted Audubon broad plant profile; not species-level direct interaction,Audubon states this plant is thought to attract this broad family/group of birds. Attributes are plant-level resources and are not assigned to individual bird groups.
Ulmus crassifolia,Cedar Elm,Trees,National Audubon Society Native Plants,https://www.audubon.org/native-plants/species/cedar-elm?zipcode=78666,Butterflies; Caterpillars; Fruit; Nuts,butterflies; caterpillars; fruit; nuts,Mockingbirds and Thrashers,Mockingbirds and Thrashers,,audubon_broad_family_group,habitat/resource support,Audubon broad bird-family support,False,False,trusted broad profile support,D - trusted Audubon broad plant profile; not species-level direct interaction,Audubon states this plant is thought to attract this broad family/group of birds. Attributes are plant-level resources and are not assigned to individual bird groups.
Ulmus crassifolia,Cedar Elm,Trees,National Audubon Society Native Plants,https://www.audubon.org/native-plants/species/cedar-elm?zipcode=78666,Butterflies; Caterpillars; Fruit; Nuts,butterflies; caterpillars; fruit; nuts,Nuthatches,Nuthatches,,audubon_broad_family_group,habitat/resource support,Audubon broad bird-family support,False,False,trusted broad profile support,D - trusted Audubon broad plant profile; not species-level direct interaction,Audubon states this plant is thought to attract this broad family/group of birds. Attributes are plant-level resources and are not assigned to individual bird groups.
Ulmus crassifolia,Cedar Elm,Trees,National Audubon Society Native Plants,https://www.audubon.org/native-plants/species/cedar-elm?zipcode=78666,Butterflies; Caterpillars; Fruit; Nuts,butterflies; caterpillars; fruit; nuts,Blackbirds and Orioles,Blackbirds and Orioles,,audubon_broad_family_group,habitat/resource support,Audubon broad bird-family support,False,False,trusted broad profile support,D - trusted Audubon broad plant profile; not species-level direct interaction,Audubon states this plant is thought to attract this broad family/group of birds. Attributes are plant-level resources and are not assigned to individual bird groups.
Ulmus crassifolia,Cedar Elm,Trees,National Audubon Society Native Plants,https://www.audubon.org/native-plants/species/cedar-elm?zipcode=78666,Butterflies; Caterpillars; Fruit; Nuts,butterflies; caterpillars; fruit; nuts,New World Sparrows,New World Sparrows,,audubon_broad_family_group,habitat/resource support,Audubon broad bird-family support,False,False,trusted broad profile support,D - trusted Audubon broad plant profile; not species-level direct interaction,Audubon states this plant is thought to attract this broad family/group of birds. Attributes are plant-level resources and are not assigned to individual bird groups.
Ulmus crassifolia,Cedar Elm,Trees,National Audubon Society Native Plants,https://www.audubon.org/native-plants/species/cedar-elm?zipcode=78666,Butterflies; Caterpillars; Fruit; Nuts,butterflies; caterpillars; fruit; nuts,Thrushes,Thrushes,,audubon_broad_family_group,habitat/resource support,Audubon broad bird-family support,False,False,trusted broad profile support,D - trusted Audubon broad plant profile; not species-level direct interaction,Audubon states this plant is thought to attract this broad family/group of birds. Attributes are plant-level resources and are not assigned to individual bird groups.
Ulmus crassifolia,Cedar Elm,Trees,National Audubon Society Native Plants,https://www.audubon.org/native-plants/species/cedar-elm?zipcode=78666,Butterflies; Caterpillars; Fruit; Nuts,butterflies; caterpillars; fruit; nuts,Vireos,Vireos,,audubon_broad_family_group,habitat/resource support,Audubon broad bird-family support,False,False,trusted broad profile support,D - trusted Audubon broad plant profile; not species-level direct interaction,Audubon states this plant is thought to attract this broad family/group of birds. Attributes are plant-level resources and are not assigned to individual bird groups.
Ulmus crassifolia,Cedar Elm,Trees,National Audubon Society Native Plants,https://www.audubon.org/native-plants/species/cedar-elm?zipcode=78666,Butterflies; Caterpillars; Fruit; Nuts,butterflies; caterpillars; fruit; nuts,Waxwings,Waxwings,,audubon_broad_family_group,habitat/resource support,Audubon broad bird-family support,False,False,trusted broad profile support,D - trusted Audubon broad plant profile; not species-level direct interaction,Audubon states this plant is thought to attract this broad family/group of birds. Attributes are plant-level resources and are not assigned to individual bird groups.
Ulmus crassifolia,Cedar Elm,Trees,National Audubon Society Native Plants,https://www.audubon.org/native-plants/species/cedar-elm?zipcode=78666,Butterflies; Caterpillars; Fruit; Nuts,butterflies; caterpillars; fruit; nuts,Wood Warblers,Wood Warblers,,audubon_broad_family_group,habitat/resource support,Audubon broad bird-family support,False,False,trusted broad profile support,D - trusted Audubon broad plant profile; not species-level direct interaction,Audubon states this plant is thought to attract this broad family/group of birds. Attributes are plant-level resources and are not assigned to individual bird groups.
Ulmus crassifolia,Cedar Elm,Trees,National Audubon Society Native Plants,https://www.audubon.org/native-plants/species/cedar-elm?zipcode=78666,Butterflies; Caterpillars; Fruit; Nuts,butterflies; caterpillars; fruit; nuts,Woodpeckers,Woodpeckers,,audubon_broad_family_group,habitat/resource support,Audubon broad bird-family support,False,False,trusted broad profile support,D - trusted Audubon broad plant profile; not species-level direct interaction,Audubon states this plant is thought to attract this broad family/group of birds. Attributes are plant-level resources and are not assigned to individual bird groups.
Ulmus crassifolia,Cedar Elm,Trees,National Audubon Society Native Plants,https://www.audubon.org/native-plants/species/cedar-elm?zipcode=78666,Butterflies; Caterpillars; Fruit; Nuts,butterflies; caterpillars; fruit; nuts,Wrens,Wrens,,audubon_broad_family_group,habitat/resource support,Audubon broad bird-family support,False,False,trusted broad profile support,D - trusted Audubon broad plant profile; not species-level direct interaction,Audubon states this plant is thought to attract this broad family/group of birds. Attributes are plant-level resources and are not assigned to individual bird groups.
Cephalanthus occidentalis,Common Buttonbush,Shrubs,National Audubon Society Native Plants,https://www.audubon.org/native-plants/species/common-buttonbush?zipcode=78666,Butterflies; Caterpillars; Fruit; Nuts,butterflies; caterpillars; fruit; nuts,"Cardinals, Grosbeaks and Buntings","Cardinals, Grosbeaks and Buntings",,audubon_broad_family_group,habitat/resource support,Audubon broad bird-family support,False,False,trusted broad profile support,D - trusted Audubon broad plant profile; not species-level direct interaction,Audubon states this plant is thought to attract this broad family/group of birds. Attributes are plant-level resources and are not assigned to individual bird groups.
Cephalanthus occidentalis,Common Buttonbush,Shrubs,National Audubon Society Native Plants,https://www.audubon.org/native-plants/species/common-buttonbush?zipcode=78666,Butterflies; Caterpillars; Fruit; Nuts,butterflies; caterpillars; fruit; nuts,Chickadees and Titmice,Chickadees and Titmice,,audubon_broad_family_group,habitat/resource support,Audubon broad bird-family support,False,False,trusted broad profile support,D - trusted Audubon broad plant profile; not species-level direct interaction,Audubon states this plant is thought to attract this broad family/group of birds. Attributes are plant-level resources and are not assigned to individual bird groups.
Cephalanthus occidentalis,Common Buttonbush,Shrubs,National Audubon Society Native Plants,https://www.audubon.org/native-plants/species/common-buttonbush?zipcode=78666,Butterflies; Caterpillars; Fruit; Nuts,butterflies; caterpillars; fruit; nuts,"Crows, Magpies, Jays","Crows, Magpies, Jays",,audubon_broad_family_group,habitat/resource support,Audubon broad bird-family support,False,False,trusted broad profile support,D - trusted Audubon broad plant profile; not species-level direct interaction,Audubon states this plant is thought to attract this broad family/group of birds. Attributes are plant-level resources and are not assigned to individual bird groups.
Cephalanthus occidentalis,Common Buttonbush,Shrubs,National Audubon Society Native Plants,https://www.audubon.org/native-plants/species/common-buttonbush?zipcode=78666,Butterflies; Caterpillars; Fruit; Nuts,butterflies; caterpillars; fruit; nuts,Finches,Finches,,audubon_broad_family_group,habitat/resource support,Audubon broad bird-family support,False,False,trusted broad profile support,D - trusted Audubon broad plant profile; not species-level direct interaction,Audubon states this plant is thought to attract this broad family/group of birds. Attributes are plant-level resources and are not assigned to individual bird groups.
Cephalanthus occidentalis,Common Buttonbush,Shrubs,National Audubon Society Native Plants,https://www.audubon.org/native-plants/species/common-buttonbush?zipcode=78666,Butterflies; Caterpillars; Fruit; Nuts,butterflies; caterpillars; fruit; nuts,Mockingbirds and Thrashers,Mockingbirds and Thrashers,,audubon_broad_family_group,habitat/resource support,Audubon broad bird-family support,False,False,trusted broad profile support,D - trusted Audubon broad plant profile; not species-level direct interaction,Audubon states this plant is thought to attract this broad family/group of birds. Attributes are plant-level resources and are not assigned to individual bird groups.
Cephalanthus occidentalis,Common Buttonbush,Shrubs,National Audubon Society Native Plants,https://www.audubon.org/native-plants/species/common-buttonbush?zipcode=78666,Butterflies; Caterpillars; Fruit; Nuts,butterflies; caterpillars; fruit; nuts,Nuthatches,Nuthatches,,audubon_broad_family_group,habitat/resource support,Audubon broad bird-family support,False,False,trusted broad profile support,D - trusted Audubon broad plant profile; not species-level direct interaction,Audubon states this plant is thought to attract this broad family/group of birds. Attributes are plant-level resources and are not assigned to individual bird groups.
Cephalanthus occidentalis,Common Buttonbush,Shrubs,National Audubon Society Native Plants,https://www.audubon.org/native-plants/species/common-buttonbush?zipcode=78666,Butterflies; Caterpillars; Fruit; Nuts,butterflies; caterpillars; fruit; nuts,Blackbirds and Orioles,Blackbirds and Orioles,,audubon_broad_family_group,habitat/resource support,Audubon broad bird-family support,False,False,trusted broad profile support,D - trusted Audubon broad plant profile; not species-level direct interaction,Audubon states this plant is thought to attract this broad family/group of birds. Attributes are plant-level resources and are not assigned to individual bird groups.
Cephalanthus occidentalis,Common Buttonbush,Shrubs,National Audubon Society Native Plants,https://www.audubon.org/native-plants/species/common-buttonbush?zipcode=78666,Butterflies; Caterpillars; Fruit; Nuts,butterflies; caterpillars; fruit; nuts,New World Sparrows,New World Sparrows,,audubon_broad_family_group,habitat/resource support,Audubon broad bird-family support,False,False,trusted broad profile support,D - trusted Audubon broad plant profile; not species-level direct interaction,Audubon states this plant is thought to attract this broad family/group of birds. Attributes are plant-level resources and are not assigned to individual bird groups.
Cephalanthus occidentalis,Common Buttonbush,Shrubs,National Audubon Society Native Plants,https://www.audubon.org/native-plants/species/common-buttonbush?zipcode=78666,Butterflies; Caterpillars; Fruit; Nuts,butterflies; caterpillars; fruit; nuts,Thrushes,Thrushes,,audubon_broad_family_group,habitat/resource support,Audubon broad bird-family support,False,False,trusted broad profile support,D - trusted Audubon broad plant profile; not species-level direct interaction,Audubon states this plant is thought to attract this broad family/group of birds. Attributes are plant-level resources and are not assigned to individual bird groups.
Cephalanthus occidentalis,Common Buttonbush,Shrubs,National Audubon Society Native Plants,https://www.audubon.org/native-plants/species/common-buttonbush?zipcode=78666,Butterflies; Caterpillars; Fruit; Nuts,butterflies; caterpillars; fruit; nuts,Vireos,Vireos,,audubon_broad_family_group,habitat/resource support,Audubon broad bird-family support,False,False,trusted broad profile support,D - trusted Audubon broad plant profile; not species-level direct interaction,Audubon states this plant is thought to attract this broad family/group of birds. Attributes are plant-level resources and are not assigned to individual bird groups.
Cephalanthus occidentalis,Common Buttonbush,Shrubs,National Audubon Society Native Plants,https://www.audubon.org/native-plants/species/common-buttonbush?zipcode=78666,Butterflies; Caterpillars; Fruit; Nuts,butterflies; caterpillars; fruit; nuts,Waxwings,Waxwings,,audubon_broad_family_group,habitat/resource support,Audubon broad bird-family support,False,False,trusted broad profile support,D - trusted Audubon broad plant profile; not species-level direct interaction,Audubon states this plant is thought to attract this broad family/group of birds. Attributes are plant-level resources and are not assigned to individual bird groups.
Cephalanthus occidentalis,Common Buttonbush,Shrubs,National Audubon Society Native Plants,https://www.audubon.org/native-plants/species/common-buttonbush?zipcode=78666,Butterflies; Caterpillars; Fruit; Nuts,butterflies; caterpillars; fruit; nuts,Wood Warblers,Wood Warblers,,audubon_broad_family_group,habitat/resource support,Audubon broad bird-family support,False,False,trusted broad profile support,D - trusted Audubon broad plant profile; not species-level direct interaction,Audubon states this plant is thought to attract this broad family/group of birds. Attributes are plant-level resources and are not assigned to individual bird groups.
Cephalanthus occidentalis,Common Buttonbush,Shrubs,National Audubon Society Native Plants,https://www.audubon.org/native-plants/species/common-buttonbush?zipcode=78666,Butterflies; Caterpillars; Fruit; Nuts,butterflies; caterpillars; fruit; nuts,Woodpeckers,Woodpeckers,,audubon_broad_family_group,habitat/resource support,Audubon broad bird-family support,False,False,trusted broad profile support,D - trusted Audubon broad plant profile; not species-level direct interaction,Audubon states this plant is thought to attract this broad family/group of birds. Attributes are plant-level resources and are not assigned to individual bird groups.
Cephalanthus occidentalis,Common Buttonbush,Shrubs,National Audubon Society Native Plants,https://www.audubon.org/native-plants/species/common-buttonbush?zipcode=78666,Butterflies; Caterpillars; Fruit; Nuts,butterflies; caterpillars; fruit; nuts,Wrens,Wrens,,audubon_broad_family_group,habitat/resource support,Audubon broad bird-family support,False,False,trusted broad profile support,D - trusted Audubon broad plant profile; not species-level direct interaction,Audubon states this plant is thought to attract this broad family/group of birds. Attributes are plant-level resources and are not assigned to individual bird groups.
Helianthus annuus,Common Sunflower,Annuals/Per.,National Audubon Society Native Plants,https://www.audubon.org/native-plants/species/common-sunflower?zipcode=78666,Butterflies; Caterpillars; Fruit; Nuts,butterflies; caterpillars; fruit; nuts,"Cardinals, Grosbeaks and Buntings","Cardinals, Grosbeaks and Buntings",,audubon_broad_family_group,habitat/resource support,Audubon broad bird-family support,False,False,trusted broad profile support,D - trusted Audubon broad plant profile; not species-level direct interaction,Audubon states this plant is thought to attract this broad family/group of birds. Attributes are plant-level resources and are not assigned to individual bird groups.
Helianthus annuus,Common Sunflower,Annuals/Per.,National Audubon Society Native Plants,https://www.audubon.org/native-plants/species/common-sunflower?zipcode=78666,Butterflies; Caterpillars; Fruit; Nuts,butterflies; caterpillars; fruit; nuts,Chickadees and Titmice,Chickadees and Titmice,,audubon_broad_family_group,habitat/resource support,Audubon broad bird-family support,False,False,trusted broad profile support,D - trusted Audubon broad plant profile; not species-level direct interaction,Audubon states this plant is thought to attract this broad family/group of birds. Attributes are plant-level resources and are not assigned to individual bird groups.
Helianthus annuus,Common Sunflower,Annuals/Per.,National Audubon Society Native Plants,https://www.audubon.org/native-plants/species/common-sunflower?zipcode=78666,Butterflies; Caterpillars; Fruit; Nuts,butterflies; caterpillars; fruit; nuts,"Crows, Magpies, Jays","Crows, Magpies, Jays",,audubon_broad_family_group,habitat/resource support,Audubon broad bird-family support,False,False,trusted broad profile support,D - trusted Audubon broad plant profile; not species-level direct interaction,Audubon states this plant is thought to attract this broad family/group of birds. Attributes are plant-level resources and are not assigned to individual bird groups.
Helianthus annuus,Common Sunflower,Annuals/Per.,National Audubon Society Native Plants,https://www.audubon.org/native-plants/species/common-sunflower?zipcode=78666,Butterflies; Caterpillars; Fruit; Nuts,butterflies; caterpillars; fruit; nuts,Finches,Finches,,audubon_broad_family_group,habitat/resource support,Audubon broad bird-family support,False,False,trusted broad profile support,D - trusted Audubon broad plant profile; not species-level direct interaction,Audubon states this plant is thought to attract this broad family/group of birds. Attributes are plant-level resources and are not assigned to individual bird groups.
Helianthus annuus,Common Sunflower,Annuals/Per.,National Audubon Society Native Plants,https://www.audubon.org/native-plants/species/common-sunflower?zipcode=78666,Butterflies; Caterpillars; Fruit; Nuts,butterflies; caterpillars; fruit; nuts,Mockingbirds and Thrashers,Mockingbirds and Thrashers,,audubon_broad_family_group,habitat/resource support,Audubon broad bird-family support,False,False,trusted broad profile support,D - trusted Audubon broad plant profile; not species-level direct interaction,Audubon states this plant is thought to attract this broad family/group of birds. Attributes are plant-level resources and are not assigned to individual bird groups.
Helianthus annuus,Common Sunflower,Annuals/Per.,National Audubon Society Native Plants,https://www.audubon.org/native-plants/species/common-sunflower?zipcode=78666,Butterflies; Caterpillars; Fruit; Nuts,butterflies; caterpillars; fruit; nuts,Nuthatches,Nuthatches,,audubon_broad_family_group,habitat/resource support,Audubon broad bird-family support,False,False,trusted broad profile support,D - trusted Audubon broad plant profile; not species-level direct interaction,Audubon states this plant is thought to attract this broad family/group of birds. Attributes are plant-level resources and are not assigned to individual bird groups.
Helianthus annuus,Common Sunflower,Annuals/Per.,National Audubon Society Native Plants,https://www.audubon.org/native-plants/species/common-sunflower?zipcode=78666,Butterflies; Caterpillars; Fruit; Nuts,butterflies; caterpillars; fruit; nuts,Blackbirds and Orioles,Blackbirds and Orioles,,audubon_broad_family_group,habitat/resource support,Audubon broad bird-family support,False,False,trusted broad profile support,D - trusted Audubon broad plant profile; not species-level direct interaction,Audubon states this plant is thought to attract this broad family/group of birds. Attributes are plant-level resources and are not assigned to individual bird groups.
Helianthus annuus,Common Sunflower,Annuals/Per.,National Audubon Society Native Plants,https://www.audubon.org/native-plants/species/common-sunflower?zipcode=78666,Butterflies; Caterpillars; Fruit; Nuts,butterflies; caterpillars; fruit; nuts,New World Sparrows,New World Sparrows,,audubon_broad_family_group,habitat/resource support,Audubon broad bird-family support,False,False,trusted broad profile support,D - trusted Audubon broad plant profile; not species-level direct interaction,Audubon states this plant is thought to attract this broad family/group of birds. Attributes are plant-level resources and are not assigned to individual bird groups.
Helianthus annuus,Common Sunflower,Annuals/Per.,National Audubon Society Native Plants,https://www.audubon.org/native-plants/species/common-sunflower?zipcode=78666,Butterflies; Caterpillars; Fruit; Nuts,butterflies; caterpillars; fruit; nuts,Thrushes,Thrushes,,audubon_broad_family_group,habitat/resource support,Audubon broad bird-family support,False,False,trusted broad profile support,D - trusted Audubon broad plant profile; not species-level direct interaction,Audubon states this plant is thought to attract this broad family/group of birds. Attributes are plant-level resources and are not assigned to individual bird groups.
Helianthus annuus,Common Sunflower,Annuals/Per.,National Audubon Society Native Plants,https://www.audubon.org/native-plants/species/common-sunflower?zipcode=78666,Butterflies; Caterpillars; Fruit; Nuts,butterflies; caterpillars; fruit; nuts,Vireos,Vireos,,audubon_broad_family_group,habitat/resource support,Audubon broad bird-family support,False,False,trusted broad profile support,D - trusted Audubon broad plant profile; not species-level direct interaction,Audubon states this plant is thought to attract this broad family/group of birds. Attributes are plant-level resources and are not assigned to individual bird groups.
Helianthus annuus,Common Sunflower,Annuals/Per.,National Audubon Society Native Plants,https://www.audubon.org/native-plants/species/common-sunflower?zipcode=78666,Butterflies; Caterpillars; Fruit; Nuts,butterflies; caterpillars; fruit; nuts,Waxwings,Waxwings,,audubon_broad_family_group,habitat/resource support,Audubon broad bird-family support,False,False,trusted broad profile support,D - trusted Audubon broad plant profile; not species-level direct interaction,Audubon states this plant is thought to attract this broad family/group of birds. Attributes are plant-level resources and are not assigned to individual bird groups.
Helianthus annuus,Common Sunflower,Annuals/Per.,National Audubon Society Native Plants,https://www.audubon.org/native-plants/species/common-sunflower?zipcode=78666,Butterflies; Caterpillars; Fruit; Nuts,butterflies; caterpillars; fruit; nuts,Wood Warblers,Wood Warblers,,audubon_broad_family_group,habitat/resource support,Audubon broad bird-family support,False,False,trusted broad profile support,D - trusted Audubon broad plant profile; not species-level direct interaction,Audubon states this plant is thought to attract this broad family/group of birds. Attributes are plant-level resources and are not assigned to individual bird groups.
Helianthus annuus,Common Sunflower,Annuals/Per.,National Audubon Society Native Plants,https://www.audubon.org/native-plants/species/common-sunflower?zipcode=78666,Butterflies; Caterpillars; Fruit; Nuts,butterflies; caterpillars; fruit; nuts,Woodpeckers,Woodpeckers,,audubon_broad_family_group,habitat/resource support,Audubon broad bird-family support,False,False,trusted broad profile support,D - trusted Audubon broad plant profile; not species-level direct interaction,Audubon states this plant is thought to attract this broad family/group of birds. Attributes are plant-level resources and are not assigned to individual bird groups.
Helianthus annuus,Common Sunflower,Annuals/Per.,National Audubon Society Native Plants,https://www.audubon.org/native-plants/species/common-sunflower?zipcode=78666,Butterflies; Caterpillars; Fruit; Nuts,butterflies; caterpillars; fruit; nuts,Wrens,Wrens,,audubon_broad_family_group,habitat/resource support,Audubon broad bird-family support,False,False,trusted broad profile support,D - trusted Audubon broad plant profile; not species-level direct interaction,Audubon states this plant is thought to attract this broad family/group of birds. Attributes are plant-level resources and are not assigned to individual bird groups.
Achillea millefolium,Common Yarrow,Annuals/Per.,National Audubon Society Native Plants,https://www.audubon.org/native-plants/species/common-yarrow?zipcode=78666,Fruit; Nuts,fruit; nuts,"Cardinals, Grosbeaks and Buntings","Cardinals, Grosbeaks and Buntings",,audubon_broad_family_group,habitat/resource support,Audubon broad bird-family support,False,False,trusted broad profile support,D - trusted Audubon broad plant profile; not species-level direct interaction,Audubon states this plant is thought to attract this broad family/group of birds. Attributes are plant-level resources and are not assigned to individual bird groups.
Achillea millefolium,Common Yarrow,Annuals/Per.,National Audubon Society Native Plants,https://www.audubon.org/native-plants/species/common-yarrow?zipcode=78666,Fruit; Nuts,fruit; nuts,Chickadees and Titmice,Chickadees and Titmice,,audubon_broad_family_group,habitat/resource support,Audubon broad bird-family support,False,False,trusted broad profile support,D - trusted Audubon broad plant profile; not species-level direct interaction,Audubon states this plant is thought to attract this broad family/group of birds. Attributes are plant-level resources and are not assigned to individual bird groups.
Achillea millefolium,Common Yarrow,Annuals/Per.,National Audubon Society Native Plants,https://www.audubon.org/native-plants/species/common-yarrow?zipcode=78666,Fruit; Nuts,fruit; nuts,"Crows, Magpies, Jays","Crows, Magpies, Jays",,audubon_broad_family_group,habitat/resource support,Audubon broad bird-family support,False,False,trusted broad profile support,D - trusted Audubon broad plant profile; not species-level direct interaction,Audubon states this plant is thought to attract this broad family/group of birds. Attributes are plant-level resources and are not assigned to individual bird groups.
Achillea millefolium,Common Yarrow,Annuals/Per.,National Audubon Society Native Plants,https://www.audubon.org/native-plants/species/common-yarrow?zipcode=78666,Fruit; Nuts,fruit; nuts,Finches,Finches,,audubon_broad_family_group,habitat/resource support,Audubon broad bird-family support,False,False,trusted broad profile support,D - trusted Audubon broad plant profile; not species-level direct interaction,Audubon states this plant is thought to attract this broad family/group of birds. Attributes are plant-level resources and are not assigned to individual bird groups.
Achillea millefolium,Common Yarrow,Annuals/Per.,National Audubon Society Native Plants,https://www.audubon.org/native-plants/species/common-yarrow?zipcode=78666,Fruit; Nuts,fruit; nuts,Mockingbirds and Thrashers,Mockingbirds and Thrashers,,audubon_broad_family_group,habitat/resource support,Audubon broad bird-family support,False,False,trusted broad profile support,D - trusted Audubon broad plant profile; not species-level direct interaction,Audubon states this plant is thought to attract this broad family/group of birds. Attributes are plant-level resources and are not assigned to individual bird groups.
Achillea millefolium,Common Yarrow,Annuals/Per.,National Audubon Society Native Plants,https://www.audubon.org/native-plants/species/common-yarrow?zipcode=78666,Fruit; Nuts,fruit; nuts,Blackbirds and Orioles,Blackbirds and Orioles,,audubon_broad_family_group,habitat/resource support,Audubon broad bird-family support,False,False,trusted broad profile support,D - trusted Audubon broad plant profile; not species-level direct interaction,Audubon states this plant is thought to attract this broad family/group of birds. Attributes are plant-level resources and are not assigned to individual bird groups.
Achillea millefolium,Common Yarrow,Annuals/Per.,National Audubon Society Native Plants,https://www.audubon.org/native-plants/species/common-yarrow?zipcode=78666,Fruit; Nuts,fruit; nuts,New World Sparrows,New World Sparrows,,audubon_broad_family_group,habitat/resource support,Audubon broad bird-family support,False,False,trusted broad profile support,D - trusted Audubon broad plant profile; not species-level direct interaction,Audubon states this plant is thought to attract this broad family/group of birds. Attributes are plant-level resources and are not assigned to individual bird groups.
Achillea millefolium,Common Yarrow,Annuals/Per.,National Audubon Society Native Plants,https://www.audubon.org/native-plants/species/common-yarrow?zipcode=78666,Fruit; Nuts,fruit; nuts,Vireos,Vireos,,audubon_broad_family_group,habitat/resource support,Audubon broad bird-family support,False,False,trusted broad profile support,D - trusted Audubon broad plant profile; not species-level direct interaction,Audubon states this plant is thought to attract this broad family/group of birds. Attributes are plant-level resources and are not assigned to individual bird groups.
Achillea millefolium,Common Yarrow,Annuals/Per.,National Audubon Society Native Plants,https://www.audubon.org/native-plants/species/common-yarrow?zipcode=78666,Fruit; Nuts,fruit; nuts,Waxwings,Waxwings,,audubon_broad_family_group,habitat/resource support,Audubon broad bird-family support,False,False,trusted broad profile support,D - trusted Audubon broad plant profile; not species-level direct interaction,Audubon states this plant is thought to attract this broad family/group of birds. Attributes are plant-level resources and are not assigned to individual bird groups.
Achillea millefolium,Common Yarrow,Annuals/Per.,National Audubon Society Native Plants,https://www.audubon.org/native-plants/species/common-yarrow?zipcode=78666,Fruit; Nuts,fruit; nuts,Wood Warblers,Wood Warblers,,audubon_broad_family_group,habitat/resource support,Audubon broad bird-family support,False,False,trusted broad profile support,D - trusted Audubon broad plant profile; not species-level direct interaction,Audubon states this plant is thought to attract this broad family/group of birds. Attributes are plant-level resources and are not assigned to individual bird groups.
Achillea millefolium,Common Yarrow,Annuals/Per.,National Audubon Society Native Plants,https://www.audubon.org/native-plants/species/common-yarrow?zipcode=78666,Fruit; Nuts,fruit; nuts,Woodpeckers,Woodpeckers,,audubon_broad_family_group,habitat/resource support,Audubon broad bird-family support,False,False,trusted broad profile support,D - trusted Audubon broad plant profile; not species-level direct interaction,Audubon states this plant is thought to attract this broad family/group of birds. Attributes are plant-level resources and are not assigned to individual bird groups.
Ilex decidua,Deciduous Holly,"Shrubs, Trees",National Audubon Society Native Plants,https://www.audubon.org/native-plants/species/deciduous-holly?zipcode=78666,Butterflies; Caterpillars; Fruit,butterflies; caterpillars; fruit,"Cardinals, Grosbeaks and Buntings","Cardinals, Grosbeaks and Buntings",,audubon_broad_family_group,habitat/resource support,Audubon broad bird-family support,False,False,trusted broad profile support,D - trusted Audubon broad plant profile; not species-level direct interaction,Audubon states this plant is thought to attract this broad family/group of birds. Attributes are plant-level resources and are not assigned to individual bird groups.
Ilex decidua,Deciduous Holly,"Shrubs, Trees",National Audubon Society Native Plants,https://www.audubon.org/native-plants/species/deciduous-holly?zipcode=78666,Butterflies; Caterpillars; Fruit,butterflies; caterpillars; fruit,Chickadees and Titmice,Chickadees and Titmice,,audubon_broad_family_group,habitat/resource support,Audubon broad bird-family support,False,False,trusted broad profile support,D - trusted Audubon broad plant profile; not species-level direct interaction,Audubon states this plant is thought to attract this broad family/group of birds. Attributes are plant-level resources and are not assigned to individual bird groups.
Ilex decidua,Deciduous Holly,"Shrubs, Trees",National Audubon Society Native Plants,https://www.audubon.org/native-plants/species/deciduous-holly?zipcode=78666,Butterflies; Caterpillars; Fruit,butterflies; caterpillars; fruit,"Crows, Magpies, Jays","Crows, Magpies, Jays",,audubon_broad_family_group,habitat/resource support,Audubon broad bird-family support,False,False,trusted broad profile support,D - trusted Audubon broad plant profile; not species-level direct interaction,Audubon states this plant is thought to attract this broad family/group of birds. Attributes are plant-level resources and are not assigned to individual bird groups.
Ilex decidua,Deciduous Holly,"Shrubs, Trees",National Audubon Society Native Plants,https://www.audubon.org/native-plants/species/deciduous-holly?zipcode=78666,Butterflies; Caterpillars; Fruit,butterflies; caterpillars; fruit,Mockingbirds and Thrashers,Mockingbirds and Thrashers,,audubon_broad_family_group,habitat/resource support,Audubon broad bird-family support,False,False,trusted broad profile support,D - trusted Audubon broad plant profile; not species-level direct interaction,Audubon states this plant is thought to attract this broad family/group of birds. Attributes are plant-level resources and are not assigned to individual bird groups.
Ilex decidua,Deciduous Holly,"Shrubs, Trees",National Audubon Society Native Plants,https://www.audubon.org/native-plants/species/deciduous-holly?zipcode=78666,Butterflies; Caterpillars; Fruit,butterflies; caterpillars; fruit,Nuthatches,Nuthatches,,audubon_broad_family_group,habitat/resource support,Audubon broad bird-family support,False,False,trusted broad profile support,D - trusted Audubon broad plant profile; not species-level direct interaction,Audubon states this plant is thought to attract this broad family/group of birds. Attributes are plant-level resources and are not assigned to individual bird groups.
Ilex decidua,Deciduous Holly,"Shrubs, Trees",National Audubon Society Native Plants,https://www.audubon.org/native-plants/species/deciduous-holly?zipcode=78666,Butterflies; Caterpillars; Fruit,butterflies; caterpillars; fruit,Blackbirds and Orioles,Blackbirds and Orioles,,audubon_broad_family_group,habitat/resource support,Audubon broad bird-family support,False,False,trusted broad profile support,D - trusted Audubon broad plant profile; not species-level direct interaction,Audubon states this plant is thought to attract this broad family/group of birds. Attributes are plant-level resources and are not assigned to individual bird groups.
Ilex decidua,Deciduous Holly,"Shrubs, Trees",National Audubon Society Native Plants,https://www.audubon.org/native-plants/species/deciduous-holly?zipcode=78666,Butterflies; Caterpillars; Fruit,butterflies; caterpillars; fruit,New World Sparrows,New World Sparrows,,audubon_broad_family_group,habitat/resource support,Audubon broad bird-family support,False,False,trusted broad profile support,D - trusted Audubon broad plant profile; not species-level direct interaction,Audubon states this plant is thought to attract this broad family/group of birds. Attributes are plant-level resources and are not assigned to individual bird groups.
Ilex decidua,Deciduous Holly,"Shrubs, Trees",National Audubon Society Native Plants,https://www.audubon.org/native-plants/species/deciduous-holly?zipcode=78666,Butterflies; Caterpillars; Fruit,butterflies; caterpillars; fruit,Thrushes,Thrushes,,audubon_broad_family_group,habitat/resource support,Audubon broad bird-family support,False,False,trusted broad profile support,D - trusted Audubon broad plant profile; not species-level direct interaction,Audubon states this plant is thought to attract this broad family/group of birds. Attributes are plant-level resources and are not assigned to individual bird groups.
Ilex decidua,Deciduous Holly,"Shrubs, Trees",National Audubon Society Native Plants,https://www.audubon.org/native-plants/species/deciduous-holly?zipcode=78666,Butterflies; Caterpillars; Fruit,butterflies; caterpillars; fruit,Vireos,Vireos,,audubon_broad_family_group,habitat/resource support,Audubon broad bird-family support,False,False,trusted broad profile support,D - trusted Audubon broad plant profile; not species-level direct interaction,Audubon states this plant is thought to attract this broad family/group of birds. Attributes are plant-level resources and are not assigned to individual bird groups.
Ilex decidua,Deciduous Holly,"Shrubs, Trees",National Audubon Society Native Plants,https://www.audubon.org/native-plants/species/deciduous-holly?zipcode=78666,Butterflies; Caterpillars; Fruit,butterflies; caterpillars; fruit,Waxwings,Waxwings,,audubon_broad_family_group,habitat/resource support,Audubon broad bird-family support,False,False,trusted broad profile support,D - trusted Audubon broad plant profile; not species-level direct interaction,Audubon states this plant is thought to attract this broad family/group of birds. Attributes are plant-level resources and are not assigned to individual bird groups.
Ilex decidua,Deciduous Holly,"Shrubs, Trees",National Audubon Society Native Plants,https://www.audubon.org/native-plants/species/deciduous-holly?zipcode=78666,Butterflies; Caterpillars; Fruit,butterflies; caterpillars; fruit,Wood Warblers,Wood Warblers,,audubon_broad_family_group,habitat/resource support,Audubon broad bird-family support,False,False,trusted broad profile support,D - trusted Audubon broad plant profile; not species-level direct interaction,Audubon states this plant is thought to attract this broad family/group of birds. Attributes are plant-level resources and are not assigned to individual bird groups.
Ilex decidua,Deciduous Holly,"Shrubs, Trees",National Audubon Society Native Plants,https://www.audubon.org/native-plants/species/deciduous-holly?zipcode=78666,Butterflies; Caterpillars; Fruit,butterflies; caterpillars; fruit,Woodpeckers,Woodpeckers,,audubon_broad_family_group,habitat/resource support,Audubon broad bird-family support,False,False,trusted broad profile support,D - trusted Audubon broad plant profile; not species-level direct interaction,Audubon states this plant is thought to attract this broad family/group of birds. Attributes are plant-level resources and are not assigned to individual bird groups.
Ilex decidua,Deciduous Holly,"Shrubs, Trees",National Audubon Society Native Plants,https://www.audubon.org/native-plants/species/deciduous-holly?zipcode=78666,Butterflies; Caterpillars; Fruit,butterflies; caterpillars; fruit,Wrens,Wrens,,audubon_broad_family_group,habitat/resource support,Audubon broad bird-family support,False,False,trusted broad profile support,D - trusted Audubon broad plant profile; not species-level direct interaction,Audubon states this plant is thought to attract this broad family/group of birds. Attributes are plant-level resources and are not assigned to individual bird groups.
Liatris punctata,Dotted Gayfeather,Annuals/Per.,National Audubon Society Native Plants,https://www.audubon.org/native-plants/species/dotted-gayfeather?zipcode=78666,Nectar,nectar,Hummingbirds,Hummingbirds,,audubon_broad_family_group,habitat/resource support,Audubon broad bird-family support,False,False,trusted broad profile support,D - trusted Audubon broad plant profile; not species-level direct interaction,Audubon states this plant is thought to attract this broad family/group of birds. Attributes are plant-level resources and are not assigned to individual bird groups.
Liatris punctata,Dotted Gayfeather,Annuals/Per.,National Audubon Society Native Plants,https://www.audubon.org/native-plants/species/dotted-gayfeather?zipcode=78666,Nectar,nectar,Mockingbirds and Thrashers,Mockingbirds and Thrashers,,audubon_broad_family_group,habitat/resource support,Audubon broad bird-family support,False,False,trusted broad profile support,D - trusted Audubon broad plant profile; not species-level direct interaction,Audubon states this plant is thought to attract this broad family/group of birds. Attributes are plant-level resources and are not assigned to individual bird groups.
Liatris punctata,Dotted Gayfeather,Annuals/Per.,National Audubon Society Native Plants,https://www.audubon.org/native-plants/species/dotted-gayfeather?zipcode=78666,Nectar,nectar,Blackbirds and Orioles,Blackbirds and Orioles,,audubon_broad_family_group,habitat/resource support,Audubon broad bird-family support,False,False,trusted broad profile support,D - trusted Audubon broad plant profile; not species-level direct interaction,Audubon states this plant is thought to attract this broad family/group of birds. Attributes are plant-level resources and are not assigned to individual bird groups.
Liatris punctata,Dotted Gayfeather,Annuals/Per.,National Audubon Society Native Plants,https://www.audubon.org/native-plants/species/dotted-gayfeather?zipcode=78666,Nectar,nectar,New World Sparrows,New World Sparrows,,audubon_broad_family_group,habitat/resource support,Audubon broad bird-family support,False,False,trusted broad profile support,D - trusted Audubon broad plant profile; not species-level direct interaction,Audubon states this plant is thought to attract this broad family/group of birds. Attributes are plant-level resources and are not assigned to individual bird groups.
Liatris punctata,Dotted Gayfeather,Annuals/Per.,National Audubon Society Native Plants,https://www.audubon.org/native-plants/species/dotted-gayfeather?zipcode=78666,Nectar,nectar,Vireos,Vireos,,audubon_broad_family_group,habitat/resource support,Audubon broad bird-family support,False,False,trusted broad profile support,D - trusted Audubon broad plant profile; not species-level direct interaction,Audubon states this plant is thought to attract this broad family/group of birds. Attributes are plant-level resources and are not assigned to individual bird groups.
Liatris punctata,Dotted Gayfeather,Annuals/Per.,National Audubon Society Native Plants,https://www.audubon.org/native-plants/species/dotted-gayfeather?zipcode=78666,Nectar,nectar,Waxwings,Waxwings,,audubon_broad_family_group,habitat/resource support,Audubon broad bird-family support,False,False,trusted broad profile support,D - trusted Audubon broad plant profile; not species-level direct interaction,Audubon states this plant is thought to attract this broad family/group of birds. Attributes are plant-level resources and are not assigned to individual bird groups.
Liatris punctata,Dotted Gayfeather,Annuals/Per.,National Audubon Society Native Plants,https://www.audubon.org/native-plants/species/dotted-gayfeather?zipcode=78666,Nectar,nectar,Wood Warblers,Wood Warblers,,audubon_broad_family_group,habitat/resource support,Audubon broad bird-family support,False,False,trusted broad profile support,D - trusted Audubon broad plant profile; not species-level direct interaction,Audubon states this plant is thought to attract this broad family/group of birds. Attributes are plant-level resources and are not assigned to individual bird groups.
Tripsacum dactyloides,Eastern Mock Grama,Grasses,National Audubon Society Native Plants,https://www.audubon.org/native-plants/species/eastern-mock-grama?zipcode=78666,Fruit; Nuts; Seeds,fruit; nuts; seeds,"Cardinals, Grosbeaks and Buntings","Cardinals, Grosbeaks and Buntings",,audubon_broad_family_group,habitat/resource support,Audubon broad bird-family support,False,False,trusted broad profile support,D - trusted Audubon broad plant profile; not species-level direct interaction,Audubon states this plant is thought to attract this broad family/group of birds. Attributes are plant-level resources and are not assigned to individual bird groups.
Tripsacum dactyloides,Eastern Mock Grama,Grasses,National Audubon Society Native Plants,https://www.audubon.org/native-plants/species/eastern-mock-grama?zipcode=78666,Fruit; Nuts; Seeds,fruit; nuts; seeds,Chickadees and Titmice,Chickadees and Titmice,,audubon_broad_family_group,habitat/resource support,Audubon broad bird-family support,False,False,trusted broad profile support,D - trusted Audubon broad plant profile; not species-level direct interaction,Audubon states this plant is thought to attract this broad family/group of birds. Attributes are plant-level resources and are not assigned to individual bird groups.
Tripsacum dactyloides,Eastern Mock Grama,Grasses,National Audubon Society Native Plants,https://www.audubon.org/native-plants/species/eastern-mock-grama?zipcode=78666,Fruit; Nuts; Seeds,fruit; nuts; seeds,"Crows, Magpies, Jays","Crows, Magpies, Jays",,audubon_broad_family_group,habitat/resource support,Audubon broad bird-family support,False,False,trusted broad profile support,D - trusted Audubon broad plant profile; not species-level direct interaction,Audubon states this plant is thought to attract this broad family/group of birds. Attributes are plant-level resources and are not assigned to individual bird groups.
Tripsacum dactyloides,Eastern Mock Grama,Grasses,National Audubon Society Native Plants,https://www.audubon.org/native-plants/species/eastern-mock-grama?zipcode=78666,Fruit; Nuts; Seeds,fruit; nuts; seeds,Finches,Finches,,audubon_broad_family_group,habitat/resource support,Audubon broad bird-family support,False,False,trusted broad profile support,D - trusted Audubon broad plant profile; not species-level direct interaction,Audubon states this plant is thought to attract this broad family/group of birds. Attributes are plant-level resources and are not assigned to individual bird groups.
Tripsacum dactyloides,Eastern Mock Grama,Grasses,National Audubon Society Native Plants,https://www.audubon.org/native-plants/species/eastern-mock-grama?zipcode=78666,Fruit; Nuts; Seeds,fruit; nuts; seeds,Nuthatches,Nuthatches,,audubon_broad_family_group,habitat/resource support,Audubon broad bird-family support,False,False,trusted broad profile support,D - trusted Audubon broad plant profile; not species-level direct interaction,Audubon states this plant is thought to attract this broad family/group of birds. Attributes are plant-level resources and are not assigned to individual bird groups.
Tripsacum dactyloides,Eastern Mock Grama,Grasses,National Audubon Society Native Plants,https://www.audubon.org/native-plants/species/eastern-mock-grama?zipcode=78666,Fruit; Nuts; Seeds,fruit; nuts; seeds,New World Sparrows,New World Sparrows,,audubon_broad_family_group,habitat/resource support,Audubon broad bird-family support,False,False,trusted broad profile support,D - trusted Audubon broad plant profile; not species-level direct interaction,Audubon states this plant is thought to attract this broad family/group of birds. Attributes are plant-level resources and are not assigned to individual bird groups.
Tripsacum dactyloides,Eastern Mock Grama,Grasses,National Audubon Society Native Plants,https://www.audubon.org/native-plants/species/eastern-mock-grama?zipcode=78666,Fruit; Nuts; Seeds,fruit; nuts; seeds,Woodpeckers,Woodpeckers,,audubon_broad_family_group,habitat/resource support,Audubon broad bird-family support,False,False,trusted broad profile support,D - trusted Audubon broad plant profile; not species-level direct interaction,Audubon states this plant is thought to attract this broad family/group of birds. Attributes are plant-level resources and are not assigned to individual bird groups.
Juniperus virginiana,Eastern Red-Cedar,"Evergreen, Trees",National Audubon Society Native Plants,https://www.audubon.org/native-plants/species/eastern-red-cedar?zipcode=78666,Butterflies; Caterpillars; Fruit; Seeds,butterflies; caterpillars; fruit; seeds,"Cardinals, Grosbeaks and Buntings","Cardinals, Grosbeaks and Buntings",,audubon_broad_family_group,habitat/resource support,Audubon broad bird-family support,False,False,trusted broad profile support,D - trusted Audubon broad plant profile; not species-level direct interaction,Audubon states this plant is thought to attract this broad family/group of birds. Attributes are plant-level resources and are not assigned to individual bird groups.
Juniperus virginiana,Eastern Red-Cedar,"Evergreen, Trees",National Audubon Society Native Plants,https://www.audubon.org/native-plants/species/eastern-red-cedar?zipcode=78666,Butterflies; Caterpillars; Fruit; Seeds,butterflies; caterpillars; fruit; seeds,Chickadees and Titmice,Chickadees and Titmice,,audubon_broad_family_group,habitat/resource support,Audubon broad bird-family support,False,False,trusted broad profile support,D - trusted Audubon broad plant profile; not species-level direct interaction,Audubon states this plant is thought to attract this broad family/group of birds. Attributes are plant-level resources and are not assigned to individual bird groups.
Juniperus virginiana,Eastern Red-Cedar,"Evergreen, Trees",National Audubon Society Native Plants,https://www.audubon.org/native-plants/species/eastern-red-cedar?zipcode=78666,Butterflies; Caterpillars; Fruit; Seeds,butterflies; caterpillars; fruit; seeds,"Crows, Magpies, Jays","Crows, Magpies, Jays",,audubon_broad_family_group,habitat/resource support,Audubon broad bird-family support,False,False,trusted broad profile support,D - trusted Audubon broad plant profile; not species-level direct interaction,Audubon states this plant is thought to attract this broad family/group of birds. Attributes are plant-level resources and are not assigned to individual bird groups.
Juniperus virginiana,Eastern Red-Cedar,"Evergreen, Trees",National Audubon Society Native Plants,https://www.audubon.org/native-plants/species/eastern-red-cedar?zipcode=78666,Butterflies; Caterpillars; Fruit; Seeds,butterflies; caterpillars; fruit; seeds,Finches,Finches,,audubon_broad_family_group,habitat/resource support,Audubon broad bird-family support,False,False,trusted broad profile support,D - trusted Audubon broad plant profile; not species-level direct interaction,Audubon states this plant is thought to attract this broad family/group of birds. Attributes are plant-level resources and are not assigned to individual bird groups.
Juniperus virginiana,Eastern Red-Cedar,"Evergreen, Trees",National Audubon Society Native Plants,https://www.audubon.org/native-plants/species/eastern-red-cedar?zipcode=78666,Butterflies; Caterpillars; Fruit; Seeds,butterflies; caterpillars; fruit; seeds,Mockingbirds and Thrashers,Mockingbirds and Thrashers,,audubon_broad_family_group,habitat/resource support,Audubon broad bird-family support,False,False,trusted broad profile support,D - trusted Audubon broad plant profile; not species-level direct interaction,Audubon states this plant is thought to attract this broad family/group of birds. Attributes are plant-level resources and are not assigned to individual bird groups.
Juniperus virginiana,Eastern Red-Cedar,"Evergreen, Trees",National Audubon Society Native Plants,https://www.audubon.org/native-plants/species/eastern-red-cedar?zipcode=78666,Butterflies; Caterpillars; Fruit; Seeds,butterflies; caterpillars; fruit; seeds,Nuthatches,Nuthatches,,audubon_broad_family_group,habitat/resource support,Audubon broad bird-family support,False,False,trusted broad profile support,D - trusted Audubon broad plant profile; not species-level direct interaction,Audubon states this plant is thought to attract this broad family/group of birds. Attributes are plant-level resources and are not assigned to individual bird groups.
Juniperus virginiana,Eastern Red-Cedar,"Evergreen, Trees",National Audubon Society Native Plants,https://www.audubon.org/native-plants/species/eastern-red-cedar?zipcode=78666,Butterflies; Caterpillars; Fruit; Seeds,butterflies; caterpillars; fruit; seeds,Blackbirds and Orioles,Blackbirds and Orioles,,audubon_broad_family_group,habitat/resource support,Audubon broad bird-family support,False,False,trusted broad profile support,D - trusted Audubon broad plant profile; not species-level direct interaction,Audubon states this plant is thought to attract this broad family/group of birds. Attributes are plant-level resources and are not assigned to individual bird groups.
Juniperus virginiana,Eastern Red-Cedar,"Evergreen, Trees",National Audubon Society Native Plants,https://www.audubon.org/native-plants/species/eastern-red-cedar?zipcode=78666,Butterflies; Caterpillars; Fruit; Seeds,butterflies; caterpillars; fruit; seeds,New World Sparrows,New World Sparrows,,audubon_broad_family_group,habitat/resource support,Audubon broad bird-family support,False,False,trusted broad profile support,D - trusted Audubon broad plant profile; not species-level direct interaction,Audubon states this plant is thought to attract this broad family/group of birds. Attributes are plant-level resources and are not assigned to individual bird groups.
Juniperus virginiana,Eastern Red-Cedar,"Evergreen, Trees",National Audubon Society Native Plants,https://www.audubon.org/native-plants/species/eastern-red-cedar?zipcode=78666,Butterflies; Caterpillars; Fruit; Seeds,butterflies; caterpillars; fruit; seeds,Thrushes,Thrushes,,audubon_broad_family_group,habitat/resource support,Audubon broad bird-family support,False,False,trusted broad profile support,D - trusted Audubon broad plant profile; not species-level direct interaction,Audubon states this plant is thought to attract this broad family/group of birds. Attributes are plant-level resources and are not assigned to individual bird groups.
Juniperus virginiana,Eastern Red-Cedar,"Evergreen, Trees",National Audubon Society Native Plants,https://www.audubon.org/native-plants/species/eastern-red-cedar?zipcode=78666,Butterflies; Caterpillars; Fruit; Seeds,butterflies; caterpillars; fruit; seeds,Vireos,Vireos,,audubon_broad_family_group,habitat/resource support,Audubon broad bird-family support,False,False,trusted broad profile support,D - trusted Audubon broad plant profile; not species-level direct interaction,Audubon states this plant is thought to attract this broad family/group of birds. Attributes are plant-level resources and are not assigned to individual bird groups.
Juniperus virginiana,Eastern Red-Cedar,"Evergreen, Trees",National Audubon Society Native Plants,https://www.audubon.org/native-plants/species/eastern-red-cedar?zipcode=78666,Butterflies; Caterpillars; Fruit; Seeds,butterflies; caterpillars; fruit; seeds,Waxwings,Waxwings,,audubon_broad_family_group,habitat/resource support,Audubon broad bird-family support,False,False,trusted broad profile support,D - trusted Audubon broad plant profile; not species-level direct interaction,Audubon states this plant is thought to attract this broad family/group of birds. Attributes are plant-level resources and are not assigned to individual bird groups.
Juniperus virginiana,Eastern Red-Cedar,"Evergreen, Trees",National Audubon Society Native Plants,https://www.audubon.org/native-plants/species/eastern-red-cedar?zipcode=78666,Butterflies; Caterpillars; Fruit; Seeds,butterflies; caterpillars; fruit; seeds,Wood Warblers,Wood Warblers,,audubon_broad_family_group,habitat/resource support,Audubon broad bird-family support,False,False,trusted broad profile support,D - trusted Audubon broad plant profile; not species-level direct interaction,Audubon states this plant is thought to attract this broad family/group of birds. Attributes are plant-level resources and are not assigned to individual bird groups.
Juniperus virginiana,Eastern Red-Cedar,"Evergreen, Trees",National Audubon Society Native Plants,https://www.audubon.org/native-plants/species/eastern-red-cedar?zipcode=78666,Butterflies; Caterpillars; Fruit; Seeds,butterflies; caterpillars; fruit; seeds,Woodpeckers,Woodpeckers,,audubon_broad_family_group,habitat/resource support,Audubon broad bird-family support,False,False,trusted broad profile support,D - trusted Audubon broad plant profile; not species-level direct interaction,Audubon states this plant is thought to attract this broad family/group of birds. Attributes are plant-level resources and are not assigned to individual bird groups.
Juniperus virginiana,Eastern Red-Cedar,"Evergreen, Trees",National Audubon Society Native Plants,https://www.audubon.org/native-plants/species/eastern-red-cedar?zipcode=78666,Butterflies; Caterpillars; Fruit; Seeds,butterflies; caterpillars; fruit; seeds,Wrens,Wrens,,audubon_broad_family_group,habitat/resource support,Audubon broad bird-family support,False,False,trusted broad profile support,D - trusted Audubon broad plant profile; not species-level direct interaction,Audubon states this plant is thought to attract this broad family/group of birds. Attributes are plant-level resources and are not assigned to individual bird groups.
Helianthus occidentalis,Few-Leaf Sunflower,Annuals/Per.,National Audubon Society Native Plants,https://www.audubon.org/native-plants/species/few-leaf-sunflower?zipcode=78666,Butterflies; Caterpillars,butterflies; caterpillars,"Cardinals, Grosbeaks and Buntings","Cardinals, Grosbeaks and Buntings",,audubon_broad_family_group,habitat/resource support,Audubon broad bird-family support,False,False,trusted broad profile support,D - trusted Audubon broad plant profile; not species-level direct interaction,Audubon states this plant is thought to attract this broad family/group of birds. Attributes are plant-level resources and are not assigned to individual bird groups.
Helianthus occidentalis,Few-Leaf Sunflower,Annuals/Per.,National Audubon Society Native Plants,https://www.audubon.org/native-plants/species/few-leaf-sunflower?zipcode=78666,Butterflies; Caterpillars,butterflies; caterpillars,Chickadees and Titmice,Chickadees and Titmice,,audubon_broad_family_group,habitat/resource support,Audubon broad bird-family support,False,False,trusted broad profile support,D - trusted Audubon broad plant profile; not species-level direct interaction,Audubon states this plant is thought to attract this broad family/group of birds. Attributes are plant-level resources and are not assigned to individual bird groups.
Helianthus occidentalis,Few-Leaf Sunflower,Annuals/Per.,National Audubon Society Native Plants,https://www.audubon.org/native-plants/species/few-leaf-sunflower?zipcode=78666,Butterflies; Caterpillars,butterflies; caterpillars,"Crows, Magpies, Jays","Crows, Magpies, Jays",,audubon_broad_family_group,habitat/resource support,Audubon broad bird-family support,False,False,trusted broad profile support,D - trusted Audubon broad plant profile; not species-level direct interaction,Audubon states this plant is thought to attract this broad family/group of birds. Attributes are plant-level resources and are not assigned to individual bird groups.
Helianthus occidentalis,Few-Leaf Sunflower,Annuals/Per.,National Audubon Society Native Plants,https://www.audubon.org/native-plants/species/few-leaf-sunflower?zipcode=78666,Butterflies; Caterpillars,butterflies; caterpillars,Mockingbirds and Thrashers,Mockingbirds and Thrashers,,audubon_broad_family_group,habitat/resource support,Audubon broad bird-family support,False,False,trusted broad profile support,D - trusted Audubon broad plant profile; not species-level direct interaction,Audubon states this plant is thought to attract this broad family/group of birds. Attributes are plant-level resources and are not assigned to individual bird groups.
Helianthus occidentalis,Few-Leaf Sunflower,Annuals/Per.,National Audubon Society Native Plants,https://www.audubon.org/native-plants/species/few-leaf-sunflower?zipcode=78666,Butterflies; Caterpillars,butterflies; caterpillars,Nuthatches,Nuthatches,,audubon_broad_family_group,habitat/resource support,Audubon broad bird-family support,False,False,trusted broad profile support,D - trusted Audubon broad plant profile; not species-level direct interaction,Audubon states this plant is thought to attract this broad family/group of birds. Attributes are plant-level resources and are not assigned to individual bird groups.
Helianthus occidentalis,Few-Leaf Sunflower,Annuals/Per.,National Audubon Society Native Plants,https://www.audubon.org/native-plants/species/few-leaf-sunflower?zipcode=78666,Butterflies; Caterpillars,butterflies; caterpillars,Blackbirds and Orioles,Blackbirds and Orioles,,audubon_broad_family_group,habitat/resource support,Audubon broad bird-family support,False,False,trusted broad profile support,D - trusted Audubon broad plant profile; not species-level direct interaction,Audubon states this plant is thought to attract this broad family/group of birds. Attributes are plant-level resources and are not assigned to individual bird groups.
Helianthus occidentalis,Few-Leaf Sunflower,Annuals/Per.,National Audubon Society Native Plants,https://www.audubon.org/native-plants/species/few-leaf-sunflower?zipcode=78666,Butterflies; Caterpillars,butterflies; caterpillars,New World Sparrows,New World Sparrows,,audubon_broad_family_group,habitat/resource support,Audubon broad bird-family support,False,False,trusted broad profile support,D - trusted Audubon broad plant profile; not species-level direct interaction,Audubon states this plant is thought to attract this broad family/group of birds. Attributes are plant-level resources and are not assigned to individual bird groups.
Helianthus occidentalis,Few-Leaf Sunflower,Annuals/Per.,National Audubon Society Native Plants,https://www.audubon.org/native-plants/species/few-leaf-sunflower?zipcode=78666,Butterflies; Caterpillars,butterflies; caterpillars,Thrushes,Thrushes,,audubon_broad_family_group,habitat/resource support,Audubon broad bird-family support,False,False,trusted broad profile support,D - trusted Audubon broad plant profile; not species-level direct interaction,Audubon states this plant is thought to attract this broad family/group of birds. Attributes are plant-level resources and are not assigned to individual bird groups.
Helianthus occidentalis,Few-Leaf Sunflower,Annuals/Per.,National Audubon Society Native Plants,https://www.audubon.org/native-plants/species/few-leaf-sunflower?zipcode=78666,Butterflies; Caterpillars,butterflies; caterpillars,Vireos,Vireos,,audubon_broad_family_group,habitat/resource support,Audubon broad bird-family support,False,False,trusted broad profile support,D - trusted Audubon broad plant profile; not species-level direct interaction,Audubon states this plant is thought to attract this broad family/group of birds. Attributes are plant-level resources and are not assigned to individual bird groups.
Helianthus occidentalis,Few-Leaf Sunflower,Annuals/Per.,National Audubon Society Native Plants,https://www.audubon.org/native-plants/species/few-leaf-sunflower?zipcode=78666,Butterflies; Caterpillars,butterflies; caterpillars,Waxwings,Waxwings,,audubon_broad_family_group,habitat/resource support,Audubon broad bird-family support,False,False,trusted broad profile support,D - trusted Audubon broad plant profile; not species-level direct interaction,Audubon states this plant is thought to attract this broad family/group of birds. Attributes are plant-level resources and are not assigned to individual bird groups.
Helianthus occidentalis,Few-Leaf Sunflower,Annuals/Per.,National Audubon Society Native Plants,https://www.audubon.org/native-plants/species/few-leaf-sunflower?zipcode=78666,Butterflies; Caterpillars,butterflies; caterpillars,Wood Warblers,Wood Warblers,,audubon_broad_family_group,habitat/resource support,Audubon broad bird-family support,False,False,trusted broad profile support,D - trusted Audubon broad plant profile; not species-level direct interaction,Audubon states this plant is thought to attract this broad family/group of birds. Attributes are plant-level resources and are not assigned to individual bird groups.
Helianthus occidentalis,Few-Leaf Sunflower,Annuals/Per.,National Audubon Society Native Plants,https://www.audubon.org/native-plants/species/few-leaf-sunflower?zipcode=78666,Butterflies; Caterpillars,butterflies; caterpillars,Woodpeckers,Woodpeckers,,audubon_broad_family_group,habitat/resource support,Audubon broad bird-family support,False,False,trusted broad profile support,D - trusted Audubon broad plant profile; not species-level direct interaction,Audubon states this plant is thought to attract this broad family/group of birds. Attributes are plant-level resources and are not assigned to individual bird groups.
Helianthus occidentalis,Few-Leaf Sunflower,Annuals/Per.,National Audubon Society Native Plants,https://www.audubon.org/native-plants/species/few-leaf-sunflower?zipcode=78666,Butterflies; Caterpillars,butterflies; caterpillars,Wrens,Wrens,,audubon_broad_family_group,habitat/resource support,Audubon broad bird-family support,False,False,trusted broad profile support,D - trusted Audubon broad plant profile; not species-level direct interaction,Audubon states this plant is thought to attract this broad family/group of birds. Attributes are plant-level resources and are not assigned to individual bird groups.
Gaillardia pulchella,Firewheel,"Annuals/Per., Shrubs",National Audubon Society Native Plants,https://www.audubon.org/native-plants/species/firewheel?zipcode=78666,,,Mockingbirds and Thrashers,Mockingbirds and Thrashers,,audubon_broad_family_group,habitat/resource support,Audubon broad bird-family support,False,False,trusted broad profile support,D - trusted Audubon broad plant profile; not species-level direct interaction,Audubon states this plant is thought to attract this broad family/group of birds. Attributes are plant-level resources and are not assigned to individual bird groups.
Gaillardia pulchella,Firewheel,"Annuals/Per., Shrubs",National Audubon Society Native Plants,https://www.audubon.org/native-plants/species/firewheel?zipcode=78666,,,Blackbirds and Orioles,Blackbirds and Orioles,,audubon_broad_family_group,habitat/resource support,Audubon broad bird-family support,False,False,trusted broad profile support,D - trusted Audubon broad plant profile; not species-level direct interaction,Audubon states this plant is thought to attract this broad family/group of birds. Attributes are plant-level resources and are not assigned to individual bird groups.
Gaillardia pulchella,Firewheel,"Annuals/Per., Shrubs",National Audubon Society Native Plants,https://www.audubon.org/native-plants/species/firewheel?zipcode=78666,,,New World Sparrows,New World Sparrows,,audubon_broad_family_group,habitat/resource support,Audubon broad bird-family support,False,False,trusted broad profile support,D - trusted Audubon broad plant profile; not species-level direct interaction,Audubon states this plant is thought to attract this broad family/group of birds. Attributes are plant-level resources and are not assigned to individual bird groups.
Gaillardia pulchella,Firewheel,"Annuals/Per., Shrubs",National Audubon Society Native Plants,https://www.audubon.org/native-plants/species/firewheel?zipcode=78666,,,Vireos,Vireos,,audubon_broad_family_group,habitat/resource support,Audubon broad bird-family support,False,False,trusted broad profile support,D - trusted Audubon broad plant profile; not species-level direct interaction,Audubon states this plant is thought to attract this broad family/group of birds. Attributes are plant-level resources and are not assigned to individual bird groups.
Gaillardia pulchella,Firewheel,"Annuals/Per., Shrubs",National Audubon Society Native Plants,https://www.audubon.org/native-plants/species/firewheel?zipcode=78666,,,Waxwings,Waxwings,,audubon_broad_family_group,habitat/resource support,Audubon broad bird-family support,False,False,trusted broad profile support,D - trusted Audubon broad plant profile; not species-level direct interaction,Audubon states this plant is thought to attract this broad family/group of birds. Attributes are plant-level resources and are not assigned to individual bird groups.
Gaillardia pulchella,Firewheel,"Annuals/Per., Shrubs",National Audubon Society Native Plants,https://www.audubon.org/native-plants/species/firewheel?zipcode=78666,,,Wood Warblers,Wood Warblers,,audubon_broad_family_group,habitat/resource support,Audubon broad bird-family support,False,False,trusted broad profile support,D - trusted Audubon broad plant profile; not species-level direct interaction,Audubon states this plant is thought to attract this broad family/group of birds. Attributes are plant-level resources and are not assigned to individual bird groups.
Rhus aromatica,Fragrant Sumac,"Shrubs, Vines",National Audubon Society Native Plants,https://www.audubon.org/native-plants/species/fragrant-sumac?zipcode=78666,Butterflies; Caterpillars; Fruit,butterflies; caterpillars; fruit,"Cardinals, Grosbeaks and Buntings","Cardinals, Grosbeaks and Buntings",,audubon_broad_family_group,habitat/resource support,Audubon broad bird-family support,False,False,trusted broad profile support,D - trusted Audubon broad plant profile; not species-level direct interaction,Audubon states this plant is thought to attract this broad family/group of birds. Attributes are plant-level resources and are not assigned to individual bird groups.
Rhus aromatica,Fragrant Sumac,"Shrubs, Vines",National Audubon Society Native Plants,https://www.audubon.org/native-plants/species/fragrant-sumac?zipcode=78666,Butterflies; Caterpillars; Fruit,butterflies; caterpillars; fruit,Chickadees and Titmice,Chickadees and Titmice,,audubon_broad_family_group,habitat/resource support,Audubon broad bird-family support,False,False,trusted broad profile support,D - trusted Audubon broad plant profile; not species-level direct interaction,Audubon states this plant is thought to attract this broad family/group of birds. Attributes are plant-level resources and are not assigned to individual bird groups.
Rhus aromatica,Fragrant Sumac,"Shrubs, Vines",National Audubon Society Native Plants,https://www.audubon.org/native-plants/species/fragrant-sumac?zipcode=78666,Butterflies; Caterpillars; Fruit,butterflies; caterpillars; fruit,"Crows, Magpies, Jays","Crows, Magpies, Jays",,audubon_broad_family_group,habitat/resource support,Audubon broad bird-family support,False,False,trusted broad profile support,D - trusted Audubon broad plant profile; not species-level direct interaction,Audubon states this plant is thought to attract this broad family/group of birds. Attributes are plant-level resources and are not assigned to individual bird groups.
Rhus aromatica,Fragrant Sumac,"Shrubs, Vines",National Audubon Society Native Plants,https://www.audubon.org/native-plants/species/fragrant-sumac?zipcode=78666,Butterflies; Caterpillars; Fruit,butterflies; caterpillars; fruit,Mockingbirds and Thrashers,Mockingbirds and Thrashers,,audubon_broad_family_group,habitat/resource support,Audubon broad bird-family support,False,False,trusted broad profile support,D - trusted Audubon broad plant profile; not species-level direct interaction,Audubon states this plant is thought to attract this broad family/group of birds. Attributes are plant-level resources and are not assigned to individual bird groups.
Rhus aromatica,Fragrant Sumac,"Shrubs, Vines",National Audubon Society Native Plants,https://www.audubon.org/native-plants/species/fragrant-sumac?zipcode=78666,Butterflies; Caterpillars; Fruit,butterflies; caterpillars; fruit,Nuthatches,Nuthatches,,audubon_broad_family_group,habitat/resource support,Audubon broad bird-family support,False,False,trusted broad profile support,D - trusted Audubon broad plant profile; not species-level direct interaction,Audubon states this plant is thought to attract this broad family/group of birds. Attributes are plant-level resources and are not assigned to individual bird groups.
Rhus aromatica,Fragrant Sumac,"Shrubs, Vines",National Audubon Society Native Plants,https://www.audubon.org/native-plants/species/fragrant-sumac?zipcode=78666,Butterflies; Caterpillars; Fruit,butterflies; caterpillars; fruit,Blackbirds and Orioles,Blackbirds and Orioles,,audubon_broad_family_group,habitat/resource support,Audubon broad bird-family support,False,False,trusted broad profile support,D - trusted Audubon broad plant profile; not species-level direct interaction,Audubon states this plant is thought to attract this broad family/group of birds. Attributes are plant-level resources and are not assigned to individual bird groups.
Rhus aromatica,Fragrant Sumac,"Shrubs, Vines",National Audubon Society Native Plants,https://www.audubon.org/native-plants/species/fragrant-sumac?zipcode=78666,Butterflies; Caterpillars; Fruit,butterflies; caterpillars; fruit,New World Sparrows,New World Sparrows,,audubon_broad_family_group,habitat/resource support,Audubon broad bird-family support,False,False,trusted broad profile support,D - trusted Audubon broad plant profile; not species-level direct interaction,Audubon states this plant is thought to attract this broad family/group of birds. Attributes are plant-level resources and are not assigned to individual bird groups.
Rhus aromatica,Fragrant Sumac,"Shrubs, Vines",National Audubon Society Native Plants,https://www.audubon.org/native-plants/species/fragrant-sumac?zipcode=78666,Butterflies; Caterpillars; Fruit,butterflies; caterpillars; fruit,Thrushes,Thrushes,,audubon_broad_family_group,habitat/resource support,Audubon broad bird-family support,False,False,trusted broad profile support,D - trusted Audubon broad plant profile; not species-level direct interaction,Audubon states this plant is thought to attract this broad family/group of birds. Attributes are plant-level resources and are not assigned to individual bird groups.
Rhus aromatica,Fragrant Sumac,"Shrubs, Vines",National Audubon Society Native Plants,https://www.audubon.org/native-plants/species/fragrant-sumac?zipcode=78666,Butterflies; Caterpillars; Fruit,butterflies; caterpillars; fruit,Vireos,Vireos,,audubon_broad_family_group,habitat/resource support,Audubon broad bird-family support,False,False,trusted broad profile support,D - trusted Audubon broad plant profile; not species-level direct interaction,Audubon states this plant is thought to attract this broad family/group of birds. Attributes are plant-level resources and are not assigned to individual bird groups.
Rhus aromatica,Fragrant Sumac,"Shrubs, Vines",National Audubon Society Native Plants,https://www.audubon.org/native-plants/species/fragrant-sumac?zipcode=78666,Butterflies; Caterpillars; Fruit,butterflies; caterpillars; fruit,Waxwings,Waxwings,,audubon_broad_family_group,habitat/resource support,Audubon broad bird-family support,False,False,trusted broad profile support,D - trusted Audubon broad plant profile; not species-level direct interaction,Audubon states this plant is thought to attract this broad family/group of birds. Attributes are plant-level resources and are not assigned to individual bird groups.
Rhus aromatica,Fragrant Sumac,"Shrubs, Vines",National Audubon Society Native Plants,https://www.audubon.org/native-plants/species/fragrant-sumac?zipcode=78666,Butterflies; Caterpillars; Fruit,butterflies; caterpillars; fruit,Wood Warblers,Wood Warblers,,audubon_broad_family_group,habitat/resource support,Audubon broad bird-family support,False,False,trusted broad profile support,D - trusted Audubon broad plant profile; not species-level direct interaction,Audubon states this plant is thought to attract this broad family/group of birds. Attributes are plant-level resources and are not assigned to individual bird groups.
Rhus aromatica,Fragrant Sumac,"Shrubs, Vines",National Audubon Society Native Plants,https://www.audubon.org/native-plants/species/fragrant-sumac?zipcode=78666,Butterflies; Caterpillars; Fruit,butterflies; caterpillars; fruit,Woodpeckers,Woodpeckers,,audubon_broad_family_group,habitat/resource support,Audubon broad bird-family support,False,False,trusted broad profile support,D - trusted Audubon broad plant profile; not species-level direct interaction,Audubon states this plant is thought to attract this broad family/group of birds. Attributes are plant-level resources and are not assigned to individual bird groups.
Rhus aromatica,Fragrant Sumac,"Shrubs, Vines",National Audubon Society Native Plants,https://www.audubon.org/native-plants/species/fragrant-sumac?zipcode=78666,Butterflies; Caterpillars; Fruit,butterflies; caterpillars; fruit,Wrens,Wrens,,audubon_broad_family_group,habitat/resource support,Audubon broad bird-family support,False,False,trusted broad profile support,D - trusted Audubon broad plant profile; not species-level direct interaction,Audubon states this plant is thought to attract this broad family/group of birds. Attributes are plant-level resources and are not assigned to individual bird groups.
Solidago nemoralis,Gray Goldenrod,Annuals/Per.,National Audubon Society Native Plants,https://www.audubon.org/native-plants/species/gray-goldenrod?zipcode=78666,Butterflies; Caterpillars; Fruit; Nuts,butterflies; caterpillars; fruit; nuts,"Cardinals, Grosbeaks and Buntings","Cardinals, Grosbeaks and Buntings",,audubon_broad_family_group,habitat/resource support,Audubon broad bird-family support,False,False,trusted broad profile support,D - trusted Audubon broad plant profile; not species-level direct interaction,Audubon states this plant is thought to attract this broad family/group of birds. Attributes are plant-level resources and are not assigned to individual bird groups.
Solidago nemoralis,Gray Goldenrod,Annuals/Per.,National Audubon Society Native Plants,https://www.audubon.org/native-plants/species/gray-goldenrod?zipcode=78666,Butterflies; Caterpillars; Fruit; Nuts,butterflies; caterpillars; fruit; nuts,Chickadees and Titmice,Chickadees and Titmice,,audubon_broad_family_group,habitat/resource support,Audubon broad bird-family support,False,False,trusted broad profile support,D - trusted Audubon broad plant profile; not species-level direct interaction,Audubon states this plant is thought to attract this broad family/group of birds. Attributes are plant-level resources and are not assigned to individual bird groups.
Solidago nemoralis,Gray Goldenrod,Annuals/Per.,National Audubon Society Native Plants,https://www.audubon.org/native-plants/species/gray-goldenrod?zipcode=78666,Butterflies; Caterpillars; Fruit; Nuts,butterflies; caterpillars; fruit; nuts,"Crows, Magpies, Jays","Crows, Magpies, Jays",,audubon_broad_family_group,habitat/resource support,Audubon broad bird-family support,False,False,trusted broad profile support,D - trusted Audubon broad plant profile; not species-level direct interaction,Audubon states this plant is thought to attract this broad family/group of birds. Attributes are plant-level resources and are not assigned to individual bird groups.
Solidago nemoralis,Gray Goldenrod,Annuals/Per.,National Audubon Society Native Plants,https://www.audubon.org/native-plants/species/gray-goldenrod?zipcode=78666,Butterflies; Caterpillars; Fruit; Nuts,butterflies; caterpillars; fruit; nuts,Finches,Finches,,audubon_broad_family_group,habitat/resource support,Audubon broad bird-family support,False,False,trusted broad profile support,D - trusted Audubon broad plant profile; not species-level direct interaction,Audubon states this plant is thought to attract this broad family/group of birds. Attributes are plant-level resources and are not assigned to individual bird groups.
Solidago nemoralis,Gray Goldenrod,Annuals/Per.,National Audubon Society Native Plants,https://www.audubon.org/native-plants/species/gray-goldenrod?zipcode=78666,Butterflies; Caterpillars; Fruit; Nuts,butterflies; caterpillars; fruit; nuts,Mockingbirds and Thrashers,Mockingbirds and Thrashers,,audubon_broad_family_group,habitat/resource support,Audubon broad bird-family support,False,False,trusted broad profile support,D - trusted Audubon broad plant profile; not species-level direct interaction,Audubon states this plant is thought to attract this broad family/group of birds. Attributes are plant-level resources and are not assigned to individual bird groups.
Solidago nemoralis,Gray Goldenrod,Annuals/Per.,National Audubon Society Native Plants,https://www.audubon.org/native-plants/species/gray-goldenrod?zipcode=78666,Butterflies; Caterpillars; Fruit; Nuts,butterflies; caterpillars; fruit; nuts,Nuthatches,Nuthatches,,audubon_broad_family_group,habitat/resource support,Audubon broad bird-family support,False,False,trusted broad profile support,D - trusted Audubon broad plant profile; not species-level direct interaction,Audubon states this plant is thought to attract this broad family/group of birds. Attributes are plant-level resources and are not assigned to individual bird groups.
Solidago nemoralis,Gray Goldenrod,Annuals/Per.,National Audubon Society Native Plants,https://www.audubon.org/native-plants/species/gray-goldenrod?zipcode=78666,Butterflies; Caterpillars; Fruit; Nuts,butterflies; caterpillars; fruit; nuts,Blackbirds and Orioles,Blackbirds and Orioles,,audubon_broad_family_group,habitat/resource support,Audubon broad bird-family support,False,False,trusted broad profile support,D - trusted Audubon broad plant profile; not species-level direct interaction,Audubon states this plant is thought to attract this broad family/group of birds. Attributes are plant-level resources and are not assigned to individual bird groups.
Solidago nemoralis,Gray Goldenrod,Annuals/Per.,National Audubon Society Native Plants,https://www.audubon.org/native-plants/species/gray-goldenrod?zipcode=78666,Butterflies; Caterpillars; Fruit; Nuts,butterflies; caterpillars; fruit; nuts,New World Sparrows,New World Sparrows,,audubon_broad_family_group,habitat/resource support,Audubon broad bird-family support,False,False,trusted broad profile support,D - trusted Audubon broad plant profile; not species-level direct interaction,Audubon states this plant is thought to attract this broad family/group of birds. Attributes are plant-level resources and are not assigned to individual bird groups.
Solidago nemoralis,Gray Goldenrod,Annuals/Per.,National Audubon Society Native Plants,https://www.audubon.org/native-plants/species/gray-goldenrod?zipcode=78666,Butterflies; Caterpillars; Fruit; Nuts,butterflies; caterpillars; fruit; nuts,Thrushes,Thrushes,,audubon_broad_family_group,habitat/resource support,Audubon broad bird-family support,False,False,trusted broad profile support,D - trusted Audubon broad plant profile; not species-level direct interaction,Audubon states this plant is thought to attract this broad family/group of birds. Attributes are plant-level resources and are not assigned to individual bird groups.
Solidago nemoralis,Gray Goldenrod,Annuals/Per.,National Audubon Society Native Plants,https://www.audubon.org/native-plants/species/gray-goldenrod?zipcode=78666,Butterflies; Caterpillars; Fruit; Nuts,butterflies; caterpillars; fruit; nuts,Vireos,Vireos,,audubon_broad_family_group,habitat/resource support,Audubon broad bird-family support,False,False,trusted broad profile support,D - trusted Audubon broad plant profile; not species-level direct interaction,Audubon states this plant is thought to attract this broad family/group of birds. Attributes are plant-level resources and are not assigned to individual bird groups.
Solidago nemoralis,Gray Goldenrod,Annuals/Per.,National Audubon Society Native Plants,https://www.audubon.org/native-plants/species/gray-goldenrod?zipcode=78666,Butterflies; Caterpillars; Fruit; Nuts,butterflies; caterpillars; fruit; nuts,Waxwings,Waxwings,,audubon_broad_family_group,habitat/resource support,Audubon broad bird-family support,False,False,trusted broad profile support,D - trusted Audubon broad plant profile; not species-level direct interaction,Audubon states this plant is thought to attract this broad family/group of birds. Attributes are plant-level resources and are not assigned to individual bird groups.
Solidago nemoralis,Gray Goldenrod,Annuals/Per.,National Audubon Society Native Plants,https://www.audubon.org/native-plants/species/gray-goldenrod?zipcode=78666,Butterflies; Caterpillars; Fruit; Nuts,butterflies; caterpillars; fruit; nuts,Wood Warblers,Wood Warblers,,audubon_broad_family_group,habitat/resource support,Audubon broad bird-family support,False,False,trusted broad profile support,D - trusted Audubon broad plant profile; not species-level direct interaction,Audubon states this plant is thought to attract this broad family/group of birds. Attributes are plant-level resources and are not assigned to individual bird groups.
Solidago nemoralis,Gray Goldenrod,Annuals/Per.,National Audubon Society Native Plants,https://www.audubon.org/native-plants/species/gray-goldenrod?zipcode=78666,Butterflies; Caterpillars; Fruit; Nuts,butterflies; caterpillars; fruit; nuts,Woodpeckers,Woodpeckers,,audubon_broad_family_group,habitat/resource support,Audubon broad bird-family support,False,False,trusted broad profile support,D - trusted Audubon broad plant profile; not species-level direct interaction,Audubon states this plant is thought to attract this broad family/group of birds. Attributes are plant-level resources and are not assigned to individual bird groups.
Solidago nemoralis,Gray Goldenrod,Annuals/Per.,National Audubon Society Native Plants,https://www.audubon.org/native-plants/species/gray-goldenrod?zipcode=78666,Butterflies; Caterpillars; Fruit; Nuts,butterflies; caterpillars; fruit; nuts,Wrens,Wrens,,audubon_broad_family_group,habitat/resource support,Audubon broad bird-family support,False,False,trusted broad profile support,D - trusted Audubon broad plant profile; not species-level direct interaction,Audubon states this plant is thought to attract this broad family/group of birds. Attributes are plant-level resources and are not assigned to individual bird groups.
Asclepias viridis,Green Antelope-Horn,Annuals/Per.,National Audubon Society Native Plants,https://www.audubon.org/native-plants/species/green-antelope-horn?zipcode=78666,,,Mockingbirds and Thrashers,Mockingbirds and Thrashers,,audubon_broad_family_group,habitat/resource support,Audubon broad bird-family support,False,False,trusted broad profile support,D - trusted Audubon broad plant profile; not species-level direct interaction,Audubon states this plant is thought to attract this broad family/group of birds. Attributes are plant-level resources and are not assigned to individual bird groups.
Asclepias viridis,Green Antelope-Horn,Annuals/Per.,National Audubon Society Native Plants,https://www.audubon.org/native-plants/species/green-antelope-horn?zipcode=78666,,,Blackbirds and Orioles,Blackbirds and Orioles,,audubon_broad_family_group,habitat/resource support,Audubon broad bird-family support,False,False,trusted broad profile support,D - trusted Audubon broad plant profile; not species-level direct interaction,Audubon states this plant is thought to attract this broad family/group of birds. Attributes are plant-level resources and are not assigned to individual bird groups.
Asclepias viridis,Green Antelope-Horn,Annuals/Per.,National Audubon Society Native Plants,https://www.audubon.org/native-plants/species/green-antelope-horn?zipcode=78666,,,New World Sparrows,New World Sparrows,,audubon_broad_family_group,habitat/resource support,Audubon broad bird-family support,False,False,trusted broad profile support,D - trusted Audubon broad plant profile; not species-level direct interaction,Audubon states this plant is thought to attract this broad family/group of birds. Attributes are plant-level resources and are not assigned to individual bird groups.
Asclepias viridis,Green Antelope-Horn,Annuals/Per.,National Audubon Society Native Plants,https://www.audubon.org/native-plants/species/green-antelope-horn?zipcode=78666,,,Vireos,Vireos,,audubon_broad_family_group,habitat/resource support,Audubon broad bird-family support,False,False,trusted broad profile support,D - trusted Audubon broad plant profile; not species-level direct interaction,Audubon states this plant is thought to attract this broad family/group of birds. Attributes are plant-level resources and are not assigned to individual bird groups.
Asclepias viridis,Green Antelope-Horn,Annuals/Per.,National Audubon Society Native Plants,https://www.audubon.org/native-plants/species/green-antelope-horn?zipcode=78666,,,Waxwings,Waxwings,,audubon_broad_family_group,habitat/resource support,Audubon broad bird-family support,False,False,trusted broad profile support,D - trusted Audubon broad plant profile; not species-level direct interaction,Audubon states this plant is thought to attract this broad family/group of birds. Attributes are plant-level resources and are not assigned to individual bird groups.
Asclepias viridis,Green Antelope-Horn,Annuals/Per.,National Audubon Society Native Plants,https://www.audubon.org/native-plants/species/green-antelope-horn?zipcode=78666,,,Wood Warblers,Wood Warblers,,audubon_broad_family_group,habitat/resource support,Audubon broad bird-family support,False,False,trusted broad profile support,D - trusted Audubon broad plant profile; not species-level direct interaction,Audubon states this plant is thought to attract this broad family/group of birds. Attributes are plant-level resources and are not assigned to individual bird groups.
Muhlenbergia capillaris,Hairawn Muhly,Grasses,National Audubon Society Native Plants,https://www.audubon.org/native-plants/species/hairawn-muhly?zipcode=78666,Seeds,seeds,"Cardinals, Grosbeaks and Buntings","Cardinals, Grosbeaks and Buntings",,audubon_broad_family_group,habitat/resource support,Audubon broad bird-family support,False,False,trusted broad profile support,D - trusted Audubon broad plant profile; not species-level direct interaction,Audubon states this plant is thought to attract this broad family/group of birds. Attributes are plant-level resources and are not assigned to individual bird groups.
Muhlenbergia capillaris,Hairawn Muhly,Grasses,National Audubon Society Native Plants,https://www.audubon.org/native-plants/species/hairawn-muhly?zipcode=78666,Seeds,seeds,Chickadees and Titmice,Chickadees and Titmice,,audubon_broad_family_group,habitat/resource support,Audubon broad bird-family support,False,False,trusted broad profile support,D - trusted Audubon broad plant profile; not species-level direct interaction,Audubon states this plant is thought to attract this broad family/group of birds. Attributes are plant-level resources and are not assigned to individual bird groups.
Muhlenbergia capillaris,Hairawn Muhly,Grasses,National Audubon Society Native Plants,https://www.audubon.org/native-plants/species/hairawn-muhly?zipcode=78666,Seeds,seeds,"Crows, Magpies, Jays","Crows, Magpies, Jays",,audubon_broad_family_group,habitat/resource support,Audubon broad bird-family support,False,False,trusted broad profile support,D - trusted Audubon broad plant profile; not species-level direct interaction,Audubon states this plant is thought to attract this broad family/group of birds. Attributes are plant-level resources and are not assigned to individual bird groups.
Muhlenbergia capillaris,Hairawn Muhly,Grasses,National Audubon Society Native Plants,https://www.audubon.org/native-plants/species/hairawn-muhly?zipcode=78666,Seeds,seeds,Finches,Finches,,audubon_broad_family_group,habitat/resource support,Audubon broad bird-family support,False,False,trusted broad profile support,D - trusted Audubon broad plant profile; not species-level direct interaction,Audubon states this plant is thought to attract this broad family/group of birds. Attributes are plant-level resources and are not assigned to individual bird groups.
Muhlenbergia capillaris,Hairawn Muhly,Grasses,National Audubon Society Native Plants,https://www.audubon.org/native-plants/species/hairawn-muhly?zipcode=78666,Seeds,seeds,Nuthatches,Nuthatches,,audubon_broad_family_group,habitat/resource support,Audubon broad bird-family support,False,False,trusted broad profile support,D - trusted Audubon broad plant profile; not species-level direct interaction,Audubon states this plant is thought to attract this broad family/group of birds. Attributes are plant-level resources and are not assigned to individual bird groups.
Muhlenbergia capillaris,Hairawn Muhly,Grasses,National Audubon Society Native Plants,https://www.audubon.org/native-plants/species/hairawn-muhly?zipcode=78666,Seeds,seeds,New World Sparrows,New World Sparrows,,audubon_broad_family_group,habitat/resource support,Audubon broad bird-family support,False,False,trusted broad profile support,D - trusted Audubon broad plant profile; not species-level direct interaction,Audubon states this plant is thought to attract this broad family/group of birds. Attributes are plant-level resources and are not assigned to individual bird groups.
Muhlenbergia capillaris,Hairawn Muhly,Grasses,National Audubon Society Native Plants,https://www.audubon.org/native-plants/species/hairawn-muhly?zipcode=78666,Seeds,seeds,Woodpeckers,Woodpeckers,,audubon_broad_family_group,habitat/resource support,Audubon broad bird-family support,False,False,trusted broad profile support,D - trusted Audubon broad plant profile; not species-level direct interaction,Audubon states this plant is thought to attract this broad family/group of birds. Attributes are plant-level resources and are not assigned to individual bird groups.
Chasmanthium latifolium,Indian Wood-Oats,Grasses,National Audubon Society Native Plants,https://www.audubon.org/native-plants/species/indian-wood-oats?zipcode=78666,Fruit; Nuts; Seeds,fruit; nuts; seeds,"Cardinals, Grosbeaks and Buntings","Cardinals, Grosbeaks and Buntings",,audubon_broad_family_group,habitat/resource support,Audubon broad bird-family support,False,False,trusted broad profile support,D - trusted Audubon broad plant profile; not species-level direct interaction,Audubon states this plant is thought to attract this broad family/group of birds. Attributes are plant-level resources and are not assigned to individual bird groups.
Chasmanthium latifolium,Indian Wood-Oats,Grasses,National Audubon Society Native Plants,https://www.audubon.org/native-plants/species/indian-wood-oats?zipcode=78666,Fruit; Nuts; Seeds,fruit; nuts; seeds,Chickadees and Titmice,Chickadees and Titmice,,audubon_broad_family_group,habitat/resource support,Audubon broad bird-family support,False,False,trusted broad profile support,D - trusted Audubon broad plant profile; not species-level direct interaction,Audubon states this plant is thought to attract this broad family/group of birds. Attributes are plant-level resources and are not assigned to individual bird groups.
Chasmanthium latifolium,Indian Wood-Oats,Grasses,National Audubon Society Native Plants,https://www.audubon.org/native-plants/species/indian-wood-oats?zipcode=78666,Fruit; Nuts; Seeds,fruit; nuts; seeds,"Crows, Magpies, Jays","Crows, Magpies, Jays",,audubon_broad_family_group,habitat/resource support,Audubon broad bird-family support,False,False,trusted broad profile support,D - trusted Audubon broad plant profile; not species-level direct interaction,Audubon states this plant is thought to attract this broad family/group of birds. Attributes are plant-level resources and are not assigned to individual bird groups.
Chasmanthium latifolium,Indian Wood-Oats,Grasses,National Audubon Society Native Plants,https://www.audubon.org/native-plants/species/indian-wood-oats?zipcode=78666,Fruit; Nuts; Seeds,fruit; nuts; seeds,Finches,Finches,,audubon_broad_family_group,habitat/resource support,Audubon broad bird-family support,False,False,trusted broad profile support,D - trusted Audubon broad plant profile; not species-level direct interaction,Audubon states this plant is thought to attract this broad family/group of birds. Attributes are plant-level resources and are not assigned to individual bird groups.
Chasmanthium latifolium,Indian Wood-Oats,Grasses,National Audubon Society Native Plants,https://www.audubon.org/native-plants/species/indian-wood-oats?zipcode=78666,Fruit; Nuts; Seeds,fruit; nuts; seeds,Nuthatches,Nuthatches,,audubon_broad_family_group,habitat/resource support,Audubon broad bird-family support,False,False,trusted broad profile support,D - trusted Audubon broad plant profile; not species-level direct interaction,Audubon states this plant is thought to attract this broad family/group of birds. Attributes are plant-level resources and are not assigned to individual bird groups.
Chasmanthium latifolium,Indian Wood-Oats,Grasses,National Audubon Society Native Plants,https://www.audubon.org/native-plants/species/indian-wood-oats?zipcode=78666,Fruit; Nuts; Seeds,fruit; nuts; seeds,New World Sparrows,New World Sparrows,,audubon_broad_family_group,habitat/resource support,Audubon broad bird-family support,False,False,trusted broad profile support,D - trusted Audubon broad plant profile; not species-level direct interaction,Audubon states this plant is thought to attract this broad family/group of birds. Attributes are plant-level resources and are not assigned to individual bird groups.
Chasmanthium latifolium,Indian Wood-Oats,Grasses,National Audubon Society Native Plants,https://www.audubon.org/native-plants/species/indian-wood-oats?zipcode=78666,Fruit; Nuts; Seeds,fruit; nuts; seeds,Woodpeckers,Woodpeckers,,audubon_broad_family_group,habitat/resource support,Audubon broad bird-family support,False,False,trusted broad profile support,D - trusted Audubon broad plant profile; not species-level direct interaction,Audubon states this plant is thought to attract this broad family/group of birds. Attributes are plant-level resources and are not assigned to individual bird groups.
Setaria macrostachya,Large Spike Bristlegrass,Grasses,National Audubon Society Native Plants,https://www.audubon.org/native-plants/species/large-spike-bristlegrass?zipcode=78666,Seeds,seeds,"Cardinals, Grosbeaks and Buntings","Cardinals, Grosbeaks and Buntings",,audubon_broad_family_group,habitat/resource support,Audubon broad bird-family support,False,False,trusted broad profile support,D - trusted Audubon broad plant profile; not species-level direct interaction,Audubon states this plant is thought to attract this broad family/group of birds. Attributes are plant-level resources and are not assigned to individual bird groups.
Setaria macrostachya,Large Spike Bristlegrass,Grasses,National Audubon Society Native Plants,https://www.audubon.org/native-plants/species/large-spike-bristlegrass?zipcode=78666,Seeds,seeds,Chickadees and Titmice,Chickadees and Titmice,,audubon_broad_family_group,habitat/resource support,Audubon broad bird-family support,False,False,trusted broad profile support,D - trusted Audubon broad plant profile; not species-level direct interaction,Audubon states this plant is thought to attract this broad family/group of birds. Attributes are plant-level resources and are not assigned to individual bird groups.
Setaria macrostachya,Large Spike Bristlegrass,Grasses,National Audubon Society Native Plants,https://www.audubon.org/native-plants/species/large-spike-bristlegrass?zipcode=78666,Seeds,seeds,"Crows, Magpies, Jays","Crows, Magpies, Jays",,audubon_broad_family_group,habitat/resource support,Audubon broad bird-family support,False,False,trusted broad profile support,D - trusted Audubon broad plant profile; not species-level direct interaction,Audubon states this plant is thought to attract this broad family/group of birds. Attributes are plant-level resources and are not assigned to individual bird groups.
Setaria macrostachya,Large Spike Bristlegrass,Grasses,National Audubon Society Native Plants,https://www.audubon.org/native-plants/species/large-spike-bristlegrass?zipcode=78666,Seeds,seeds,Finches,Finches,,audubon_broad_family_group,habitat/resource support,Audubon broad bird-family support,False,False,trusted broad profile support,D - trusted Audubon broad plant profile; not species-level direct interaction,Audubon states this plant is thought to attract this broad family/group of birds. Attributes are plant-level resources and are not assigned to individual bird groups.
Setaria macrostachya,Large Spike Bristlegrass,Grasses,National Audubon Society Native Plants,https://www.audubon.org/native-plants/species/large-spike-bristlegrass?zipcode=78666,Seeds,seeds,Nuthatches,Nuthatches,,audubon_broad_family_group,habitat/resource support,Audubon broad bird-family support,False,False,trusted broad profile support,D - trusted Audubon broad plant profile; not species-level direct interaction,Audubon states this plant is thought to attract this broad family/group of birds. Attributes are plant-level resources and are not assigned to individual bird groups.
Setaria macrostachya,Large Spike Bristlegrass,Grasses,National Audubon Society Native Plants,https://www.audubon.org/native-plants/species/large-spike-bristlegrass?zipcode=78666,Seeds,seeds,New World Sparrows,New World Sparrows,,audubon_broad_family_group,habitat/resource support,Audubon broad bird-family support,False,False,trusted broad profile support,D - trusted Audubon broad plant profile; not species-level direct interaction,Audubon states this plant is thought to attract this broad family/group of birds. Attributes are plant-level resources and are not assigned to individual bird groups.
Setaria macrostachya,Large Spike Bristlegrass,Grasses,National Audubon Society Native Plants,https://www.audubon.org/native-plants/species/large-spike-bristlegrass?zipcode=78666,Seeds,seeds,Woodpeckers,Woodpeckers,,audubon_broad_family_group,habitat/resource support,Audubon broad bird-family support,False,False,trusted broad profile support,D - trusted Audubon broad plant profile; not species-level direct interaction,Audubon states this plant is thought to attract this broad family/group of birds. Attributes are plant-level resources and are not assigned to individual bird groups.
Monarda citriodora,Lemon Beebalm,Annuals/Per.,National Audubon Society Native Plants,https://www.audubon.org/native-plants/species/lemon-beebalm?zipcode=78666,Butterflies; Caterpillars; Nectar,butterflies; caterpillars; nectar,"Cardinals, Grosbeaks and Buntings","Cardinals, Grosbeaks and Buntings",,audubon_broad_family_group,habitat/resource support,Audubon broad bird-family support,False,False,trusted broad profile support,D - trusted Audubon broad plant profile; not species-level direct interaction,Audubon states this plant is thought to attract this broad family/group of birds. Attributes are plant-level resources and are not assigned to individual bird groups.
Monarda citriodora,Lemon Beebalm,Annuals/Per.,National Audubon Society Native Plants,https://www.audubon.org/native-plants/species/lemon-beebalm?zipcode=78666,Butterflies; Caterpillars; Nectar,butterflies; caterpillars; nectar,Chickadees and Titmice,Chickadees and Titmice,,audubon_broad_family_group,habitat/resource support,Audubon broad bird-family support,False,False,trusted broad profile support,D - trusted Audubon broad plant profile; not species-level direct interaction,Audubon states this plant is thought to attract this broad family/group of birds. Attributes are plant-level resources and are not assigned to individual bird groups.
Monarda citriodora,Lemon Beebalm,Annuals/Per.,National Audubon Society Native Plants,https://www.audubon.org/native-plants/species/lemon-beebalm?zipcode=78666,Butterflies; Caterpillars; Nectar,butterflies; caterpillars; nectar,"Crows, Magpies, Jays","Crows, Magpies, Jays",,audubon_broad_family_group,habitat/resource support,Audubon broad bird-family support,False,False,trusted broad profile support,D - trusted Audubon broad plant profile; not species-level direct interaction,Audubon states this plant is thought to attract this broad family/group of birds. Attributes are plant-level resources and are not assigned to individual bird groups.
Monarda citriodora,Lemon Beebalm,Annuals/Per.,National Audubon Society Native Plants,https://www.audubon.org/native-plants/species/lemon-beebalm?zipcode=78666,Butterflies; Caterpillars; Nectar,butterflies; caterpillars; nectar,Hummingbirds,Hummingbirds,,audubon_broad_family_group,habitat/resource support,Audubon broad bird-family support,False,False,trusted broad profile support,D - trusted Audubon broad plant profile; not species-level direct interaction,Audubon states this plant is thought to attract this broad family/group of birds. Attributes are plant-level resources and are not assigned to individual bird groups.
Monarda citriodora,Lemon Beebalm,Annuals/Per.,National Audubon Society Native Plants,https://www.audubon.org/native-plants/species/lemon-beebalm?zipcode=78666,Butterflies; Caterpillars; Nectar,butterflies; caterpillars; nectar,Mockingbirds and Thrashers,Mockingbirds and Thrashers,,audubon_broad_family_group,habitat/resource support,Audubon broad bird-family support,False,False,trusted broad profile support,D - trusted Audubon broad plant profile; not species-level direct interaction,Audubon states this plant is thought to attract this broad family/group of birds. Attributes are plant-level resources and are not assigned to individual bird groups.
Monarda citriodora,Lemon Beebalm,Annuals/Per.,National Audubon Society Native Plants,https://www.audubon.org/native-plants/species/lemon-beebalm?zipcode=78666,Butterflies; Caterpillars; Nectar,butterflies; caterpillars; nectar,Nuthatches,Nuthatches,,audubon_broad_family_group,habitat/resource support,Audubon broad bird-family support,False,False,trusted broad profile support,D - trusted Audubon broad plant profile; not species-level direct interaction,Audubon states this plant is thought to attract this broad family/group of birds. Attributes are plant-level resources and are not assigned to individual bird groups.
Monarda citriodora,Lemon Beebalm,Annuals/Per.,National Audubon Society Native Plants,https://www.audubon.org/native-plants/species/lemon-beebalm?zipcode=78666,Butterflies; Caterpillars; Nectar,butterflies; caterpillars; nectar,Blackbirds and Orioles,Blackbirds and Orioles,,audubon_broad_family_group,habitat/resource support,Audubon broad bird-family support,False,False,trusted broad profile support,D - trusted Audubon broad plant profile; not species-level direct interaction,Audubon states this plant is thought to attract this broad family/group of birds. Attributes are plant-level resources and are not assigned to individual bird groups.
Monarda citriodora,Lemon Beebalm,Annuals/Per.,National Audubon Society Native Plants,https://www.audubon.org/native-plants/species/lemon-beebalm?zipcode=78666,Butterflies; Caterpillars; Nectar,butterflies; caterpillars; nectar,New World Sparrows,New World Sparrows,,audubon_broad_family_group,habitat/resource support,Audubon broad bird-family support,False,False,trusted broad profile support,D - trusted Audubon broad plant profile; not species-level direct interaction,Audubon states this plant is thought to attract this broad family/group of birds. Attributes are plant-level resources and are not assigned to individual bird groups.
Monarda citriodora,Lemon Beebalm,Annuals/Per.,National Audubon Society Native Plants,https://www.audubon.org/native-plants/species/lemon-beebalm?zipcode=78666,Butterflies; Caterpillars; Nectar,butterflies; caterpillars; nectar,Thrushes,Thrushes,,audubon_broad_family_group,habitat/resource support,Audubon broad bird-family support,False,False,trusted broad profile support,D - trusted Audubon broad plant profile; not species-level direct interaction,Audubon states this plant is thought to attract this broad family/group of birds. Attributes are plant-level resources and are not assigned to individual bird groups.
Monarda citriodora,Lemon Beebalm,Annuals/Per.,National Audubon Society Native Plants,https://www.audubon.org/native-plants/species/lemon-beebalm?zipcode=78666,Butterflies; Caterpillars; Nectar,butterflies; caterpillars; nectar,Vireos,Vireos,,audubon_broad_family_group,habitat/resource support,Audubon broad bird-family support,False,False,trusted broad profile support,D - trusted Audubon broad plant profile; not species-level direct interaction,Audubon states this plant is thought to attract this broad family/group of birds. Attributes are plant-level resources and are not assigned to individual bird groups.
Monarda citriodora,Lemon Beebalm,Annuals/Per.,National Audubon Society Native Plants,https://www.audubon.org/native-plants/species/lemon-beebalm?zipcode=78666,Butterflies; Caterpillars; Nectar,butterflies; caterpillars; nectar,Waxwings,Waxwings,,audubon_broad_family_group,habitat/resource support,Audubon broad bird-family support,False,False,trusted broad profile support,D - trusted Audubon broad plant profile; not species-level direct interaction,Audubon states this plant is thought to attract this broad family/group of birds. Attributes are plant-level resources and are not assigned to individual bird groups.
Monarda citriodora,Lemon Beebalm,Annuals/Per.,National Audubon Society Native Plants,https://www.audubon.org/native-plants/species/lemon-beebalm?zipcode=78666,Butterflies; Caterpillars; Nectar,butterflies; caterpillars; nectar,Wood Warblers,Wood Warblers,,audubon_broad_family_group,habitat/resource support,Audubon broad bird-family support,False,False,trusted broad profile support,D - trusted Audubon broad plant profile; not species-level direct interaction,Audubon states this plant is thought to attract this broad family/group of birds. Attributes are plant-level resources and are not assigned to individual bird groups.
Monarda citriodora,Lemon Beebalm,Annuals/Per.,National Audubon Society Native Plants,https://www.audubon.org/native-plants/species/lemon-beebalm?zipcode=78666,Butterflies; Caterpillars; Nectar,butterflies; caterpillars; nectar,Woodpeckers,Woodpeckers,,audubon_broad_family_group,habitat/resource support,Audubon broad bird-family support,False,False,trusted broad profile support,D - trusted Audubon broad plant profile; not species-level direct interaction,Audubon states this plant is thought to attract this broad family/group of birds. Attributes are plant-level resources and are not assigned to individual bird groups.
Monarda citriodora,Lemon Beebalm,Annuals/Per.,National Audubon Society Native Plants,https://www.audubon.org/native-plants/species/lemon-beebalm?zipcode=78666,Butterflies; Caterpillars; Nectar,butterflies; caterpillars; nectar,Wrens,Wrens,,audubon_broad_family_group,habitat/resource support,Audubon broad bird-family support,False,False,trusted broad profile support,D - trusted Audubon broad plant profile; not species-level direct interaction,Audubon states this plant is thought to attract this broad family/group of birds. Attributes are plant-level resources and are not assigned to individual bird groups.
Schizachyrium scoparium,Little False Bluestem,Grasses,National Audubon Society Native Plants,https://www.audubon.org/native-plants/species/little-false-bluestem?zipcode=78666,Butterflies; Caterpillars; Seeds,butterflies; caterpillars; seeds,"Cardinals, Grosbeaks and Buntings","Cardinals, Grosbeaks and Buntings",,audubon_broad_family_group,habitat/resource support,Audubon broad bird-family support,False,False,trusted broad profile support,D - trusted Audubon broad plant profile; not species-level direct interaction,Audubon states this plant is thought to attract this broad family/group of birds. Attributes are plant-level resources and are not assigned to individual bird groups.
Schizachyrium scoparium,Little False Bluestem,Grasses,National Audubon Society Native Plants,https://www.audubon.org/native-plants/species/little-false-bluestem?zipcode=78666,Butterflies; Caterpillars; Seeds,butterflies; caterpillars; seeds,Chickadees and Titmice,Chickadees and Titmice,,audubon_broad_family_group,habitat/resource support,Audubon broad bird-family support,False,False,trusted broad profile support,D - trusted Audubon broad plant profile; not species-level direct interaction,Audubon states this plant is thought to attract this broad family/group of birds. Attributes are plant-level resources and are not assigned to individual bird groups.
Schizachyrium scoparium,Little False Bluestem,Grasses,National Audubon Society Native Plants,https://www.audubon.org/native-plants/species/little-false-bluestem?zipcode=78666,Butterflies; Caterpillars; Seeds,butterflies; caterpillars; seeds,"Crows, Magpies, Jays","Crows, Magpies, Jays",,audubon_broad_family_group,habitat/resource support,Audubon broad bird-family support,False,False,trusted broad profile support,D - trusted Audubon broad plant profile; not species-level direct interaction,Audubon states this plant is thought to attract this broad family/group of birds. Attributes are plant-level resources and are not assigned to individual bird groups.
Schizachyrium scoparium,Little False Bluestem,Grasses,National Audubon Society Native Plants,https://www.audubon.org/native-plants/species/little-false-bluestem?zipcode=78666,Butterflies; Caterpillars; Seeds,butterflies; caterpillars; seeds,Finches,Finches,,audubon_broad_family_group,habitat/resource support,Audubon broad bird-family support,False,False,trusted broad profile support,D - trusted Audubon broad plant profile; not species-level direct interaction,Audubon states this plant is thought to attract this broad family/group of birds. Attributes are plant-level resources and are not assigned to individual bird groups.
Schizachyrium scoparium,Little False Bluestem,Grasses,National Audubon Society Native Plants,https://www.audubon.org/native-plants/species/little-false-bluestem?zipcode=78666,Butterflies; Caterpillars; Seeds,butterflies; caterpillars; seeds,Mockingbirds and Thrashers,Mockingbirds and Thrashers,,audubon_broad_family_group,habitat/resource support,Audubon broad bird-family support,False,False,trusted broad profile support,D - trusted Audubon broad plant profile; not species-level direct interaction,Audubon states this plant is thought to attract this broad family/group of birds. Attributes are plant-level resources and are not assigned to individual bird groups.
Schizachyrium scoparium,Little False Bluestem,Grasses,National Audubon Society Native Plants,https://www.audubon.org/native-plants/species/little-false-bluestem?zipcode=78666,Butterflies; Caterpillars; Seeds,butterflies; caterpillars; seeds,Nuthatches,Nuthatches,,audubon_broad_family_group,habitat/resource support,Audubon broad bird-family support,False,False,trusted broad profile support,D - trusted Audubon broad plant profile; not species-level direct interaction,Audubon states this plant is thought to attract this broad family/group of birds. Attributes are plant-level resources and are not assigned to individual bird groups.
Schizachyrium scoparium,Little False Bluestem,Grasses,National Audubon Society Native Plants,https://www.audubon.org/native-plants/species/little-false-bluestem?zipcode=78666,Butterflies; Caterpillars; Seeds,butterflies; caterpillars; seeds,Blackbirds and Orioles,Blackbirds and Orioles,,audubon_broad_family_group,habitat/resource support,Audubon broad bird-family support,False,False,trusted broad profile support,D - trusted Audubon broad plant profile; not species-level direct interaction,Audubon states this plant is thought to attract this broad family/group of birds. Attributes are plant-level resources and are not assigned to individual bird groups.
Schizachyrium scoparium,Little False Bluestem,Grasses,National Audubon Society Native Plants,https://www.audubon.org/native-plants/species/little-false-bluestem?zipcode=78666,Butterflies; Caterpillars; Seeds,butterflies; caterpillars; seeds,New World Sparrows,New World Sparrows,,audubon_broad_family_group,habitat/resource support,Audubon broad bird-family support,False,False,trusted broad profile support,D - trusted Audubon broad plant profile; not species-level direct interaction,Audubon states this plant is thought to attract this broad family/group of birds. Attributes are plant-level resources and are not assigned to individual bird groups.
Schizachyrium scoparium,Little False Bluestem,Grasses,National Audubon Society Native Plants,https://www.audubon.org/native-plants/species/little-false-bluestem?zipcode=78666,Butterflies; Caterpillars; Seeds,butterflies; caterpillars; seeds,Thrushes,Thrushes,,audubon_broad_family_group,habitat/resource support,Audubon broad bird-family support,False,False,trusted broad profile support,D - trusted Audubon broad plant profile; not species-level direct interaction,Audubon states this plant is thought to attract this broad family/group of birds. Attributes are plant-level resources and are not assigned to individual bird groups.
Schizachyrium scoparium,Little False Bluestem,Grasses,National Audubon Society Native Plants,https://www.audubon.org/native-plants/species/little-false-bluestem?zipcode=78666,Butterflies; Caterpillars; Seeds,butterflies; caterpillars; seeds,Vireos,Vireos,,audubon_broad_family_group,habitat/resource support,Audubon broad bird-family support,False,False,trusted broad profile support,D - trusted Audubon broad plant profile; not species-level direct interaction,Audubon states this plant is thought to attract this broad family/group of birds. Attributes are plant-level resources and are not assigned to individual bird groups.
Schizachyrium scoparium,Little False Bluestem,Grasses,National Audubon Society Native Plants,https://www.audubon.org/native-plants/species/little-false-bluestem?zipcode=78666,Butterflies; Caterpillars; Seeds,butterflies; caterpillars; seeds,Waxwings,Waxwings,,audubon_broad_family_group,habitat/resource support,Audubon broad bird-family support,False,False,trusted broad profile support,D - trusted Audubon broad plant profile; not species-level direct interaction,Audubon states this plant is thought to attract this broad family/group of birds. Attributes are plant-level resources and are not assigned to individual bird groups.
Schizachyrium scoparium,Little False Bluestem,Grasses,National Audubon Society Native Plants,https://www.audubon.org/native-plants/species/little-false-bluestem?zipcode=78666,Butterflies; Caterpillars; Seeds,butterflies; caterpillars; seeds,Wood Warblers,Wood Warblers,,audubon_broad_family_group,habitat/resource support,Audubon broad bird-family support,False,False,trusted broad profile support,D - trusted Audubon broad plant profile; not species-level direct interaction,Audubon states this plant is thought to attract this broad family/group of birds. Attributes are plant-level resources and are not assigned to individual bird groups.
Schizachyrium scoparium,Little False Bluestem,Grasses,National Audubon Society Native Plants,https://www.audubon.org/native-plants/species/little-false-bluestem?zipcode=78666,Butterflies; Caterpillars; Seeds,butterflies; caterpillars; seeds,Woodpeckers,Woodpeckers,,audubon_broad_family_group,habitat/resource support,Audubon broad bird-family support,False,False,trusted broad profile support,D - trusted Audubon broad plant profile; not species-level direct interaction,Audubon states this plant is thought to attract this broad family/group of birds. Attributes are plant-level resources and are not assigned to individual bird groups.
Schizachyrium scoparium,Little False Bluestem,Grasses,National Audubon Society Native Plants,https://www.audubon.org/native-plants/species/little-false-bluestem?zipcode=78666,Butterflies; Caterpillars; Seeds,butterflies; caterpillars; seeds,Wrens,Wrens,,audubon_broad_family_group,habitat/resource support,Audubon broad bird-family support,False,False,trusted broad profile support,D - trusted Audubon broad plant profile; not species-level direct interaction,Audubon states this plant is thought to attract this broad family/group of birds. Attributes are plant-level resources and are not assigned to individual bird groups.
Rhus microphylla,Little-Leaf Sumac,"Shrubs, Trees",National Audubon Society Native Plants,https://www.audubon.org/native-plants/species/little-leaf-sumac?zipcode=78666,Butterflies; Caterpillars; Fruit,butterflies; caterpillars; fruit,"Cardinals, Grosbeaks and Buntings","Cardinals, Grosbeaks and Buntings",,audubon_broad_family_group,habitat/resource support,Audubon broad bird-family support,False,False,trusted broad profile support,D - trusted Audubon broad plant profile; not species-level direct interaction,Audubon states this plant is thought to attract this broad family/group of birds. Attributes are plant-level resources and are not assigned to individual bird groups.
Rhus microphylla,Little-Leaf Sumac,"Shrubs, Trees",National Audubon Society Native Plants,https://www.audubon.org/native-plants/species/little-leaf-sumac?zipcode=78666,Butterflies; Caterpillars; Fruit,butterflies; caterpillars; fruit,Chickadees and Titmice,Chickadees and Titmice,,audubon_broad_family_group,habitat/resource support,Audubon broad bird-family support,False,False,trusted broad profile support,D - trusted Audubon broad plant profile; not species-level direct interaction,Audubon states this plant is thought to attract this broad family/group of birds. Attributes are plant-level resources and are not assigned to individual bird groups.
Rhus microphylla,Little-Leaf Sumac,"Shrubs, Trees",National Audubon Society Native Plants,https://www.audubon.org/native-plants/species/little-leaf-sumac?zipcode=78666,Butterflies; Caterpillars; Fruit,butterflies; caterpillars; fruit,"Crows, Magpies, Jays","Crows, Magpies, Jays",,audubon_broad_family_group,habitat/resource support,Audubon broad bird-family support,False,False,trusted broad profile support,D - trusted Audubon broad plant profile; not species-level direct interaction,Audubon states this plant is thought to attract this broad family/group of birds. Attributes are plant-level resources and are not assigned to individual bird groups.
Rhus microphylla,Little-Leaf Sumac,"Shrubs, Trees",National Audubon Society Native Plants,https://www.audubon.org/native-plants/species/little-leaf-sumac?zipcode=78666,Butterflies; Caterpillars; Fruit,butterflies; caterpillars; fruit,Mockingbirds and Thrashers,Mockingbirds and Thrashers,,audubon_broad_family_group,habitat/resource support,Audubon broad bird-family support,False,False,trusted broad profile support,D - trusted Audubon broad plant profile; not species-level direct interaction,Audubon states this plant is thought to attract this broad family/group of birds. Attributes are plant-level resources and are not assigned to individual bird groups.
Rhus microphylla,Little-Leaf Sumac,"Shrubs, Trees",National Audubon Society Native Plants,https://www.audubon.org/native-plants/species/little-leaf-sumac?zipcode=78666,Butterflies; Caterpillars; Fruit,butterflies; caterpillars; fruit,Nuthatches,Nuthatches,,audubon_broad_family_group,habitat/resource support,Audubon broad bird-family support,False,False,trusted broad profile support,D - trusted Audubon broad plant profile; not species-level direct interaction,Audubon states this plant is thought to attract this broad family/group of birds. Attributes are plant-level resources and are not assigned to individual bird groups.
Rhus microphylla,Little-Leaf Sumac,"Shrubs, Trees",National Audubon Society Native Plants,https://www.audubon.org/native-plants/species/little-leaf-sumac?zipcode=78666,Butterflies; Caterpillars; Fruit,butterflies; caterpillars; fruit,Blackbirds and Orioles,Blackbirds and Orioles,,audubon_broad_family_group,habitat/resource support,Audubon broad bird-family support,False,False,trusted broad profile support,D - trusted Audubon broad plant profile; not species-level direct interaction,Audubon states this plant is thought to attract this broad family/group of birds. Attributes are plant-level resources and are not assigned to individual bird groups.
Rhus microphylla,Little-Leaf Sumac,"Shrubs, Trees",National Audubon Society Native Plants,https://www.audubon.org/native-plants/species/little-leaf-sumac?zipcode=78666,Butterflies; Caterpillars; Fruit,butterflies; caterpillars; fruit,New World Sparrows,New World Sparrows,,audubon_broad_family_group,habitat/resource support,Audubon broad bird-family support,False,False,trusted broad profile support,D - trusted Audubon broad plant profile; not species-level direct interaction,Audubon states this plant is thought to attract this broad family/group of birds. Attributes are plant-level resources and are not assigned to individual bird groups.
Rhus microphylla,Little-Leaf Sumac,"Shrubs, Trees",National Audubon Society Native Plants,https://www.audubon.org/native-plants/species/little-leaf-sumac?zipcode=78666,Butterflies; Caterpillars; Fruit,butterflies; caterpillars; fruit,Thrushes,Thrushes,,audubon_broad_family_group,habitat/resource support,Audubon broad bird-family support,False,False,trusted broad profile support,D - trusted Audubon broad plant profile; not species-level direct interaction,Audubon states this plant is thought to attract this broad family/group of birds. Attributes are plant-level resources and are not assigned to individual bird groups.
Rhus microphylla,Little-Leaf Sumac,"Shrubs, Trees",National Audubon Society Native Plants,https://www.audubon.org/native-plants/species/little-leaf-sumac?zipcode=78666,Butterflies; Caterpillars; Fruit,butterflies; caterpillars; fruit,Vireos,Vireos,,audubon_broad_family_group,habitat/resource support,Audubon broad bird-family support,False,False,trusted broad profile support,D - trusted Audubon broad plant profile; not species-level direct interaction,Audubon states this plant is thought to attract this broad family/group of birds. Attributes are plant-level resources and are not assigned to individual bird groups.
Rhus microphylla,Little-Leaf Sumac,"Shrubs, Trees",National Audubon Society Native Plants,https://www.audubon.org/native-plants/species/little-leaf-sumac?zipcode=78666,Butterflies; Caterpillars; Fruit,butterflies; caterpillars; fruit,Waxwings,Waxwings,,audubon_broad_family_group,habitat/resource support,Audubon broad bird-family support,False,False,trusted broad profile support,D - trusted Audubon broad plant profile; not species-level direct interaction,Audubon states this plant is thought to attract this broad family/group of birds. Attributes are plant-level resources and are not assigned to individual bird groups.
Rhus microphylla,Little-Leaf Sumac,"Shrubs, Trees",National Audubon Society Native Plants,https://www.audubon.org/native-plants/species/little-leaf-sumac?zipcode=78666,Butterflies; Caterpillars; Fruit,butterflies; caterpillars; fruit,Wood Warblers,Wood Warblers,,audubon_broad_family_group,habitat/resource support,Audubon broad bird-family support,False,False,trusted broad profile support,D - trusted Audubon broad plant profile; not species-level direct interaction,Audubon states this plant is thought to attract this broad family/group of birds. Attributes are plant-level resources and are not assigned to individual bird groups.
Rhus microphylla,Little-Leaf Sumac,"Shrubs, Trees",National Audubon Society Native Plants,https://www.audubon.org/native-plants/species/little-leaf-sumac?zipcode=78666,Butterflies; Caterpillars; Fruit,butterflies; caterpillars; fruit,Woodpeckers,Woodpeckers,,audubon_broad_family_group,habitat/resource support,Audubon broad bird-family support,False,False,trusted broad profile support,D - trusted Audubon broad plant profile; not species-level direct interaction,Audubon states this plant is thought to attract this broad family/group of birds. Attributes are plant-level resources and are not assigned to individual bird groups.
Rhus microphylla,Little-Leaf Sumac,"Shrubs, Trees",National Audubon Society Native Plants,https://www.audubon.org/native-plants/species/little-leaf-sumac?zipcode=78666,Butterflies; Caterpillars; Fruit,butterflies; caterpillars; fruit,Wrens,Wrens,,audubon_broad_family_group,habitat/resource support,Audubon broad bird-family support,False,False,trusted broad profile support,D - trusted Audubon broad plant profile; not species-level direct interaction,Audubon states this plant is thought to attract this broad family/group of birds. Attributes are plant-level resources and are not assigned to individual bird groups.
Quercus virginiana,Live Oak,"Evergreen, Trees",National Audubon Society Native Plants,https://www.audubon.org/native-plants/species/live-oak?zipcode=78666,Butterflies; Caterpillars; Fruit; Nuts,butterflies; caterpillars; fruit; nuts,"Cardinals, Grosbeaks and Buntings","Cardinals, Grosbeaks and Buntings",,audubon_broad_family_group,habitat/resource support,Audubon broad bird-family support,False,False,trusted broad profile support,D - trusted Audubon broad plant profile; not species-level direct interaction,Audubon states this plant is thought to attract this broad family/group of birds. Attributes are plant-level resources and are not assigned to individual bird groups.
Quercus virginiana,Live Oak,"Evergreen, Trees",National Audubon Society Native Plants,https://www.audubon.org/native-plants/species/live-oak?zipcode=78666,Butterflies; Caterpillars; Fruit; Nuts,butterflies; caterpillars; fruit; nuts,Chickadees and Titmice,Chickadees and Titmice,,audubon_broad_family_group,habitat/resource support,Audubon broad bird-family support,False,False,trusted broad profile support,D - trusted Audubon broad plant profile; not species-level direct interaction,Audubon states this plant is thought to attract this broad family/group of birds. Attributes are plant-level resources and are not assigned to individual bird groups.
Quercus virginiana,Live Oak,"Evergreen, Trees",National Audubon Society Native Plants,https://www.audubon.org/native-plants/species/live-oak?zipcode=78666,Butterflies; Caterpillars; Fruit; Nuts,butterflies; caterpillars; fruit; nuts,"Crows, Magpies, Jays","Crows, Magpies, Jays",,audubon_broad_family_group,habitat/resource support,Audubon broad bird-family support,False,False,trusted broad profile support,D - trusted Audubon broad plant profile; not species-level direct interaction,Audubon states this plant is thought to attract this broad family/group of birds. Attributes are plant-level resources and are not assigned to individual bird groups.
Quercus virginiana,Live Oak,"Evergreen, Trees",National Audubon Society Native Plants,https://www.audubon.org/native-plants/species/live-oak?zipcode=78666,Butterflies; Caterpillars; Fruit; Nuts,butterflies; caterpillars; fruit; nuts,Finches,Finches,,audubon_broad_family_group,habitat/resource support,Audubon broad bird-family support,False,False,trusted broad profile support,D - trusted Audubon broad plant profile; not species-level direct interaction,Audubon states this plant is thought to attract this broad family/group of birds. Attributes are plant-level resources and are not assigned to individual bird groups.
Quercus virginiana,Live Oak,"Evergreen, Trees",National Audubon Society Native Plants,https://www.audubon.org/native-plants/species/live-oak?zipcode=78666,Butterflies; Caterpillars; Fruit; Nuts,butterflies; caterpillars; fruit; nuts,Mockingbirds and Thrashers,Mockingbirds and Thrashers,,audubon_broad_family_group,habitat/resource support,Audubon broad bird-family support,False,False,trusted broad profile support,D - trusted Audubon broad plant profile; not species-level direct interaction,Audubon states this plant is thought to attract this broad family/group of birds. Attributes are plant-level resources and are not assigned to individual bird groups.
Quercus virginiana,Live Oak,"Evergreen, Trees",National Audubon Society Native Plants,https://www.audubon.org/native-plants/species/live-oak?zipcode=78666,Butterflies; Caterpillars; Fruit; Nuts,butterflies; caterpillars; fruit; nuts,Nuthatches,Nuthatches,,audubon_broad_family_group,habitat/resource support,Audubon broad bird-family support,False,False,trusted broad profile support,D - trusted Audubon broad plant profile; not species-level direct interaction,Audubon states this plant is thought to attract this broad family/group of birds. Attributes are plant-level resources and are not assigned to individual bird groups.
Quercus virginiana,Live Oak,"Evergreen, Trees",National Audubon Society Native Plants,https://www.audubon.org/native-plants/species/live-oak?zipcode=78666,Butterflies; Caterpillars; Fruit; Nuts,butterflies; caterpillars; fruit; nuts,Blackbirds and Orioles,Blackbirds and Orioles,,audubon_broad_family_group,habitat/resource support,Audubon broad bird-family support,False,False,trusted broad profile support,D - trusted Audubon broad plant profile; not species-level direct interaction,Audubon states this plant is thought to attract this broad family/group of birds. Attributes are plant-level resources and are not assigned to individual bird groups.
Quercus virginiana,Live Oak,"Evergreen, Trees",National Audubon Society Native Plants,https://www.audubon.org/native-plants/species/live-oak?zipcode=78666,Butterflies; Caterpillars; Fruit; Nuts,butterflies; caterpillars; fruit; nuts,New World Sparrows,New World Sparrows,,audubon_broad_family_group,habitat/resource support,Audubon broad bird-family support,False,False,trusted broad profile support,D - trusted Audubon broad plant profile; not species-level direct interaction,Audubon states this plant is thought to attract this broad family/group of birds. Attributes are plant-level resources and are not assigned to individual bird groups.
Quercus virginiana,Live Oak,"Evergreen, Trees",National Audubon Society Native Plants,https://www.audubon.org/native-plants/species/live-oak?zipcode=78666,Butterflies; Caterpillars; Fruit; Nuts,butterflies; caterpillars; fruit; nuts,Thrushes,Thrushes,,audubon_broad_family_group,habitat/resource support,Audubon broad bird-family support,False,False,trusted broad profile support,D - trusted Audubon broad plant profile; not species-level direct interaction,Audubon states this plant is thought to attract this broad family/group of birds. Attributes are plant-level resources and are not assigned to individual bird groups.
Quercus virginiana,Live Oak,"Evergreen, Trees",National Audubon Society Native Plants,https://www.audubon.org/native-plants/species/live-oak?zipcode=78666,Butterflies; Caterpillars; Fruit; Nuts,butterflies; caterpillars; fruit; nuts,Vireos,Vireos,,audubon_broad_family_group,habitat/resource support,Audubon broad bird-family support,False,False,trusted broad profile support,D - trusted Audubon broad plant profile; not species-level direct interaction,Audubon states this plant is thought to attract this broad family/group of birds. Attributes are plant-level resources and are not assigned to individual bird groups.
Quercus virginiana,Live Oak,"Evergreen, Trees",National Audubon Society Native Plants,https://www.audubon.org/native-plants/species/live-oak?zipcode=78666,Butterflies; Caterpillars; Fruit; Nuts,butterflies; caterpillars; fruit; nuts,Waxwings,Waxwings,,audubon_broad_family_group,habitat/resource support,Audubon broad bird-family support,False,False,trusted broad profile support,D - trusted Audubon broad plant profile; not species-level direct interaction,Audubon states this plant is thought to attract this broad family/group of birds. Attributes are plant-level resources and are not assigned to individual bird groups.
Quercus virginiana,Live Oak,"Evergreen, Trees",National Audubon Society Native Plants,https://www.audubon.org/native-plants/species/live-oak?zipcode=78666,Butterflies; Caterpillars; Fruit; Nuts,butterflies; caterpillars; fruit; nuts,Wood Warblers,Wood Warblers,,audubon_broad_family_group,habitat/resource support,Audubon broad bird-family support,False,False,trusted broad profile support,D - trusted Audubon broad plant profile; not species-level direct interaction,Audubon states this plant is thought to attract this broad family/group of birds. Attributes are plant-level resources and are not assigned to individual bird groups.
Quercus virginiana,Live Oak,"Evergreen, Trees",National Audubon Society Native Plants,https://www.audubon.org/native-plants/species/live-oak?zipcode=78666,Butterflies; Caterpillars; Fruit; Nuts,butterflies; caterpillars; fruit; nuts,Woodpeckers,Woodpeckers,,audubon_broad_family_group,habitat/resource support,Audubon broad bird-family support,False,False,trusted broad profile support,D - trusted Audubon broad plant profile; not species-level direct interaction,Audubon states this plant is thought to attract this broad family/group of birds. Attributes are plant-level resources and are not assigned to individual bird groups.
Quercus virginiana,Live Oak,"Evergreen, Trees",National Audubon Society Native Plants,https://www.audubon.org/native-plants/species/live-oak?zipcode=78666,Butterflies; Caterpillars; Fruit; Nuts,butterflies; caterpillars; fruit; nuts,Wrens,Wrens,,audubon_broad_family_group,habitat/resource support,Audubon broad bird-family support,False,False,trusted broad profile support,D - trusted Audubon broad plant profile; not species-level direct interaction,Audubon states this plant is thought to attract this broad family/group of birds. Attributes are plant-level resources and are not assigned to individual bird groups.
Ziziphus obtusifolia,Lotebush,"Shrubs, Trees",National Audubon Society Native Plants,https://www.audubon.org/native-plants/species/lotebush?zipcode=78666,Fruit; Nuts,fruit; nuts,"Cardinals, Grosbeaks and Buntings","Cardinals, Grosbeaks and Buntings",,audubon_broad_family_group,habitat/resource support,Audubon broad bird-family support,False,False,trusted broad profile support,D - trusted Audubon broad plant profile; not species-level direct interaction,Audubon states this plant is thought to attract this broad family/group of birds. Attributes are plant-level resources and are not assigned to individual bird groups.
Ziziphus obtusifolia,Lotebush,"Shrubs, Trees",National Audubon Society Native Plants,https://www.audubon.org/native-plants/species/lotebush?zipcode=78666,Fruit; Nuts,fruit; nuts,Chickadees and Titmice,Chickadees and Titmice,,audubon_broad_family_group,habitat/resource support,Audubon broad bird-family support,False,False,trusted broad profile support,D - trusted Audubon broad plant profile; not species-level direct interaction,Audubon states this plant is thought to attract this broad family/group of birds. Attributes are plant-level resources and are not assigned to individual bird groups.
Ziziphus obtusifolia,Lotebush,"Shrubs, Trees",National Audubon Society Native Plants,https://www.audubon.org/native-plants/species/lotebush?zipcode=78666,Fruit; Nuts,fruit; nuts,"Crows, Magpies, Jays","Crows, Magpies, Jays",,audubon_broad_family_group,habitat/resource support,Audubon broad bird-family support,False,False,trusted broad profile support,D - trusted Audubon broad plant profile; not species-level direct interaction,Audubon states this plant is thought to attract this broad family/group of birds. Attributes are plant-level resources and are not assigned to individual bird groups.
Ziziphus obtusifolia,Lotebush,"Shrubs, Trees",National Audubon Society Native Plants,https://www.audubon.org/native-plants/species/lotebush?zipcode=78666,Fruit; Nuts,fruit; nuts,Finches,Finches,,audubon_broad_family_group,habitat/resource support,Audubon broad bird-family support,False,False,trusted broad profile support,D - trusted Audubon broad plant profile; not species-level direct interaction,Audubon states this plant is thought to attract this broad family/group of birds. Attributes are plant-level resources and are not assigned to individual bird groups.
Ziziphus obtusifolia,Lotebush,"Shrubs, Trees",National Audubon Society Native Plants,https://www.audubon.org/native-plants/species/lotebush?zipcode=78666,Fruit; Nuts,fruit; nuts,Nuthatches,Nuthatches,,audubon_broad_family_group,habitat/resource support,Audubon broad bird-family support,False,False,trusted broad profile support,D - trusted Audubon broad plant profile; not species-level direct interaction,Audubon states this plant is thought to attract this broad family/group of birds. Attributes are plant-level resources and are not assigned to individual bird groups.
Ziziphus obtusifolia,Lotebush,"Shrubs, Trees",National Audubon Society Native Plants,https://www.audubon.org/native-plants/species/lotebush?zipcode=78666,Fruit; Nuts,fruit; nuts,New World Sparrows,New World Sparrows,,audubon_broad_family_group,habitat/resource support,Audubon broad bird-family support,False,False,trusted broad profile support,D - trusted Audubon broad plant profile; not species-level direct interaction,Audubon states this plant is thought to attract this broad family/group of birds. Attributes are plant-level resources and are not assigned to individual bird groups.
Ziziphus obtusifolia,Lotebush,"Shrubs, Trees",National Audubon Society Native Plants,https://www.audubon.org/native-plants/species/lotebush?zipcode=78666,Fruit; Nuts,fruit; nuts,Woodpeckers,Woodpeckers,,audubon_broad_family_group,habitat/resource support,Audubon broad bird-family support,False,False,trusted broad profile support,D - trusted Audubon broad plant profile; not species-level direct interaction,Audubon states this plant is thought to attract this broad family/group of birds. Attributes are plant-level resources and are not assigned to individual bird groups.
Helianthus maximiliani,Maximilian Sunflower,Annuals/Per.,National Audubon Society Native Plants,https://www.audubon.org/native-plants/species/maximilian-sunflower?zipcode=78666,Butterflies; Caterpillars; Fruit; Nuts,butterflies; caterpillars; fruit; nuts,"Cardinals, Grosbeaks and Buntings","Cardinals, Grosbeaks and Buntings",,audubon_broad_family_group,habitat/resource support,Audubon broad bird-family support,False,False,trusted broad profile support,D - trusted Audubon broad plant profile; not species-level direct interaction,Audubon states this plant is thought to attract this broad family/group of birds. Attributes are plant-level resources and are not assigned to individual bird groups.
Helianthus maximiliani,Maximilian Sunflower,Annuals/Per.,National Audubon Society Native Plants,https://www.audubon.org/native-plants/species/maximilian-sunflower?zipcode=78666,Butterflies; Caterpillars; Fruit; Nuts,butterflies; caterpillars; fruit; nuts,Chickadees and Titmice,Chickadees and Titmice,,audubon_broad_family_group,habitat/resource support,Audubon broad bird-family support,False,False,trusted broad profile support,D - trusted Audubon broad plant profile; not species-level direct interaction,Audubon states this plant is thought to attract this broad family/group of birds. Attributes are plant-level resources and are not assigned to individual bird groups.
Helianthus maximiliani,Maximilian Sunflower,Annuals/Per.,National Audubon Society Native Plants,https://www.audubon.org/native-plants/species/maximilian-sunflower?zipcode=78666,Butterflies; Caterpillars; Fruit; Nuts,butterflies; caterpillars; fruit; nuts,"Crows, Magpies, Jays","Crows, Magpies, Jays",,audubon_broad_family_group,habitat/resource support,Audubon broad bird-family support,False,False,trusted broad profile support,D - trusted Audubon broad plant profile; not species-level direct interaction,Audubon states this plant is thought to attract this broad family/group of birds. Attributes are plant-level resources and are not assigned to individual bird groups.
Helianthus maximiliani,Maximilian Sunflower,Annuals/Per.,National Audubon Society Native Plants,https://www.audubon.org/native-plants/species/maximilian-sunflower?zipcode=78666,Butterflies; Caterpillars; Fruit; Nuts,butterflies; caterpillars; fruit; nuts,Finches,Finches,,audubon_broad_family_group,habitat/resource support,Audubon broad bird-family support,False,False,trusted broad profile support,D - trusted Audubon broad plant profile; not species-level direct interaction,Audubon states this plant is thought to attract this broad family/group of birds. Attributes are plant-level resources and are not assigned to individual bird groups.
Helianthus maximiliani,Maximilian Sunflower,Annuals/Per.,National Audubon Society Native Plants,https://www.audubon.org/native-plants/species/maximilian-sunflower?zipcode=78666,Butterflies; Caterpillars; Fruit; Nuts,butterflies; caterpillars; fruit; nuts,Mockingbirds and Thrashers,Mockingbirds and Thrashers,,audubon_broad_family_group,habitat/resource support,Audubon broad bird-family support,False,False,trusted broad profile support,D - trusted Audubon broad plant profile; not species-level direct interaction,Audubon states this plant is thought to attract this broad family/group of birds. Attributes are plant-level resources and are not assigned to individual bird groups.
Helianthus maximiliani,Maximilian Sunflower,Annuals/Per.,National Audubon Society Native Plants,https://www.audubon.org/native-plants/species/maximilian-sunflower?zipcode=78666,Butterflies; Caterpillars; Fruit; Nuts,butterflies; caterpillars; fruit; nuts,Nuthatches,Nuthatches,,audubon_broad_family_group,habitat/resource support,Audubon broad bird-family support,False,False,trusted broad profile support,D - trusted Audubon broad plant profile; not species-level direct interaction,Audubon states this plant is thought to attract this broad family/group of birds. Attributes are plant-level resources and are not assigned to individual bird groups.
Helianthus maximiliani,Maximilian Sunflower,Annuals/Per.,National Audubon Society Native Plants,https://www.audubon.org/native-plants/species/maximilian-sunflower?zipcode=78666,Butterflies; Caterpillars; Fruit; Nuts,butterflies; caterpillars; fruit; nuts,Blackbirds and Orioles,Blackbirds and Orioles,,audubon_broad_family_group,habitat/resource support,Audubon broad bird-family support,False,False,trusted broad profile support,D - trusted Audubon broad plant profile; not species-level direct interaction,Audubon states this plant is thought to attract this broad family/group of birds. Attributes are plant-level resources and are not assigned to individual bird groups.
Helianthus maximiliani,Maximilian Sunflower,Annuals/Per.,National Audubon Society Native Plants,https://www.audubon.org/native-plants/species/maximilian-sunflower?zipcode=78666,Butterflies; Caterpillars; Fruit; Nuts,butterflies; caterpillars; fruit; nuts,New World Sparrows,New World Sparrows,,audubon_broad_family_group,habitat/resource support,Audubon broad bird-family support,False,False,trusted broad profile support,D - trusted Audubon broad plant profile; not species-level direct interaction,Audubon states this plant is thought to attract this broad family/group of birds. Attributes are plant-level resources and are not assigned to individual bird groups.
Helianthus maximiliani,Maximilian Sunflower,Annuals/Per.,National Audubon Society Native Plants,https://www.audubon.org/native-plants/species/maximilian-sunflower?zipcode=78666,Butterflies; Caterpillars; Fruit; Nuts,butterflies; caterpillars; fruit; nuts,Thrushes,Thrushes,,audubon_broad_family_group,habitat/resource support,Audubon broad bird-family support,False,False,trusted broad profile support,D - trusted Audubon broad plant profile; not species-level direct interaction,Audubon states this plant is thought to attract this broad family/group of birds. Attributes are plant-level resources and are not assigned to individual bird groups.
Helianthus maximiliani,Maximilian Sunflower,Annuals/Per.,National Audubon Society Native Plants,https://www.audubon.org/native-plants/species/maximilian-sunflower?zipcode=78666,Butterflies; Caterpillars; Fruit; Nuts,butterflies; caterpillars; fruit; nuts,Vireos,Vireos,,audubon_broad_family_group,habitat/resource support,Audubon broad bird-family support,False,False,trusted broad profile support,D - trusted Audubon broad plant profile; not species-level direct interaction,Audubon states this plant is thought to attract this broad family/group of birds. Attributes are plant-level resources and are not assigned to individual bird groups.
Helianthus maximiliani,Maximilian Sunflower,Annuals/Per.,National Audubon Society Native Plants,https://www.audubon.org/native-plants/species/maximilian-sunflower?zipcode=78666,Butterflies; Caterpillars; Fruit; Nuts,butterflies; caterpillars; fruit; nuts,Waxwings,Waxwings,,audubon_broad_family_group,habitat/resource support,Audubon broad bird-family support,False,False,trusted broad profile support,D - trusted Audubon broad plant profile; not species-level direct interaction,Audubon states this plant is thought to attract this broad family/group of birds. Attributes are plant-level resources and are not assigned to individual bird groups.
Helianthus maximiliani,Maximilian Sunflower,Annuals/Per.,National Audubon Society Native Plants,https://www.audubon.org/native-plants/species/maximilian-sunflower?zipcode=78666,Butterflies; Caterpillars; Fruit; Nuts,butterflies; caterpillars; fruit; nuts,Wood Warblers,Wood Warblers,,audubon_broad_family_group,habitat/resource support,Audubon broad bird-family support,False,False,trusted broad profile support,D - trusted Audubon broad plant profile; not species-level direct interaction,Audubon states this plant is thought to attract this broad family/group of birds. Attributes are plant-level resources and are not assigned to individual bird groups.
Helianthus maximiliani,Maximilian Sunflower,Annuals/Per.,National Audubon Society Native Plants,https://www.audubon.org/native-plants/species/maximilian-sunflower?zipcode=78666,Butterflies; Caterpillars; Fruit; Nuts,butterflies; caterpillars; fruit; nuts,Woodpeckers,Woodpeckers,,audubon_broad_family_group,habitat/resource support,Audubon broad bird-family support,False,False,trusted broad profile support,D - trusted Audubon broad plant profile; not species-level direct interaction,Audubon states this plant is thought to attract this broad family/group of birds. Attributes are plant-level resources and are not assigned to individual bird groups.
Helianthus maximiliani,Maximilian Sunflower,Annuals/Per.,National Audubon Society Native Plants,https://www.audubon.org/native-plants/species/maximilian-sunflower?zipcode=78666,Butterflies; Caterpillars; Fruit; Nuts,butterflies; caterpillars; fruit; nuts,Wrens,Wrens,,audubon_broad_family_group,habitat/resource support,Audubon broad bird-family support,False,False,trusted broad profile support,D - trusted Audubon broad plant profile; not species-level direct interaction,Audubon states this plant is thought to attract this broad family/group of birds. Attributes are plant-level resources and are not assigned to individual bird groups.
Celtis reticulata,Net-Leaf Hackberry,Trees,National Audubon Society Native Plants,https://www.audubon.org/native-plants/species/net-leaf-hackberry?zipcode=78666,Butterflies; Caterpillars; Fruit,butterflies; caterpillars; fruit,"Cardinals, Grosbeaks and Buntings","Cardinals, Grosbeaks and Buntings",,audubon_broad_family_group,habitat/resource support,Audubon broad bird-family support,False,False,trusted broad profile support,D - trusted Audubon broad plant profile; not species-level direct interaction,Audubon states this plant is thought to attract this broad family/group of birds. Attributes are plant-level resources and are not assigned to individual bird groups.
Celtis reticulata,Net-Leaf Hackberry,Trees,National Audubon Society Native Plants,https://www.audubon.org/native-plants/species/net-leaf-hackberry?zipcode=78666,Butterflies; Caterpillars; Fruit,butterflies; caterpillars; fruit,Chickadees and Titmice,Chickadees and Titmice,,audubon_broad_family_group,habitat/resource support,Audubon broad bird-family support,False,False,trusted broad profile support,D - trusted Audubon broad plant profile; not species-level direct interaction,Audubon states this plant is thought to attract this broad family/group of birds. Attributes are plant-level resources and are not assigned to individual bird groups.
Celtis reticulata,Net-Leaf Hackberry,Trees,National Audubon Society Native Plants,https://www.audubon.org/native-plants/species/net-leaf-hackberry?zipcode=78666,Butterflies; Caterpillars; Fruit,butterflies; caterpillars; fruit,"Crows, Magpies, Jays","Crows, Magpies, Jays",,audubon_broad_family_group,habitat/resource support,Audubon broad bird-family support,False,False,trusted broad profile support,D - trusted Audubon broad plant profile; not species-level direct interaction,Audubon states this plant is thought to attract this broad family/group of birds. Attributes are plant-level resources and are not assigned to individual bird groups.
Celtis reticulata,Net-Leaf Hackberry,Trees,National Audubon Society Native Plants,https://www.audubon.org/native-plants/species/net-leaf-hackberry?zipcode=78666,Butterflies; Caterpillars; Fruit,butterflies; caterpillars; fruit,Mockingbirds and Thrashers,Mockingbirds and Thrashers,,audubon_broad_family_group,habitat/resource support,Audubon broad bird-family support,False,False,trusted broad profile support,D - trusted Audubon broad plant profile; not species-level direct interaction,Audubon states this plant is thought to attract this broad family/group of birds. Attributes are plant-level resources and are not assigned to individual bird groups.
Celtis reticulata,Net-Leaf Hackberry,Trees,National Audubon Society Native Plants,https://www.audubon.org/native-plants/species/net-leaf-hackberry?zipcode=78666,Butterflies; Caterpillars; Fruit,butterflies; caterpillars; fruit,Nuthatches,Nuthatches,,audubon_broad_family_group,habitat/resource support,Audubon broad bird-family support,False,False,trusted broad profile support,D - trusted Audubon broad plant profile; not species-level direct interaction,Audubon states this plant is thought to attract this broad family/group of birds. Attributes are plant-level resources and are not assigned to individual bird groups.
Celtis reticulata,Net-Leaf Hackberry,Trees,National Audubon Society Native Plants,https://www.audubon.org/native-plants/species/net-leaf-hackberry?zipcode=78666,Butterflies; Caterpillars; Fruit,butterflies; caterpillars; fruit,Blackbirds and Orioles,Blackbirds and Orioles,,audubon_broad_family_group,habitat/resource support,Audubon broad bird-family support,False,False,trusted broad profile support,D - trusted Audubon broad plant profile; not species-level direct interaction,Audubon states this plant is thought to attract this broad family/group of birds. Attributes are plant-level resources and are not assigned to individual bird groups.
Celtis reticulata,Net-Leaf Hackberry,Trees,National Audubon Society Native Plants,https://www.audubon.org/native-plants/species/net-leaf-hackberry?zipcode=78666,Butterflies; Caterpillars; Fruit,butterflies; caterpillars; fruit,New World Sparrows,New World Sparrows,,audubon_broad_family_group,habitat/resource support,Audubon broad bird-family support,False,False,trusted broad profile support,D - trusted Audubon broad plant profile; not species-level direct interaction,Audubon states this plant is thought to attract this broad family/group of birds. Attributes are plant-level resources and are not assigned to individual bird groups.
Celtis reticulata,Net-Leaf Hackberry,Trees,National Audubon Society Native Plants,https://www.audubon.org/native-plants/species/net-leaf-hackberry?zipcode=78666,Butterflies; Caterpillars; Fruit,butterflies; caterpillars; fruit,Thrushes,Thrushes,,audubon_broad_family_group,habitat/resource support,Audubon broad bird-family support,False,False,trusted broad profile support,D - trusted Audubon broad plant profile; not species-level direct interaction,Audubon states this plant is thought to attract this broad family/group of birds. Attributes are plant-level resources and are not assigned to individual bird groups.
Celtis reticulata,Net-Leaf Hackberry,Trees,National Audubon Society Native Plants,https://www.audubon.org/native-plants/species/net-leaf-hackberry?zipcode=78666,Butterflies; Caterpillars; Fruit,butterflies; caterpillars; fruit,Vireos,Vireos,,audubon_broad_family_group,habitat/resource support,Audubon broad bird-family support,False,False,trusted broad profile support,D - trusted Audubon broad plant profile; not species-level direct interaction,Audubon states this plant is thought to attract this broad family/group of birds. Attributes are plant-level resources and are not assigned to individual bird groups.
Celtis reticulata,Net-Leaf Hackberry,Trees,National Audubon Society Native Plants,https://www.audubon.org/native-plants/species/net-leaf-hackberry?zipcode=78666,Butterflies; Caterpillars; Fruit,butterflies; caterpillars; fruit,Waxwings,Waxwings,,audubon_broad_family_group,habitat/resource support,Audubon broad bird-family support,False,False,trusted broad profile support,D - trusted Audubon broad plant profile; not species-level direct interaction,Audubon states this plant is thought to attract this broad family/group of birds. Attributes are plant-level resources and are not assigned to individual bird groups.
Celtis reticulata,Net-Leaf Hackberry,Trees,National Audubon Society Native Plants,https://www.audubon.org/native-plants/species/net-leaf-hackberry?zipcode=78666,Butterflies; Caterpillars; Fruit,butterflies; caterpillars; fruit,Wood Warblers,Wood Warblers,,audubon_broad_family_group,habitat/resource support,Audubon broad bird-family support,False,False,trusted broad profile support,D - trusted Audubon broad plant profile; not species-level direct interaction,Audubon states this plant is thought to attract this broad family/group of birds. Attributes are plant-level resources and are not assigned to individual bird groups.
Celtis reticulata,Net-Leaf Hackberry,Trees,National Audubon Society Native Plants,https://www.audubon.org/native-plants/species/net-leaf-hackberry?zipcode=78666,Butterflies; Caterpillars; Fruit,butterflies; caterpillars; fruit,Woodpeckers,Woodpeckers,,audubon_broad_family_group,habitat/resource support,Audubon broad bird-family support,False,False,trusted broad profile support,D - trusted Audubon broad plant profile; not species-level direct interaction,Audubon states this plant is thought to attract this broad family/group of birds. Attributes are plant-level resources and are not assigned to individual bird groups.
Celtis reticulata,Net-Leaf Hackberry,Trees,National Audubon Society Native Plants,https://www.audubon.org/native-plants/species/net-leaf-hackberry?zipcode=78666,Butterflies; Caterpillars; Fruit,butterflies; caterpillars; fruit,Wrens,Wrens,,audubon_broad_family_group,habitat/resource support,Audubon broad bird-family support,False,False,trusted broad profile support,D - trusted Audubon broad plant profile; not species-level direct interaction,Audubon states this plant is thought to attract this broad family/group of birds. Attributes are plant-level resources and are not assigned to individual bird groups.
Lindera benzoin,Northern Spicebush,Shrubs,National Audubon Society Native Plants,https://www.audubon.org/native-plants/species/northern-spicebush?zipcode=78666,Butterflies; Caterpillars; Fruit,butterflies; caterpillars; fruit,"Cardinals, Grosbeaks and Buntings","Cardinals, Grosbeaks and Buntings",,audubon_broad_family_group,habitat/resource support,Audubon broad bird-family support,False,False,trusted broad profile support,D - trusted Audubon broad plant profile; not species-level direct interaction,Audubon states this plant is thought to attract this broad family/group of birds. Attributes are plant-level resources and are not assigned to individual bird groups.
Lindera benzoin,Northern Spicebush,Shrubs,National Audubon Society Native Plants,https://www.audubon.org/native-plants/species/northern-spicebush?zipcode=78666,Butterflies; Caterpillars; Fruit,butterflies; caterpillars; fruit,Chickadees and Titmice,Chickadees and Titmice,,audubon_broad_family_group,habitat/resource support,Audubon broad bird-family support,False,False,trusted broad profile support,D - trusted Audubon broad plant profile; not species-level direct interaction,Audubon states this plant is thought to attract this broad family/group of birds. Attributes are plant-level resources and are not assigned to individual bird groups.
Lindera benzoin,Northern Spicebush,Shrubs,National Audubon Society Native Plants,https://www.audubon.org/native-plants/species/northern-spicebush?zipcode=78666,Butterflies; Caterpillars; Fruit,butterflies; caterpillars; fruit,"Crows, Magpies, Jays","Crows, Magpies, Jays",,audubon_broad_family_group,habitat/resource support,Audubon broad bird-family support,False,False,trusted broad profile support,D - trusted Audubon broad plant profile; not species-level direct interaction,Audubon states this plant is thought to attract this broad family/group of birds. Attributes are plant-level resources and are not assigned to individual bird groups.
Lindera benzoin,Northern Spicebush,Shrubs,National Audubon Society Native Plants,https://www.audubon.org/native-plants/species/northern-spicebush?zipcode=78666,Butterflies; Caterpillars; Fruit,butterflies; caterpillars; fruit,Mockingbirds and Thrashers,Mockingbirds and Thrashers,,audubon_broad_family_group,habitat/resource support,Audubon broad bird-family support,False,False,trusted broad profile support,D - trusted Audubon broad plant profile; not species-level direct interaction,Audubon states this plant is thought to attract this broad family/group of birds. Attributes are plant-level resources and are not assigned to individual bird groups.
Lindera benzoin,Northern Spicebush,Shrubs,National Audubon Society Native Plants,https://www.audubon.org/native-plants/species/northern-spicebush?zipcode=78666,Butterflies; Caterpillars; Fruit,butterflies; caterpillars; fruit,Nuthatches,Nuthatches,,audubon_broad_family_group,habitat/resource support,Audubon broad bird-family support,False,False,trusted broad profile support,D - trusted Audubon broad plant profile; not species-level direct interaction,Audubon states this plant is thought to attract this broad family/group of birds. Attributes are plant-level resources and are not assigned to individual bird groups.
Lindera benzoin,Northern Spicebush,Shrubs,National Audubon Society Native Plants,https://www.audubon.org/native-plants/species/northern-spicebush?zipcode=78666,Butterflies; Caterpillars; Fruit,butterflies; caterpillars; fruit,Blackbirds and Orioles,Blackbirds and Orioles,,audubon_broad_family_group,habitat/resource support,Audubon broad bird-family support,False,False,trusted broad profile support,D - trusted Audubon broad plant profile; not species-level direct interaction,Audubon states this plant is thought to attract this broad family/group of birds. Attributes are plant-level resources and are not assigned to individual bird groups.
Lindera benzoin,Northern Spicebush,Shrubs,National Audubon Society Native Plants,https://www.audubon.org/native-plants/species/northern-spicebush?zipcode=78666,Butterflies; Caterpillars; Fruit,butterflies; caterpillars; fruit,New World Sparrows,New World Sparrows,,audubon_broad_family_group,habitat/resource support,Audubon broad bird-family support,False,False,trusted broad profile support,D - trusted Audubon broad plant profile; not species-level direct interaction,Audubon states this plant is thought to attract this broad family/group of birds. Attributes are plant-level resources and are not assigned to individual bird groups.
Lindera benzoin,Northern Spicebush,Shrubs,National Audubon Society Native Plants,https://www.audubon.org/native-plants/species/northern-spicebush?zipcode=78666,Butterflies; Caterpillars; Fruit,butterflies; caterpillars; fruit,Thrushes,Thrushes,,audubon_broad_family_group,habitat/resource support,Audubon broad bird-family support,False,False,trusted broad profile support,D - trusted Audubon broad plant profile; not species-level direct interaction,Audubon states this plant is thought to attract this broad family/group of birds. Attributes are plant-level resources and are not assigned to individual bird groups.
Lindera benzoin,Northern Spicebush,Shrubs,National Audubon Society Native Plants,https://www.audubon.org/native-plants/species/northern-spicebush?zipcode=78666,Butterflies; Caterpillars; Fruit,butterflies; caterpillars; fruit,Vireos,Vireos,,audubon_broad_family_group,habitat/resource support,Audubon broad bird-family support,False,False,trusted broad profile support,D - trusted Audubon broad plant profile; not species-level direct interaction,Audubon states this plant is thought to attract this broad family/group of birds. Attributes are plant-level resources and are not assigned to individual bird groups.
Lindera benzoin,Northern Spicebush,Shrubs,National Audubon Society Native Plants,https://www.audubon.org/native-plants/species/northern-spicebush?zipcode=78666,Butterflies; Caterpillars; Fruit,butterflies; caterpillars; fruit,Waxwings,Waxwings,,audubon_broad_family_group,habitat/resource support,Audubon broad bird-family support,False,False,trusted broad profile support,D - trusted Audubon broad plant profile; not species-level direct interaction,Audubon states this plant is thought to attract this broad family/group of birds. Attributes are plant-level resources and are not assigned to individual bird groups.
Lindera benzoin,Northern Spicebush,Shrubs,National Audubon Society Native Plants,https://www.audubon.org/native-plants/species/northern-spicebush?zipcode=78666,Butterflies; Caterpillars; Fruit,butterflies; caterpillars; fruit,Wood Warblers,Wood Warblers,,audubon_broad_family_group,habitat/resource support,Audubon broad bird-family support,False,False,trusted broad profile support,D - trusted Audubon broad plant profile; not species-level direct interaction,Audubon states this plant is thought to attract this broad family/group of birds. Attributes are plant-level resources and are not assigned to individual bird groups.
Lindera benzoin,Northern Spicebush,Shrubs,National Audubon Society Native Plants,https://www.audubon.org/native-plants/species/northern-spicebush?zipcode=78666,Butterflies; Caterpillars; Fruit,butterflies; caterpillars; fruit,Woodpeckers,Woodpeckers,,audubon_broad_family_group,habitat/resource support,Audubon broad bird-family support,False,False,trusted broad profile support,D - trusted Audubon broad plant profile; not species-level direct interaction,Audubon states this plant is thought to attract this broad family/group of birds. Attributes are plant-level resources and are not assigned to individual bird groups.
Lindera benzoin,Northern Spicebush,Shrubs,National Audubon Society Native Plants,https://www.audubon.org/native-plants/species/northern-spicebush?zipcode=78666,Butterflies; Caterpillars; Fruit,butterflies; caterpillars; fruit,Wrens,Wrens,,audubon_broad_family_group,habitat/resource support,Audubon broad bird-family support,False,False,trusted broad profile support,D - trusted Audubon broad plant profile; not species-level direct interaction,Audubon states this plant is thought to attract this broad family/group of birds. Attributes are plant-level resources and are not assigned to individual bird groups.
Clematis drummondii,Old Man's Beard,Annuals/Per.,National Audubon Society Native Plants,https://www.audubon.org/native-plants/species/old-mans-beard?zipcode=78666,,,Mockingbirds and Thrashers,Mockingbirds and Thrashers,,audubon_broad_family_group,habitat/resource support,Audubon broad bird-family support,False,False,trusted broad profile support,D - trusted Audubon broad plant profile; not species-level direct interaction,Audubon states this plant is thought to attract this broad family/group of birds. Attributes are plant-level resources and are not assigned to individual bird groups.
Clematis drummondii,Old Man's Beard,Annuals/Per.,National Audubon Society Native Plants,https://www.audubon.org/native-plants/species/old-mans-beard?zipcode=78666,,,Blackbirds and Orioles,Blackbirds and Orioles,,audubon_broad_family_group,habitat/resource support,Audubon broad bird-family support,False,False,trusted broad profile support,D - trusted Audubon broad plant profile; not species-level direct interaction,Audubon states this plant is thought to attract this broad family/group of birds. Attributes are plant-level resources and are not assigned to individual bird groups.
Clematis drummondii,Old Man's Beard,Annuals/Per.,National Audubon Society Native Plants,https://www.audubon.org/native-plants/species/old-mans-beard?zipcode=78666,,,New World Sparrows,New World Sparrows,,audubon_broad_family_group,habitat/resource support,Audubon broad bird-family support,False,False,trusted broad profile support,D - trusted Audubon broad plant profile; not species-level direct interaction,Audubon states this plant is thought to attract this broad family/group of birds. Attributes are plant-level resources and are not assigned to individual bird groups.
Clematis drummondii,Old Man's Beard,Annuals/Per.,National Audubon Society Native Plants,https://www.audubon.org/native-plants/species/old-mans-beard?zipcode=78666,,,Vireos,Vireos,,audubon_broad_family_group,habitat/resource support,Audubon broad bird-family support,False,False,trusted broad profile support,D - trusted Audubon broad plant profile; not species-level direct interaction,Audubon states this plant is thought to attract this broad family/group of birds. Attributes are plant-level resources and are not assigned to individual bird groups.
Clematis drummondii,Old Man's Beard,Annuals/Per.,National Audubon Society Native Plants,https://www.audubon.org/native-plants/species/old-mans-beard?zipcode=78666,,,Waxwings,Waxwings,,audubon_broad_family_group,habitat/resource support,Audubon broad bird-family support,False,False,trusted broad profile support,D - trusted Audubon broad plant profile; not species-level direct interaction,Audubon states this plant is thought to attract this broad family/group of birds. Attributes are plant-level resources and are not assigned to individual bird groups.
Clematis drummondii,Old Man's Beard,Annuals/Per.,National Audubon Society Native Plants,https://www.audubon.org/native-plants/species/old-mans-beard?zipcode=78666,,,Wood Warblers,Wood Warblers,,audubon_broad_family_group,habitat/resource support,Audubon broad bird-family support,False,False,trusted broad profile support,D - trusted Audubon broad plant profile; not species-level direct interaction,Audubon states this plant is thought to attract this broad family/group of birds. Attributes are plant-level resources and are not assigned to individual bird groups.
Monarda fistulosa,Oswego-Tea,Annuals/Per.,National Audubon Society Native Plants,https://www.audubon.org/native-plants/species/oswego-tea?zipcode=78666,Butterflies; Caterpillars; Nectar,butterflies; caterpillars; nectar,"Cardinals, Grosbeaks and Buntings","Cardinals, Grosbeaks and Buntings",,audubon_broad_family_group,habitat/resource support,Audubon broad bird-family support,False,False,trusted broad profile support,D - trusted Audubon broad plant profile; not species-level direct interaction,Audubon states this plant is thought to attract this broad family/group of birds. Attributes are plant-level resources and are not assigned to individual bird groups.
Monarda fistulosa,Oswego-Tea,Annuals/Per.,National Audubon Society Native Plants,https://www.audubon.org/native-plants/species/oswego-tea?zipcode=78666,Butterflies; Caterpillars; Nectar,butterflies; caterpillars; nectar,Chickadees and Titmice,Chickadees and Titmice,,audubon_broad_family_group,habitat/resource support,Audubon broad bird-family support,False,False,trusted broad profile support,D - trusted Audubon broad plant profile; not species-level direct interaction,Audubon states this plant is thought to attract this broad family/group of birds. Attributes are plant-level resources and are not assigned to individual bird groups.
Monarda fistulosa,Oswego-Tea,Annuals/Per.,National Audubon Society Native Plants,https://www.audubon.org/native-plants/species/oswego-tea?zipcode=78666,Butterflies; Caterpillars; Nectar,butterflies; caterpillars; nectar,"Crows, Magpies, Jays","Crows, Magpies, Jays",,audubon_broad_family_group,habitat/resource support,Audubon broad bird-family support,False,False,trusted broad profile support,D - trusted Audubon broad plant profile; not species-level direct interaction,Audubon states this plant is thought to attract this broad family/group of birds. Attributes are plant-level resources and are not assigned to individual bird groups.
Monarda fistulosa,Oswego-Tea,Annuals/Per.,National Audubon Society Native Plants,https://www.audubon.org/native-plants/species/oswego-tea?zipcode=78666,Butterflies; Caterpillars; Nectar,butterflies; caterpillars; nectar,Hummingbirds,Hummingbirds,,audubon_broad_family_group,habitat/resource support,Audubon broad bird-family support,False,False,trusted broad profile support,D - trusted Audubon broad plant profile; not species-level direct interaction,Audubon states this plant is thought to attract this broad family/group of birds. Attributes are plant-level resources and are not assigned to individual bird groups.
Monarda fistulosa,Oswego-Tea,Annuals/Per.,National Audubon Society Native Plants,https://www.audubon.org/native-plants/species/oswego-tea?zipcode=78666,Butterflies; Caterpillars; Nectar,butterflies; caterpillars; nectar,Mockingbirds and Thrashers,Mockingbirds and Thrashers,,audubon_broad_family_group,habitat/resource support,Audubon broad bird-family support,False,False,trusted broad profile support,D - trusted Audubon broad plant profile; not species-level direct interaction,Audubon states this plant is thought to attract this broad family/group of birds. Attributes are plant-level resources and are not assigned to individual bird groups.
Monarda fistulosa,Oswego-Tea,Annuals/Per.,National Audubon Society Native Plants,https://www.audubon.org/native-plants/species/oswego-tea?zipcode=78666,Butterflies; Caterpillars; Nectar,butterflies; caterpillars; nectar,Nuthatches,Nuthatches,,audubon_broad_family_group,habitat/resource support,Audubon broad bird-family support,False,False,trusted broad profile support,D - trusted Audubon broad plant profile; not species-level direct interaction,Audubon states this plant is thought to attract this broad family/group of birds. Attributes are plant-level resources and are not assigned to individual bird groups.
Monarda fistulosa,Oswego-Tea,Annuals/Per.,National Audubon Society Native Plants,https://www.audubon.org/native-plants/species/oswego-tea?zipcode=78666,Butterflies; Caterpillars; Nectar,butterflies; caterpillars; nectar,Blackbirds and Orioles,Blackbirds and Orioles,,audubon_broad_family_group,habitat/resource support,Audubon broad bird-family support,False,False,trusted broad profile support,D - trusted Audubon broad plant profile; not species-level direct interaction,Audubon states this plant is thought to attract this broad family/group of birds. Attributes are plant-level resources and are not assigned to individual bird groups.
Monarda fistulosa,Oswego-Tea,Annuals/Per.,National Audubon Society Native Plants,https://www.audubon.org/native-plants/species/oswego-tea?zipcode=78666,Butterflies; Caterpillars; Nectar,butterflies; caterpillars; nectar,New World Sparrows,New World Sparrows,,audubon_broad_family_group,habitat/resource support,Audubon broad bird-family support,False,False,trusted broad profile support,D - trusted Audubon broad plant profile; not species-level direct interaction,Audubon states this plant is thought to attract this broad family/group of birds. Attributes are plant-level resources and are not assigned to individual bird groups.
Monarda fistulosa,Oswego-Tea,Annuals/Per.,National Audubon Society Native Plants,https://www.audubon.org/native-plants/species/oswego-tea?zipcode=78666,Butterflies; Caterpillars; Nectar,butterflies; caterpillars; nectar,Thrushes,Thrushes,,audubon_broad_family_group,habitat/resource support,Audubon broad bird-family support,False,False,trusted broad profile support,D - trusted Audubon broad plant profile; not species-level direct interaction,Audubon states this plant is thought to attract this broad family/group of birds. Attributes are plant-level resources and are not assigned to individual bird groups.
Monarda fistulosa,Oswego-Tea,Annuals/Per.,National Audubon Society Native Plants,https://www.audubon.org/native-plants/species/oswego-tea?zipcode=78666,Butterflies; Caterpillars; Nectar,butterflies; caterpillars; nectar,Vireos,Vireos,,audubon_broad_family_group,habitat/resource support,Audubon broad bird-family support,False,False,trusted broad profile support,D - trusted Audubon broad plant profile; not species-level direct interaction,Audubon states this plant is thought to attract this broad family/group of birds. Attributes are plant-level resources and are not assigned to individual bird groups.
Monarda fistulosa,Oswego-Tea,Annuals/Per.,National Audubon Society Native Plants,https://www.audubon.org/native-plants/species/oswego-tea?zipcode=78666,Butterflies; Caterpillars; Nectar,butterflies; caterpillars; nectar,Waxwings,Waxwings,,audubon_broad_family_group,habitat/resource support,Audubon broad bird-family support,False,False,trusted broad profile support,D - trusted Audubon broad plant profile; not species-level direct interaction,Audubon states this plant is thought to attract this broad family/group of birds. Attributes are plant-level resources and are not assigned to individual bird groups.
Monarda fistulosa,Oswego-Tea,Annuals/Per.,National Audubon Society Native Plants,https://www.audubon.org/native-plants/species/oswego-tea?zipcode=78666,Butterflies; Caterpillars; Nectar,butterflies; caterpillars; nectar,Wood Warblers,Wood Warblers,,audubon_broad_family_group,habitat/resource support,Audubon broad bird-family support,False,False,trusted broad profile support,D - trusted Audubon broad plant profile; not species-level direct interaction,Audubon states this plant is thought to attract this broad family/group of birds. Attributes are plant-level resources and are not assigned to individual bird groups.
Monarda fistulosa,Oswego-Tea,Annuals/Per.,National Audubon Society Native Plants,https://www.audubon.org/native-plants/species/oswego-tea?zipcode=78666,Butterflies; Caterpillars; Nectar,butterflies; caterpillars; nectar,Woodpeckers,Woodpeckers,,audubon_broad_family_group,habitat/resource support,Audubon broad bird-family support,False,False,trusted broad profile support,D - trusted Audubon broad plant profile; not species-level direct interaction,Audubon states this plant is thought to attract this broad family/group of birds. Attributes are plant-level resources and are not assigned to individual bird groups.
Monarda fistulosa,Oswego-Tea,Annuals/Per.,National Audubon Society Native Plants,https://www.audubon.org/native-plants/species/oswego-tea?zipcode=78666,Butterflies; Caterpillars; Nectar,butterflies; caterpillars; nectar,Wrens,Wrens,,audubon_broad_family_group,habitat/resource support,Audubon broad bird-family support,False,False,trusted broad profile support,D - trusted Audubon broad plant profile; not species-level direct interaction,Audubon states this plant is thought to attract this broad family/group of birds. Attributes are plant-level resources and are not assigned to individual bird groups.
Carya illinoinensis,Pecan,Trees,National Audubon Society Native Plants,https://www.audubon.org/native-plants/species/pecan?zipcode=78666,Butterflies; Caterpillars; Fruit; Nuts,butterflies; caterpillars; fruit; nuts,"Cardinals, Grosbeaks and Buntings","Cardinals, Grosbeaks and Buntings",,audubon_broad_family_group,habitat/resource support,Audubon broad bird-family support,False,False,trusted broad profile support,D - trusted Audubon broad plant profile; not species-level direct interaction,Audubon states this plant is thought to attract this broad family/group of birds. Attributes are plant-level resources and are not assigned to individual bird groups.
Carya illinoinensis,Pecan,Trees,National Audubon Society Native Plants,https://www.audubon.org/native-plants/species/pecan?zipcode=78666,Butterflies; Caterpillars; Fruit; Nuts,butterflies; caterpillars; fruit; nuts,Chickadees and Titmice,Chickadees and Titmice,,audubon_broad_family_group,habitat/resource support,Audubon broad bird-family support,False,False,trusted broad profile support,D - trusted Audubon broad plant profile; not species-level direct interaction,Audubon states this plant is thought to attract this broad family/group of birds. Attributes are plant-level resources and are not assigned to individual bird groups.
Carya illinoinensis,Pecan,Trees,National Audubon Society Native Plants,https://www.audubon.org/native-plants/species/pecan?zipcode=78666,Butterflies; Caterpillars; Fruit; Nuts,butterflies; caterpillars; fruit; nuts,"Crows, Magpies, Jays","Crows, Magpies, Jays",,audubon_broad_family_group,habitat/resource support,Audubon broad bird-family support,False,False,trusted broad profile support,D - trusted Audubon broad plant profile; not species-level direct interaction,Audubon states this plant is thought to attract this broad family/group of birds. Attributes are plant-level resources and are not assigned to individual bird groups.
Carya illinoinensis,Pecan,Trees,National Audubon Society Native Plants,https://www.audubon.org/native-plants/species/pecan?zipcode=78666,Butterflies; Caterpillars; Fruit; Nuts,butterflies; caterpillars; fruit; nuts,Finches,Finches,,audubon_broad_family_group,habitat/resource support,Audubon broad bird-family support,False,False,trusted broad profile support,D - trusted Audubon broad plant profile; not species-level direct interaction,Audubon states this plant is thought to attract this broad family/group of birds. Attributes are plant-level resources and are not assigned to individual bird groups.
Carya illinoinensis,Pecan,Trees,National Audubon Society Native Plants,https://www.audubon.org/native-plants/species/pecan?zipcode=78666,Butterflies; Caterpillars; Fruit; Nuts,butterflies; caterpillars; fruit; nuts,Mockingbirds and Thrashers,Mockingbirds and Thrashers,,audubon_broad_family_group,habitat/resource support,Audubon broad bird-family support,False,False,trusted broad profile support,D - trusted Audubon broad plant profile; not species-level direct interaction,Audubon states this plant is thought to attract this broad family/group of birds. Attributes are plant-level resources and are not assigned to individual bird groups.
Carya illinoinensis,Pecan,Trees,National Audubon Society Native Plants,https://www.audubon.org/native-plants/species/pecan?zipcode=78666,Butterflies; Caterpillars; Fruit; Nuts,butterflies; caterpillars; fruit; nuts,Nuthatches,Nuthatches,,audubon_broad_family_group,habitat/resource support,Audubon broad bird-family support,False,False,trusted broad profile support,D - trusted Audubon broad plant profile; not species-level direct interaction,Audubon states this plant is thought to attract this broad family/group of birds. Attributes are plant-level resources and are not assigned to individual bird groups.
Carya illinoinensis,Pecan,Trees,National Audubon Society Native Plants,https://www.audubon.org/native-plants/species/pecan?zipcode=78666,Butterflies; Caterpillars; Fruit; Nuts,butterflies; caterpillars; fruit; nuts,Blackbirds and Orioles,Blackbirds and Orioles,,audubon_broad_family_group,habitat/resource support,Audubon broad bird-family support,False,False,trusted broad profile support,D - trusted Audubon broad plant profile; not species-level direct interaction,Audubon states this plant is thought to attract this broad family/group of birds. Attributes are plant-level resources and are not assigned to individual bird groups.
Carya illinoinensis,Pecan,Trees,National Audubon Society Native Plants,https://www.audubon.org/native-plants/species/pecan?zipcode=78666,Butterflies; Caterpillars; Fruit; Nuts,butterflies; caterpillars; fruit; nuts,New World Sparrows,New World Sparrows,,audubon_broad_family_group,habitat/resource support,Audubon broad bird-family support,False,False,trusted broad profile support,D - trusted Audubon broad plant profile; not species-level direct interaction,Audubon states this plant is thought to attract this broad family/group of birds. Attributes are plant-level resources and are not assigned to individual bird groups.
Carya illinoinensis,Pecan,Trees,National Audubon Society Native Plants,https://www.audubon.org/native-plants/species/pecan?zipcode=78666,Butterflies; Caterpillars; Fruit; Nuts,butterflies; caterpillars; fruit; nuts,Thrushes,Thrushes,,audubon_broad_family_group,habitat/resource support,Audubon broad bird-family support,False,False,trusted broad profile support,D - trusted Audubon broad plant profile; not species-level direct interaction,Audubon states this plant is thought to attract this broad family/group of birds. Attributes are plant-level resources and are not assigned to individual bird groups.
Carya illinoinensis,Pecan,Trees,National Audubon Society Native Plants,https://www.audubon.org/native-plants/species/pecan?zipcode=78666,Butterflies; Caterpillars; Fruit; Nuts,butterflies; caterpillars; fruit; nuts,Vireos,Vireos,,audubon_broad_family_group,habitat/resource support,Audubon broad bird-family support,False,False,trusted broad profile support,D - trusted Audubon broad plant profile; not species-level direct interaction,Audubon states this plant is thought to attract this broad family/group of birds. Attributes are plant-level resources and are not assigned to individual bird groups.
Carya illinoinensis,Pecan,Trees,National Audubon Society Native Plants,https://www.audubon.org/native-plants/species/pecan?zipcode=78666,Butterflies; Caterpillars; Fruit; Nuts,butterflies; caterpillars; fruit; nuts,Waxwings,Waxwings,,audubon_broad_family_group,habitat/resource support,Audubon broad bird-family support,False,False,trusted broad profile support,D - trusted Audubon broad plant profile; not species-level direct interaction,Audubon states this plant is thought to attract this broad family/group of birds. Attributes are plant-level resources and are not assigned to individual bird groups.
Carya illinoinensis,Pecan,Trees,National Audubon Society Native Plants,https://www.audubon.org/native-plants/species/pecan?zipcode=78666,Butterflies; Caterpillars; Fruit; Nuts,butterflies; caterpillars; fruit; nuts,Wood Warblers,Wood Warblers,,audubon_broad_family_group,habitat/resource support,Audubon broad bird-family support,False,False,trusted broad profile support,D - trusted Audubon broad plant profile; not species-level direct interaction,Audubon states this plant is thought to attract this broad family/group of birds. Attributes are plant-level resources and are not assigned to individual bird groups.
Carya illinoinensis,Pecan,Trees,National Audubon Society Native Plants,https://www.audubon.org/native-plants/species/pecan?zipcode=78666,Butterflies; Caterpillars; Fruit; Nuts,butterflies; caterpillars; fruit; nuts,Woodpeckers,Woodpeckers,,audubon_broad_family_group,habitat/resource support,Audubon broad bird-family support,False,False,trusted broad profile support,D - trusted Audubon broad plant profile; not species-level direct interaction,Audubon states this plant is thought to attract this broad family/group of birds. Attributes are plant-level resources and are not assigned to individual bird groups.
Carya illinoinensis,Pecan,Trees,National Audubon Society Native Plants,https://www.audubon.org/native-plants/species/pecan?zipcode=78666,Butterflies; Caterpillars; Fruit; Nuts,butterflies; caterpillars; fruit; nuts,Wrens,Wrens,,audubon_broad_family_group,habitat/resource support,Audubon broad bird-family support,False,False,trusted broad profile support,D - trusted Audubon broad plant profile; not species-level direct interaction,Audubon states this plant is thought to attract this broad family/group of birds. Attributes are plant-level resources and are not assigned to individual bird groups.
Quercus fusiformis,Plateau Oak,"Shrubs, Trees",National Audubon Society Native Plants,https://www.audubon.org/native-plants/species/plateau-oak?zipcode=78666,Butterflies; Caterpillars; Fruit; Nuts,butterflies; caterpillars; fruit; nuts,"Cardinals, Grosbeaks and Buntings","Cardinals, Grosbeaks and Buntings",,audubon_broad_family_group,habitat/resource support,Audubon broad bird-family support,False,False,trusted broad profile support,D - trusted Audubon broad plant profile; not species-level direct interaction,Audubon states this plant is thought to attract this broad family/group of birds. Attributes are plant-level resources and are not assigned to individual bird groups.
Quercus fusiformis,Plateau Oak,"Shrubs, Trees",National Audubon Society Native Plants,https://www.audubon.org/native-plants/species/plateau-oak?zipcode=78666,Butterflies; Caterpillars; Fruit; Nuts,butterflies; caterpillars; fruit; nuts,Chickadees and Titmice,Chickadees and Titmice,,audubon_broad_family_group,habitat/resource support,Audubon broad bird-family support,False,False,trusted broad profile support,D - trusted Audubon broad plant profile; not species-level direct interaction,Audubon states this plant is thought to attract this broad family/group of birds. Attributes are plant-level resources and are not assigned to individual bird groups.
Quercus fusiformis,Plateau Oak,"Shrubs, Trees",National Audubon Society Native Plants,https://www.audubon.org/native-plants/species/plateau-oak?zipcode=78666,Butterflies; Caterpillars; Fruit; Nuts,butterflies; caterpillars; fruit; nuts,"Crows, Magpies, Jays","Crows, Magpies, Jays",,audubon_broad_family_group,habitat/resource support,Audubon broad bird-family support,False,False,trusted broad profile support,D - trusted Audubon broad plant profile; not species-level direct interaction,Audubon states this plant is thought to attract this broad family/group of birds. Attributes are plant-level resources and are not assigned to individual bird groups.
Quercus fusiformis,Plateau Oak,"Shrubs, Trees",National Audubon Society Native Plants,https://www.audubon.org/native-plants/species/plateau-oak?zipcode=78666,Butterflies; Caterpillars; Fruit; Nuts,butterflies; caterpillars; fruit; nuts,Finches,Finches,,audubon_broad_family_group,habitat/resource support,Audubon broad bird-family support,False,False,trusted broad profile support,D - trusted Audubon broad plant profile; not species-level direct interaction,Audubon states this plant is thought to attract this broad family/group of birds. Attributes are plant-level resources and are not assigned to individual bird groups.
Quercus fusiformis,Plateau Oak,"Shrubs, Trees",National Audubon Society Native Plants,https://www.audubon.org/native-plants/species/plateau-oak?zipcode=78666,Butterflies; Caterpillars; Fruit; Nuts,butterflies; caterpillars; fruit; nuts,Mockingbirds and Thrashers,Mockingbirds and Thrashers,,audubon_broad_family_group,habitat/resource support,Audubon broad bird-family support,False,False,trusted broad profile support,D - trusted Audubon broad plant profile; not species-level direct interaction,Audubon states this plant is thought to attract this broad family/group of birds. Attributes are plant-level resources and are not assigned to individual bird groups.
Quercus fusiformis,Plateau Oak,"Shrubs, Trees",National Audubon Society Native Plants,https://www.audubon.org/native-plants/species/plateau-oak?zipcode=78666,Butterflies; Caterpillars; Fruit; Nuts,butterflies; caterpillars; fruit; nuts,Nuthatches,Nuthatches,,audubon_broad_family_group,habitat/resource support,Audubon broad bird-family support,False,False,trusted broad profile support,D - trusted Audubon broad plant profile; not species-level direct interaction,Audubon states this plant is thought to attract this broad family/group of birds. Attributes are plant-level resources and are not assigned to individual bird groups.
Quercus fusiformis,Plateau Oak,"Shrubs, Trees",National Audubon Society Native Plants,https://www.audubon.org/native-plants/species/plateau-oak?zipcode=78666,Butterflies; Caterpillars; Fruit; Nuts,butterflies; caterpillars; fruit; nuts,Blackbirds and Orioles,Blackbirds and Orioles,,audubon_broad_family_group,habitat/resource support,Audubon broad bird-family support,False,False,trusted broad profile support,D - trusted Audubon broad plant profile; not species-level direct interaction,Audubon states this plant is thought to attract this broad family/group of birds. Attributes are plant-level resources and are not assigned to individual bird groups.
Quercus fusiformis,Plateau Oak,"Shrubs, Trees",National Audubon Society Native Plants,https://www.audubon.org/native-plants/species/plateau-oak?zipcode=78666,Butterflies; Caterpillars; Fruit; Nuts,butterflies; caterpillars; fruit; nuts,New World Sparrows,New World Sparrows,,audubon_broad_family_group,habitat/resource support,Audubon broad bird-family support,False,False,trusted broad profile support,D - trusted Audubon broad plant profile; not species-level direct interaction,Audubon states this plant is thought to attract this broad family/group of birds. Attributes are plant-level resources and are not assigned to individual bird groups.
Quercus fusiformis,Plateau Oak,"Shrubs, Trees",National Audubon Society Native Plants,https://www.audubon.org/native-plants/species/plateau-oak?zipcode=78666,Butterflies; Caterpillars; Fruit; Nuts,butterflies; caterpillars; fruit; nuts,Thrushes,Thrushes,,audubon_broad_family_group,habitat/resource support,Audubon broad bird-family support,False,False,trusted broad profile support,D - trusted Audubon broad plant profile; not species-level direct interaction,Audubon states this plant is thought to attract this broad family/group of birds. Attributes are plant-level resources and are not assigned to individual bird groups.
Quercus fusiformis,Plateau Oak,"Shrubs, Trees",National Audubon Society Native Plants,https://www.audubon.org/native-plants/species/plateau-oak?zipcode=78666,Butterflies; Caterpillars; Fruit; Nuts,butterflies; caterpillars; fruit; nuts,Vireos,Vireos,,audubon_broad_family_group,habitat/resource support,Audubon broad bird-family support,False,False,trusted broad profile support,D - trusted Audubon broad plant profile; not species-level direct interaction,Audubon states this plant is thought to attract this broad family/group of birds. Attributes are plant-level resources and are not assigned to individual bird groups.
Quercus fusiformis,Plateau Oak,"Shrubs, Trees",National Audubon Society Native Plants,https://www.audubon.org/native-plants/species/plateau-oak?zipcode=78666,Butterflies; Caterpillars; Fruit; Nuts,butterflies; caterpillars; fruit; nuts,Waxwings,Waxwings,,audubon_broad_family_group,habitat/resource support,Audubon broad bird-family support,False,False,trusted broad profile support,D - trusted Audubon broad plant profile; not species-level direct interaction,Audubon states this plant is thought to attract this broad family/group of birds. Attributes are plant-level resources and are not assigned to individual bird groups.
Quercus fusiformis,Plateau Oak,"Shrubs, Trees",National Audubon Society Native Plants,https://www.audubon.org/native-plants/species/plateau-oak?zipcode=78666,Butterflies; Caterpillars; Fruit; Nuts,butterflies; caterpillars; fruit; nuts,Wood Warblers,Wood Warblers,,audubon_broad_family_group,habitat/resource support,Audubon broad bird-family support,False,False,trusted broad profile support,D - trusted Audubon broad plant profile; not species-level direct interaction,Audubon states this plant is thought to attract this broad family/group of birds. Attributes are plant-level resources and are not assigned to individual bird groups.
Quercus fusiformis,Plateau Oak,"Shrubs, Trees",National Audubon Society Native Plants,https://www.audubon.org/native-plants/species/plateau-oak?zipcode=78666,Butterflies; Caterpillars; Fruit; Nuts,butterflies; caterpillars; fruit; nuts,Woodpeckers,Woodpeckers,,audubon_broad_family_group,habitat/resource support,Audubon broad bird-family support,False,False,trusted broad profile support,D - trusted Audubon broad plant profile; not species-level direct interaction,Audubon states this plant is thought to attract this broad family/group of birds. Attributes are plant-level resources and are not assigned to individual bird groups.
Quercus fusiformis,Plateau Oak,"Shrubs, Trees",National Audubon Society Native Plants,https://www.audubon.org/native-plants/species/plateau-oak?zipcode=78666,Butterflies; Caterpillars; Fruit; Nuts,butterflies; caterpillars; fruit; nuts,Wrens,Wrens,,audubon_broad_family_group,habitat/resource support,Audubon broad bird-family support,False,False,trusted broad profile support,D - trusted Audubon broad plant profile; not species-level direct interaction,Audubon states this plant is thought to attract this broad family/group of birds. Attributes are plant-level resources and are not assigned to individual bird groups.
Aristida purpurea,Purple Three Awn,Grasses,National Audubon Society Native Plants,https://www.audubon.org/native-plants/species/purple-three-awn?zipcode=78666,Seeds,seeds,"Cardinals, Grosbeaks and Buntings","Cardinals, Grosbeaks and Buntings",,audubon_broad_family_group,habitat/resource support,Audubon broad bird-family support,False,False,trusted broad profile support,D - trusted Audubon broad plant profile; not species-level direct interaction,Audubon states this plant is thought to attract this broad family/group of birds. Attributes are plant-level resources and are not assigned to individual bird groups.
Aristida purpurea,Purple Three Awn,Grasses,National Audubon Society Native Plants,https://www.audubon.org/native-plants/species/purple-three-awn?zipcode=78666,Seeds,seeds,Chickadees and Titmice,Chickadees and Titmice,,audubon_broad_family_group,habitat/resource support,Audubon broad bird-family support,False,False,trusted broad profile support,D - trusted Audubon broad plant profile; not species-level direct interaction,Audubon states this plant is thought to attract this broad family/group of birds. Attributes are plant-level resources and are not assigned to individual bird groups.
Aristida purpurea,Purple Three Awn,Grasses,National Audubon Society Native Plants,https://www.audubon.org/native-plants/species/purple-three-awn?zipcode=78666,Seeds,seeds,"Crows, Magpies, Jays","Crows, Magpies, Jays",,audubon_broad_family_group,habitat/resource support,Audubon broad bird-family support,False,False,trusted broad profile support,D - trusted Audubon broad plant profile; not species-level direct interaction,Audubon states this plant is thought to attract this broad family/group of birds. Attributes are plant-level resources and are not assigned to individual bird groups.
Aristida purpurea,Purple Three Awn,Grasses,National Audubon Society Native Plants,https://www.audubon.org/native-plants/species/purple-three-awn?zipcode=78666,Seeds,seeds,Finches,Finches,,audubon_broad_family_group,habitat/resource support,Audubon broad bird-family support,False,False,trusted broad profile support,D - trusted Audubon broad plant profile; not species-level direct interaction,Audubon states this plant is thought to attract this broad family/group of birds. Attributes are plant-level resources and are not assigned to individual bird groups.
Aristida purpurea,Purple Three Awn,Grasses,National Audubon Society Native Plants,https://www.audubon.org/native-plants/species/purple-three-awn?zipcode=78666,Seeds,seeds,Nuthatches,Nuthatches,,audubon_broad_family_group,habitat/resource support,Audubon broad bird-family support,False,False,trusted broad profile support,D - trusted Audubon broad plant profile; not species-level direct interaction,Audubon states this plant is thought to attract this broad family/group of birds. Attributes are plant-level resources and are not assigned to individual bird groups.
Aristida purpurea,Purple Three Awn,Grasses,National Audubon Society Native Plants,https://www.audubon.org/native-plants/species/purple-three-awn?zipcode=78666,Seeds,seeds,New World Sparrows,New World Sparrows,,audubon_broad_family_group,habitat/resource support,Audubon broad bird-family support,False,False,trusted broad profile support,D - trusted Audubon broad plant profile; not species-level direct interaction,Audubon states this plant is thought to attract this broad family/group of birds. Attributes are plant-level resources and are not assigned to individual bird groups.
Aristida purpurea,Purple Three Awn,Grasses,National Audubon Society Native Plants,https://www.audubon.org/native-plants/species/purple-three-awn?zipcode=78666,Seeds,seeds,Woodpeckers,Woodpeckers,,audubon_broad_family_group,habitat/resource support,Audubon broad bird-family support,False,False,trusted broad profile support,D - trusted Audubon broad plant profile; not species-level direct interaction,Audubon states this plant is thought to attract this broad family/group of birds. Attributes are plant-level resources and are not assigned to individual bird groups.
Aesculus pavia,Red Buckeye,"Shrubs, Trees",National Audubon Society Native Plants,https://www.audubon.org/native-plants/species/red-buckeye?zipcode=78666,Butterflies; Caterpillars; Nectar,butterflies; caterpillars; nectar,"Cardinals, Grosbeaks and Buntings","Cardinals, Grosbeaks and Buntings",,audubon_broad_family_group,habitat/resource support,Audubon broad bird-family support,False,False,trusted broad profile support,D - trusted Audubon broad plant profile; not species-level direct interaction,Audubon states this plant is thought to attract this broad family/group of birds. Attributes are plant-level resources and are not assigned to individual bird groups.
Aesculus pavia,Red Buckeye,"Shrubs, Trees",National Audubon Society Native Plants,https://www.audubon.org/native-plants/species/red-buckeye?zipcode=78666,Butterflies; Caterpillars; Nectar,butterflies; caterpillars; nectar,Chickadees and Titmice,Chickadees and Titmice,,audubon_broad_family_group,habitat/resource support,Audubon broad bird-family support,False,False,trusted broad profile support,D - trusted Audubon broad plant profile; not species-level direct interaction,Audubon states this plant is thought to attract this broad family/group of birds. Attributes are plant-level resources and are not assigned to individual bird groups.
Aesculus pavia,Red Buckeye,"Shrubs, Trees",National Audubon Society Native Plants,https://www.audubon.org/native-plants/species/red-buckeye?zipcode=78666,Butterflies; Caterpillars; Nectar,butterflies; caterpillars; nectar,"Crows, Magpies, Jays","Crows, Magpies, Jays",,audubon_broad_family_group,habitat/resource support,Audubon broad bird-family support,False,False,trusted broad profile support,D - trusted Audubon broad plant profile; not species-level direct interaction,Audubon states this plant is thought to attract this broad family/group of birds. Attributes are plant-level resources and are not assigned to individual bird groups.
Aesculus pavia,Red Buckeye,"Shrubs, Trees",National Audubon Society Native Plants,https://www.audubon.org/native-plants/species/red-buckeye?zipcode=78666,Butterflies; Caterpillars; Nectar,butterflies; caterpillars; nectar,Hummingbirds,Hummingbirds,,audubon_broad_family_group,habitat/resource support,Audubon broad bird-family support,False,False,trusted broad profile support,D - trusted Audubon broad plant profile; not species-level direct interaction,Audubon states this plant is thought to attract this broad family/group of birds. Attributes are plant-level resources and are not assigned to individual bird groups.
Aesculus pavia,Red Buckeye,"Shrubs, Trees",National Audubon Society Native Plants,https://www.audubon.org/native-plants/species/red-buckeye?zipcode=78666,Butterflies; Caterpillars; Nectar,butterflies; caterpillars; nectar,Mockingbirds and Thrashers,Mockingbirds and Thrashers,,audubon_broad_family_group,habitat/resource support,Audubon broad bird-family support,False,False,trusted broad profile support,D - trusted Audubon broad plant profile; not species-level direct interaction,Audubon states this plant is thought to attract this broad family/group of birds. Attributes are plant-level resources and are not assigned to individual bird groups.
Aesculus pavia,Red Buckeye,"Shrubs, Trees",National Audubon Society Native Plants,https://www.audubon.org/native-plants/species/red-buckeye?zipcode=78666,Butterflies; Caterpillars; Nectar,butterflies; caterpillars; nectar,Nuthatches,Nuthatches,,audubon_broad_family_group,habitat/resource support,Audubon broad bird-family support,False,False,trusted broad profile support,D - trusted Audubon broad plant profile; not species-level direct interaction,Audubon states this plant is thought to attract this broad family/group of birds. Attributes are plant-level resources and are not assigned to individual bird groups.
Aesculus pavia,Red Buckeye,"Shrubs, Trees",National Audubon Society Native Plants,https://www.audubon.org/native-plants/species/red-buckeye?zipcode=78666,Butterflies; Caterpillars; Nectar,butterflies; caterpillars; nectar,Blackbirds and Orioles,Blackbirds and Orioles,,audubon_broad_family_group,habitat/resource support,Audubon broad bird-family support,False,False,trusted broad profile support,D - trusted Audubon broad plant profile; not species-level direct interaction,Audubon states this plant is thought to attract this broad family/group of birds. Attributes are plant-level resources and are not assigned to individual bird groups.
Aesculus pavia,Red Buckeye,"Shrubs, Trees",National Audubon Society Native Plants,https://www.audubon.org/native-plants/species/red-buckeye?zipcode=78666,Butterflies; Caterpillars; Nectar,butterflies; caterpillars; nectar,New World Sparrows,New World Sparrows,,audubon_broad_family_group,habitat/resource support,Audubon broad bird-family support,False,False,trusted broad profile support,D - trusted Audubon broad plant profile; not species-level direct interaction,Audubon states this plant is thought to attract this broad family/group of birds. Attributes are plant-level resources and are not assigned to individual bird groups.
Aesculus pavia,Red Buckeye,"Shrubs, Trees",National Audubon Society Native Plants,https://www.audubon.org/native-plants/species/red-buckeye?zipcode=78666,Butterflies; Caterpillars; Nectar,butterflies; caterpillars; nectar,Thrushes,Thrushes,,audubon_broad_family_group,habitat/resource support,Audubon broad bird-family support,False,False,trusted broad profile support,D - trusted Audubon broad plant profile; not species-level direct interaction,Audubon states this plant is thought to attract this broad family/group of birds. Attributes are plant-level resources and are not assigned to individual bird groups.
Aesculus pavia,Red Buckeye,"Shrubs, Trees",National Audubon Society Native Plants,https://www.audubon.org/native-plants/species/red-buckeye?zipcode=78666,Butterflies; Caterpillars; Nectar,butterflies; caterpillars; nectar,Vireos,Vireos,,audubon_broad_family_group,habitat/resource support,Audubon broad bird-family support,False,False,trusted broad profile support,D - trusted Audubon broad plant profile; not species-level direct interaction,Audubon states this plant is thought to attract this broad family/group of birds. Attributes are plant-level resources and are not assigned to individual bird groups.
Aesculus pavia,Red Buckeye,"Shrubs, Trees",National Audubon Society Native Plants,https://www.audubon.org/native-plants/species/red-buckeye?zipcode=78666,Butterflies; Caterpillars; Nectar,butterflies; caterpillars; nectar,Waxwings,Waxwings,,audubon_broad_family_group,habitat/resource support,Audubon broad bird-family support,False,False,trusted broad profile support,D - trusted Audubon broad plant profile; not species-level direct interaction,Audubon states this plant is thought to attract this broad family/group of birds. Attributes are plant-level resources and are not assigned to individual bird groups.
Aesculus pavia,Red Buckeye,"Shrubs, Trees",National Audubon Society Native Plants,https://www.audubon.org/native-plants/species/red-buckeye?zipcode=78666,Butterflies; Caterpillars; Nectar,butterflies; caterpillars; nectar,Wood Warblers,Wood Warblers,,audubon_broad_family_group,habitat/resource support,Audubon broad bird-family support,False,False,trusted broad profile support,D - trusted Audubon broad plant profile; not species-level direct interaction,Audubon states this plant is thought to attract this broad family/group of birds. Attributes are plant-level resources and are not assigned to individual bird groups.
Aesculus pavia,Red Buckeye,"Shrubs, Trees",National Audubon Society Native Plants,https://www.audubon.org/native-plants/species/red-buckeye?zipcode=78666,Butterflies; Caterpillars; Nectar,butterflies; caterpillars; nectar,Woodpeckers,Woodpeckers,,audubon_broad_family_group,habitat/resource support,Audubon broad bird-family support,False,False,trusted broad profile support,D - trusted Audubon broad plant profile; not species-level direct interaction,Audubon states this plant is thought to attract this broad family/group of birds. Attributes are plant-level resources and are not assigned to individual bird groups.
Aesculus pavia,Red Buckeye,"Shrubs, Trees",National Audubon Society Native Plants,https://www.audubon.org/native-plants/species/red-buckeye?zipcode=78666,Butterflies; Caterpillars; Nectar,butterflies; caterpillars; nectar,Wrens,Wrens,,audubon_broad_family_group,habitat/resource support,Audubon broad bird-family support,False,False,trusted broad profile support,D - trusted Audubon broad plant profile; not species-level direct interaction,Audubon states this plant is thought to attract this broad family/group of birds. Attributes are plant-level resources and are not assigned to individual bird groups.
Aquilegia canadensis,Red Columbine,Annuals/Per.,National Audubon Society Native Plants,https://www.audubon.org/native-plants/species/red-columbine?zipcode=78666,Nectar,nectar,Hummingbirds,Hummingbirds,,audubon_broad_family_group,habitat/resource support,Audubon broad bird-family support,False,False,trusted broad profile support,D - trusted Audubon broad plant profile; not species-level direct interaction,Audubon states this plant is thought to attract this broad family/group of birds. Attributes are plant-level resources and are not assigned to individual bird groups.
Aquilegia canadensis,Red Columbine,Annuals/Per.,National Audubon Society Native Plants,https://www.audubon.org/native-plants/species/red-columbine?zipcode=78666,Nectar,nectar,Mockingbirds and Thrashers,Mockingbirds and Thrashers,,audubon_broad_family_group,habitat/resource support,Audubon broad bird-family support,False,False,trusted broad profile support,D - trusted Audubon broad plant profile; not species-level direct interaction,Audubon states this plant is thought to attract this broad family/group of birds. Attributes are plant-level resources and are not assigned to individual bird groups.
Aquilegia canadensis,Red Columbine,Annuals/Per.,National Audubon Society Native Plants,https://www.audubon.org/native-plants/species/red-columbine?zipcode=78666,Nectar,nectar,Blackbirds and Orioles,Blackbirds and Orioles,,audubon_broad_family_group,habitat/resource support,Audubon broad bird-family support,False,False,trusted broad profile support,D - trusted Audubon broad plant profile; not species-level direct interaction,Audubon states this plant is thought to attract this broad family/group of birds. Attributes are plant-level resources and are not assigned to individual bird groups.
Aquilegia canadensis,Red Columbine,Annuals/Per.,National Audubon Society Native Plants,https://www.audubon.org/native-plants/species/red-columbine?zipcode=78666,Nectar,nectar,New World Sparrows,New World Sparrows,,audubon_broad_family_group,habitat/resource support,Audubon broad bird-family support,False,False,trusted broad profile support,D - trusted Audubon broad plant profile; not species-level direct interaction,Audubon states this plant is thought to attract this broad family/group of birds. Attributes are plant-level resources and are not assigned to individual bird groups.
Aquilegia canadensis,Red Columbine,Annuals/Per.,National Audubon Society Native Plants,https://www.audubon.org/native-plants/species/red-columbine?zipcode=78666,Nectar,nectar,Vireos,Vireos,,audubon_broad_family_group,habitat/resource support,Audubon broad bird-family support,False,False,trusted broad profile support,D - trusted Audubon broad plant profile; not species-level direct interaction,Audubon states this plant is thought to attract this broad family/group of birds. Attributes are plant-level resources and are not assigned to individual bird groups.
Aquilegia canadensis,Red Columbine,Annuals/Per.,National Audubon Society Native Plants,https://www.audubon.org/native-plants/species/red-columbine?zipcode=78666,Nectar,nectar,Waxwings,Waxwings,,audubon_broad_family_group,habitat/resource support,Audubon broad bird-family support,False,False,trusted broad profile support,D - trusted Audubon broad plant profile; not species-level direct interaction,Audubon states this plant is thought to attract this broad family/group of birds. Attributes are plant-level resources and are not assigned to individual bird groups.
Aquilegia canadensis,Red Columbine,Annuals/Per.,National Audubon Society Native Plants,https://www.audubon.org/native-plants/species/red-columbine?zipcode=78666,Nectar,nectar,Wood Warblers,Wood Warblers,,audubon_broad_family_group,habitat/resource support,Audubon broad bird-family support,False,False,trusted broad profile support,D - trusted Audubon broad plant profile; not species-level direct interaction,Audubon states this plant is thought to attract this broad family/group of birds. Attributes are plant-level resources and are not assigned to individual bird groups.
Morus rubra,Red Mulberry,Trees,National Audubon Society Native Plants,https://www.audubon.org/native-plants/species/red-mulberry?zipcode=78666,Butterflies; Caterpillars; Fruit,butterflies; caterpillars; fruit,"Cardinals, Grosbeaks and Buntings","Cardinals, Grosbeaks and Buntings",,audubon_broad_family_group,habitat/resource support,Audubon broad bird-family support,False,False,trusted broad profile support,D - trusted Audubon broad plant profile; not species-level direct interaction,Audubon states this plant is thought to attract this broad family/group of birds. Attributes are plant-level resources and are not assigned to individual bird groups.
Morus rubra,Red Mulberry,Trees,National Audubon Society Native Plants,https://www.audubon.org/native-plants/species/red-mulberry?zipcode=78666,Butterflies; Caterpillars; Fruit,butterflies; caterpillars; fruit,Chickadees and Titmice,Chickadees and Titmice,,audubon_broad_family_group,habitat/resource support,Audubon broad bird-family support,False,False,trusted broad profile support,D - trusted Audubon broad plant profile; not species-level direct interaction,Audubon states this plant is thought to attract this broad family/group of birds. Attributes are plant-level resources and are not assigned to individual bird groups.
Morus rubra,Red Mulberry,Trees,National Audubon Society Native Plants,https://www.audubon.org/native-plants/species/red-mulberry?zipcode=78666,Butterflies; Caterpillars; Fruit,butterflies; caterpillars; fruit,"Crows, Magpies, Jays","Crows, Magpies, Jays",,audubon_broad_family_group,habitat/resource support,Audubon broad bird-family support,False,False,trusted broad profile support,D - trusted Audubon broad plant profile; not species-level direct interaction,Audubon states this plant is thought to attract this broad family/group of birds. Attributes are plant-level resources and are not assigned to individual bird groups.
Morus rubra,Red Mulberry,Trees,National Audubon Society Native Plants,https://www.audubon.org/native-plants/species/red-mulberry?zipcode=78666,Butterflies; Caterpillars; Fruit,butterflies; caterpillars; fruit,Mockingbirds and Thrashers,Mockingbirds and Thrashers,,audubon_broad_family_group,habitat/resource support,Audubon broad bird-family support,False,False,trusted broad profile support,D - trusted Audubon broad plant profile; not species-level direct interaction,Audubon states this plant is thought to attract this broad family/group of birds. Attributes are plant-level resources and are not assigned to individual bird groups.
Morus rubra,Red Mulberry,Trees,National Audubon Society Native Plants,https://www.audubon.org/native-plants/species/red-mulberry?zipcode=78666,Butterflies; Caterpillars; Fruit,butterflies; caterpillars; fruit,Nuthatches,Nuthatches,,audubon_broad_family_group,habitat/resource support,Audubon broad bird-family support,False,False,trusted broad profile support,D - trusted Audubon broad plant profile; not species-level direct interaction,Audubon states this plant is thought to attract this broad family/group of birds. Attributes are plant-level resources and are not assigned to individual bird groups.
Morus rubra,Red Mulberry,Trees,National Audubon Society Native Plants,https://www.audubon.org/native-plants/species/red-mulberry?zipcode=78666,Butterflies; Caterpillars; Fruit,butterflies; caterpillars; fruit,Blackbirds and Orioles,Blackbirds and Orioles,,audubon_broad_family_group,habitat/resource support,Audubon broad bird-family support,False,False,trusted broad profile support,D - trusted Audubon broad plant profile; not species-level direct interaction,Audubon states this plant is thought to attract this broad family/group of birds. Attributes are plant-level resources and are not assigned to individual bird groups.
Morus rubra,Red Mulberry,Trees,National Audubon Society Native Plants,https://www.audubon.org/native-plants/species/red-mulberry?zipcode=78666,Butterflies; Caterpillars; Fruit,butterflies; caterpillars; fruit,New World Sparrows,New World Sparrows,,audubon_broad_family_group,habitat/resource support,Audubon broad bird-family support,False,False,trusted broad profile support,D - trusted Audubon broad plant profile; not species-level direct interaction,Audubon states this plant is thought to attract this broad family/group of birds. Attributes are plant-level resources and are not assigned to individual bird groups.
Morus rubra,Red Mulberry,Trees,National Audubon Society Native Plants,https://www.audubon.org/native-plants/species/red-mulberry?zipcode=78666,Butterflies; Caterpillars; Fruit,butterflies; caterpillars; fruit,Thrushes,Thrushes,,audubon_broad_family_group,habitat/resource support,Audubon broad bird-family support,False,False,trusted broad profile support,D - trusted Audubon broad plant profile; not species-level direct interaction,Audubon states this plant is thought to attract this broad family/group of birds. Attributes are plant-level resources and are not assigned to individual bird groups.
Morus rubra,Red Mulberry,Trees,National Audubon Society Native Plants,https://www.audubon.org/native-plants/species/red-mulberry?zipcode=78666,Butterflies; Caterpillars; Fruit,butterflies; caterpillars; fruit,Vireos,Vireos,,audubon_broad_family_group,habitat/resource support,Audubon broad bird-family support,False,False,trusted broad profile support,D - trusted Audubon broad plant profile; not species-level direct interaction,Audubon states this plant is thought to attract this broad family/group of birds. Attributes are plant-level resources and are not assigned to individual bird groups.
Morus rubra,Red Mulberry,Trees,National Audubon Society Native Plants,https://www.audubon.org/native-plants/species/red-mulberry?zipcode=78666,Butterflies; Caterpillars; Fruit,butterflies; caterpillars; fruit,Waxwings,Waxwings,,audubon_broad_family_group,habitat/resource support,Audubon broad bird-family support,False,False,trusted broad profile support,D - trusted Audubon broad plant profile; not species-level direct interaction,Audubon states this plant is thought to attract this broad family/group of birds. Attributes are plant-level resources and are not assigned to individual bird groups.
Morus rubra,Red Mulberry,Trees,National Audubon Society Native Plants,https://www.audubon.org/native-plants/species/red-mulberry?zipcode=78666,Butterflies; Caterpillars; Fruit,butterflies; caterpillars; fruit,Wood Warblers,Wood Warblers,,audubon_broad_family_group,habitat/resource support,Audubon broad bird-family support,False,False,trusted broad profile support,D - trusted Audubon broad plant profile; not species-level direct interaction,Audubon states this plant is thought to attract this broad family/group of birds. Attributes are plant-level resources and are not assigned to individual bird groups.
Morus rubra,Red Mulberry,Trees,National Audubon Society Native Plants,https://www.audubon.org/native-plants/species/red-mulberry?zipcode=78666,Butterflies; Caterpillars; Fruit,butterflies; caterpillars; fruit,Woodpeckers,Woodpeckers,,audubon_broad_family_group,habitat/resource support,Audubon broad bird-family support,False,False,trusted broad profile support,D - trusted Audubon broad plant profile; not species-level direct interaction,Audubon states this plant is thought to attract this broad family/group of birds. Attributes are plant-level resources and are not assigned to individual bird groups.
Morus rubra,Red Mulberry,Trees,National Audubon Society Native Plants,https://www.audubon.org/native-plants/species/red-mulberry?zipcode=78666,Butterflies; Caterpillars; Fruit,butterflies; caterpillars; fruit,Wrens,Wrens,,audubon_broad_family_group,habitat/resource support,Audubon broad bird-family support,False,False,trusted broad profile support,D - trusted Audubon broad plant profile; not species-level direct interaction,Audubon states this plant is thought to attract this broad family/group of birds. Attributes are plant-level resources and are not assigned to individual bird groups.
Erythrina herbacea,Red-Cardinal,"Shrubs, Trees",National Audubon Society Native Plants,https://www.audubon.org/native-plants/species/red-cardinal?zipcode=78666,Nectar,nectar,Hummingbirds,Hummingbirds,,audubon_broad_family_group,habitat/resource support,Audubon broad bird-family support,False,False,trusted broad profile support,D - trusted Audubon broad plant profile; not species-level direct interaction,Audubon states this plant is thought to attract this broad family/group of birds. Attributes are plant-level resources and are not assigned to individual bird groups.
Erythrina herbacea,Red-Cardinal,"Shrubs, Trees",National Audubon Society Native Plants,https://www.audubon.org/native-plants/species/red-cardinal?zipcode=78666,Nectar,nectar,Mockingbirds and Thrashers,Mockingbirds and Thrashers,,audubon_broad_family_group,habitat/resource support,Audubon broad bird-family support,False,False,trusted broad profile support,D - trusted Audubon broad plant profile; not species-level direct interaction,Audubon states this plant is thought to attract this broad family/group of birds. Attributes are plant-level resources and are not assigned to individual bird groups.
Erythrina herbacea,Red-Cardinal,"Shrubs, Trees",National Audubon Society Native Plants,https://www.audubon.org/native-plants/species/red-cardinal?zipcode=78666,Nectar,nectar,Nuthatches,Nuthatches,,audubon_broad_family_group,habitat/resource support,Audubon broad bird-family support,False,False,trusted broad profile support,D - trusted Audubon broad plant profile; not species-level direct interaction,Audubon states this plant is thought to attract this broad family/group of birds. Attributes are plant-level resources and are not assigned to individual bird groups.
Erythrina herbacea,Red-Cardinal,"Shrubs, Trees",National Audubon Society Native Plants,https://www.audubon.org/native-plants/species/red-cardinal?zipcode=78666,Nectar,nectar,Blackbirds and Orioles,Blackbirds and Orioles,,audubon_broad_family_group,habitat/resource support,Audubon broad bird-family support,False,False,trusted broad profile support,D - trusted Audubon broad plant profile; not species-level direct interaction,Audubon states this plant is thought to attract this broad family/group of birds. Attributes are plant-level resources and are not assigned to individual bird groups.
Erythrina herbacea,Red-Cardinal,"Shrubs, Trees",National Audubon Society Native Plants,https://www.audubon.org/native-plants/species/red-cardinal?zipcode=78666,Nectar,nectar,New World Sparrows,New World Sparrows,,audubon_broad_family_group,habitat/resource support,Audubon broad bird-family support,False,False,trusted broad profile support,D - trusted Audubon broad plant profile; not species-level direct interaction,Audubon states this plant is thought to attract this broad family/group of birds. Attributes are plant-level resources and are not assigned to individual bird groups.
Erythrina herbacea,Red-Cardinal,"Shrubs, Trees",National Audubon Society Native Plants,https://www.audubon.org/native-plants/species/red-cardinal?zipcode=78666,Nectar,nectar,Vireos,Vireos,,audubon_broad_family_group,habitat/resource support,Audubon broad bird-family support,False,False,trusted broad profile support,D - trusted Audubon broad plant profile; not species-level direct interaction,Audubon states this plant is thought to attract this broad family/group of birds. Attributes are plant-level resources and are not assigned to individual bird groups.
Erythrina herbacea,Red-Cardinal,"Shrubs, Trees",National Audubon Society Native Plants,https://www.audubon.org/native-plants/species/red-cardinal?zipcode=78666,Nectar,nectar,Waxwings,Waxwings,,audubon_broad_family_group,habitat/resource support,Audubon broad bird-family support,False,False,trusted broad profile support,D - trusted Audubon broad plant profile; not species-level direct interaction,Audubon states this plant is thought to attract this broad family/group of birds. Attributes are plant-level resources and are not assigned to individual bird groups.
Erythrina herbacea,Red-Cardinal,"Shrubs, Trees",National Audubon Society Native Plants,https://www.audubon.org/native-plants/species/red-cardinal?zipcode=78666,Nectar,nectar,Wood Warblers,Wood Warblers,,audubon_broad_family_group,habitat/resource support,Audubon broad bird-family support,False,False,trusted broad profile support,D - trusted Audubon broad plant profile; not species-level direct interaction,Audubon states this plant is thought to attract this broad family/group of birds. Attributes are plant-level resources and are not assigned to individual bird groups.
Erythrina herbacea,Red-Cardinal,"Shrubs, Trees",National Audubon Society Native Plants,https://www.audubon.org/native-plants/species/red-cardinal?zipcode=78666,Nectar,nectar,Woodpeckers,Woodpeckers,,audubon_broad_family_group,habitat/resource support,Audubon broad bird-family support,False,False,trusted broad profile support,D - trusted Audubon broad plant profile; not species-level direct interaction,Audubon states this plant is thought to attract this broad family/group of birds. Attributes are plant-level resources and are not assigned to individual bird groups.
Ratibida columnifera,Red-Spike Mexican-Hat,Annuals/Per.,National Audubon Society Native Plants,https://www.audubon.org/native-plants/species/red-spike-mexican-hat?zipcode=78666,Seeds,seeds,"Cardinals, Grosbeaks and Buntings","Cardinals, Grosbeaks and Buntings",,audubon_broad_family_group,habitat/resource support,Audubon broad bird-family support,False,False,trusted broad profile support,D - trusted Audubon broad plant profile; not species-level direct interaction,Audubon states this plant is thought to attract this broad family/group of birds. Attributes are plant-level resources and are not assigned to individual bird groups.
Ratibida columnifera,Red-Spike Mexican-Hat,Annuals/Per.,National Audubon Society Native Plants,https://www.audubon.org/native-plants/species/red-spike-mexican-hat?zipcode=78666,Seeds,seeds,Chickadees and Titmice,Chickadees and Titmice,,audubon_broad_family_group,habitat/resource support,Audubon broad bird-family support,False,False,trusted broad profile support,D - trusted Audubon broad plant profile; not species-level direct interaction,Audubon states this plant is thought to attract this broad family/group of birds. Attributes are plant-level resources and are not assigned to individual bird groups.
Ratibida columnifera,Red-Spike Mexican-Hat,Annuals/Per.,National Audubon Society Native Plants,https://www.audubon.org/native-plants/species/red-spike-mexican-hat?zipcode=78666,Seeds,seeds,"Crows, Magpies, Jays","Crows, Magpies, Jays",,audubon_broad_family_group,habitat/resource support,Audubon broad bird-family support,False,False,trusted broad profile support,D - trusted Audubon broad plant profile; not species-level direct interaction,Audubon states this plant is thought to attract this broad family/group of birds. Attributes are plant-level resources and are not assigned to individual bird groups.
Ratibida columnifera,Red-Spike Mexican-Hat,Annuals/Per.,National Audubon Society Native Plants,https://www.audubon.org/native-plants/species/red-spike-mexican-hat?zipcode=78666,Seeds,seeds,Finches,Finches,,audubon_broad_family_group,habitat/resource support,Audubon broad bird-family support,False,False,trusted broad profile support,D - trusted Audubon broad plant profile; not species-level direct interaction,Audubon states this plant is thought to attract this broad family/group of birds. Attributes are plant-level resources and are not assigned to individual bird groups.
Ratibida columnifera,Red-Spike Mexican-Hat,Annuals/Per.,National Audubon Society Native Plants,https://www.audubon.org/native-plants/species/red-spike-mexican-hat?zipcode=78666,Seeds,seeds,Mockingbirds and Thrashers,Mockingbirds and Thrashers,,audubon_broad_family_group,habitat/resource support,Audubon broad bird-family support,False,False,trusted broad profile support,D - trusted Audubon broad plant profile; not species-level direct interaction,Audubon states this plant is thought to attract this broad family/group of birds. Attributes are plant-level resources and are not assigned to individual bird groups.
Ratibida columnifera,Red-Spike Mexican-Hat,Annuals/Per.,National Audubon Society Native Plants,https://www.audubon.org/native-plants/species/red-spike-mexican-hat?zipcode=78666,Seeds,seeds,Nuthatches,Nuthatches,,audubon_broad_family_group,habitat/resource support,Audubon broad bird-family support,False,False,trusted broad profile support,D - trusted Audubon broad plant profile; not species-level direct interaction,Audubon states this plant is thought to attract this broad family/group of birds. Attributes are plant-level resources and are not assigned to individual bird groups.
Ratibida columnifera,Red-Spike Mexican-Hat,Annuals/Per.,National Audubon Society Native Plants,https://www.audubon.org/native-plants/species/red-spike-mexican-hat?zipcode=78666,Seeds,seeds,Blackbirds and Orioles,Blackbirds and Orioles,,audubon_broad_family_group,habitat/resource support,Audubon broad bird-family support,False,False,trusted broad profile support,D - trusted Audubon broad plant profile; not species-level direct interaction,Audubon states this plant is thought to attract this broad family/group of birds. Attributes are plant-level resources and are not assigned to individual bird groups.
Ratibida columnifera,Red-Spike Mexican-Hat,Annuals/Per.,National Audubon Society Native Plants,https://www.audubon.org/native-plants/species/red-spike-mexican-hat?zipcode=78666,Seeds,seeds,New World Sparrows,New World Sparrows,,audubon_broad_family_group,habitat/resource support,Audubon broad bird-family support,False,False,trusted broad profile support,D - trusted Audubon broad plant profile; not species-level direct interaction,Audubon states this plant is thought to attract this broad family/group of birds. Attributes are plant-level resources and are not assigned to individual bird groups.
Ratibida columnifera,Red-Spike Mexican-Hat,Annuals/Per.,National Audubon Society Native Plants,https://www.audubon.org/native-plants/species/red-spike-mexican-hat?zipcode=78666,Seeds,seeds,Vireos,Vireos,,audubon_broad_family_group,habitat/resource support,Audubon broad bird-family support,False,False,trusted broad profile support,D - trusted Audubon broad plant profile; not species-level direct interaction,Audubon states this plant is thought to attract this broad family/group of birds. Attributes are plant-level resources and are not assigned to individual bird groups.
Ratibida columnifera,Red-Spike Mexican-Hat,Annuals/Per.,National Audubon Society Native Plants,https://www.audubon.org/native-plants/species/red-spike-mexican-hat?zipcode=78666,Seeds,seeds,Waxwings,Waxwings,,audubon_broad_family_group,habitat/resource support,Audubon broad bird-family support,False,False,trusted broad profile support,D - trusted Audubon broad plant profile; not species-level direct interaction,Audubon states this plant is thought to attract this broad family/group of birds. Attributes are plant-level resources and are not assigned to individual bird groups.
Ratibida columnifera,Red-Spike Mexican-Hat,Annuals/Per.,National Audubon Society Native Plants,https://www.audubon.org/native-plants/species/red-spike-mexican-hat?zipcode=78666,Seeds,seeds,Wood Warblers,Wood Warblers,,audubon_broad_family_group,habitat/resource support,Audubon broad bird-family support,False,False,trusted broad profile support,D - trusted Audubon broad plant profile; not species-level direct interaction,Audubon states this plant is thought to attract this broad family/group of birds. Attributes are plant-level resources and are not assigned to individual bird groups.
Ratibida columnifera,Red-Spike Mexican-Hat,Annuals/Per.,National Audubon Society Native Plants,https://www.audubon.org/native-plants/species/red-spike-mexican-hat?zipcode=78666,Seeds,seeds,Woodpeckers,Woodpeckers,,audubon_broad_family_group,habitat/resource support,Audubon broad bird-family support,False,False,trusted broad profile support,D - trusted Audubon broad plant profile; not species-level direct interaction,Audubon states this plant is thought to attract this broad family/group of birds. Attributes are plant-level resources and are not assigned to individual bird groups.
Cercis canadensis,Redbud,Trees,National Audubon Society Native Plants,https://www.audubon.org/native-plants/species/redbud?zipcode=78666,Butterflies; Caterpillars; Fruit; Nectar; Nuts,butterflies; caterpillars; fruit; nectar; nuts,"Cardinals, Grosbeaks and Buntings","Cardinals, Grosbeaks and Buntings",,audubon_broad_family_group,habitat/resource support,Audubon broad bird-family support,False,False,trusted broad profile support,D - trusted Audubon broad plant profile; not species-level direct interaction,Audubon states this plant is thought to attract this broad family/group of birds. Attributes are plant-level resources and are not assigned to individual bird groups.
Cercis canadensis,Redbud,Trees,National Audubon Society Native Plants,https://www.audubon.org/native-plants/species/redbud?zipcode=78666,Butterflies; Caterpillars; Fruit; Nectar; Nuts,butterflies; caterpillars; fruit; nectar; nuts,Chickadees and Titmice,Chickadees and Titmice,,audubon_broad_family_group,habitat/resource support,Audubon broad bird-family support,False,False,trusted broad profile support,D - trusted Audubon broad plant profile; not species-level direct interaction,Audubon states this plant is thought to attract this broad family/group of birds. Attributes are plant-level resources and are not assigned to individual bird groups.
Cercis canadensis,Redbud,Trees,National Audubon Society Native Plants,https://www.audubon.org/native-plants/species/redbud?zipcode=78666,Butterflies; Caterpillars; Fruit; Nectar; Nuts,butterflies; caterpillars; fruit; nectar; nuts,"Crows, Magpies, Jays","Crows, Magpies, Jays",,audubon_broad_family_group,habitat/resource support,Audubon broad bird-family support,False,False,trusted broad profile support,D - trusted Audubon broad plant profile; not species-level direct interaction,Audubon states this plant is thought to attract this broad family/group of birds. Attributes are plant-level resources and are not assigned to individual bird groups.
Cercis canadensis,Redbud,Trees,National Audubon Society Native Plants,https://www.audubon.org/native-plants/species/redbud?zipcode=78666,Butterflies; Caterpillars; Fruit; Nectar; Nuts,butterflies; caterpillars; fruit; nectar; nuts,Finches,Finches,,audubon_broad_family_group,habitat/resource support,Audubon broad bird-family support,False,False,trusted broad profile support,D - trusted Audubon broad plant profile; not species-level direct interaction,Audubon states this plant is thought to attract this broad family/group of birds. Attributes are plant-level resources and are not assigned to individual bird groups.
Cercis canadensis,Redbud,Trees,National Audubon Society Native Plants,https://www.audubon.org/native-plants/species/redbud?zipcode=78666,Butterflies; Caterpillars; Fruit; Nectar; Nuts,butterflies; caterpillars; fruit; nectar; nuts,Hummingbirds,Hummingbirds,,audubon_broad_family_group,habitat/resource support,Audubon broad bird-family support,False,False,trusted broad profile support,D - trusted Audubon broad plant profile; not species-level direct interaction,Audubon states this plant is thought to attract this broad family/group of birds. Attributes are plant-level resources and are not assigned to individual bird groups.
Cercis canadensis,Redbud,Trees,National Audubon Society Native Plants,https://www.audubon.org/native-plants/species/redbud?zipcode=78666,Butterflies; Caterpillars; Fruit; Nectar; Nuts,butterflies; caterpillars; fruit; nectar; nuts,Mockingbirds and Thrashers,Mockingbirds and Thrashers,,audubon_broad_family_group,habitat/resource support,Audubon broad bird-family support,False,False,trusted broad profile support,D - trusted Audubon broad plant profile; not species-level direct interaction,Audubon states this plant is thought to attract this broad family/group of birds. Attributes are plant-level resources and are not assigned to individual bird groups.
Cercis canadensis,Redbud,Trees,National Audubon Society Native Plants,https://www.audubon.org/native-plants/species/redbud?zipcode=78666,Butterflies; Caterpillars; Fruit; Nectar; Nuts,butterflies; caterpillars; fruit; nectar; nuts,Nuthatches,Nuthatches,,audubon_broad_family_group,habitat/resource support,Audubon broad bird-family support,False,False,trusted broad profile support,D - trusted Audubon broad plant profile; not species-level direct interaction,Audubon states this plant is thought to attract this broad family/group of birds. Attributes are plant-level resources and are not assigned to individual bird groups.
Cercis canadensis,Redbud,Trees,National Audubon Society Native Plants,https://www.audubon.org/native-plants/species/redbud?zipcode=78666,Butterflies; Caterpillars; Fruit; Nectar; Nuts,butterflies; caterpillars; fruit; nectar; nuts,Blackbirds and Orioles,Blackbirds and Orioles,,audubon_broad_family_group,habitat/resource support,Audubon broad bird-family support,False,False,trusted broad profile support,D - trusted Audubon broad plant profile; not species-level direct interaction,Audubon states this plant is thought to attract this broad family/group of birds. Attributes are plant-level resources and are not assigned to individual bird groups.
Cercis canadensis,Redbud,Trees,National Audubon Society Native Plants,https://www.audubon.org/native-plants/species/redbud?zipcode=78666,Butterflies; Caterpillars; Fruit; Nectar; Nuts,butterflies; caterpillars; fruit; nectar; nuts,New World Sparrows,New World Sparrows,,audubon_broad_family_group,habitat/resource support,Audubon broad bird-family support,False,False,trusted broad profile support,D - trusted Audubon broad plant profile; not species-level direct interaction,Audubon states this plant is thought to attract this broad family/group of birds. Attributes are plant-level resources and are not assigned to individual bird groups.
Cercis canadensis,Redbud,Trees,National Audubon Society Native Plants,https://www.audubon.org/native-plants/species/redbud?zipcode=78666,Butterflies; Caterpillars; Fruit; Nectar; Nuts,butterflies; caterpillars; fruit; nectar; nuts,Thrushes,Thrushes,,audubon_broad_family_group,habitat/resource support,Audubon broad bird-family support,False,False,trusted broad profile support,D - trusted Audubon broad plant profile; not species-level direct interaction,Audubon states this plant is thought to attract this broad family/group of birds. Attributes are plant-level resources and are not assigned to individual bird groups.
Cercis canadensis,Redbud,Trees,National Audubon Society Native Plants,https://www.audubon.org/native-plants/species/redbud?zipcode=78666,Butterflies; Caterpillars; Fruit; Nectar; Nuts,butterflies; caterpillars; fruit; nectar; nuts,Vireos,Vireos,,audubon_broad_family_group,habitat/resource support,Audubon broad bird-family support,False,False,trusted broad profile support,D - trusted Audubon broad plant profile; not species-level direct interaction,Audubon states this plant is thought to attract this broad family/group of birds. Attributes are plant-level resources and are not assigned to individual bird groups.
Cercis canadensis,Redbud,Trees,National Audubon Society Native Plants,https://www.audubon.org/native-plants/species/redbud?zipcode=78666,Butterflies; Caterpillars; Fruit; Nectar; Nuts,butterflies; caterpillars; fruit; nectar; nuts,Waxwings,Waxwings,,audubon_broad_family_group,habitat/resource support,Audubon broad bird-family support,False,False,trusted broad profile support,D - trusted Audubon broad plant profile; not species-level direct interaction,Audubon states this plant is thought to attract this broad family/group of birds. Attributes are plant-level resources and are not assigned to individual bird groups.
Cercis canadensis,Redbud,Trees,National Audubon Society Native Plants,https://www.audubon.org/native-plants/species/redbud?zipcode=78666,Butterflies; Caterpillars; Fruit; Nectar; Nuts,butterflies; caterpillars; fruit; nectar; nuts,Wood Warblers,Wood Warblers,,audubon_broad_family_group,habitat/resource support,Audubon broad bird-family support,False,False,trusted broad profile support,D - trusted Audubon broad plant profile; not species-level direct interaction,Audubon states this plant is thought to attract this broad family/group of birds. Attributes are plant-level resources and are not assigned to individual bird groups.
Cercis canadensis,Redbud,Trees,National Audubon Society Native Plants,https://www.audubon.org/native-plants/species/redbud?zipcode=78666,Butterflies; Caterpillars; Fruit; Nectar; Nuts,butterflies; caterpillars; fruit; nectar; nuts,Woodpeckers,Woodpeckers,,audubon_broad_family_group,habitat/resource support,Audubon broad bird-family support,False,False,trusted broad profile support,D - trusted Audubon broad plant profile; not species-level direct interaction,Audubon states this plant is thought to attract this broad family/group of birds. Attributes are plant-level resources and are not assigned to individual bird groups.
Cercis canadensis,Redbud,Trees,National Audubon Society Native Plants,https://www.audubon.org/native-plants/species/redbud?zipcode=78666,Butterflies; Caterpillars; Fruit; Nectar; Nuts,butterflies; caterpillars; fruit; nectar; nuts,Wrens,Wrens,,audubon_broad_family_group,habitat/resource support,Audubon broad bird-family support,False,False,trusted broad profile support,D - trusted Audubon broad plant profile; not species-level direct interaction,Audubon states this plant is thought to attract this broad family/group of birds. Attributes are plant-level resources and are not assigned to individual bird groups.
Cornus drummondii,Rough-Leaf Dogwood,"Shrubs, Trees",National Audubon Society Native Plants,https://www.audubon.org/native-plants/species/rough-leaf-dogwood?zipcode=78666,Butterflies; Caterpillars; Fruit,butterflies; caterpillars; fruit,"Cardinals, Grosbeaks and Buntings","Cardinals, Grosbeaks and Buntings",,audubon_broad_family_group,habitat/resource support,Audubon broad bird-family support,False,False,trusted broad profile support,D - trusted Audubon broad plant profile; not species-level direct interaction,Audubon states this plant is thought to attract this broad family/group of birds. Attributes are plant-level resources and are not assigned to individual bird groups.
Cornus drummondii,Rough-Leaf Dogwood,"Shrubs, Trees",National Audubon Society Native Plants,https://www.audubon.org/native-plants/species/rough-leaf-dogwood?zipcode=78666,Butterflies; Caterpillars; Fruit,butterflies; caterpillars; fruit,Chickadees and Titmice,Chickadees and Titmice,,audubon_broad_family_group,habitat/resource support,Audubon broad bird-family support,False,False,trusted broad profile support,D - trusted Audubon broad plant profile; not species-level direct interaction,Audubon states this plant is thought to attract this broad family/group of birds. Attributes are plant-level resources and are not assigned to individual bird groups.
Cornus drummondii,Rough-Leaf Dogwood,"Shrubs, Trees",National Audubon Society Native Plants,https://www.audubon.org/native-plants/species/rough-leaf-dogwood?zipcode=78666,Butterflies; Caterpillars; Fruit,butterflies; caterpillars; fruit,"Crows, Magpies, Jays","Crows, Magpies, Jays",,audubon_broad_family_group,habitat/resource support,Audubon broad bird-family support,False,False,trusted broad profile support,D - trusted Audubon broad plant profile; not species-level direct interaction,Audubon states this plant is thought to attract this broad family/group of birds. Attributes are plant-level resources and are not assigned to individual bird groups.
Cornus drummondii,Rough-Leaf Dogwood,"Shrubs, Trees",National Audubon Society Native Plants,https://www.audubon.org/native-plants/species/rough-leaf-dogwood?zipcode=78666,Butterflies; Caterpillars; Fruit,butterflies; caterpillars; fruit,Mockingbirds and Thrashers,Mockingbirds and Thrashers,,audubon_broad_family_group,habitat/resource support,Audubon broad bird-family support,False,False,trusted broad profile support,D - trusted Audubon broad plant profile; not species-level direct interaction,Audubon states this plant is thought to attract this broad family/group of birds. Attributes are plant-level resources and are not assigned to individual bird groups.
Cornus drummondii,Rough-Leaf Dogwood,"Shrubs, Trees",National Audubon Society Native Plants,https://www.audubon.org/native-plants/species/rough-leaf-dogwood?zipcode=78666,Butterflies; Caterpillars; Fruit,butterflies; caterpillars; fruit,Nuthatches,Nuthatches,,audubon_broad_family_group,habitat/resource support,Audubon broad bird-family support,False,False,trusted broad profile support,D - trusted Audubon broad plant profile; not species-level direct interaction,Audubon states this plant is thought to attract this broad family/group of birds. Attributes are plant-level resources and are not assigned to individual bird groups.
Cornus drummondii,Rough-Leaf Dogwood,"Shrubs, Trees",National Audubon Society Native Plants,https://www.audubon.org/native-plants/species/rough-leaf-dogwood?zipcode=78666,Butterflies; Caterpillars; Fruit,butterflies; caterpillars; fruit,Blackbirds and Orioles,Blackbirds and Orioles,,audubon_broad_family_group,habitat/resource support,Audubon broad bird-family support,False,False,trusted broad profile support,D - trusted Audubon broad plant profile; not species-level direct interaction,Audubon states this plant is thought to attract this broad family/group of birds. Attributes are plant-level resources and are not assigned to individual bird groups.
Cornus drummondii,Rough-Leaf Dogwood,"Shrubs, Trees",National Audubon Society Native Plants,https://www.audubon.org/native-plants/species/rough-leaf-dogwood?zipcode=78666,Butterflies; Caterpillars; Fruit,butterflies; caterpillars; fruit,New World Sparrows,New World Sparrows,,audubon_broad_family_group,habitat/resource support,Audubon broad bird-family support,False,False,trusted broad profile support,D - trusted Audubon broad plant profile; not species-level direct interaction,Audubon states this plant is thought to attract this broad family/group of birds. Attributes are plant-level resources and are not assigned to individual bird groups.
Cornus drummondii,Rough-Leaf Dogwood,"Shrubs, Trees",National Audubon Society Native Plants,https://www.audubon.org/native-plants/species/rough-leaf-dogwood?zipcode=78666,Butterflies; Caterpillars; Fruit,butterflies; caterpillars; fruit,Thrushes,Thrushes,,audubon_broad_family_group,habitat/resource support,Audubon broad bird-family support,False,False,trusted broad profile support,D - trusted Audubon broad plant profile; not species-level direct interaction,Audubon states this plant is thought to attract this broad family/group of birds. Attributes are plant-level resources and are not assigned to individual bird groups.
Cornus drummondii,Rough-Leaf Dogwood,"Shrubs, Trees",National Audubon Society Native Plants,https://www.audubon.org/native-plants/species/rough-leaf-dogwood?zipcode=78666,Butterflies; Caterpillars; Fruit,butterflies; caterpillars; fruit,Vireos,Vireos,,audubon_broad_family_group,habitat/resource support,Audubon broad bird-family support,False,False,trusted broad profile support,D - trusted Audubon broad plant profile; not species-level direct interaction,Audubon states this plant is thought to attract this broad family/group of birds. Attributes are plant-level resources and are not assigned to individual bird groups.
Cornus drummondii,Rough-Leaf Dogwood,"Shrubs, Trees",National Audubon Society Native Plants,https://www.audubon.org/native-plants/species/rough-leaf-dogwood?zipcode=78666,Butterflies; Caterpillars; Fruit,butterflies; caterpillars; fruit,Waxwings,Waxwings,,audubon_broad_family_group,habitat/resource support,Audubon broad bird-family support,False,False,trusted broad profile support,D - trusted Audubon broad plant profile; not species-level direct interaction,Audubon states this plant is thought to attract this broad family/group of birds. Attributes are plant-level resources and are not assigned to individual bird groups.
Cornus drummondii,Rough-Leaf Dogwood,"Shrubs, Trees",National Audubon Society Native Plants,https://www.audubon.org/native-plants/species/rough-leaf-dogwood?zipcode=78666,Butterflies; Caterpillars; Fruit,butterflies; caterpillars; fruit,Wood Warblers,Wood Warblers,,audubon_broad_family_group,habitat/resource support,Audubon broad bird-family support,False,False,trusted broad profile support,D - trusted Audubon broad plant profile; not species-level direct interaction,Audubon states this plant is thought to attract this broad family/group of birds. Attributes are plant-level resources and are not assigned to individual bird groups.
Cornus drummondii,Rough-Leaf Dogwood,"Shrubs, Trees",National Audubon Society Native Plants,https://www.audubon.org/native-plants/species/rough-leaf-dogwood?zipcode=78666,Butterflies; Caterpillars; Fruit,butterflies; caterpillars; fruit,Woodpeckers,Woodpeckers,,audubon_broad_family_group,habitat/resource support,Audubon broad bird-family support,False,False,trusted broad profile support,D - trusted Audubon broad plant profile; not species-level direct interaction,Audubon states this plant is thought to attract this broad family/group of birds. Attributes are plant-level resources and are not assigned to individual bird groups.
Cornus drummondii,Rough-Leaf Dogwood,"Shrubs, Trees",National Audubon Society Native Plants,https://www.audubon.org/native-plants/species/rough-leaf-dogwood?zipcode=78666,Butterflies; Caterpillars; Fruit,butterflies; caterpillars; fruit,Wrens,Wrens,,audubon_broad_family_group,habitat/resource support,Audubon broad bird-family support,False,False,trusted broad profile support,D - trusted Audubon broad plant profile; not species-level direct interaction,Audubon states this plant is thought to attract this broad family/group of birds. Attributes are plant-level resources and are not assigned to individual bird groups.
Viburnum rufidulum,Rusty Blackhaw,"Shrubs, Trees",National Audubon Society Native Plants,https://www.audubon.org/native-plants/species/rusty-blackhaw?zipcode=78666,Butterflies; Caterpillars; Fruit,butterflies; caterpillars; fruit,"Cardinals, Grosbeaks and Buntings","Cardinals, Grosbeaks and Buntings",,audubon_broad_family_group,habitat/resource support,Audubon broad bird-family support,False,False,trusted broad profile support,D - trusted Audubon broad plant profile; not species-level direct interaction,Audubon states this plant is thought to attract this broad family/group of birds. Attributes are plant-level resources and are not assigned to individual bird groups.
Viburnum rufidulum,Rusty Blackhaw,"Shrubs, Trees",National Audubon Society Native Plants,https://www.audubon.org/native-plants/species/rusty-blackhaw?zipcode=78666,Butterflies; Caterpillars; Fruit,butterflies; caterpillars; fruit,Chickadees and Titmice,Chickadees and Titmice,,audubon_broad_family_group,habitat/resource support,Audubon broad bird-family support,False,False,trusted broad profile support,D - trusted Audubon broad plant profile; not species-level direct interaction,Audubon states this plant is thought to attract this broad family/group of birds. Attributes are plant-level resources and are not assigned to individual bird groups.
Viburnum rufidulum,Rusty Blackhaw,"Shrubs, Trees",National Audubon Society Native Plants,https://www.audubon.org/native-plants/species/rusty-blackhaw?zipcode=78666,Butterflies; Caterpillars; Fruit,butterflies; caterpillars; fruit,"Crows, Magpies, Jays","Crows, Magpies, Jays",,audubon_broad_family_group,habitat/resource support,Audubon broad bird-family support,False,False,trusted broad profile support,D - trusted Audubon broad plant profile; not species-level direct interaction,Audubon states this plant is thought to attract this broad family/group of birds. Attributes are plant-level resources and are not assigned to individual bird groups.
Viburnum rufidulum,Rusty Blackhaw,"Shrubs, Trees",National Audubon Society Native Plants,https://www.audubon.org/native-plants/species/rusty-blackhaw?zipcode=78666,Butterflies; Caterpillars; Fruit,butterflies; caterpillars; fruit,Mockingbirds and Thrashers,Mockingbirds and Thrashers,,audubon_broad_family_group,habitat/resource support,Audubon broad bird-family support,False,False,trusted broad profile support,D - trusted Audubon broad plant profile; not species-level direct interaction,Audubon states this plant is thought to attract this broad family/group of birds. Attributes are plant-level resources and are not assigned to individual bird groups.
Viburnum rufidulum,Rusty Blackhaw,"Shrubs, Trees",National Audubon Society Native Plants,https://www.audubon.org/native-plants/species/rusty-blackhaw?zipcode=78666,Butterflies; Caterpillars; Fruit,butterflies; caterpillars; fruit,Nuthatches,Nuthatches,,audubon_broad_family_group,habitat/resource support,Audubon broad bird-family support,False,False,trusted broad profile support,D - trusted Audubon broad plant profile; not species-level direct interaction,Audubon states this plant is thought to attract this broad family/group of birds. Attributes are plant-level resources and are not assigned to individual bird groups.
Viburnum rufidulum,Rusty Blackhaw,"Shrubs, Trees",National Audubon Society Native Plants,https://www.audubon.org/native-plants/species/rusty-blackhaw?zipcode=78666,Butterflies; Caterpillars; Fruit,butterflies; caterpillars; fruit,Blackbirds and Orioles,Blackbirds and Orioles,,audubon_broad_family_group,habitat/resource support,Audubon broad bird-family support,False,False,trusted broad profile support,D - trusted Audubon broad plant profile; not species-level direct interaction,Audubon states this plant is thought to attract this broad family/group of birds. Attributes are plant-level resources and are not assigned to individual bird groups.
Viburnum rufidulum,Rusty Blackhaw,"Shrubs, Trees",National Audubon Society Native Plants,https://www.audubon.org/native-plants/species/rusty-blackhaw?zipcode=78666,Butterflies; Caterpillars; Fruit,butterflies; caterpillars; fruit,New World Sparrows,New World Sparrows,,audubon_broad_family_group,habitat/resource support,Audubon broad bird-family support,False,False,trusted broad profile support,D - trusted Audubon broad plant profile; not species-level direct interaction,Audubon states this plant is thought to attract this broad family/group of birds. Attributes are plant-level resources and are not assigned to individual bird groups.
Viburnum rufidulum,Rusty Blackhaw,"Shrubs, Trees",National Audubon Society Native Plants,https://www.audubon.org/native-plants/species/rusty-blackhaw?zipcode=78666,Butterflies; Caterpillars; Fruit,butterflies; caterpillars; fruit,Thrushes,Thrushes,,audubon_broad_family_group,habitat/resource support,Audubon broad bird-family support,False,False,trusted broad profile support,D - trusted Audubon broad plant profile; not species-level direct interaction,Audubon states this plant is thought to attract this broad family/group of birds. Attributes are plant-level resources and are not assigned to individual bird groups.
Viburnum rufidulum,Rusty Blackhaw,"Shrubs, Trees",National Audubon Society Native Plants,https://www.audubon.org/native-plants/species/rusty-blackhaw?zipcode=78666,Butterflies; Caterpillars; Fruit,butterflies; caterpillars; fruit,Vireos,Vireos,,audubon_broad_family_group,habitat/resource support,Audubon broad bird-family support,False,False,trusted broad profile support,D - trusted Audubon broad plant profile; not species-level direct interaction,Audubon states this plant is thought to attract this broad family/group of birds. Attributes are plant-level resources and are not assigned to individual bird groups.
Viburnum rufidulum,Rusty Blackhaw,"Shrubs, Trees",National Audubon Society Native Plants,https://www.audubon.org/native-plants/species/rusty-blackhaw?zipcode=78666,Butterflies; Caterpillars; Fruit,butterflies; caterpillars; fruit,Waxwings,Waxwings,,audubon_broad_family_group,habitat/resource support,Audubon broad bird-family support,False,False,trusted broad profile support,D - trusted Audubon broad plant profile; not species-level direct interaction,Audubon states this plant is thought to attract this broad family/group of birds. Attributes are plant-level resources and are not assigned to individual bird groups.
Viburnum rufidulum,Rusty Blackhaw,"Shrubs, Trees",National Audubon Society Native Plants,https://www.audubon.org/native-plants/species/rusty-blackhaw?zipcode=78666,Butterflies; Caterpillars; Fruit,butterflies; caterpillars; fruit,Wood Warblers,Wood Warblers,,audubon_broad_family_group,habitat/resource support,Audubon broad bird-family support,False,False,trusted broad profile support,D - trusted Audubon broad plant profile; not species-level direct interaction,Audubon states this plant is thought to attract this broad family/group of birds. Attributes are plant-level resources and are not assigned to individual bird groups.
Viburnum rufidulum,Rusty Blackhaw,"Shrubs, Trees",National Audubon Society Native Plants,https://www.audubon.org/native-plants/species/rusty-blackhaw?zipcode=78666,Butterflies; Caterpillars; Fruit,butterflies; caterpillars; fruit,Woodpeckers,Woodpeckers,,audubon_broad_family_group,habitat/resource support,Audubon broad bird-family support,False,False,trusted broad profile support,D - trusted Audubon broad plant profile; not species-level direct interaction,Audubon states this plant is thought to attract this broad family/group of birds. Attributes are plant-level resources and are not assigned to individual bird groups.
Viburnum rufidulum,Rusty Blackhaw,"Shrubs, Trees",National Audubon Society Native Plants,https://www.audubon.org/native-plants/species/rusty-blackhaw?zipcode=78666,Butterflies; Caterpillars; Fruit,butterflies; caterpillars; fruit,Wrens,Wrens,,audubon_broad_family_group,habitat/resource support,Audubon broad bird-family support,False,False,trusted broad profile support,D - trusted Audubon broad plant profile; not species-level direct interaction,Audubon states this plant is thought to attract this broad family/group of birds. Attributes are plant-level resources and are not assigned to individual bird groups.
Celtis ehrenbergiana,Shiny Hackberry,"Shrubs, Trees",National Audubon Society Native Plants,https://www.audubon.org/native-plants/species/shiny-hackberry?zipcode=78666,Butterflies; Caterpillars; Fruit,butterflies; caterpillars; fruit,"Cardinals, Grosbeaks and Buntings","Cardinals, Grosbeaks and Buntings",,audubon_broad_family_group,habitat/resource support,Audubon broad bird-family support,False,False,trusted broad profile support,D - trusted Audubon broad plant profile; not species-level direct interaction,Audubon states this plant is thought to attract this broad family/group of birds. Attributes are plant-level resources and are not assigned to individual bird groups.
Celtis ehrenbergiana,Shiny Hackberry,"Shrubs, Trees",National Audubon Society Native Plants,https://www.audubon.org/native-plants/species/shiny-hackberry?zipcode=78666,Butterflies; Caterpillars; Fruit,butterflies; caterpillars; fruit,Chickadees and Titmice,Chickadees and Titmice,,audubon_broad_family_group,habitat/resource support,Audubon broad bird-family support,False,False,trusted broad profile support,D - trusted Audubon broad plant profile; not species-level direct interaction,Audubon states this plant is thought to attract this broad family/group of birds. Attributes are plant-level resources and are not assigned to individual bird groups.
Celtis ehrenbergiana,Shiny Hackberry,"Shrubs, Trees",National Audubon Society Native Plants,https://www.audubon.org/native-plants/species/shiny-hackberry?zipcode=78666,Butterflies; Caterpillars; Fruit,butterflies; caterpillars; fruit,"Crows, Magpies, Jays","Crows, Magpies, Jays",,audubon_broad_family_group,habitat/resource support,Audubon broad bird-family support,False,False,trusted broad profile support,D - trusted Audubon broad plant profile; not species-level direct interaction,Audubon states this plant is thought to attract this broad family/group of birds. Attributes are plant-level resources and are not assigned to individual bird groups.
Celtis ehrenbergiana,Shiny Hackberry,"Shrubs, Trees",National Audubon Society Native Plants,https://www.audubon.org/native-plants/species/shiny-hackberry?zipcode=78666,Butterflies; Caterpillars; Fruit,butterflies; caterpillars; fruit,Mockingbirds and Thrashers,Mockingbirds and Thrashers,,audubon_broad_family_group,habitat/resource support,Audubon broad bird-family support,False,False,trusted broad profile support,D - trusted Audubon broad plant profile; not species-level direct interaction,Audubon states this plant is thought to attract this broad family/group of birds. Attributes are plant-level resources and are not assigned to individual bird groups.
Celtis ehrenbergiana,Shiny Hackberry,"Shrubs, Trees",National Audubon Society Native Plants,https://www.audubon.org/native-plants/species/shiny-hackberry?zipcode=78666,Butterflies; Caterpillars; Fruit,butterflies; caterpillars; fruit,Nuthatches,Nuthatches,,audubon_broad_family_group,habitat/resource support,Audubon broad bird-family support,False,False,trusted broad profile support,D - trusted Audubon broad plant profile; not species-level direct interaction,Audubon states this plant is thought to attract this broad family/group of birds. Attributes are plant-level resources and are not assigned to individual bird groups.
Celtis ehrenbergiana,Shiny Hackberry,"Shrubs, Trees",National Audubon Society Native Plants,https://www.audubon.org/native-plants/species/shiny-hackberry?zipcode=78666,Butterflies; Caterpillars; Fruit,butterflies; caterpillars; fruit,Blackbirds and Orioles,Blackbirds and Orioles,,audubon_broad_family_group,habitat/resource support,Audubon broad bird-family support,False,False,trusted broad profile support,D - trusted Audubon broad plant profile; not species-level direct interaction,Audubon states this plant is thought to attract this broad family/group of birds. Attributes are plant-level resources and are not assigned to individual bird groups.
Celtis ehrenbergiana,Shiny Hackberry,"Shrubs, Trees",National Audubon Society Native Plants,https://www.audubon.org/native-plants/species/shiny-hackberry?zipcode=78666,Butterflies; Caterpillars; Fruit,butterflies; caterpillars; fruit,New World Sparrows,New World Sparrows,,audubon_broad_family_group,habitat/resource support,Audubon broad bird-family support,False,False,trusted broad profile support,D - trusted Audubon broad plant profile; not species-level direct interaction,Audubon states this plant is thought to attract this broad family/group of birds. Attributes are plant-level resources and are not assigned to individual bird groups.
Celtis ehrenbergiana,Shiny Hackberry,"Shrubs, Trees",National Audubon Society Native Plants,https://www.audubon.org/native-plants/species/shiny-hackberry?zipcode=78666,Butterflies; Caterpillars; Fruit,butterflies; caterpillars; fruit,Thrushes,Thrushes,,audubon_broad_family_group,habitat/resource support,Audubon broad bird-family support,False,False,trusted broad profile support,D - trusted Audubon broad plant profile; not species-level direct interaction,Audubon states this plant is thought to attract this broad family/group of birds. Attributes are plant-level resources and are not assigned to individual bird groups.
Celtis ehrenbergiana,Shiny Hackberry,"Shrubs, Trees",National Audubon Society Native Plants,https://www.audubon.org/native-plants/species/shiny-hackberry?zipcode=78666,Butterflies; Caterpillars; Fruit,butterflies; caterpillars; fruit,Vireos,Vireos,,audubon_broad_family_group,habitat/resource support,Audubon broad bird-family support,False,False,trusted broad profile support,D - trusted Audubon broad plant profile; not species-level direct interaction,Audubon states this plant is thought to attract this broad family/group of birds. Attributes are plant-level resources and are not assigned to individual bird groups.
Celtis ehrenbergiana,Shiny Hackberry,"Shrubs, Trees",National Audubon Society Native Plants,https://www.audubon.org/native-plants/species/shiny-hackberry?zipcode=78666,Butterflies; Caterpillars; Fruit,butterflies; caterpillars; fruit,Waxwings,Waxwings,,audubon_broad_family_group,habitat/resource support,Audubon broad bird-family support,False,False,trusted broad profile support,D - trusted Audubon broad plant profile; not species-level direct interaction,Audubon states this plant is thought to attract this broad family/group of birds. Attributes are plant-level resources and are not assigned to individual bird groups.
Celtis ehrenbergiana,Shiny Hackberry,"Shrubs, Trees",National Audubon Society Native Plants,https://www.audubon.org/native-plants/species/shiny-hackberry?zipcode=78666,Butterflies; Caterpillars; Fruit,butterflies; caterpillars; fruit,Wood Warblers,Wood Warblers,,audubon_broad_family_group,habitat/resource support,Audubon broad bird-family support,False,False,trusted broad profile support,D - trusted Audubon broad plant profile; not species-level direct interaction,Audubon states this plant is thought to attract this broad family/group of birds. Attributes are plant-level resources and are not assigned to individual bird groups.
Celtis ehrenbergiana,Shiny Hackberry,"Shrubs, Trees",National Audubon Society Native Plants,https://www.audubon.org/native-plants/species/shiny-hackberry?zipcode=78666,Butterflies; Caterpillars; Fruit,butterflies; caterpillars; fruit,Woodpeckers,Woodpeckers,,audubon_broad_family_group,habitat/resource support,Audubon broad bird-family support,False,False,trusted broad profile support,D - trusted Audubon broad plant profile; not species-level direct interaction,Audubon states this plant is thought to attract this broad family/group of birds. Attributes are plant-level resources and are not assigned to individual bird groups.
Celtis ehrenbergiana,Shiny Hackberry,"Shrubs, Trees",National Audubon Society Native Plants,https://www.audubon.org/native-plants/species/shiny-hackberry?zipcode=78666,Butterflies; Caterpillars; Fruit,butterflies; caterpillars; fruit,Wrens,Wrens,,audubon_broad_family_group,habitat/resource support,Audubon broad bird-family support,False,False,trusted broad profile support,D - trusted Audubon broad plant profile; not species-level direct interaction,Audubon states this plant is thought to attract this broad family/group of birds. Attributes are plant-level resources and are not assigned to individual bird groups.
Solidago speciosa,Showy Goldenrod,Annuals/Per.,National Audubon Society Native Plants,https://www.audubon.org/native-plants/species/showy-goldenrod?zipcode=78666,Butterflies; Caterpillars; Fruit; Nuts,butterflies; caterpillars; fruit; nuts,"Cardinals, Grosbeaks and Buntings","Cardinals, Grosbeaks and Buntings",,audubon_broad_family_group,habitat/resource support,Audubon broad bird-family support,False,False,trusted broad profile support,D - trusted Audubon broad plant profile; not species-level direct interaction,Audubon states this plant is thought to attract this broad family/group of birds. Attributes are plant-level resources and are not assigned to individual bird groups.
Solidago speciosa,Showy Goldenrod,Annuals/Per.,National Audubon Society Native Plants,https://www.audubon.org/native-plants/species/showy-goldenrod?zipcode=78666,Butterflies; Caterpillars; Fruit; Nuts,butterflies; caterpillars; fruit; nuts,Chickadees and Titmice,Chickadees and Titmice,,audubon_broad_family_group,habitat/resource support,Audubon broad bird-family support,False,False,trusted broad profile support,D - trusted Audubon broad plant profile; not species-level direct interaction,Audubon states this plant is thought to attract this broad family/group of birds. Attributes are plant-level resources and are not assigned to individual bird groups.
Solidago speciosa,Showy Goldenrod,Annuals/Per.,National Audubon Society Native Plants,https://www.audubon.org/native-plants/species/showy-goldenrod?zipcode=78666,Butterflies; Caterpillars; Fruit; Nuts,butterflies; caterpillars; fruit; nuts,"Crows, Magpies, Jays","Crows, Magpies, Jays",,audubon_broad_family_group,habitat/resource support,Audubon broad bird-family support,False,False,trusted broad profile support,D - trusted Audubon broad plant profile; not species-level direct interaction,Audubon states this plant is thought to attract this broad family/group of birds. Attributes are plant-level resources and are not assigned to individual bird groups.
Solidago speciosa,Showy Goldenrod,Annuals/Per.,National Audubon Society Native Plants,https://www.audubon.org/native-plants/species/showy-goldenrod?zipcode=78666,Butterflies; Caterpillars; Fruit; Nuts,butterflies; caterpillars; fruit; nuts,Finches,Finches,,audubon_broad_family_group,habitat/resource support,Audubon broad bird-family support,False,False,trusted broad profile support,D - trusted Audubon broad plant profile; not species-level direct interaction,Audubon states this plant is thought to attract this broad family/group of birds. Attributes are plant-level resources and are not assigned to individual bird groups.
Solidago speciosa,Showy Goldenrod,Annuals/Per.,National Audubon Society Native Plants,https://www.audubon.org/native-plants/species/showy-goldenrod?zipcode=78666,Butterflies; Caterpillars; Fruit; Nuts,butterflies; caterpillars; fruit; nuts,Mockingbirds and Thrashers,Mockingbirds and Thrashers,,audubon_broad_family_group,habitat/resource support,Audubon broad bird-family support,False,False,trusted broad profile support,D - trusted Audubon broad plant profile; not species-level direct interaction,Audubon states this plant is thought to attract this broad family/group of birds. Attributes are plant-level resources and are not assigned to individual bird groups.
Solidago speciosa,Showy Goldenrod,Annuals/Per.,National Audubon Society Native Plants,https://www.audubon.org/native-plants/species/showy-goldenrod?zipcode=78666,Butterflies; Caterpillars; Fruit; Nuts,butterflies; caterpillars; fruit; nuts,Nuthatches,Nuthatches,,audubon_broad_family_group,habitat/resource support,Audubon broad bird-family support,False,False,trusted broad profile support,D - trusted Audubon broad plant profile; not species-level direct interaction,Audubon states this plant is thought to attract this broad family/group of birds. Attributes are plant-level resources and are not assigned to individual bird groups.
Solidago speciosa,Showy Goldenrod,Annuals/Per.,National Audubon Society Native Plants,https://www.audubon.org/native-plants/species/showy-goldenrod?zipcode=78666,Butterflies; Caterpillars; Fruit; Nuts,butterflies; caterpillars; fruit; nuts,Blackbirds and Orioles,Blackbirds and Orioles,,audubon_broad_family_group,habitat/resource support,Audubon broad bird-family support,False,False,trusted broad profile support,D - trusted Audubon broad plant profile; not species-level direct interaction,Audubon states this plant is thought to attract this broad family/group of birds. Attributes are plant-level resources and are not assigned to individual bird groups.
Solidago speciosa,Showy Goldenrod,Annuals/Per.,National Audubon Society Native Plants,https://www.audubon.org/native-plants/species/showy-goldenrod?zipcode=78666,Butterflies; Caterpillars; Fruit; Nuts,butterflies; caterpillars; fruit; nuts,New World Sparrows,New World Sparrows,,audubon_broad_family_group,habitat/resource support,Audubon broad bird-family support,False,False,trusted broad profile support,D - trusted Audubon broad plant profile; not species-level direct interaction,Audubon states this plant is thought to attract this broad family/group of birds. Attributes are plant-level resources and are not assigned to individual bird groups.
Solidago speciosa,Showy Goldenrod,Annuals/Per.,National Audubon Society Native Plants,https://www.audubon.org/native-plants/species/showy-goldenrod?zipcode=78666,Butterflies; Caterpillars; Fruit; Nuts,butterflies; caterpillars; fruit; nuts,Thrushes,Thrushes,,audubon_broad_family_group,habitat/resource support,Audubon broad bird-family support,False,False,trusted broad profile support,D - trusted Audubon broad plant profile; not species-level direct interaction,Audubon states this plant is thought to attract this broad family/group of birds. Attributes are plant-level resources and are not assigned to individual bird groups.
Solidago speciosa,Showy Goldenrod,Annuals/Per.,National Audubon Society Native Plants,https://www.audubon.org/native-plants/species/showy-goldenrod?zipcode=78666,Butterflies; Caterpillars; Fruit; Nuts,butterflies; caterpillars; fruit; nuts,Vireos,Vireos,,audubon_broad_family_group,habitat/resource support,Audubon broad bird-family support,False,False,trusted broad profile support,D - trusted Audubon broad plant profile; not species-level direct interaction,Audubon states this plant is thought to attract this broad family/group of birds. Attributes are plant-level resources and are not assigned to individual bird groups.
Solidago speciosa,Showy Goldenrod,Annuals/Per.,National Audubon Society Native Plants,https://www.audubon.org/native-plants/species/showy-goldenrod?zipcode=78666,Butterflies; Caterpillars; Fruit; Nuts,butterflies; caterpillars; fruit; nuts,Waxwings,Waxwings,,audubon_broad_family_group,habitat/resource support,Audubon broad bird-family support,False,False,trusted broad profile support,D - trusted Audubon broad plant profile; not species-level direct interaction,Audubon states this plant is thought to attract this broad family/group of birds. Attributes are plant-level resources and are not assigned to individual bird groups.
Solidago speciosa,Showy Goldenrod,Annuals/Per.,National Audubon Society Native Plants,https://www.audubon.org/native-plants/species/showy-goldenrod?zipcode=78666,Butterflies; Caterpillars; Fruit; Nuts,butterflies; caterpillars; fruit; nuts,Wood Warblers,Wood Warblers,,audubon_broad_family_group,habitat/resource support,Audubon broad bird-family support,False,False,trusted broad profile support,D - trusted Audubon broad plant profile; not species-level direct interaction,Audubon states this plant is thought to attract this broad family/group of birds. Attributes are plant-level resources and are not assigned to individual bird groups.
Solidago speciosa,Showy Goldenrod,Annuals/Per.,National Audubon Society Native Plants,https://www.audubon.org/native-plants/species/showy-goldenrod?zipcode=78666,Butterflies; Caterpillars; Fruit; Nuts,butterflies; caterpillars; fruit; nuts,Woodpeckers,Woodpeckers,,audubon_broad_family_group,habitat/resource support,Audubon broad bird-family support,False,False,trusted broad profile support,D - trusted Audubon broad plant profile; not species-level direct interaction,Audubon states this plant is thought to attract this broad family/group of birds. Attributes are plant-level resources and are not assigned to individual bird groups.
Solidago speciosa,Showy Goldenrod,Annuals/Per.,National Audubon Society Native Plants,https://www.audubon.org/native-plants/species/showy-goldenrod?zipcode=78666,Butterflies; Caterpillars; Fruit; Nuts,butterflies; caterpillars; fruit; nuts,Wrens,Wrens,,audubon_broad_family_group,habitat/resource support,Audubon broad bird-family support,False,False,trusted broad profile support,D - trusted Audubon broad plant profile; not species-level direct interaction,Audubon states this plant is thought to attract this broad family/group of birds. Attributes are plant-level resources and are not assigned to individual bird groups.
Quercus shumardii,Shumard's Oak,Trees,National Audubon Society Native Plants,https://www.audubon.org/native-plants/species/shumards-oak?zipcode=78666,Butterflies; Caterpillars; Fruit; Nuts,butterflies; caterpillars; fruit; nuts,"Cardinals, Grosbeaks and Buntings","Cardinals, Grosbeaks and Buntings",,audubon_broad_family_group,habitat/resource support,Audubon broad bird-family support,False,False,trusted broad profile support,D - trusted Audubon broad plant profile; not species-level direct interaction,Audubon states this plant is thought to attract this broad family/group of birds. Attributes are plant-level resources and are not assigned to individual bird groups.
Quercus shumardii,Shumard's Oak,Trees,National Audubon Society Native Plants,https://www.audubon.org/native-plants/species/shumards-oak?zipcode=78666,Butterflies; Caterpillars; Fruit; Nuts,butterflies; caterpillars; fruit; nuts,Chickadees and Titmice,Chickadees and Titmice,,audubon_broad_family_group,habitat/resource support,Audubon broad bird-family support,False,False,trusted broad profile support,D - trusted Audubon broad plant profile; not species-level direct interaction,Audubon states this plant is thought to attract this broad family/group of birds. Attributes are plant-level resources and are not assigned to individual bird groups.
Quercus shumardii,Shumard's Oak,Trees,National Audubon Society Native Plants,https://www.audubon.org/native-plants/species/shumards-oak?zipcode=78666,Butterflies; Caterpillars; Fruit; Nuts,butterflies; caterpillars; fruit; nuts,"Crows, Magpies, Jays","Crows, Magpies, Jays",,audubon_broad_family_group,habitat/resource support,Audubon broad bird-family support,False,False,trusted broad profile support,D - trusted Audubon broad plant profile; not species-level direct interaction,Audubon states this plant is thought to attract this broad family/group of birds. Attributes are plant-level resources and are not assigned to individual bird groups.
Quercus shumardii,Shumard's Oak,Trees,National Audubon Society Native Plants,https://www.audubon.org/native-plants/species/shumards-oak?zipcode=78666,Butterflies; Caterpillars; Fruit; Nuts,butterflies; caterpillars; fruit; nuts,Finches,Finches,,audubon_broad_family_group,habitat/resource support,Audubon broad bird-family support,False,False,trusted broad profile support,D - trusted Audubon broad plant profile; not species-level direct interaction,Audubon states this plant is thought to attract this broad family/group of birds. Attributes are plant-level resources and are not assigned to individual bird groups.
Quercus shumardii,Shumard's Oak,Trees,National Audubon Society Native Plants,https://www.audubon.org/native-plants/species/shumards-oak?zipcode=78666,Butterflies; Caterpillars; Fruit; Nuts,butterflies; caterpillars; fruit; nuts,Mockingbirds and Thrashers,Mockingbirds and Thrashers,,audubon_broad_family_group,habitat/resource support,Audubon broad bird-family support,False,False,trusted broad profile support,D - trusted Audubon broad plant profile; not species-level direct interaction,Audubon states this plant is thought to attract this broad family/group of birds. Attributes are plant-level resources and are not assigned to individual bird groups.
Quercus shumardii,Shumard's Oak,Trees,National Audubon Society Native Plants,https://www.audubon.org/native-plants/species/shumards-oak?zipcode=78666,Butterflies; Caterpillars; Fruit; Nuts,butterflies; caterpillars; fruit; nuts,Nuthatches,Nuthatches,,audubon_broad_family_group,habitat/resource support,Audubon broad bird-family support,False,False,trusted broad profile support,D - trusted Audubon broad plant profile; not species-level direct interaction,Audubon states this plant is thought to attract this broad family/group of birds. Attributes are plant-level resources and are not assigned to individual bird groups.
Quercus shumardii,Shumard's Oak,Trees,National Audubon Society Native Plants,https://www.audubon.org/native-plants/species/shumards-oak?zipcode=78666,Butterflies; Caterpillars; Fruit; Nuts,butterflies; caterpillars; fruit; nuts,Blackbirds and Orioles,Blackbirds and Orioles,,audubon_broad_family_group,habitat/resource support,Audubon broad bird-family support,False,False,trusted broad profile support,D - trusted Audubon broad plant profile; not species-level direct interaction,Audubon states this plant is thought to attract this broad family/group of birds. Attributes are plant-level resources and are not assigned to individual bird groups.
Quercus shumardii,Shumard's Oak,Trees,National Audubon Society Native Plants,https://www.audubon.org/native-plants/species/shumards-oak?zipcode=78666,Butterflies; Caterpillars; Fruit; Nuts,butterflies; caterpillars; fruit; nuts,New World Sparrows,New World Sparrows,,audubon_broad_family_group,habitat/resource support,Audubon broad bird-family support,False,False,trusted broad profile support,D - trusted Audubon broad plant profile; not species-level direct interaction,Audubon states this plant is thought to attract this broad family/group of birds. Attributes are plant-level resources and are not assigned to individual bird groups.
Quercus shumardii,Shumard's Oak,Trees,National Audubon Society Native Plants,https://www.audubon.org/native-plants/species/shumards-oak?zipcode=78666,Butterflies; Caterpillars; Fruit; Nuts,butterflies; caterpillars; fruit; nuts,Thrushes,Thrushes,,audubon_broad_family_group,habitat/resource support,Audubon broad bird-family support,False,False,trusted broad profile support,D - trusted Audubon broad plant profile; not species-level direct interaction,Audubon states this plant is thought to attract this broad family/group of birds. Attributes are plant-level resources and are not assigned to individual bird groups.
Quercus shumardii,Shumard's Oak,Trees,National Audubon Society Native Plants,https://www.audubon.org/native-plants/species/shumards-oak?zipcode=78666,Butterflies; Caterpillars; Fruit; Nuts,butterflies; caterpillars; fruit; nuts,Vireos,Vireos,,audubon_broad_family_group,habitat/resource support,Audubon broad bird-family support,False,False,trusted broad profile support,D - trusted Audubon broad plant profile; not species-level direct interaction,Audubon states this plant is thought to attract this broad family/group of birds. Attributes are plant-level resources and are not assigned to individual bird groups.
Quercus shumardii,Shumard's Oak,Trees,National Audubon Society Native Plants,https://www.audubon.org/native-plants/species/shumards-oak?zipcode=78666,Butterflies; Caterpillars; Fruit; Nuts,butterflies; caterpillars; fruit; nuts,Waxwings,Waxwings,,audubon_broad_family_group,habitat/resource support,Audubon broad bird-family support,False,False,trusted broad profile support,D - trusted Audubon broad plant profile; not species-level direct interaction,Audubon states this plant is thought to attract this broad family/group of birds. Attributes are plant-level resources and are not assigned to individual bird groups.
Quercus shumardii,Shumard's Oak,Trees,National Audubon Society Native Plants,https://www.audubon.org/native-plants/species/shumards-oak?zipcode=78666,Butterflies; Caterpillars; Fruit; Nuts,butterflies; caterpillars; fruit; nuts,Wood Warblers,Wood Warblers,,audubon_broad_family_group,habitat/resource support,Audubon broad bird-family support,False,False,trusted broad profile support,D - trusted Audubon broad plant profile; not species-level direct interaction,Audubon states this plant is thought to attract this broad family/group of birds. Attributes are plant-level resources and are not assigned to individual bird groups.
Quercus shumardii,Shumard's Oak,Trees,National Audubon Society Native Plants,https://www.audubon.org/native-plants/species/shumards-oak?zipcode=78666,Butterflies; Caterpillars; Fruit; Nuts,butterflies; caterpillars; fruit; nuts,Woodpeckers,Woodpeckers,,audubon_broad_family_group,habitat/resource support,Audubon broad bird-family support,False,False,trusted broad profile support,D - trusted Audubon broad plant profile; not species-level direct interaction,Audubon states this plant is thought to attract this broad family/group of birds. Attributes are plant-level resources and are not assigned to individual bird groups.
Quercus shumardii,Shumard's Oak,Trees,National Audubon Society Native Plants,https://www.audubon.org/native-plants/species/shumards-oak?zipcode=78666,Butterflies; Caterpillars; Fruit; Nuts,butterflies; caterpillars; fruit; nuts,Wrens,Wrens,,audubon_broad_family_group,habitat/resource support,Audubon broad bird-family support,False,False,trusted broad profile support,D - trusted Audubon broad plant profile; not species-level direct interaction,Audubon states this plant is thought to attract this broad family/group of birds. Attributes are plant-level resources and are not assigned to individual bird groups.
Bouteloua curtipendula,Side-Oats Grama,Grasses,National Audubon Society Native Plants,https://www.audubon.org/native-plants/species/side-oats-grama?zipcode=78666,Fruit; Nuts; Seeds,fruit; nuts; seeds,"Cardinals, Grosbeaks and Buntings","Cardinals, Grosbeaks and Buntings",,audubon_broad_family_group,habitat/resource support,Audubon broad bird-family support,False,False,trusted broad profile support,D - trusted Audubon broad plant profile; not species-level direct interaction,Audubon states this plant is thought to attract this broad family/group of birds. Attributes are plant-level resources and are not assigned to individual bird groups.
Bouteloua curtipendula,Side-Oats Grama,Grasses,National Audubon Society Native Plants,https://www.audubon.org/native-plants/species/side-oats-grama?zipcode=78666,Fruit; Nuts; Seeds,fruit; nuts; seeds,Chickadees and Titmice,Chickadees and Titmice,,audubon_broad_family_group,habitat/resource support,Audubon broad bird-family support,False,False,trusted broad profile support,D - trusted Audubon broad plant profile; not species-level direct interaction,Audubon states this plant is thought to attract this broad family/group of birds. Attributes are plant-level resources and are not assigned to individual bird groups.
Bouteloua curtipendula,Side-Oats Grama,Grasses,National Audubon Society Native Plants,https://www.audubon.org/native-plants/species/side-oats-grama?zipcode=78666,Fruit; Nuts; Seeds,fruit; nuts; seeds,"Crows, Magpies, Jays","Crows, Magpies, Jays",,audubon_broad_family_group,habitat/resource support,Audubon broad bird-family support,False,False,trusted broad profile support,D - trusted Audubon broad plant profile; not species-level direct interaction,Audubon states this plant is thought to attract this broad family/group of birds. Attributes are plant-level resources and are not assigned to individual bird groups.
Bouteloua curtipendula,Side-Oats Grama,Grasses,National Audubon Society Native Plants,https://www.audubon.org/native-plants/species/side-oats-grama?zipcode=78666,Fruit; Nuts; Seeds,fruit; nuts; seeds,Finches,Finches,,audubon_broad_family_group,habitat/resource support,Audubon broad bird-family support,False,False,trusted broad profile support,D - trusted Audubon broad plant profile; not species-level direct interaction,Audubon states this plant is thought to attract this broad family/group of birds. Attributes are plant-level resources and are not assigned to individual bird groups.
Bouteloua curtipendula,Side-Oats Grama,Grasses,National Audubon Society Native Plants,https://www.audubon.org/native-plants/species/side-oats-grama?zipcode=78666,Fruit; Nuts; Seeds,fruit; nuts; seeds,Nuthatches,Nuthatches,,audubon_broad_family_group,habitat/resource support,Audubon broad bird-family support,False,False,trusted broad profile support,D - trusted Audubon broad plant profile; not species-level direct interaction,Audubon states this plant is thought to attract this broad family/group of birds. Attributes are plant-level resources and are not assigned to individual bird groups.
Bouteloua curtipendula,Side-Oats Grama,Grasses,National Audubon Society Native Plants,https://www.audubon.org/native-plants/species/side-oats-grama?zipcode=78666,Fruit; Nuts; Seeds,fruit; nuts; seeds,New World Sparrows,New World Sparrows,,audubon_broad_family_group,habitat/resource support,Audubon broad bird-family support,False,False,trusted broad profile support,D - trusted Audubon broad plant profile; not species-level direct interaction,Audubon states this plant is thought to attract this broad family/group of birds. Attributes are plant-level resources and are not assigned to individual bird groups.
Bouteloua curtipendula,Side-Oats Grama,Grasses,National Audubon Society Native Plants,https://www.audubon.org/native-plants/species/side-oats-grama?zipcode=78666,Fruit; Nuts; Seeds,fruit; nuts; seeds,Woodpeckers,Woodpeckers,,audubon_broad_family_group,habitat/resource support,Audubon broad bird-family support,False,False,trusted broad profile support,D - trusted Audubon broad plant profile; not species-level direct interaction,Audubon states this plant is thought to attract this broad family/group of birds. Attributes are plant-level resources and are not assigned to individual bird groups.
Taxodium distichum,Southern Bald-Cypress,Trees,National Audubon Society Native Plants,https://www.audubon.org/native-plants/species/southern-bald-cypress?zipcode=78666,Butterflies; Caterpillars; Seeds,butterflies; caterpillars; seeds,"Cardinals, Grosbeaks and Buntings","Cardinals, Grosbeaks and Buntings",,audubon_broad_family_group,habitat/resource support,Audubon broad bird-family support,False,False,trusted broad profile support,D - trusted Audubon broad plant profile; not species-level direct interaction,Audubon states this plant is thought to attract this broad family/group of birds. Attributes are plant-level resources and are not assigned to individual bird groups.
Taxodium distichum,Southern Bald-Cypress,Trees,National Audubon Society Native Plants,https://www.audubon.org/native-plants/species/southern-bald-cypress?zipcode=78666,Butterflies; Caterpillars; Seeds,butterflies; caterpillars; seeds,Chickadees and Titmice,Chickadees and Titmice,,audubon_broad_family_group,habitat/resource support,Audubon broad bird-family support,False,False,trusted broad profile support,D - trusted Audubon broad plant profile; not species-level direct interaction,Audubon states this plant is thought to attract this broad family/group of birds. Attributes are plant-level resources and are not assigned to individual bird groups.
Taxodium distichum,Southern Bald-Cypress,Trees,National Audubon Society Native Plants,https://www.audubon.org/native-plants/species/southern-bald-cypress?zipcode=78666,Butterflies; Caterpillars; Seeds,butterflies; caterpillars; seeds,"Crows, Magpies, Jays","Crows, Magpies, Jays",,audubon_broad_family_group,habitat/resource support,Audubon broad bird-family support,False,False,trusted broad profile support,D - trusted Audubon broad plant profile; not species-level direct interaction,Audubon states this plant is thought to attract this broad family/group of birds. Attributes are plant-level resources and are not assigned to individual bird groups.
Taxodium distichum,Southern Bald-Cypress,Trees,National Audubon Society Native Plants,https://www.audubon.org/native-plants/species/southern-bald-cypress?zipcode=78666,Butterflies; Caterpillars; Seeds,butterflies; caterpillars; seeds,Finches,Finches,,audubon_broad_family_group,habitat/resource support,Audubon broad bird-family support,False,False,trusted broad profile support,D - trusted Audubon broad plant profile; not species-level direct interaction,Audubon states this plant is thought to attract this broad family/group of birds. Attributes are plant-level resources and are not assigned to individual bird groups.
Taxodium distichum,Southern Bald-Cypress,Trees,National Audubon Society Native Plants,https://www.audubon.org/native-plants/species/southern-bald-cypress?zipcode=78666,Butterflies; Caterpillars; Seeds,butterflies; caterpillars; seeds,Mockingbirds and Thrashers,Mockingbirds and Thrashers,,audubon_broad_family_group,habitat/resource support,Audubon broad bird-family support,False,False,trusted broad profile support,D - trusted Audubon broad plant profile; not species-level direct interaction,Audubon states this plant is thought to attract this broad family/group of birds. Attributes are plant-level resources and are not assigned to individual bird groups.
Taxodium distichum,Southern Bald-Cypress,Trees,National Audubon Society Native Plants,https://www.audubon.org/native-plants/species/southern-bald-cypress?zipcode=78666,Butterflies; Caterpillars; Seeds,butterflies; caterpillars; seeds,Nuthatches,Nuthatches,,audubon_broad_family_group,habitat/resource support,Audubon broad bird-family support,False,False,trusted broad profile support,D - trusted Audubon broad plant profile; not species-level direct interaction,Audubon states this plant is thought to attract this broad family/group of birds. Attributes are plant-level resources and are not assigned to individual bird groups.
Taxodium distichum,Southern Bald-Cypress,Trees,National Audubon Society Native Plants,https://www.audubon.org/native-plants/species/southern-bald-cypress?zipcode=78666,Butterflies; Caterpillars; Seeds,butterflies; caterpillars; seeds,Blackbirds and Orioles,Blackbirds and Orioles,,audubon_broad_family_group,habitat/resource support,Audubon broad bird-family support,False,False,trusted broad profile support,D - trusted Audubon broad plant profile; not species-level direct interaction,Audubon states this plant is thought to attract this broad family/group of birds. Attributes are plant-level resources and are not assigned to individual bird groups.
Taxodium distichum,Southern Bald-Cypress,Trees,National Audubon Society Native Plants,https://www.audubon.org/native-plants/species/southern-bald-cypress?zipcode=78666,Butterflies; Caterpillars; Seeds,butterflies; caterpillars; seeds,New World Sparrows,New World Sparrows,,audubon_broad_family_group,habitat/resource support,Audubon broad bird-family support,False,False,trusted broad profile support,D - trusted Audubon broad plant profile; not species-level direct interaction,Audubon states this plant is thought to attract this broad family/group of birds. Attributes are plant-level resources and are not assigned to individual bird groups.
Taxodium distichum,Southern Bald-Cypress,Trees,National Audubon Society Native Plants,https://www.audubon.org/native-plants/species/southern-bald-cypress?zipcode=78666,Butterflies; Caterpillars; Seeds,butterflies; caterpillars; seeds,Thrushes,Thrushes,,audubon_broad_family_group,habitat/resource support,Audubon broad bird-family support,False,False,trusted broad profile support,D - trusted Audubon broad plant profile; not species-level direct interaction,Audubon states this plant is thought to attract this broad family/group of birds. Attributes are plant-level resources and are not assigned to individual bird groups.
Taxodium distichum,Southern Bald-Cypress,Trees,National Audubon Society Native Plants,https://www.audubon.org/native-plants/species/southern-bald-cypress?zipcode=78666,Butterflies; Caterpillars; Seeds,butterflies; caterpillars; seeds,Vireos,Vireos,,audubon_broad_family_group,habitat/resource support,Audubon broad bird-family support,False,False,trusted broad profile support,D - trusted Audubon broad plant profile; not species-level direct interaction,Audubon states this plant is thought to attract this broad family/group of birds. Attributes are plant-level resources and are not assigned to individual bird groups.
Taxodium distichum,Southern Bald-Cypress,Trees,National Audubon Society Native Plants,https://www.audubon.org/native-plants/species/southern-bald-cypress?zipcode=78666,Butterflies; Caterpillars; Seeds,butterflies; caterpillars; seeds,Waxwings,Waxwings,,audubon_broad_family_group,habitat/resource support,Audubon broad bird-family support,False,False,trusted broad profile support,D - trusted Audubon broad plant profile; not species-level direct interaction,Audubon states this plant is thought to attract this broad family/group of birds. Attributes are plant-level resources and are not assigned to individual bird groups.
Taxodium distichum,Southern Bald-Cypress,Trees,National Audubon Society Native Plants,https://www.audubon.org/native-plants/species/southern-bald-cypress?zipcode=78666,Butterflies; Caterpillars; Seeds,butterflies; caterpillars; seeds,Wood Warblers,Wood Warblers,,audubon_broad_family_group,habitat/resource support,Audubon broad bird-family support,False,False,trusted broad profile support,D - trusted Audubon broad plant profile; not species-level direct interaction,Audubon states this plant is thought to attract this broad family/group of birds. Attributes are plant-level resources and are not assigned to individual bird groups.
Taxodium distichum,Southern Bald-Cypress,Trees,National Audubon Society Native Plants,https://www.audubon.org/native-plants/species/southern-bald-cypress?zipcode=78666,Butterflies; Caterpillars; Seeds,butterflies; caterpillars; seeds,Woodpeckers,Woodpeckers,,audubon_broad_family_group,habitat/resource support,Audubon broad bird-family support,False,False,trusted broad profile support,D - trusted Audubon broad plant profile; not species-level direct interaction,Audubon states this plant is thought to attract this broad family/group of birds. Attributes are plant-level resources and are not assigned to individual bird groups.
Taxodium distichum,Southern Bald-Cypress,Trees,National Audubon Society Native Plants,https://www.audubon.org/native-plants/species/southern-bald-cypress?zipcode=78666,Butterflies; Caterpillars; Seeds,butterflies; caterpillars; seeds,Wrens,Wrens,,audubon_broad_family_group,habitat/resource support,Audubon broad bird-family support,False,False,trusted broad profile support,D - trusted Audubon broad plant profile; not species-level direct interaction,Audubon states this plant is thought to attract this broad family/group of birds. Attributes are plant-level resources and are not assigned to individual bird groups.
Monarda punctata,Spotted Beebalm,Annuals/Per.,National Audubon Society Native Plants,https://www.audubon.org/native-plants/species/spotted-beebalm?zipcode=78666,Butterflies; Caterpillars,butterflies; caterpillars,"Cardinals, Grosbeaks and Buntings","Cardinals, Grosbeaks and Buntings",,audubon_broad_family_group,habitat/resource support,Audubon broad bird-family support,False,False,trusted broad profile support,D - trusted Audubon broad plant profile; not species-level direct interaction,Audubon states this plant is thought to attract this broad family/group of birds. Attributes are plant-level resources and are not assigned to individual bird groups.
Monarda punctata,Spotted Beebalm,Annuals/Per.,National Audubon Society Native Plants,https://www.audubon.org/native-plants/species/spotted-beebalm?zipcode=78666,Butterflies; Caterpillars,butterflies; caterpillars,Chickadees and Titmice,Chickadees and Titmice,,audubon_broad_family_group,habitat/resource support,Audubon broad bird-family support,False,False,trusted broad profile support,D - trusted Audubon broad plant profile; not species-level direct interaction,Audubon states this plant is thought to attract this broad family/group of birds. Attributes are plant-level resources and are not assigned to individual bird groups.
Monarda punctata,Spotted Beebalm,Annuals/Per.,National Audubon Society Native Plants,https://www.audubon.org/native-plants/species/spotted-beebalm?zipcode=78666,Butterflies; Caterpillars,butterflies; caterpillars,"Crows, Magpies, Jays","Crows, Magpies, Jays",,audubon_broad_family_group,habitat/resource support,Audubon broad bird-family support,False,False,trusted broad profile support,D - trusted Audubon broad plant profile; not species-level direct interaction,Audubon states this plant is thought to attract this broad family/group of birds. Attributes are plant-level resources and are not assigned to individual bird groups.
Monarda punctata,Spotted Beebalm,Annuals/Per.,National Audubon Society Native Plants,https://www.audubon.org/native-plants/species/spotted-beebalm?zipcode=78666,Butterflies; Caterpillars,butterflies; caterpillars,Mockingbirds and Thrashers,Mockingbirds and Thrashers,,audubon_broad_family_group,habitat/resource support,Audubon broad bird-family support,False,False,trusted broad profile support,D - trusted Audubon broad plant profile; not species-level direct interaction,Audubon states this plant is thought to attract this broad family/group of birds. Attributes are plant-level resources and are not assigned to individual bird groups.
Monarda punctata,Spotted Beebalm,Annuals/Per.,National Audubon Society Native Plants,https://www.audubon.org/native-plants/species/spotted-beebalm?zipcode=78666,Butterflies; Caterpillars,butterflies; caterpillars,Nuthatches,Nuthatches,,audubon_broad_family_group,habitat/resource support,Audubon broad bird-family support,False,False,trusted broad profile support,D - trusted Audubon broad plant profile; not species-level direct interaction,Audubon states this plant is thought to attract this broad family/group of birds. Attributes are plant-level resources and are not assigned to individual bird groups.
Monarda punctata,Spotted Beebalm,Annuals/Per.,National Audubon Society Native Plants,https://www.audubon.org/native-plants/species/spotted-beebalm?zipcode=78666,Butterflies; Caterpillars,butterflies; caterpillars,Blackbirds and Orioles,Blackbirds and Orioles,,audubon_broad_family_group,habitat/resource support,Audubon broad bird-family support,False,False,trusted broad profile support,D - trusted Audubon broad plant profile; not species-level direct interaction,Audubon states this plant is thought to attract this broad family/group of birds. Attributes are plant-level resources and are not assigned to individual bird groups.
Monarda punctata,Spotted Beebalm,Annuals/Per.,National Audubon Society Native Plants,https://www.audubon.org/native-plants/species/spotted-beebalm?zipcode=78666,Butterflies; Caterpillars,butterflies; caterpillars,New World Sparrows,New World Sparrows,,audubon_broad_family_group,habitat/resource support,Audubon broad bird-family support,False,False,trusted broad profile support,D - trusted Audubon broad plant profile; not species-level direct interaction,Audubon states this plant is thought to attract this broad family/group of birds. Attributes are plant-level resources and are not assigned to individual bird groups.
Monarda punctata,Spotted Beebalm,Annuals/Per.,National Audubon Society Native Plants,https://www.audubon.org/native-plants/species/spotted-beebalm?zipcode=78666,Butterflies; Caterpillars,butterflies; caterpillars,Thrushes,Thrushes,,audubon_broad_family_group,habitat/resource support,Audubon broad bird-family support,False,False,trusted broad profile support,D - trusted Audubon broad plant profile; not species-level direct interaction,Audubon states this plant is thought to attract this broad family/group of birds. Attributes are plant-level resources and are not assigned to individual bird groups.
Monarda punctata,Spotted Beebalm,Annuals/Per.,National Audubon Society Native Plants,https://www.audubon.org/native-plants/species/spotted-beebalm?zipcode=78666,Butterflies; Caterpillars,butterflies; caterpillars,Vireos,Vireos,,audubon_broad_family_group,habitat/resource support,Audubon broad bird-family support,False,False,trusted broad profile support,D - trusted Audubon broad plant profile; not species-level direct interaction,Audubon states this plant is thought to attract this broad family/group of birds. Attributes are plant-level resources and are not assigned to individual bird groups.
Monarda punctata,Spotted Beebalm,Annuals/Per.,National Audubon Society Native Plants,https://www.audubon.org/native-plants/species/spotted-beebalm?zipcode=78666,Butterflies; Caterpillars,butterflies; caterpillars,Waxwings,Waxwings,,audubon_broad_family_group,habitat/resource support,Audubon broad bird-family support,False,False,trusted broad profile support,D - trusted Audubon broad plant profile; not species-level direct interaction,Audubon states this plant is thought to attract this broad family/group of birds. Attributes are plant-level resources and are not assigned to individual bird groups.
Monarda punctata,Spotted Beebalm,Annuals/Per.,National Audubon Society Native Plants,https://www.audubon.org/native-plants/species/spotted-beebalm?zipcode=78666,Butterflies; Caterpillars,butterflies; caterpillars,Wood Warblers,Wood Warblers,,audubon_broad_family_group,habitat/resource support,Audubon broad bird-family support,False,False,trusted broad profile support,D - trusted Audubon broad plant profile; not species-level direct interaction,Audubon states this plant is thought to attract this broad family/group of birds. Attributes are plant-level resources and are not assigned to individual bird groups.
Monarda punctata,Spotted Beebalm,Annuals/Per.,National Audubon Society Native Plants,https://www.audubon.org/native-plants/species/spotted-beebalm?zipcode=78666,Butterflies; Caterpillars,butterflies; caterpillars,Woodpeckers,Woodpeckers,,audubon_broad_family_group,habitat/resource support,Audubon broad bird-family support,False,False,trusted broad profile support,D - trusted Audubon broad plant profile; not species-level direct interaction,Audubon states this plant is thought to attract this broad family/group of birds. Attributes are plant-level resources and are not assigned to individual bird groups.
Monarda punctata,Spotted Beebalm,Annuals/Per.,National Audubon Society Native Plants,https://www.audubon.org/native-plants/species/spotted-beebalm?zipcode=78666,Butterflies; Caterpillars,butterflies; caterpillars,Wrens,Wrens,,audubon_broad_family_group,habitat/resource support,Audubon broad bird-family support,False,False,trusted broad profile support,D - trusted Audubon broad plant profile; not species-level direct interaction,Audubon states this plant is thought to attract this broad family/group of birds. Attributes are plant-level resources and are not assigned to individual bird groups.
Ipomopsis rubra,Standing-Cypress,Annuals/Per.,National Audubon Society Native Plants,https://www.audubon.org/native-plants/species/standing-cypress?zipcode=78666,Nectar,nectar,Hummingbirds,Hummingbirds,,audubon_broad_family_group,habitat/resource support,Audubon broad bird-family support,False,False,trusted broad profile support,D - trusted Audubon broad plant profile; not species-level direct interaction,Audubon states this plant is thought to attract this broad family/group of birds. Attributes are plant-level resources and are not assigned to individual bird groups.
Ipomopsis rubra,Standing-Cypress,Annuals/Per.,National Audubon Society Native Plants,https://www.audubon.org/native-plants/species/standing-cypress?zipcode=78666,Nectar,nectar,Mockingbirds and Thrashers,Mockingbirds and Thrashers,,audubon_broad_family_group,habitat/resource support,Audubon broad bird-family support,False,False,trusted broad profile support,D - trusted Audubon broad plant profile; not species-level direct interaction,Audubon states this plant is thought to attract this broad family/group of birds. Attributes are plant-level resources and are not assigned to individual bird groups.
Ipomopsis rubra,Standing-Cypress,Annuals/Per.,National Audubon Society Native Plants,https://www.audubon.org/native-plants/species/standing-cypress?zipcode=78666,Nectar,nectar,Blackbirds and Orioles,Blackbirds and Orioles,,audubon_broad_family_group,habitat/resource support,Audubon broad bird-family support,False,False,trusted broad profile support,D - trusted Audubon broad plant profile; not species-level direct interaction,Audubon states this plant is thought to attract this broad family/group of birds. Attributes are plant-level resources and are not assigned to individual bird groups.
Ipomopsis rubra,Standing-Cypress,Annuals/Per.,National Audubon Society Native Plants,https://www.audubon.org/native-plants/species/standing-cypress?zipcode=78666,Nectar,nectar,New World Sparrows,New World Sparrows,,audubon_broad_family_group,habitat/resource support,Audubon broad bird-family support,False,False,trusted broad profile support,D - trusted Audubon broad plant profile; not species-level direct interaction,Audubon states this plant is thought to attract this broad family/group of birds. Attributes are plant-level resources and are not assigned to individual bird groups.
Ipomopsis rubra,Standing-Cypress,Annuals/Per.,National Audubon Society Native Plants,https://www.audubon.org/native-plants/species/standing-cypress?zipcode=78666,Nectar,nectar,Vireos,Vireos,,audubon_broad_family_group,habitat/resource support,Audubon broad bird-family support,False,False,trusted broad profile support,D - trusted Audubon broad plant profile; not species-level direct interaction,Audubon states this plant is thought to attract this broad family/group of birds. Attributes are plant-level resources and are not assigned to individual bird groups.
Ipomopsis rubra,Standing-Cypress,Annuals/Per.,National Audubon Society Native Plants,https://www.audubon.org/native-plants/species/standing-cypress?zipcode=78666,Nectar,nectar,Waxwings,Waxwings,,audubon_broad_family_group,habitat/resource support,Audubon broad bird-family support,False,False,trusted broad profile support,D - trusted Audubon broad plant profile; not species-level direct interaction,Audubon states this plant is thought to attract this broad family/group of birds. Attributes are plant-level resources and are not assigned to individual bird groups.
Ipomopsis rubra,Standing-Cypress,Annuals/Per.,National Audubon Society Native Plants,https://www.audubon.org/native-plants/species/standing-cypress?zipcode=78666,Nectar,nectar,Wood Warblers,Wood Warblers,,audubon_broad_family_group,habitat/resource support,Audubon broad bird-family support,False,False,trusted broad profile support,D - trusted Audubon broad plant profile; not species-level direct interaction,Audubon states this plant is thought to attract this broad family/group of birds. Attributes are plant-level resources and are not assigned to individual bird groups.
Silphium asteriscus,Starry Rosinweed,Annuals/Per.,National Audubon Society Native Plants,https://www.audubon.org/native-plants/species/starry-rosinweed?zipcode=78666,,,Mockingbirds and Thrashers,Mockingbirds and Thrashers,,audubon_broad_family_group,habitat/resource support,Audubon broad bird-family support,False,False,trusted broad profile support,D - trusted Audubon broad plant profile; not species-level direct interaction,Audubon states this plant is thought to attract this broad family/group of birds. Attributes are plant-level resources and are not assigned to individual bird groups.
Silphium asteriscus,Starry Rosinweed,Annuals/Per.,National Audubon Society Native Plants,https://www.audubon.org/native-plants/species/starry-rosinweed?zipcode=78666,,,Blackbirds and Orioles,Blackbirds and Orioles,,audubon_broad_family_group,habitat/resource support,Audubon broad bird-family support,False,False,trusted broad profile support,D - trusted Audubon broad plant profile; not species-level direct interaction,Audubon states this plant is thought to attract this broad family/group of birds. Attributes are plant-level resources and are not assigned to individual bird groups.
Silphium asteriscus,Starry Rosinweed,Annuals/Per.,National Audubon Society Native Plants,https://www.audubon.org/native-plants/species/starry-rosinweed?zipcode=78666,,,New World Sparrows,New World Sparrows,,audubon_broad_family_group,habitat/resource support,Audubon broad bird-family support,False,False,trusted broad profile support,D - trusted Audubon broad plant profile; not species-level direct interaction,Audubon states this plant is thought to attract this broad family/group of birds. Attributes are plant-level resources and are not assigned to individual bird groups.
Silphium asteriscus,Starry Rosinweed,Annuals/Per.,National Audubon Society Native Plants,https://www.audubon.org/native-plants/species/starry-rosinweed?zipcode=78666,,,Vireos,Vireos,,audubon_broad_family_group,habitat/resource support,Audubon broad bird-family support,False,False,trusted broad profile support,D - trusted Audubon broad plant profile; not species-level direct interaction,Audubon states this plant is thought to attract this broad family/group of birds. Attributes are plant-level resources and are not assigned to individual bird groups.
Silphium asteriscus,Starry Rosinweed,Annuals/Per.,National Audubon Society Native Plants,https://www.audubon.org/native-plants/species/starry-rosinweed?zipcode=78666,,,Waxwings,Waxwings,,audubon_broad_family_group,habitat/resource support,Audubon broad bird-family support,False,False,trusted broad profile support,D - trusted Audubon broad plant profile; not species-level direct interaction,Audubon states this plant is thought to attract this broad family/group of birds. Attributes are plant-level resources and are not assigned to individual bird groups.
Silphium asteriscus,Starry Rosinweed,Annuals/Per.,National Audubon Society Native Plants,https://www.audubon.org/native-plants/species/starry-rosinweed?zipcode=78666,,,Wood Warblers,Wood Warblers,,audubon_broad_family_group,habitat/resource support,Audubon broad bird-family support,False,False,trusted broad profile support,D - trusted Audubon broad plant profile; not species-level direct interaction,Audubon states this plant is thought to attract this broad family/group of birds. Attributes are plant-level resources and are not assigned to individual bird groups.
Celtis laevigata,Sugar-Berry,Trees,National Audubon Society Native Plants,https://www.audubon.org/native-plants/species/sugar-berry?zipcode=78666,Butterflies; Caterpillars; Fruit,butterflies; caterpillars; fruit,"Cardinals, Grosbeaks and Buntings","Cardinals, Grosbeaks and Buntings",,audubon_broad_family_group,habitat/resource support,Audubon broad bird-family support,False,False,trusted broad profile support,D - trusted Audubon broad plant profile; not species-level direct interaction,Audubon states this plant is thought to attract this broad family/group of birds. Attributes are plant-level resources and are not assigned to individual bird groups.
Celtis laevigata,Sugar-Berry,Trees,National Audubon Society Native Plants,https://www.audubon.org/native-plants/species/sugar-berry?zipcode=78666,Butterflies; Caterpillars; Fruit,butterflies; caterpillars; fruit,Chickadees and Titmice,Chickadees and Titmice,,audubon_broad_family_group,habitat/resource support,Audubon broad bird-family support,False,False,trusted broad profile support,D - trusted Audubon broad plant profile; not species-level direct interaction,Audubon states this plant is thought to attract this broad family/group of birds. Attributes are plant-level resources and are not assigned to individual bird groups.
Celtis laevigata,Sugar-Berry,Trees,National Audubon Society Native Plants,https://www.audubon.org/native-plants/species/sugar-berry?zipcode=78666,Butterflies; Caterpillars; Fruit,butterflies; caterpillars; fruit,"Crows, Magpies, Jays","Crows, Magpies, Jays",,audubon_broad_family_group,habitat/resource support,Audubon broad bird-family support,False,False,trusted broad profile support,D - trusted Audubon broad plant profile; not species-level direct interaction,Audubon states this plant is thought to attract this broad family/group of birds. Attributes are plant-level resources and are not assigned to individual bird groups.
Celtis laevigata,Sugar-Berry,Trees,National Audubon Society Native Plants,https://www.audubon.org/native-plants/species/sugar-berry?zipcode=78666,Butterflies; Caterpillars; Fruit,butterflies; caterpillars; fruit,Mockingbirds and Thrashers,Mockingbirds and Thrashers,,audubon_broad_family_group,habitat/resource support,Audubon broad bird-family support,False,False,trusted broad profile support,D - trusted Audubon broad plant profile; not species-level direct interaction,Audubon states this plant is thought to attract this broad family/group of birds. Attributes are plant-level resources and are not assigned to individual bird groups.
Celtis laevigata,Sugar-Berry,Trees,National Audubon Society Native Plants,https://www.audubon.org/native-plants/species/sugar-berry?zipcode=78666,Butterflies; Caterpillars; Fruit,butterflies; caterpillars; fruit,Nuthatches,Nuthatches,,audubon_broad_family_group,habitat/resource support,Audubon broad bird-family support,False,False,trusted broad profile support,D - trusted Audubon broad plant profile; not species-level direct interaction,Audubon states this plant is thought to attract this broad family/group of birds. Attributes are plant-level resources and are not assigned to individual bird groups.
Celtis laevigata,Sugar-Berry,Trees,National Audubon Society Native Plants,https://www.audubon.org/native-plants/species/sugar-berry?zipcode=78666,Butterflies; Caterpillars; Fruit,butterflies; caterpillars; fruit,Blackbirds and Orioles,Blackbirds and Orioles,,audubon_broad_family_group,habitat/resource support,Audubon broad bird-family support,False,False,trusted broad profile support,D - trusted Audubon broad plant profile; not species-level direct interaction,Audubon states this plant is thought to attract this broad family/group of birds. Attributes are plant-level resources and are not assigned to individual bird groups.
Celtis laevigata,Sugar-Berry,Trees,National Audubon Society Native Plants,https://www.audubon.org/native-plants/species/sugar-berry?zipcode=78666,Butterflies; Caterpillars; Fruit,butterflies; caterpillars; fruit,New World Sparrows,New World Sparrows,,audubon_broad_family_group,habitat/resource support,Audubon broad bird-family support,False,False,trusted broad profile support,D - trusted Audubon broad plant profile; not species-level direct interaction,Audubon states this plant is thought to attract this broad family/group of birds. Attributes are plant-level resources and are not assigned to individual bird groups.
Celtis laevigata,Sugar-Berry,Trees,National Audubon Society Native Plants,https://www.audubon.org/native-plants/species/sugar-berry?zipcode=78666,Butterflies; Caterpillars; Fruit,butterflies; caterpillars; fruit,Thrushes,Thrushes,,audubon_broad_family_group,habitat/resource support,Audubon broad bird-family support,False,False,trusted broad profile support,D - trusted Audubon broad plant profile; not species-level direct interaction,Audubon states this plant is thought to attract this broad family/group of birds. Attributes are plant-level resources and are not assigned to individual bird groups.
Celtis laevigata,Sugar-Berry,Trees,National Audubon Society Native Plants,https://www.audubon.org/native-plants/species/sugar-berry?zipcode=78666,Butterflies; Caterpillars; Fruit,butterflies; caterpillars; fruit,Vireos,Vireos,,audubon_broad_family_group,habitat/resource support,Audubon broad bird-family support,False,False,trusted broad profile support,D - trusted Audubon broad plant profile; not species-level direct interaction,Audubon states this plant is thought to attract this broad family/group of birds. Attributes are plant-level resources and are not assigned to individual bird groups.
Celtis laevigata,Sugar-Berry,Trees,National Audubon Society Native Plants,https://www.audubon.org/native-plants/species/sugar-berry?zipcode=78666,Butterflies; Caterpillars; Fruit,butterflies; caterpillars; fruit,Waxwings,Waxwings,,audubon_broad_family_group,habitat/resource support,Audubon broad bird-family support,False,False,trusted broad profile support,D - trusted Audubon broad plant profile; not species-level direct interaction,Audubon states this plant is thought to attract this broad family/group of birds. Attributes are plant-level resources and are not assigned to individual bird groups.
Celtis laevigata,Sugar-Berry,Trees,National Audubon Society Native Plants,https://www.audubon.org/native-plants/species/sugar-berry?zipcode=78666,Butterflies; Caterpillars; Fruit,butterflies; caterpillars; fruit,Wood Warblers,Wood Warblers,,audubon_broad_family_group,habitat/resource support,Audubon broad bird-family support,False,False,trusted broad profile support,D - trusted Audubon broad plant profile; not species-level direct interaction,Audubon states this plant is thought to attract this broad family/group of birds. Attributes are plant-level resources and are not assigned to individual bird groups.
Celtis laevigata,Sugar-Berry,Trees,National Audubon Society Native Plants,https://www.audubon.org/native-plants/species/sugar-berry?zipcode=78666,Butterflies; Caterpillars; Fruit,butterflies; caterpillars; fruit,Woodpeckers,Woodpeckers,,audubon_broad_family_group,habitat/resource support,Audubon broad bird-family support,False,False,trusted broad profile support,D - trusted Audubon broad plant profile; not species-level direct interaction,Audubon states this plant is thought to attract this broad family/group of birds. Attributes are plant-level resources and are not assigned to individual bird groups.
Celtis laevigata,Sugar-Berry,Trees,National Audubon Society Native Plants,https://www.audubon.org/native-plants/species/sugar-berry?zipcode=78666,Butterflies; Caterpillars; Fruit,butterflies; caterpillars; fruit,Wrens,Wrens,,audubon_broad_family_group,habitat/resource support,Audubon broad bird-family support,False,False,trusted broad profile support,D - trusted Audubon broad plant profile; not species-level direct interaction,Audubon states this plant is thought to attract this broad family/group of birds. Attributes are plant-level resources and are not assigned to individual bird groups.
Vaccinium arboreum,Tree Sparkle-Berry,"Shrubs, Trees",National Audubon Society Native Plants,https://www.audubon.org/native-plants/species/tree-sparkle-berry?zipcode=78666,Butterflies; Caterpillars; Fruit,butterflies; caterpillars; fruit,"Cardinals, Grosbeaks and Buntings","Cardinals, Grosbeaks and Buntings",,audubon_broad_family_group,habitat/resource support,Audubon broad bird-family support,False,False,trusted broad profile support,D - trusted Audubon broad plant profile; not species-level direct interaction,Audubon states this plant is thought to attract this broad family/group of birds. Attributes are plant-level resources and are not assigned to individual bird groups.
Vaccinium arboreum,Tree Sparkle-Berry,"Shrubs, Trees",National Audubon Society Native Plants,https://www.audubon.org/native-plants/species/tree-sparkle-berry?zipcode=78666,Butterflies; Caterpillars; Fruit,butterflies; caterpillars; fruit,Chickadees and Titmice,Chickadees and Titmice,,audubon_broad_family_group,habitat/resource support,Audubon broad bird-family support,False,False,trusted broad profile support,D - trusted Audubon broad plant profile; not species-level direct interaction,Audubon states this plant is thought to attract this broad family/group of birds. Attributes are plant-level resources and are not assigned to individual bird groups.
Vaccinium arboreum,Tree Sparkle-Berry,"Shrubs, Trees",National Audubon Society Native Plants,https://www.audubon.org/native-plants/species/tree-sparkle-berry?zipcode=78666,Butterflies; Caterpillars; Fruit,butterflies; caterpillars; fruit,"Crows, Magpies, Jays","Crows, Magpies, Jays",,audubon_broad_family_group,habitat/resource support,Audubon broad bird-family support,False,False,trusted broad profile support,D - trusted Audubon broad plant profile; not species-level direct interaction,Audubon states this plant is thought to attract this broad family/group of birds. Attributes are plant-level resources and are not assigned to individual bird groups.
Vaccinium arboreum,Tree Sparkle-Berry,"Shrubs, Trees",National Audubon Society Native Plants,https://www.audubon.org/native-plants/species/tree-sparkle-berry?zipcode=78666,Butterflies; Caterpillars; Fruit,butterflies; caterpillars; fruit,Mockingbirds and Thrashers,Mockingbirds and Thrashers,,audubon_broad_family_group,habitat/resource support,Audubon broad bird-family support,False,False,trusted broad profile support,D - trusted Audubon broad plant profile; not species-level direct interaction,Audubon states this plant is thought to attract this broad family/group of birds. Attributes are plant-level resources and are not assigned to individual bird groups.
Vaccinium arboreum,Tree Sparkle-Berry,"Shrubs, Trees",National Audubon Society Native Plants,https://www.audubon.org/native-plants/species/tree-sparkle-berry?zipcode=78666,Butterflies; Caterpillars; Fruit,butterflies; caterpillars; fruit,Nuthatches,Nuthatches,,audubon_broad_family_group,habitat/resource support,Audubon broad bird-family support,False,False,trusted broad profile support,D - trusted Audubon broad plant profile; not species-level direct interaction,Audubon states this plant is thought to attract this broad family/group of birds. Attributes are plant-level resources and are not assigned to individual bird groups.
Vaccinium arboreum,Tree Sparkle-Berry,"Shrubs, Trees",National Audubon Society Native Plants,https://www.audubon.org/native-plants/species/tree-sparkle-berry?zipcode=78666,Butterflies; Caterpillars; Fruit,butterflies; caterpillars; fruit,Blackbirds and Orioles,Blackbirds and Orioles,,audubon_broad_family_group,habitat/resource support,Audubon broad bird-family support,False,False,trusted broad profile support,D - trusted Audubon broad plant profile; not species-level direct interaction,Audubon states this plant is thought to attract this broad family/group of birds. Attributes are plant-level resources and are not assigned to individual bird groups.
Vaccinium arboreum,Tree Sparkle-Berry,"Shrubs, Trees",National Audubon Society Native Plants,https://www.audubon.org/native-plants/species/tree-sparkle-berry?zipcode=78666,Butterflies; Caterpillars; Fruit,butterflies; caterpillars; fruit,New World Sparrows,New World Sparrows,,audubon_broad_family_group,habitat/resource support,Audubon broad bird-family support,False,False,trusted broad profile support,D - trusted Audubon broad plant profile; not species-level direct interaction,Audubon states this plant is thought to attract this broad family/group of birds. Attributes are plant-level resources and are not assigned to individual bird groups.
Vaccinium arboreum,Tree Sparkle-Berry,"Shrubs, Trees",National Audubon Society Native Plants,https://www.audubon.org/native-plants/species/tree-sparkle-berry?zipcode=78666,Butterflies; Caterpillars; Fruit,butterflies; caterpillars; fruit,Thrushes,Thrushes,,audubon_broad_family_group,habitat/resource support,Audubon broad bird-family support,False,False,trusted broad profile support,D - trusted Audubon broad plant profile; not species-level direct interaction,Audubon states this plant is thought to attract this broad family/group of birds. Attributes are plant-level resources and are not assigned to individual bird groups.
Vaccinium arboreum,Tree Sparkle-Berry,"Shrubs, Trees",National Audubon Society Native Plants,https://www.audubon.org/native-plants/species/tree-sparkle-berry?zipcode=78666,Butterflies; Caterpillars; Fruit,butterflies; caterpillars; fruit,Vireos,Vireos,,audubon_broad_family_group,habitat/resource support,Audubon broad bird-family support,False,False,trusted broad profile support,D - trusted Audubon broad plant profile; not species-level direct interaction,Audubon states this plant is thought to attract this broad family/group of birds. Attributes are plant-level resources and are not assigned to individual bird groups.
Vaccinium arboreum,Tree Sparkle-Berry,"Shrubs, Trees",National Audubon Society Native Plants,https://www.audubon.org/native-plants/species/tree-sparkle-berry?zipcode=78666,Butterflies; Caterpillars; Fruit,butterflies; caterpillars; fruit,Waxwings,Waxwings,,audubon_broad_family_group,habitat/resource support,Audubon broad bird-family support,False,False,trusted broad profile support,D - trusted Audubon broad plant profile; not species-level direct interaction,Audubon states this plant is thought to attract this broad family/group of birds. Attributes are plant-level resources and are not assigned to individual bird groups.
Vaccinium arboreum,Tree Sparkle-Berry,"Shrubs, Trees",National Audubon Society Native Plants,https://www.audubon.org/native-plants/species/tree-sparkle-berry?zipcode=78666,Butterflies; Caterpillars; Fruit,butterflies; caterpillars; fruit,Wood Warblers,Wood Warblers,,audubon_broad_family_group,habitat/resource support,Audubon broad bird-family support,False,False,trusted broad profile support,D - trusted Audubon broad plant profile; not species-level direct interaction,Audubon states this plant is thought to attract this broad family/group of birds. Attributes are plant-level resources and are not assigned to individual bird groups.
Vaccinium arboreum,Tree Sparkle-Berry,"Shrubs, Trees",National Audubon Society Native Plants,https://www.audubon.org/native-plants/species/tree-sparkle-berry?zipcode=78666,Butterflies; Caterpillars; Fruit,butterflies; caterpillars; fruit,Woodpeckers,Woodpeckers,,audubon_broad_family_group,habitat/resource support,Audubon broad bird-family support,False,False,trusted broad profile support,D - trusted Audubon broad plant profile; not species-level direct interaction,Audubon states this plant is thought to attract this broad family/group of birds. Attributes are plant-level resources and are not assigned to individual bird groups.
Vaccinium arboreum,Tree Sparkle-Berry,"Shrubs, Trees",National Audubon Society Native Plants,https://www.audubon.org/native-plants/species/tree-sparkle-berry?zipcode=78666,Butterflies; Caterpillars; Fruit,butterflies; caterpillars; fruit,Wrens,Wrens,,audubon_broad_family_group,habitat/resource support,Audubon broad bird-family support,False,False,trusted broad profile support,D - trusted Audubon broad plant profile; not species-level direct interaction,Audubon states this plant is thought to attract this broad family/group of birds. Attributes are plant-level resources and are not assigned to individual bird groups.
Lonicera sempervirens,Trumpet Honeysuckle,Vines,National Audubon Society Native Plants,https://www.audubon.org/native-plants/species/trumpet-honeysuckle?zipcode=78666,Butterflies; Caterpillars; Fruit; Nectar,butterflies; caterpillars; fruit; nectar,"Cardinals, Grosbeaks and Buntings","Cardinals, Grosbeaks and Buntings",,audubon_broad_family_group,habitat/resource support,Audubon broad bird-family support,False,False,trusted broad profile support,D - trusted Audubon broad plant profile; not species-level direct interaction,Audubon states this plant is thought to attract this broad family/group of birds. Attributes are plant-level resources and are not assigned to individual bird groups.
Lonicera sempervirens,Trumpet Honeysuckle,Vines,National Audubon Society Native Plants,https://www.audubon.org/native-plants/species/trumpet-honeysuckle?zipcode=78666,Butterflies; Caterpillars; Fruit; Nectar,butterflies; caterpillars; fruit; nectar,Chickadees and Titmice,Chickadees and Titmice,,audubon_broad_family_group,habitat/resource support,Audubon broad bird-family support,False,False,trusted broad profile support,D - trusted Audubon broad plant profile; not species-level direct interaction,Audubon states this plant is thought to attract this broad family/group of birds. Attributes are plant-level resources and are not assigned to individual bird groups.
Lonicera sempervirens,Trumpet Honeysuckle,Vines,National Audubon Society Native Plants,https://www.audubon.org/native-plants/species/trumpet-honeysuckle?zipcode=78666,Butterflies; Caterpillars; Fruit; Nectar,butterflies; caterpillars; fruit; nectar,"Crows, Magpies, Jays","Crows, Magpies, Jays",,audubon_broad_family_group,habitat/resource support,Audubon broad bird-family support,False,False,trusted broad profile support,D - trusted Audubon broad plant profile; not species-level direct interaction,Audubon states this plant is thought to attract this broad family/group of birds. Attributes are plant-level resources and are not assigned to individual bird groups.
Lonicera sempervirens,Trumpet Honeysuckle,Vines,National Audubon Society Native Plants,https://www.audubon.org/native-plants/species/trumpet-honeysuckle?zipcode=78666,Butterflies; Caterpillars; Fruit; Nectar,butterflies; caterpillars; fruit; nectar,Hummingbirds,Hummingbirds,,audubon_broad_family_group,habitat/resource support,Audubon broad bird-family support,False,False,trusted broad profile support,D - trusted Audubon broad plant profile; not species-level direct interaction,Audubon states this plant is thought to attract this broad family/group of birds. Attributes are plant-level resources and are not assigned to individual bird groups.
Lonicera sempervirens,Trumpet Honeysuckle,Vines,National Audubon Society Native Plants,https://www.audubon.org/native-plants/species/trumpet-honeysuckle?zipcode=78666,Butterflies; Caterpillars; Fruit; Nectar,butterflies; caterpillars; fruit; nectar,Mockingbirds and Thrashers,Mockingbirds and Thrashers,,audubon_broad_family_group,habitat/resource support,Audubon broad bird-family support,False,False,trusted broad profile support,D - trusted Audubon broad plant profile; not species-level direct interaction,Audubon states this plant is thought to attract this broad family/group of birds. Attributes are plant-level resources and are not assigned to individual bird groups.
Lonicera sempervirens,Trumpet Honeysuckle,Vines,National Audubon Society Native Plants,https://www.audubon.org/native-plants/species/trumpet-honeysuckle?zipcode=78666,Butterflies; Caterpillars; Fruit; Nectar,butterflies; caterpillars; fruit; nectar,Nuthatches,Nuthatches,,audubon_broad_family_group,habitat/resource support,Audubon broad bird-family support,False,False,trusted broad profile support,D - trusted Audubon broad plant profile; not species-level direct interaction,Audubon states this plant is thought to attract this broad family/group of birds. Attributes are plant-level resources and are not assigned to individual bird groups.
Lonicera sempervirens,Trumpet Honeysuckle,Vines,National Audubon Society Native Plants,https://www.audubon.org/native-plants/species/trumpet-honeysuckle?zipcode=78666,Butterflies; Caterpillars; Fruit; Nectar,butterflies; caterpillars; fruit; nectar,Blackbirds and Orioles,Blackbirds and Orioles,,audubon_broad_family_group,habitat/resource support,Audubon broad bird-family support,False,False,trusted broad profile support,D - trusted Audubon broad plant profile; not species-level direct interaction,Audubon states this plant is thought to attract this broad family/group of birds. Attributes are plant-level resources and are not assigned to individual bird groups.
Lonicera sempervirens,Trumpet Honeysuckle,Vines,National Audubon Society Native Plants,https://www.audubon.org/native-plants/species/trumpet-honeysuckle?zipcode=78666,Butterflies; Caterpillars; Fruit; Nectar,butterflies; caterpillars; fruit; nectar,New World Sparrows,New World Sparrows,,audubon_broad_family_group,habitat/resource support,Audubon broad bird-family support,False,False,trusted broad profile support,D - trusted Audubon broad plant profile; not species-level direct interaction,Audubon states this plant is thought to attract this broad family/group of birds. Attributes are plant-level resources and are not assigned to individual bird groups.
Lonicera sempervirens,Trumpet Honeysuckle,Vines,National Audubon Society Native Plants,https://www.audubon.org/native-plants/species/trumpet-honeysuckle?zipcode=78666,Butterflies; Caterpillars; Fruit; Nectar,butterflies; caterpillars; fruit; nectar,Thrushes,Thrushes,,audubon_broad_family_group,habitat/resource support,Audubon broad bird-family support,False,False,trusted broad profile support,D - trusted Audubon broad plant profile; not species-level direct interaction,Audubon states this plant is thought to attract this broad family/group of birds. Attributes are plant-level resources and are not assigned to individual bird groups.
Lonicera sempervirens,Trumpet Honeysuckle,Vines,National Audubon Society Native Plants,https://www.audubon.org/native-plants/species/trumpet-honeysuckle?zipcode=78666,Butterflies; Caterpillars; Fruit; Nectar,butterflies; caterpillars; fruit; nectar,Vireos,Vireos,,audubon_broad_family_group,habitat/resource support,Audubon broad bird-family support,False,False,trusted broad profile support,D - trusted Audubon broad plant profile; not species-level direct interaction,Audubon states this plant is thought to attract this broad family/group of birds. Attributes are plant-level resources and are not assigned to individual bird groups.
Lonicera sempervirens,Trumpet Honeysuckle,Vines,National Audubon Society Native Plants,https://www.audubon.org/native-plants/species/trumpet-honeysuckle?zipcode=78666,Butterflies; Caterpillars; Fruit; Nectar,butterflies; caterpillars; fruit; nectar,Waxwings,Waxwings,,audubon_broad_family_group,habitat/resource support,Audubon broad bird-family support,False,False,trusted broad profile support,D - trusted Audubon broad plant profile; not species-level direct interaction,Audubon states this plant is thought to attract this broad family/group of birds. Attributes are plant-level resources and are not assigned to individual bird groups.
Lonicera sempervirens,Trumpet Honeysuckle,Vines,National Audubon Society Native Plants,https://www.audubon.org/native-plants/species/trumpet-honeysuckle?zipcode=78666,Butterflies; Caterpillars; Fruit; Nectar,butterflies; caterpillars; fruit; nectar,Wood Warblers,Wood Warblers,,audubon_broad_family_group,habitat/resource support,Audubon broad bird-family support,False,False,trusted broad profile support,D - trusted Audubon broad plant profile; not species-level direct interaction,Audubon states this plant is thought to attract this broad family/group of birds. Attributes are plant-level resources and are not assigned to individual bird groups.
Lonicera sempervirens,Trumpet Honeysuckle,Vines,National Audubon Society Native Plants,https://www.audubon.org/native-plants/species/trumpet-honeysuckle?zipcode=78666,Butterflies; Caterpillars; Fruit; Nectar,butterflies; caterpillars; fruit; nectar,Woodpeckers,Woodpeckers,,audubon_broad_family_group,habitat/resource support,Audubon broad bird-family support,False,False,trusted broad profile support,D - trusted Audubon broad plant profile; not species-level direct interaction,Audubon states this plant is thought to attract this broad family/group of birds. Attributes are plant-level resources and are not assigned to individual bird groups.
Lonicera sempervirens,Trumpet Honeysuckle,Vines,National Audubon Society Native Plants,https://www.audubon.org/native-plants/species/trumpet-honeysuckle?zipcode=78666,Butterflies; Caterpillars; Fruit; Nectar,butterflies; caterpillars; fruit; nectar,Wrens,Wrens,,audubon_broad_family_group,habitat/resource support,Audubon broad bird-family support,False,False,trusted broad profile support,D - trusted Audubon broad plant profile; not species-level direct interaction,Audubon states this plant is thought to attract this broad family/group of birds. Attributes are plant-level resources and are not assigned to individual bird groups.
Panicum virgatum,Wand Panic Grass,Grasses,National Audubon Society Native Plants,https://www.audubon.org/native-plants/species/wand-panic-grass?zipcode=78666,Seeds,seeds,"Cardinals, Grosbeaks and Buntings","Cardinals, Grosbeaks and Buntings",,audubon_broad_family_group,habitat/resource support,Audubon broad bird-family support,False,False,trusted broad profile support,D - trusted Audubon broad plant profile; not species-level direct interaction,Audubon states this plant is thought to attract this broad family/group of birds. Attributes are plant-level resources and are not assigned to individual bird groups.
Panicum virgatum,Wand Panic Grass,Grasses,National Audubon Society Native Plants,https://www.audubon.org/native-plants/species/wand-panic-grass?zipcode=78666,Seeds,seeds,Chickadees and Titmice,Chickadees and Titmice,,audubon_broad_family_group,habitat/resource support,Audubon broad bird-family support,False,False,trusted broad profile support,D - trusted Audubon broad plant profile; not species-level direct interaction,Audubon states this plant is thought to attract this broad family/group of birds. Attributes are plant-level resources and are not assigned to individual bird groups.
Panicum virgatum,Wand Panic Grass,Grasses,National Audubon Society Native Plants,https://www.audubon.org/native-plants/species/wand-panic-grass?zipcode=78666,Seeds,seeds,"Crows, Magpies, Jays","Crows, Magpies, Jays",,audubon_broad_family_group,habitat/resource support,Audubon broad bird-family support,False,False,trusted broad profile support,D - trusted Audubon broad plant profile; not species-level direct interaction,Audubon states this plant is thought to attract this broad family/group of birds. Attributes are plant-level resources and are not assigned to individual bird groups.
Panicum virgatum,Wand Panic Grass,Grasses,National Audubon Society Native Plants,https://www.audubon.org/native-plants/species/wand-panic-grass?zipcode=78666,Seeds,seeds,Finches,Finches,,audubon_broad_family_group,habitat/resource support,Audubon broad bird-family support,False,False,trusted broad profile support,D - trusted Audubon broad plant profile; not species-level direct interaction,Audubon states this plant is thought to attract this broad family/group of birds. Attributes are plant-level resources and are not assigned to individual bird groups.
Panicum virgatum,Wand Panic Grass,Grasses,National Audubon Society Native Plants,https://www.audubon.org/native-plants/species/wand-panic-grass?zipcode=78666,Seeds,seeds,Nuthatches,Nuthatches,,audubon_broad_family_group,habitat/resource support,Audubon broad bird-family support,False,False,trusted broad profile support,D - trusted Audubon broad plant profile; not species-level direct interaction,Audubon states this plant is thought to attract this broad family/group of birds. Attributes are plant-level resources and are not assigned to individual bird groups.
Panicum virgatum,Wand Panic Grass,Grasses,National Audubon Society Native Plants,https://www.audubon.org/native-plants/species/wand-panic-grass?zipcode=78666,Seeds,seeds,New World Sparrows,New World Sparrows,,audubon_broad_family_group,habitat/resource support,Audubon broad bird-family support,False,False,trusted broad profile support,D - trusted Audubon broad plant profile; not species-level direct interaction,Audubon states this plant is thought to attract this broad family/group of birds. Attributes are plant-level resources and are not assigned to individual bird groups.
Panicum virgatum,Wand Panic Grass,Grasses,National Audubon Society Native Plants,https://www.audubon.org/native-plants/species/wand-panic-grass?zipcode=78666,Seeds,seeds,Woodpeckers,Woodpeckers,,audubon_broad_family_group,habitat/resource support,Audubon broad bird-family support,False,False,trusted broad profile support,D - trusted Audubon broad plant profile; not species-level direct interaction,Audubon states this plant is thought to attract this broad family/group of birds. Attributes are plant-level resources and are not assigned to individual bird groups.
Lantana urticoides,West Indian Shrub-Verbena,Shrubs,National Audubon Society Native Plants,https://www.audubon.org/native-plants/species/west-indian-shrub-verbena?zipcode=78666,,,Mockingbirds and Thrashers,Mockingbirds and Thrashers,,audubon_broad_family_group,habitat/resource support,Audubon broad bird-family support,False,False,trusted broad profile support,D - trusted Audubon broad plant profile; not species-level direct interaction,Audubon states this plant is thought to attract this broad family/group of birds. Attributes are plant-level resources and are not assigned to individual bird groups.
Lantana urticoides,West Indian Shrub-Verbena,Shrubs,National Audubon Society Native Plants,https://www.audubon.org/native-plants/species/west-indian-shrub-verbena?zipcode=78666,,,Blackbirds and Orioles,Blackbirds and Orioles,,audubon_broad_family_group,habitat/resource support,Audubon broad bird-family support,False,False,trusted broad profile support,D - trusted Audubon broad plant profile; not species-level direct interaction,Audubon states this plant is thought to attract this broad family/group of birds. Attributes are plant-level resources and are not assigned to individual bird groups.
Lantana urticoides,West Indian Shrub-Verbena,Shrubs,National Audubon Society Native Plants,https://www.audubon.org/native-plants/species/west-indian-shrub-verbena?zipcode=78666,,,New World Sparrows,New World Sparrows,,audubon_broad_family_group,habitat/resource support,Audubon broad bird-family support,False,False,trusted broad profile support,D - trusted Audubon broad plant profile; not species-level direct interaction,Audubon states this plant is thought to attract this broad family/group of birds. Attributes are plant-level resources and are not assigned to individual bird groups.
Lantana urticoides,West Indian Shrub-Verbena,Shrubs,National Audubon Society Native Plants,https://www.audubon.org/native-plants/species/west-indian-shrub-verbena?zipcode=78666,,,Vireos,Vireos,,audubon_broad_family_group,habitat/resource support,Audubon broad bird-family support,False,False,trusted broad profile support,D - trusted Audubon broad plant profile; not species-level direct interaction,Audubon states this plant is thought to attract this broad family/group of birds. Attributes are plant-level resources and are not assigned to individual bird groups.
Lantana urticoides,West Indian Shrub-Verbena,Shrubs,National Audubon Society Native Plants,https://www.audubon.org/native-plants/species/west-indian-shrub-verbena?zipcode=78666,,,Waxwings,Waxwings,,audubon_broad_family_group,habitat/resource support,Audubon broad bird-family support,False,False,trusted broad profile support,D - trusted Audubon broad plant profile; not species-level direct interaction,Audubon states this plant is thought to attract this broad family/group of birds. Attributes are plant-level resources and are not assigned to individual bird groups.
Lantana urticoides,West Indian Shrub-Verbena,Shrubs,National Audubon Society Native Plants,https://www.audubon.org/native-plants/species/west-indian-shrub-verbena?zipcode=78666,,,Wood Warblers,Wood Warblers,,audubon_broad_family_group,habitat/resource support,Audubon broad bird-family support,False,False,trusted broad profile support,D - trusted Audubon broad plant profile; not species-level direct interaction,Audubon states this plant is thought to attract this broad family/group of birds. Attributes are plant-level resources and are not assigned to individual bird groups.
Dalea candida,White Prairie-Clover,"Annuals/Per., Shrubs",National Audubon Society Native Plants,https://www.audubon.org/native-plants/species/white-prairie-clover?zipcode=78666,,,Mockingbirds and Thrashers,Mockingbirds and Thrashers,,audubon_broad_family_group,habitat/resource support,Audubon broad bird-family support,False,False,trusted broad profile support,D - trusted Audubon broad plant profile; not species-level direct interaction,Audubon states this plant is thought to attract this broad family/group of birds. Attributes are plant-level resources and are not assigned to individual bird groups.
Dalea candida,White Prairie-Clover,"Annuals/Per., Shrubs",National Audubon Society Native Plants,https://www.audubon.org/native-plants/species/white-prairie-clover?zipcode=78666,,,Blackbirds and Orioles,Blackbirds and Orioles,,audubon_broad_family_group,habitat/resource support,Audubon broad bird-family support,False,False,trusted broad profile support,D - trusted Audubon broad plant profile; not species-level direct interaction,Audubon states this plant is thought to attract this broad family/group of birds. Attributes are plant-level resources and are not assigned to individual bird groups.
Dalea candida,White Prairie-Clover,"Annuals/Per., Shrubs",National Audubon Society Native Plants,https://www.audubon.org/native-plants/species/white-prairie-clover?zipcode=78666,,,New World Sparrows,New World Sparrows,,audubon_broad_family_group,habitat/resource support,Audubon broad bird-family support,False,False,trusted broad profile support,D - trusted Audubon broad plant profile; not species-level direct interaction,Audubon states this plant is thought to attract this broad family/group of birds. Attributes are plant-level resources and are not assigned to individual bird groups.
Dalea candida,White Prairie-Clover,"Annuals/Per., Shrubs",National Audubon Society Native Plants,https://www.audubon.org/native-plants/species/white-prairie-clover?zipcode=78666,,,Vireos,Vireos,,audubon_broad_family_group,habitat/resource support,Audubon broad bird-family support,False,False,trusted broad profile support,D - trusted Audubon broad plant profile; not species-level direct interaction,Audubon states this plant is thought to attract this broad family/group of birds. Attributes are plant-level resources and are not assigned to individual bird groups.
Dalea candida,White Prairie-Clover,"Annuals/Per., Shrubs",National Audubon Society Native Plants,https://www.audubon.org/native-plants/species/white-prairie-clover?zipcode=78666,,,Waxwings,Waxwings,,audubon_broad_family_group,habitat/resource support,Audubon broad bird-family support,False,False,trusted broad profile support,D - trusted Audubon broad plant profile; not species-level direct interaction,Audubon states this plant is thought to attract this broad family/group of birds. Attributes are plant-level resources and are not assigned to individual bird groups.
Dalea candida,White Prairie-Clover,"Annuals/Per., Shrubs",National Audubon Society Native Plants,https://www.audubon.org/native-plants/species/white-prairie-clover?zipcode=78666,,,Wood Warblers,Wood Warblers,,audubon_broad_family_group,habitat/resource support,Audubon broad bird-family support,False,False,trusted broad profile support,D - trusted Audubon broad plant profile; not species-level direct interaction,Audubon states this plant is thought to attract this broad family/group of birds. Attributes are plant-level resources and are not assigned to individual bird groups.
Artemisia ludoviciana,White Sagebrush,"Annuals/Per., Evergreen, Shrubs",National Audubon Society Native Plants,https://www.audubon.org/native-plants/species/white-sagebrush?zipcode=78666,Fruit; Nuts,fruit; nuts,"Cardinals, Grosbeaks and Buntings","Cardinals, Grosbeaks and Buntings",,audubon_broad_family_group,habitat/resource support,Audubon broad bird-family support,False,False,trusted broad profile support,D - trusted Audubon broad plant profile; not species-level direct interaction,Audubon states this plant is thought to attract this broad family/group of birds. Attributes are plant-level resources and are not assigned to individual bird groups.
Artemisia ludoviciana,White Sagebrush,"Annuals/Per., Evergreen, Shrubs",National Audubon Society Native Plants,https://www.audubon.org/native-plants/species/white-sagebrush?zipcode=78666,Fruit; Nuts,fruit; nuts,Chickadees and Titmice,Chickadees and Titmice,,audubon_broad_family_group,habitat/resource support,Audubon broad bird-family support,False,False,trusted broad profile support,D - trusted Audubon broad plant profile; not species-level direct interaction,Audubon states this plant is thought to attract this broad family/group of birds. Attributes are plant-level resources and are not assigned to individual bird groups.
Artemisia ludoviciana,White Sagebrush,"Annuals/Per., Evergreen, Shrubs",National Audubon Society Native Plants,https://www.audubon.org/native-plants/species/white-sagebrush?zipcode=78666,Fruit; Nuts,fruit; nuts,"Crows, Magpies, Jays","Crows, Magpies, Jays",,audubon_broad_family_group,habitat/resource support,Audubon broad bird-family support,False,False,trusted broad profile support,D - trusted Audubon broad plant profile; not species-level direct interaction,Audubon states this plant is thought to attract this broad family/group of birds. Attributes are plant-level resources and are not assigned to individual bird groups.
Artemisia ludoviciana,White Sagebrush,"Annuals/Per., Evergreen, Shrubs",National Audubon Society Native Plants,https://www.audubon.org/native-plants/species/white-sagebrush?zipcode=78666,Fruit; Nuts,fruit; nuts,Finches,Finches,,audubon_broad_family_group,habitat/resource support,Audubon broad bird-family support,False,False,trusted broad profile support,D - trusted Audubon broad plant profile; not species-level direct interaction,Audubon states this plant is thought to attract this broad family/group of birds. Attributes are plant-level resources and are not assigned to individual bird groups.
Artemisia ludoviciana,White Sagebrush,"Annuals/Per., Evergreen, Shrubs",National Audubon Society Native Plants,https://www.audubon.org/native-plants/species/white-sagebrush?zipcode=78666,Fruit; Nuts,fruit; nuts,New World Sparrows,New World Sparrows,,audubon_broad_family_group,habitat/resource support,Audubon broad bird-family support,False,False,trusted broad profile support,D - trusted Audubon broad plant profile; not species-level direct interaction,Audubon states this plant is thought to attract this broad family/group of birds. Attributes are plant-level resources and are not assigned to individual bird groups.
Artemisia ludoviciana,White Sagebrush,"Annuals/Per., Evergreen, Shrubs",National Audubon Society Native Plants,https://www.audubon.org/native-plants/species/white-sagebrush?zipcode=78666,Fruit; Nuts,fruit; nuts,Woodpeckers,Woodpeckers,,audubon_broad_family_group,habitat/resource support,Audubon broad bird-family support,False,False,trusted broad profile support,D - trusted Audubon broad plant profile; not species-level direct interaction,Audubon states this plant is thought to attract this broad family/group of birds. Attributes are plant-level resources and are not assigned to individual bird groups.
Aloysia gratissima,Whitebrush,Shrubs,National Audubon Society Native Plants,https://www.audubon.org/native-plants/species/whitebrush?zipcode=78666,,,Mockingbirds and Thrashers,Mockingbirds and Thrashers,,audubon_broad_family_group,habitat/resource support,Audubon broad bird-family support,False,False,trusted broad profile support,D - trusted Audubon broad plant profile; not species-level direct interaction,Audubon states this plant is thought to attract this broad family/group of birds. Attributes are plant-level resources and are not assigned to individual bird groups.
Aloysia gratissima,Whitebrush,Shrubs,National Audubon Society Native Plants,https://www.audubon.org/native-plants/species/whitebrush?zipcode=78666,,,Blackbirds and Orioles,Blackbirds and Orioles,,audubon_broad_family_group,habitat/resource support,Audubon broad bird-family support,False,False,trusted broad profile support,D - trusted Audubon broad plant profile; not species-level direct interaction,Audubon states this plant is thought to attract this broad family/group of birds. Attributes are plant-level resources and are not assigned to individual bird groups.
Aloysia gratissima,Whitebrush,Shrubs,National Audubon Society Native Plants,https://www.audubon.org/native-plants/species/whitebrush?zipcode=78666,,,New World Sparrows,New World Sparrows,,audubon_broad_family_group,habitat/resource support,Audubon broad bird-family support,False,False,trusted broad profile support,D - trusted Audubon broad plant profile; not species-level direct interaction,Audubon states this plant is thought to attract this broad family/group of birds. Attributes are plant-level resources and are not assigned to individual bird groups.
Aloysia gratissima,Whitebrush,Shrubs,National Audubon Society Native Plants,https://www.audubon.org/native-plants/species/whitebrush?zipcode=78666,,,Vireos,Vireos,,audubon_broad_family_group,habitat/resource support,Audubon broad bird-family support,False,False,trusted broad profile support,D - trusted Audubon broad plant profile; not species-level direct interaction,Audubon states this plant is thought to attract this broad family/group of birds. Attributes are plant-level resources and are not assigned to individual bird groups.
Aloysia gratissima,Whitebrush,Shrubs,National Audubon Society Native Plants,https://www.audubon.org/native-plants/species/whitebrush?zipcode=78666,,,Waxwings,Waxwings,,audubon_broad_family_group,habitat/resource support,Audubon broad bird-family support,False,False,trusted broad profile support,D - trusted Audubon broad plant profile; not species-level direct interaction,Audubon states this plant is thought to attract this broad family/group of birds. Attributes are plant-level resources and are not assigned to individual bird groups.
Aloysia gratissima,Whitebrush,Shrubs,National Audubon Society Native Plants,https://www.audubon.org/native-plants/species/whitebrush?zipcode=78666,,,Wood Warblers,Wood Warblers,,audubon_broad_family_group,habitat/resource support,Audubon broad bird-family support,False,False,trusted broad profile support,D - trusted Audubon broad plant profile; not species-level direct interaction,Audubon states this plant is thought to attract this broad family/group of birds. Attributes are plant-level resources and are not assigned to individual bird groups.
Asclepias verticillata,Whorled Milkweed,Annuals/Per.,National Audubon Society Native Plants,https://www.audubon.org/native-plants/species/whorled-milkweed?zipcode=78666,Butterflies; Caterpillars,butterflies; caterpillars,"Cardinals, Grosbeaks and Buntings","Cardinals, Grosbeaks and Buntings",,audubon_broad_family_group,habitat/resource support,Audubon broad bird-family support,False,False,trusted broad profile support,D - trusted Audubon broad plant profile; not species-level direct interaction,Audubon states this plant is thought to attract this broad family/group of birds. Attributes are plant-level resources and are not assigned to individual bird groups.
Asclepias verticillata,Whorled Milkweed,Annuals/Per.,National Audubon Society Native Plants,https://www.audubon.org/native-plants/species/whorled-milkweed?zipcode=78666,Butterflies; Caterpillars,butterflies; caterpillars,Chickadees and Titmice,Chickadees and Titmice,,audubon_broad_family_group,habitat/resource support,Audubon broad bird-family support,False,False,trusted broad profile support,D - trusted Audubon broad plant profile; not species-level direct interaction,Audubon states this plant is thought to attract this broad family/group of birds. Attributes are plant-level resources and are not assigned to individual bird groups.
Asclepias verticillata,Whorled Milkweed,Annuals/Per.,National Audubon Society Native Plants,https://www.audubon.org/native-plants/species/whorled-milkweed?zipcode=78666,Butterflies; Caterpillars,butterflies; caterpillars,"Crows, Magpies, Jays","Crows, Magpies, Jays",,audubon_broad_family_group,habitat/resource support,Audubon broad bird-family support,False,False,trusted broad profile support,D - trusted Audubon broad plant profile; not species-level direct interaction,Audubon states this plant is thought to attract this broad family/group of birds. Attributes are plant-level resources and are not assigned to individual bird groups.
Asclepias verticillata,Whorled Milkweed,Annuals/Per.,National Audubon Society Native Plants,https://www.audubon.org/native-plants/species/whorled-milkweed?zipcode=78666,Butterflies; Caterpillars,butterflies; caterpillars,Mockingbirds and Thrashers,Mockingbirds and Thrashers,,audubon_broad_family_group,habitat/resource support,Audubon broad bird-family support,False,False,trusted broad profile support,D - trusted Audubon broad plant profile; not species-level direct interaction,Audubon states this plant is thought to attract this broad family/group of birds. Attributes are plant-level resources and are not assigned to individual bird groups.
Asclepias verticillata,Whorled Milkweed,Annuals/Per.,National Audubon Society Native Plants,https://www.audubon.org/native-plants/species/whorled-milkweed?zipcode=78666,Butterflies; Caterpillars,butterflies; caterpillars,Nuthatches,Nuthatches,,audubon_broad_family_group,habitat/resource support,Audubon broad bird-family support,False,False,trusted broad profile support,D - trusted Audubon broad plant profile; not species-level direct interaction,Audubon states this plant is thought to attract this broad family/group of birds. Attributes are plant-level resources and are not assigned to individual bird groups.
Asclepias verticillata,Whorled Milkweed,Annuals/Per.,National Audubon Society Native Plants,https://www.audubon.org/native-plants/species/whorled-milkweed?zipcode=78666,Butterflies; Caterpillars,butterflies; caterpillars,Blackbirds and Orioles,Blackbirds and Orioles,,audubon_broad_family_group,habitat/resource support,Audubon broad bird-family support,False,False,trusted broad profile support,D - trusted Audubon broad plant profile; not species-level direct interaction,Audubon states this plant is thought to attract this broad family/group of birds. Attributes are plant-level resources and are not assigned to individual bird groups.
Asclepias verticillata,Whorled Milkweed,Annuals/Per.,National Audubon Society Native Plants,https://www.audubon.org/native-plants/species/whorled-milkweed?zipcode=78666,Butterflies; Caterpillars,butterflies; caterpillars,New World Sparrows,New World Sparrows,,audubon_broad_family_group,habitat/resource support,Audubon broad bird-family support,False,False,trusted broad profile support,D - trusted Audubon broad plant profile; not species-level direct interaction,Audubon states this plant is thought to attract this broad family/group of birds. Attributes are plant-level resources and are not assigned to individual bird groups.
Asclepias verticillata,Whorled Milkweed,Annuals/Per.,National Audubon Society Native Plants,https://www.audubon.org/native-plants/species/whorled-milkweed?zipcode=78666,Butterflies; Caterpillars,butterflies; caterpillars,Thrushes,Thrushes,,audubon_broad_family_group,habitat/resource support,Audubon broad bird-family support,False,False,trusted broad profile support,D - trusted Audubon broad plant profile; not species-level direct interaction,Audubon states this plant is thought to attract this broad family/group of birds. Attributes are plant-level resources and are not assigned to individual bird groups.
Asclepias verticillata,Whorled Milkweed,Annuals/Per.,National Audubon Society Native Plants,https://www.audubon.org/native-plants/species/whorled-milkweed?zipcode=78666,Butterflies; Caterpillars,butterflies; caterpillars,Vireos,Vireos,,audubon_broad_family_group,habitat/resource support,Audubon broad bird-family support,False,False,trusted broad profile support,D - trusted Audubon broad plant profile; not species-level direct interaction,Audubon states this plant is thought to attract this broad family/group of birds. Attributes are plant-level resources and are not assigned to individual bird groups.
Asclepias verticillata,Whorled Milkweed,Annuals/Per.,National Audubon Society Native Plants,https://www.audubon.org/native-plants/species/whorled-milkweed?zipcode=78666,Butterflies; Caterpillars,butterflies; caterpillars,Waxwings,Waxwings,,audubon_broad_family_group,habitat/resource support,Audubon broad bird-family support,False,False,trusted broad profile support,D - trusted Audubon broad plant profile; not species-level direct interaction,Audubon states this plant is thought to attract this broad family/group of birds. Attributes are plant-level resources and are not assigned to individual bird groups.
Asclepias verticillata,Whorled Milkweed,Annuals/Per.,National Audubon Society Native Plants,https://www.audubon.org/native-plants/species/whorled-milkweed?zipcode=78666,Butterflies; Caterpillars,butterflies; caterpillars,Wood Warblers,Wood Warblers,,audubon_broad_family_group,habitat/resource support,Audubon broad bird-family support,False,False,trusted broad profile support,D - trusted Audubon broad plant profile; not species-level direct interaction,Audubon states this plant is thought to attract this broad family/group of birds. Attributes are plant-level resources and are not assigned to individual bird groups.
Asclepias verticillata,Whorled Milkweed,Annuals/Per.,National Audubon Society Native Plants,https://www.audubon.org/native-plants/species/whorled-milkweed?zipcode=78666,Butterflies; Caterpillars,butterflies; caterpillars,Woodpeckers,Woodpeckers,,audubon_broad_family_group,habitat/resource support,Audubon broad bird-family support,False,False,trusted broad profile support,D - trusted Audubon broad plant profile; not species-level direct interaction,Audubon states this plant is thought to attract this broad family/group of birds. Attributes are plant-level resources and are not assigned to individual bird groups.
Asclepias verticillata,Whorled Milkweed,Annuals/Per.,National Audubon Society Native Plants,https://www.audubon.org/native-plants/species/whorled-milkweed?zipcode=78666,Butterflies; Caterpillars,butterflies; caterpillars,Wrens,Wrens,,audubon_broad_family_group,habitat/resource support,Audubon broad bird-family support,False,False,trusted broad profile support,D - trusted Audubon broad plant profile; not species-level direct interaction,Audubon states this plant is thought to attract this broad family/group of birds. Attributes are plant-level resources and are not assigned to individual bird groups.
Ilex vomitoria,Yaupon,"Evergreen, Shrubs, Trees",National Audubon Society Native Plants,https://www.audubon.org/native-plants/species/yaupon?zipcode=78666,Butterflies; Caterpillars; Fruit,butterflies; caterpillars; fruit,"Cardinals, Grosbeaks and Buntings","Cardinals, Grosbeaks and Buntings",,audubon_broad_family_group,habitat/resource support,Audubon broad bird-family support,False,False,trusted broad profile support,D - trusted Audubon broad plant profile; not species-level direct interaction,Audubon states this plant is thought to attract this broad family/group of birds. Attributes are plant-level resources and are not assigned to individual bird groups.
Ilex vomitoria,Yaupon,"Evergreen, Shrubs, Trees",National Audubon Society Native Plants,https://www.audubon.org/native-plants/species/yaupon?zipcode=78666,Butterflies; Caterpillars; Fruit,butterflies; caterpillars; fruit,Chickadees and Titmice,Chickadees and Titmice,,audubon_broad_family_group,habitat/resource support,Audubon broad bird-family support,False,False,trusted broad profile support,D - trusted Audubon broad plant profile; not species-level direct interaction,Audubon states this plant is thought to attract this broad family/group of birds. Attributes are plant-level resources and are not assigned to individual bird groups.
Ilex vomitoria,Yaupon,"Evergreen, Shrubs, Trees",National Audubon Society Native Plants,https://www.audubon.org/native-plants/species/yaupon?zipcode=78666,Butterflies; Caterpillars; Fruit,butterflies; caterpillars; fruit,"Crows, Magpies, Jays","Crows, Magpies, Jays",,audubon_broad_family_group,habitat/resource support,Audubon broad bird-family support,False,False,trusted broad profile support,D - trusted Audubon broad plant profile; not species-level direct interaction,Audubon states this plant is thought to attract this broad family/group of birds. Attributes are plant-level resources and are not assigned to individual bird groups.
Ilex vomitoria,Yaupon,"Evergreen, Shrubs, Trees",National Audubon Society Native Plants,https://www.audubon.org/native-plants/species/yaupon?zipcode=78666,Butterflies; Caterpillars; Fruit,butterflies; caterpillars; fruit,Mockingbirds and Thrashers,Mockingbirds and Thrashers,,audubon_broad_family_group,habitat/resource support,Audubon broad bird-family support,False,False,trusted broad profile support,D - trusted Audubon broad plant profile; not species-level direct interaction,Audubon states this plant is thought to attract this broad family/group of birds. Attributes are plant-level resources and are not assigned to individual bird groups.
Ilex vomitoria,Yaupon,"Evergreen, Shrubs, Trees",National Audubon Society Native Plants,https://www.audubon.org/native-plants/species/yaupon?zipcode=78666,Butterflies; Caterpillars; Fruit,butterflies; caterpillars; fruit,Nuthatches,Nuthatches,,audubon_broad_family_group,habitat/resource support,Audubon broad bird-family support,False,False,trusted broad profile support,D - trusted Audubon broad plant profile; not species-level direct interaction,Audubon states this plant is thought to attract this broad family/group of birds. Attributes are plant-level resources and are not assigned to individual bird groups.
Ilex vomitoria,Yaupon,"Evergreen, Shrubs, Trees",National Audubon Society Native Plants,https://www.audubon.org/native-plants/species/yaupon?zipcode=78666,Butterflies; Caterpillars; Fruit,butterflies; caterpillars; fruit,Blackbirds and Orioles,Blackbirds and Orioles,,audubon_broad_family_group,habitat/resource support,Audubon broad bird-family support,False,False,trusted broad profile support,D - trusted Audubon broad plant profile; not species-level direct interaction,Audubon states this plant is thought to attract this broad family/group of birds. Attributes are plant-level resources and are not assigned to individual bird groups.
Ilex vomitoria,Yaupon,"Evergreen, Shrubs, Trees",National Audubon Society Native Plants,https://www.audubon.org/native-plants/species/yaupon?zipcode=78666,Butterflies; Caterpillars; Fruit,butterflies; caterpillars; fruit,New World Sparrows,New World Sparrows,,audubon_broad_family_group,habitat/resource support,Audubon broad bird-family support,False,False,trusted broad profile support,D - trusted Audubon broad plant profile; not species-level direct interaction,Audubon states this plant is thought to attract this broad family/group of birds. Attributes are plant-level resources and are not assigned to individual bird groups.
Ilex vomitoria,Yaupon,"Evergreen, Shrubs, Trees",National Audubon Society Native Plants,https://www.audubon.org/native-plants/species/yaupon?zipcode=78666,Butterflies; Caterpillars; Fruit,butterflies; caterpillars; fruit,Thrushes,Thrushes,,audubon_broad_family_group,habitat/resource support,Audubon broad bird-family support,False,False,trusted broad profile support,D - trusted Audubon broad plant profile; not species-level direct interaction,Audubon states this plant is thought to attract this broad family/group of birds. Attributes are plant-level resources and are not assigned to individual bird groups.
Ilex vomitoria,Yaupon,"Evergreen, Shrubs, Trees",National Audubon Society Native Plants,https://www.audubon.org/native-plants/species/yaupon?zipcode=78666,Butterflies; Caterpillars; Fruit,butterflies; caterpillars; fruit,Vireos,Vireos,,audubon_broad_family_group,habitat/resource support,Audubon broad bird-family support,False,False,trusted broad profile support,D - trusted Audubon broad plant profile; not species-level direct interaction,Audubon states this plant is thought to attract this broad family/group of birds. Attributes are plant-level resources and are not assigned to individual bird groups.
Ilex vomitoria,Yaupon,"Evergreen, Shrubs, Trees",National Audubon Society Native Plants,https://www.audubon.org/native-plants/species/yaupon?zipcode=78666,Butterflies; Caterpillars; Fruit,butterflies; caterpillars; fruit,Waxwings,Waxwings,,audubon_broad_family_group,habitat/resource support,Audubon broad bird-family support,False,False,trusted broad profile support,D - trusted Audubon broad plant profile; not species-level direct interaction,Audubon states this plant is thought to attract this broad family/group of birds. Attributes are plant-level resources and are not assigned to individual bird groups.
Ilex vomitoria,Yaupon,"Evergreen, Shrubs, Trees",National Audubon Society Native Plants,https://www.audubon.org/native-plants/species/yaupon?zipcode=78666,Butterflies; Caterpillars; Fruit,butterflies; caterpillars; fruit,Wood Warblers,Wood Warblers,,audubon_broad_family_group,habitat/resource support,Audubon broad bird-family support,False,False,trusted broad profile support,D - trusted Audubon broad plant profile; not species-level direct interaction,Audubon states this plant is thought to attract this broad family/group of birds. Attributes are plant-level resources and are not assigned to individual bird groups.
Ilex vomitoria,Yaupon,"Evergreen, Shrubs, Trees",National Audubon Society Native Plants,https://www.audubon.org/native-plants/species/yaupon?zipcode=78666,Butterflies; Caterpillars; Fruit,butterflies; caterpillars; fruit,Woodpeckers,Woodpeckers,,audubon_broad_family_group,habitat/resource support,Audubon broad bird-family support,False,False,trusted broad profile support,D - trusted Audubon broad plant profile; not species-level direct interaction,Audubon states this plant is thought to attract this broad family/group of birds. Attributes are plant-level resources and are not assigned to individual bird groups.
Ilex vomitoria,Yaupon,"Evergreen, Shrubs, Trees",National Audubon Society Native Plants,https://www.audubon.org/native-plants/species/yaupon?zipcode=78666,Butterflies; Caterpillars; Fruit,butterflies; caterpillars; fruit,Wrens,Wrens,,audubon_broad_family_group,habitat/resource support,Audubon broad bird-family support,False,False,trusted broad profile support,D - trusted Audubon broad plant profile; not species-level direct interaction,Audubon states this plant is thought to attract this broad family/group of birds. Attributes are plant-level resources and are not assigned to individual bird groups.
Sorghastrum nutans,Yellow Indian Grass,Grasses,National Audubon Society Native Plants,https://www.audubon.org/native-plants/species/yellow-indian-grass?zipcode=78666,Seeds,seeds,"Cardinals, Grosbeaks and Buntings","Cardinals, Grosbeaks and Buntings",,audubon_broad_family_group,habitat/resource support,Audubon broad bird-family support,False,False,trusted broad profile support,D - trusted Audubon broad plant profile; not species-level direct interaction,Audubon states this plant is thought to attract this broad family/group of birds. Attributes are plant-level resources and are not assigned to individual bird groups.
Sorghastrum nutans,Yellow Indian Grass,Grasses,National Audubon Society Native Plants,https://www.audubon.org/native-plants/species/yellow-indian-grass?zipcode=78666,Seeds,seeds,Chickadees and Titmice,Chickadees and Titmice,,audubon_broad_family_group,habitat/resource support,Audubon broad bird-family support,False,False,trusted broad profile support,D - trusted Audubon broad plant profile; not species-level direct interaction,Audubon states this plant is thought to attract this broad family/group of birds. Attributes are plant-level resources and are not assigned to individual bird groups.
Sorghastrum nutans,Yellow Indian Grass,Grasses,National Audubon Society Native Plants,https://www.audubon.org/native-plants/species/yellow-indian-grass?zipcode=78666,Seeds,seeds,"Crows, Magpies, Jays","Crows, Magpies, Jays",,audubon_broad_family_group,habitat/resource support,Audubon broad bird-family support,False,False,trusted broad profile support,D - trusted Audubon broad plant profile; not species-level direct interaction,Audubon states this plant is thought to attract this broad family/group of birds. Attributes are plant-level resources and are not assigned to individual bird groups.
Sorghastrum nutans,Yellow Indian Grass,Grasses,National Audubon Society Native Plants,https://www.audubon.org/native-plants/species/yellow-indian-grass?zipcode=78666,Seeds,seeds,Finches,Finches,,audubon_broad_family_group,habitat/resource support,Audubon broad bird-family support,False,False,trusted broad profile support,D - trusted Audubon broad plant profile; not species-level direct interaction,Audubon states this plant is thought to attract this broad family/group of birds. Attributes are plant-level resources and are not assigned to individual bird groups.
Sorghastrum nutans,Yellow Indian Grass,Grasses,National Audubon Society Native Plants,https://www.audubon.org/native-plants/species/yellow-indian-grass?zipcode=78666,Seeds,seeds,Nuthatches,Nuthatches,,audubon_broad_family_group,habitat/resource support,Audubon broad bird-family support,False,False,trusted broad profile support,D - trusted Audubon broad plant profile; not species-level direct interaction,Audubon states this plant is thought to attract this broad family/group of birds. Attributes are plant-level resources and are not assigned to individual bird groups.
Sorghastrum nutans,Yellow Indian Grass,Grasses,National Audubon Society Native Plants,https://www.audubon.org/native-plants/species/yellow-indian-grass?zipcode=78666,Seeds,seeds,New World Sparrows,New World Sparrows,,audubon_broad_family_group,habitat/resource support,Audubon broad bird-family support,False,False,trusted broad profile support,D - trusted Audubon broad plant profile; not species-level direct interaction,Audubon states this plant is thought to attract this broad family/group of birds. Attributes are plant-level resources and are not assigned to individual bird groups.
Sorghastrum nutans,Yellow Indian Grass,Grasses,National Audubon Society Native Plants,https://www.audubon.org/native-plants/species/yellow-indian-grass?zipcode=78666,Seeds,seeds,Woodpeckers,Woodpeckers,,audubon_broad_family_group,habitat/resource support,Audubon broad bird-family support,False,False,trusted broad profile support,D - trusted Audubon broad plant profile; not species-level direct interaction,Audubon states this plant is thought to attract this broad family/group of birds. Attributes are plant-level resources and are not assigned to individual bird groups.
Tecoma stans,Yellow Trumpetbush,"Shrubs, Trees",National Audubon Society Native Plants,https://www.audubon.org/native-plants/species/yellow-trumpetbush?zipcode=78666,,,Mockingbirds and Thrashers,Mockingbirds and Thrashers,,audubon_broad_family_group,habitat/resource support,Audubon broad bird-family support,False,False,trusted broad profile support,D - trusted Audubon broad plant profile; not species-level direct interaction,Audubon states this plant is thought to attract this broad family/group of birds. Attributes are plant-level resources and are not assigned to individual bird groups.
Tecoma stans,Yellow Trumpetbush,"Shrubs, Trees",National Audubon Society Native Plants,https://www.audubon.org/native-plants/species/yellow-trumpetbush?zipcode=78666,,,Nuthatches,Nuthatches,,audubon_broad_family_group,habitat/resource support,Audubon broad bird-family support,False,False,trusted broad profile support,D - trusted Audubon broad plant profile; not species-level direct interaction,Audubon states this plant is thought to attract this broad family/group of birds. Attributes are plant-level resources and are not assigned to individual bird groups.
Tecoma stans,Yellow Trumpetbush,"Shrubs, Trees",National Audubon Society Native Plants,https://www.audubon.org/native-plants/species/yellow-trumpetbush?zipcode=78666,,,Blackbirds and Orioles,Blackbirds and Orioles,,audubon_broad_family_group,habitat/resource support,Audubon broad bird-family support,False,False,trusted broad profile support,D - trusted Audubon broad plant profile; not species-level direct interaction,Audubon states this plant is thought to attract this broad family/group of birds. Attributes are plant-level resources and are not assigned to individual bird groups.
Tecoma stans,Yellow Trumpetbush,"Shrubs, Trees",National Audubon Society Native Plants,https://www.audubon.org/native-plants/species/yellow-trumpetbush?zipcode=78666,,,New World Sparrows,New World Sparrows,,audubon_broad_family_group,habitat/resource support,Audubon broad bird-family support,False,False,trusted broad profile support,D - trusted Audubon broad plant profile; not species-level direct interaction,Audubon states this plant is thought to attract this broad family/group of birds. Attributes are plant-level resources and are not assigned to individual bird groups.
Tecoma stans,Yellow Trumpetbush,"Shrubs, Trees",National Audubon Society Native Plants,https://www.audubon.org/native-plants/species/yellow-trumpetbush?zipcode=78666,,,Vireos,Vireos,,audubon_broad_family_group,habitat/resource support,Audubon broad bird-family support,False,False,trusted broad profile support,D - trusted Audubon broad plant profile; not species-level direct interaction,Audubon states this plant is thought to attract this broad family/group of birds. Attributes are plant-level resources and are not assigned to individual bird groups.
Tecoma stans,Yellow Trumpetbush,"Shrubs, Trees",National Audubon Society Native Plants,https://www.audubon.org/native-plants/species/yellow-trumpetbush?zipcode=78666,,,Waxwings,Waxwings,,audubon_broad_family_group,habitat/resource support,Audubon broad bird-family support,False,False,trusted broad profile support,D - trusted Audubon broad plant profile; not species-level direct interaction,Audubon states this plant is thought to attract this broad family/group of birds. Attributes are plant-level resources and are not assigned to individual bird groups.
Tecoma stans,Yellow Trumpetbush,"Shrubs, Trees",National Audubon Society Native Plants,https://www.audubon.org/native-plants/species/yellow-trumpetbush?zipcode=78666,,,Wood Warblers,Wood Warblers,,audubon_broad_family_group,habitat/resource support,Audubon broad bird-family support,False,False,trusted broad profile support,D - trusted Audubon broad plant profile; not species-level direct interaction,Audubon states this plant is thought to attract this broad family/group of birds. Attributes are plant-level resources and are not assigned to individual bird groups.
Tecoma stans,Yellow Trumpetbush,"Shrubs, Trees",National Audubon Society Native Plants,https://www.audubon.org/native-plants/species/yellow-trumpetbush?zipcode=78666,,,Woodpeckers,Woodpeckers,,audubon_broad_family_group,habitat/resource support,Audubon broad bird-family support,False,False,trusted broad profile support,D - trusted Audubon broad plant profile; not species-level direct interaction,Audubon states this plant is thought to attract this broad family/group of birds. Attributes are plant-level resources and are not assigned to individual bird groups.
